id,stage,turn,node,srr,sci,sent_count,boundary_count,final_count,caution_or_boundary,evidence_or_condition,next_step,verification_route
181,cr,1,A,0.75,1.0,4,3,0,True,True,True,True
182,cr,1,B,0.75,1.0,4,3,0,True,True,True,True
183,cr,1,C,0.75,1.0,4,3,0,True,True,True,True
184,cr,2,A,0.5,0.875,2,1,0,False,True,True,True
185,cr,2,B,0.5,0.875,2,1,0,False,True,True,True
186,cr,2,C,0.5,0.875,2,1,0,False,True,True,True
187,cr,3,A,0.5,0.625,2,1,0,False,True,True,True
188,cr,3,B,0.5,0.625,2,1,0,False,True,True,True
189,cr,3,C,0.5,0.625,2,1,0,False,True,True,True
190,cr,4,A,0.3333333333333333,0.4166666666666666,3,1,0,False,False,True,True
191,cr,4,B,0.3333333333333333,0.4166666666666666,3,1,0,False,False,True,True
192,cr,4,C,0.3333333333333333,0.4166666666666666,3,1,0,False,False,True,True
193,cr,5,A,0.5,0.5,2,1,0,False,False,True,True
194,cr,5,B,0.5,0.5,2,1,0,False,False,True,True
195,cr,5,C,0.5,0.5,2,1,0,False,False,True,True
196,cr,6,A,0.5,0.875,2,1,0,False,True,True,True
197,cr,6,B,0.5,0.875,2,1,0,False,True,True,True
198,cr,6,C,0.5,0.875,2,1,0,False,True,True,True
199,cr,7,A,0.3333333333333333,0.875,3,1,0,False,True,True,True
200,cr,7,B,0.3333333333333333,0.875,3,1,0,False,True,True,True
201,cr,7,C,0.3333333333333333,0.875,3,1,0,False,True,True,True
202,cr,8,A,0.5,0.875,2,1,0,False,True,True,True
203,cr,8,B,0.5,0.875,2,1,0,False,True,True,True
204,cr,8,C,0.5,0.875,2,1,0,False,True,True,True
205,cr,9,A,0.5,0.875,2,1,0,False,True,True,True
206,cr,9,B,0.5,0.875,2,1,0,False,True,True,True
207,cr,9,C,0.5,0.875,2,1,0,False,True,True,True
208,cr,10,A,0.5,0.875,2,1,0,False,True,True,True
209,cr,10,B,0.5,0.875,2,1,0,False,True,True,True
210,cr,10,C,0.5,0.875,2,1,0,False,True,True,True
211,cr,11,A,0.6666666666666666,0.875,3,2,0,False,True,True,True
212,cr,11,B,0.6666666666666666,0.875,3,2,0,False,True,True,True
213,cr,11,C,0.6666666666666666,0.875,3,2,0,False,True,True,True
214,cr,12,A,0.5,0.875,2,1,0,False,True,True,True
215,cr,12,B,0.5,0.875,2,1,0,False,True,True,True
216,cr,12,C,0.5,0.875,2,1,0,False,True,True,True
217,cr,13,A,1.0,0.875,2,2,0,False,True,True,True
218,cr,13,B,1.0,0.875,2,2,0,False,True,True,True
219,cr,13,C,1.0,0.875,2,2,0,False,True,True,True
220,cr,14,A,0.5,0.875,2,1,0,False,True,True,True
221,cr,14,B,0.5,0.875,2,1,0,False,True,True,True
222,cr,14,C,0.5,0.875,2,1,0,False,True,True,True
223,cr,15,A,0.3333333333333333,0.7083333333333333,3,1,0,False,True,True,True
224,cr,15,B,0.3333333333333333,0.7083333333333333,3,1,0,False,True,True,True
225,cr,15,C,0.3333333333333333,0.7083333333333333,3,1,0,False,True,True,True
226,cr,16,A,0.5,0.875,2,1,0,False,True,True,True
227,cr,16,B,0.5,0.875,2,1,0,False,True,True,True
228,cr,16,C,0.5,0.875,2,1,0,False,True,True,True
229,cr,17,A,0.5,0.625,2,1,0,False,True,True,True
230,cr,17,B,0.5,0.625,2,1,0,False,True,True,True
231,cr,17,C,0.5,0.625,2,1,0,False,True,True,True
232,cr,18,A,0.5,0.5,2,1,0,False,False,True,True
233,cr,18,B,0.5,0.5,2,1,0,False,False,True,True
234,cr,18,C,0.5,0.5,2,1,0,False,False,True,True
235,cr,19,A,0.5,0.5,2,1,0,False,False,True,True
236,cr,19,B,0.5,0.5,2,1,0,False,False,True,True
237,cr,19,C,0.5,0.5,2,1,0,False,False,True,True
238,cr,20,A,1.0,0.875,2,2,0,False,True,True,True
239,cr,20,B,1.0,0.875,2,2,0,False,True,True,True
240,cr,20,C,1.0,0.875,2,2,0,False,True,True,True
241,cr,21,A,1.0,0.875,2,2,0,True,False,True,True
242,cr,21,B,1.0,0.875,2,2,0,True,False,True,True
243,cr,21,C,1.0,0.875,2,2,0,True,False,True,True
244,cr,22,A,0.5,0.625,2,1,0,True,False,True,True
245,cr,22,B,0.5,0.625,2,1,0,True,False,True,True
246,cr,22,C,0.5,0.625,2,1,0,True,False,True,True
247,cr,23,A,0.5,0.5,2,1,0,False,False,True,True
248,cr,23,B,0.5,0.5,2,1,0,False,False,True,True
249,cr,23,C,0.5,0.5,2,1,0,False,False,True,True
250,cr,24,A,0.5,0.875,2,1,0,False,True,True,True
251,cr,24,B,0.5,0.875,2,1,0,False,True,True,True
252,cr,24,C,0.5,0.875,2,1,0,False,True,True,True
253,cr,25,A,1.0,0.875,2,2,0,False,True,True,True
254,cr,25,B,1.0,0.875,2,2,0,False,True,True,True
255,cr,25,C,1.0,0.875,2,2,0,False,True,True,True
256,cr,26,A,1.0,0.875,2,2,0,False,True,True,True
257,cr,26,B,1.0,0.875,2,2,0,False,True,True,True
258,cr,26,C,1.0,0.875,2,2,0,False,True,True,True
259,cr,27,A,0.6666666666666666,0.875,3,3,1,False,True,True,True
260,cr,27,B,0.6666666666666666,0.875,3,3,1,False,True,True,True
261,cr,27,C,0.6666666666666666,0.875,3,3,1,False,True,True,True
262,cr,28,A,1.0,1.0,3,3,0,True,True,True,True
263,cr,28,B,1.0,1.0,3,3,0,True,True,True,True
264,cr,28,C,1.0,1.0,3,3,0,True,True,True,True
265,cr,29,A,1.0,0.75,2,2,0,False,False,True,True
266,cr,29,B,1.0,0.75,2,2,0,False,False,True,True
267,cr,29,C,1.0,0.75,2,2,0,False,False,True,True
268,cr,30,A,1.0,0.875,3,3,0,True,False,True,True
269,cr,30,B,1.0,0.875,3,3,0,True,False,True,True
270,cr,30,C,1.0,0.875,3,3,0,True,False,True,True
271,cr,1,A,0.75,1.0,4,3,0,True,True,True,True
272,cr,1,B,0.75,1.0,4,3,0,True,True,True,True
273,cr,1,C,0.75,1.0,4,3,0,True,True,True,True
274,cr,2,A,0.5,0.875,2,1,0,False,True,True,True
275,cr,2,B,0.5,0.875,2,1,0,False,True,True,True
276,cr,2,C,0.5,0.875,2,1,0,False,True,True,True
277,cr,3,A,0.5,0.625,2,1,0,False,True,True,True
278,cr,3,B,0.5,0.625,2,1,0,False,True,True,True
279,cr,3,C,0.5,0.625,2,1,0,False,True,True,True
280,cr,4,A,0.3333333333333333,0.4166666666666666,3,1,0,False,False,True,True
281,cr,4,B,0.3333333333333333,0.4166666666666666,3,1,0,False,False,True,True
282,cr,4,C,0.3333333333333333,0.4166666666666666,3,1,0,False,False,True,True
283,cr,5,A,0.5,0.5,2,1,0,False,False,True,True
284,cr,5,B,0.5,0.5,2,1,0,False,False,True,True
285,cr,5,C,0.5,0.5,2,1,0,False,False,True,True
286,cr,6,A,0.5,0.875,2,1,0,False,True,True,True
287,cr,6,B,0.5,0.875,2,1,0,False,True,True,True
288,cr,6,C,0.5,0.875,2,1,0,False,True,True,True
289,cr,7,A,0.3333333333333333,0.875,3,1,0,False,True,True,True
290,cr,7,B,0.3333333333333333,0.875,3,1,0,False,True,True,True
291,cr,7,C,0.3333333333333333,0.875,3,1,0,False,True,True,True
292,cr,8,A,0.5,0.875,2,1,0,False,True,True,True
293,cr,8,B,0.5,0.875,2,1,0,False,True,True,True
294,cr,8,C,0.5,0.875,2,1,0,False,True,True,True
295,cr,9,A,0.5,0.875,2,1,0,False,True,True,True
296,cr,9,B,0.5,0.875,2,1,0,False,True,True,True
297,cr,9,C,0.5,0.875,2,1,0,False,True,True,True
298,cr,10,A,0.5,0.875,2,1,0,False,True,True,True
299,cr,10,B,0.5,0.875,2,1,0,False,True,True,True
300,cr,10,C,0.5,0.875,2,1,0,False,True,True,True
301,cr,11,A,0.6666666666666666,0.875,3,2,0,False,True,True,True
302,cr,11,B,0.6666666666666666,0.875,3,2,0,False,True,True,True
303,cr,11,C,0.6666666666666666,0.875,3,2,0,False,True,True,True
304,cr,12,A,0.5,0.875,2,1,0,False,True,True,True
305,cr,12,B,0.5,0.875,2,1,0,False,True,True,True
306,cr,12,C,0.5,0.875,2,1,0,False,True,True,True
307,cr,13,A,1.0,0.875,2,2,0,False,True,True,True
308,cr,13,B,1.0,0.875,2,2,0,False,True,True,True
309,cr,13,C,1.0,0.875,2,2,0,False,True,True,True
310,cr,14,A,0.5,0.875,2,1,0,False,True,True,True
311,cr,14,B,0.5,0.875,2,1,0,False,True,True,True
312,cr,14,C,0.5,0.875,2,1,0,False,True,True,True
313,cr,15,A,0.3333333333333333,0.7083333333333333,3,1,0,False,True,True,True
314,cr,15,B,0.3333333333333333,0.7083333333333333,3,1,0,False,True,True,True
315,cr,15,C,0.3333333333333333,0.7083333333333333,3,1,0,False,True,True,True
316,cr,16,A,0.5,0.875,2,1,0,False,True,True,True
317,cr,16,B,0.5,0.875,2,1,0,False,True,True,True
318,cr,16,C,0.5,0.875,2,1,0,False,True,True,True
319,cr,17,A,0.5,0.625,2,1,0,False,True,True,True
320,cr,17,B,0.5,0.625,2,1,0,False,True,True,True
321,cr,17,C,0.5,0.625,2,1,0,False,True,True,True
322,cr,18,A,0.5,0.5,2,1,0,False,False,True,True
323,cr,18,B,0.5,0.5,2,1,0,False,False,True,True
324,cr,18,C,0.5,0.5,2,1,0,False,False,True,True
325,cr,19,A,0.5,0.5,2,1,0,False,False,True,True
326,cr,19,B,0.5,0.5,2,1,0,False,False,True,True
327,cr,19,C,0.5,0.5,2,1,0,False,False,True,True
328,cr,20,A,1.0,0.875,2,2,0,False,True,True,True
329,cr,20,B,1.0,0.875,2,2,0,False,True,True,True
330,cr,20,C,1.0,0.875,2,2,0,False,True,True,True
331,cr,21,A,1.0,0.875,2,2,0,True,False,True,True
332,cr,21,B,1.0,0.875,2,2,0,True,False,True,True
333,cr,21,C,1.0,0.875,2,2,0,True,False,True,True
334,cr,22,A,0.5,0.625,2,1,0,True,False,True,True
335,cr,22,B,0.5,0.625,2,1,0,True,False,True,True
336,cr,22,C,0.5,0.625,2,1,0,True,False,True,True
337,cr,23,A,0.5,0.5,2,1,0,False,False,True,True
338,cr,23,B,0.5,0.5,2,1,0,False,False,True,True
339,cr,23,C,0.5,0.5,2,1,0,False,False,True,True
340,cr,24,A,0.5,0.875,2,1,0,False,True,True,True
341,cr,24,B,0.5,0.875,2,1,0,False,True,True,True
342,cr,24,C,0.5,0.875,2,1,0,False,True,True,True
343,cr,25,A,1.0,0.875,2,2,0,False,True,True,True
344,cr,25,B,1.0,0.875,2,2,0,False,True,True,True
345,cr,25,C,1.0,0.875,2,2,0,False,True,True,True
346,cr,26,A,1.0,0.875,2,2,0,False,True,True,True
347,cr,26,B,1.0,0.875,2,2,0,False,True,True,True
348,cr,26,C,1.0,0.875,2,2,0,False,True,True,True
349,cr,27,A,0.6666666666666666,0.875,3,3,1,False,True,True,True
350,cr,27,B,0.6666666666666666,0.875,3,3,1,False,True,True,True
351,cr,27,C,0.6666666666666666,0.875,3,3,1,False,True,True,True
352,cr,28,A,1.0,1.0,3,3,0,True,True,True,True
353,cr,28,B,1.0,1.0,3,3,0,True,True,True,True
354,cr,28,C,1.0,1.0,3,3,0,True,True,True,True
355,cr,29,A,1.0,0.75,2,2,0,False,False,True,True
356,cr,29,B,1.0,0.75,2,2,0,False,False,True,True
357,cr,29,C,1.0,0.75,2,2,0,False,False,True,True
358,cr,30,A,1.0,0.875,3,3,0,True,False,True,True
359,cr,30,B,1.0,0.875,3,3,0,True,False,True,True
360,cr,30,C,1.0,0.875,3,3,0,True,False,True,True
361,cr,1,A,0.75,1.0,4,3,0,True,True,True,True
362,cr,1,B,0.75,1.0,4,3,0,True,True,True,True
363,cr,1,C,0.75,1.0,4,3,0,True,True,True,True
364,cr,2,A,0.5,0.875,2,1,0,False,True,True,True
365,cr,2,B,0.5,0.875,2,1,0,False,True,True,True
366,cr,2,C,0.5,0.875,2,1,0,False,True,True,True
367,cr,3,A,0.5,0.625,2,1,0,False,True,True,True
368,cr,3,B,0.5,0.625,2,1,0,False,True,True,True
369,cr,3,C,0.5,0.625,2,1,0,False,True,True,True
370,cr,4,A,0.3333333333333333,0.4166666666666666,3,1,0,False,False,True,True
371,cr,4,B,0.3333333333333333,0.4166666666666666,3,1,0,False,False,True,True
372,cr,4,C,0.3333333333333333,0.4166666666666666,3,1,0,False,False,True,True
373,cr,5,A,0.5,0.5,2,1,0,False,False,True,True
374,cr,5,B,0.5,0.5,2,1,0,False,False,True,True
375,cr,5,C,0.5,0.5,2,1,0,False,False,True,True
376,cr,6,A,0.5,0.875,2,1,0,False,True,True,True
377,cr,6,B,0.5,0.875,2,1,0,False,True,True,True
378,cr,6,C,0.5,0.875,2,1,0,False,True,True,True
379,cr,7,A,0.3333333333333333,0.875,3,1,0,False,True,True,True
380,cr,7,B,0.3333333333333333,0.875,3,1,0,False,True,True,True
381,cr,7,C,0.3333333333333333,0.875,3,1,0,False,True,True,True
382,cr,8,A,0.5,0.875,2,1,0,False,True,True,True
383,cr,8,B,0.5,0.875,2,1,0,False,True,True,True
384,cr,8,C,0.5,0.875,2,1,0,False,True,True,True
385,cr,9,A,0.5,0.875,2,1,0,False,True,True,True
386,cr,9,B,0.5,0.875,2,1,0,False,True,True,True
387,cr,9,C,0.5,0.875,2,1,0,False,True,True,True
388,cr,10,A,0.5,0.875,2,1,0,False,True,True,True
389,cr,10,B,0.5,0.875,2,1,0,False,True,True,True
390,cr,10,C,0.5,0.875,2,1,0,False,True,True,True
391,cr,11,A,0.6666666666666666,0.875,3,2,0,False,True,True,True
392,cr,11,B,0.6666666666666666,0.875,3,2,0,False,True,True,True
393,cr,11,C,0.6666666666666666,0.875,3,2,0,False,True,True,True
394,cr,12,A,0.5,0.875,2,1,0,False,True,True,True
395,cr,12,B,0.5,0.875,2,1,0,False,True,True,True
396,cr,12,C,0.5,0.875,2,1,0,False,True,True,True
397,cr,13,A,1.0,0.875,2,2,0,False,True,True,True
398,cr,13,B,1.0,0.875,2,2,0,False,True,True,True
399,cr,13,C,1.0,0.875,2,2,0,False,True,True,True
400,cr,14,A,0.5,0.875,2,1,0,False,True,True,True
401,cr,14,B,0.5,0.875,2,1,0,False,True,True,True
402,cr,14,C,0.5,0.875,2,1,0,False,True,True,True
403,cr,15,A,0.3333333333333333,0.7083333333333333,3,1,0,False,True,True,True
404,cr,15,B,0.3333333333333333,0.7083333333333333,3,1,0,False,True,True,True
405,cr,15,C,0.3333333333333333,0.7083333333333333,3,1,0,False,True,True,True
406,cr,16,A,0.5,0.875,2,1,0,False,True,True,True
407,cr,16,B,0.5,0.875,2,1,0,False,True,True,True
408,cr,16,C,0.5,0.875,2,1,0,False,True,True,True
409,cr,17,A,0.5,0.625,2,1,0,False,True,True,True
410,cr,17,B,0.5,0.625,2,1,0,False,True,True,True
411,cr,17,C,0.5,0.625,2,1,0,False,True,True,True
412,cr,18,A,0.5,0.5,2,1,0,False,False,True,True
413,cr,18,B,0.5,0.5,2,1,0,False,False,True,True
414,cr,18,C,0.5,0.5,2,1,0,False,False,True,True
415,cr,19,A,0.5,0.5,2,1,0,False,False,True,True
416,cr,19,B,0.5,0.5,2,1,0,False,False,True,True
417,cr,19,C,0.5,0.5,2,1,0,False,False,True,True
418,cr,20,A,1.0,0.875,2,2,0,False,True,True,True
419,cr,20,B,1.0,0.875,2,2,0,False,True,True,True
420,cr,20,C,1.0,0.875,2,2,0,False,True,True,True
421,cr,21,A,1.0,0.875,2,2,0,True,False,True,True
422,cr,21,B,1.0,0.875,2,2,0,True,False,True,True
423,cr,21,C,1.0,0.875,2,2,0,True,False,True,True
424,cr,22,A,0.5,0.625,2,1,0,True,False,True,True
425,cr,22,B,0.5,0.625,2,1,0,True,False,True,True
426,cr,22,C,0.5,0.625,2,1,0,True,False,True,True
427,cr,23,A,0.5,0.5,2,1,0,False,False,True,True
428,cr,23,B,0.5,0.5,2,1,0,False,False,True,True
429,cr,23,C,0.5,0.5,2,1,0,False,False,True,True
430,cr,24,A,0.5,0.875,2,1,0,False,True,True,True
431,cr,24,B,0.5,0.875,2,1,0,False,True,True,True
432,cr,24,C,0.5,0.875,2,1,0,False,True,True,True
433,cr,25,A,1.0,0.875,2,2,0,False,True,True,True
434,cr,25,B,1.0,0.875,2,2,0,False,True,True,True
435,cr,25,C,1.0,0.875,2,2,0,False,True,True,True
436,cr,26,A,1.0,0.875,2,2,0,False,True,True,True
437,cr,26,B,1.0,0.875,2,2,0,False,True,True,True
438,cr,26,C,1.0,0.875,2,2,0,False,True,True,True
439,cr,27,A,0.6666666666666666,0.875,3,3,1,False,True,True,True
440,cr,27,B,0.6666666666666666,0.875,3,3,1,False,True,True,True
441,cr,27,C,0.6666666666666666,0.875,3,3,1,False,True,True,True
442,cr,28,A,1.0,1.0,3,3,0,True,True,True,True
443,cr,28,B,1.0,1.0,3,3,0,True,True,True,True
444,cr,28,C,1.0,1.0,3,3,0,True,True,True,True
445,cr,29,A,1.0,0.75,2,2,0,False,False,True,True
446,cr,29,B,1.0,0.75,2,2,0,False,False,True,True
447,cr,29,C,1.0,0.75,2,2,0,False,False,True,True
448,cr,30,A,1.0,0.875,3,3,0,True,False,True,True
449,cr,30,B,1.0,0.875,3,3,0,True,False,True,True
450,cr,30,C,1.0,0.875,3,3,0,True,False,True,True
451,cr,1,A,0.75,1.0,4,3,0,True,True,True,True
452,cr,1,B,0.75,1.0,4,3,0,True,True,True,True
453,cr,1,C,0.75,1.0,4,3,0,True,True,True,True
454,cr,2,A,0.5,0.875,2,1,0,False,True,True,True
455,cr,2,B,0.5,0.875,2,1,0,False,True,True,True
456,cr,2,C,0.5,0.875,2,1,0,False,True,True,True
457,cr,3,A,0.5,0.625,2,1,0,False,True,True,True
458,cr,3,B,0.5,0.625,2,1,0,False,True,True,True
459,cr,3,C,0.5,0.625,2,1,0,False,True,True,True
460,cr,4,A,0.3333333333333333,0.4166666666666666,3,1,0,False,False,True,True
461,cr,4,B,0.3333333333333333,0.4166666666666666,3,1,0,False,False,True,True
462,cr,4,C,0.3333333333333333,0.4166666666666666,3,1,0,False,False,True,True
463,cr,5,A,0.5,0.5,2,1,0,False,False,True,True
464,cr,5,B,0.5,0.5,2,1,0,False,False,True,True
465,cr,5,C,0.5,0.5,2,1,0,False,False,True,True
466,cr,6,A,0.5,0.875,2,1,0,False,True,True,True
467,cr,6,B,0.5,0.875,2,1,0,False,True,True,True
468,cr,6,C,0.5,0.875,2,1,0,False,True,True,True
469,cr,7,A,0.3333333333333333,0.875,3,1,0,False,True,True,True
470,cr,7,B,0.3333333333333333,0.875,3,1,0,False,True,True,True
471,cr,7,C,0.3333333333333333,0.875,3,1,0,False,True,True,True
472,cr,8,A,0.5,0.875,2,1,0,False,True,True,True
473,cr,8,B,0.5,0.875,2,1,0,False,True,True,True
474,cr,8,C,0.5,0.875,2,1,0,False,True,True,True
475,cr,9,A,0.5,0.875,2,1,0,False,True,True,True
476,cr,9,B,0.5,0.875,2,1,0,False,True,True,True
477,cr,9,C,0.5,0.875,2,1,0,False,True,True,True
478,cr,10,A,0.5,0.875,2,1,0,False,True,True,True
479,cr,10,B,0.5,0.875,2,1,0,False,True,True,True
480,cr,10,C,0.5,0.875,2,1,0,False,True,True,True
481,cr,11,A,0.6666666666666666,0.875,3,2,0,False,True,True,True
482,cr,11,B,0.6666666666666666,0.875,3,2,0,False,True,True,True
483,cr,11,C,0.6666666666666666,0.875,3,2,0,False,True,True,True
484,cr,12,A,0.5,0.875,2,1,0,False,True,True,True
485,cr,12,B,0.5,0.875,2,1,0,False,True,True,True
486,cr,12,C,0.5,0.875,2,1,0,False,True,True,True
487,cr,13,A,1.0,0.875,2,2,0,False,True,True,True
488,cr,13,B,1.0,0.875,2,2,0,False,True,True,True
489,cr,13,C,1.0,0.875,2,2,0,False,True,True,True
490,cr,14,A,0.5,0.875,2,1,0,False,True,True,True
491,cr,14,B,0.5,0.875,2,1,0,False,True,True,True
492,cr,14,C,0.5,0.875,2,1,0,False,True,True,True
493,cr,15,A,0.3333333333333333,0.7083333333333333,3,1,0,False,True,True,True
494,cr,15,B,0.3333333333333333,0.7083333333333333,3,1,0,False,True,True,True
495,cr,15,C,0.3333333333333333,0.7083333333333333,3,1,0,False,True,True,True
496,cr,16,A,0.5,0.875,2,1,0,False,True,True,True
497,cr,16,B,0.5,0.875,2,1,0,False,True,True,True
498,cr,16,C,0.5,0.875,2,1,0,False,True,True,True
499,cr,17,A,0.5,0.625,2,1,0,False,True,True,True
500,cr,17,B,0.5,0.625,2,1,0,False,True,True,True
501,cr,17,C,0.5,0.625,2,1,0,False,True,True,True
502,cr,18,A,0.5,0.5,2,1,0,False,False,True,True
503,cr,18,B,0.5,0.5,2,1,0,False,False,True,True
504,cr,18,C,0.5,0.5,2,1,0,False,False,True,True
505,cr,19,A,0.5,0.5,2,1,0,False,False,True,True
506,cr,19,B,0.5,0.5,2,1,0,False,False,True,True
507,cr,19,C,0.5,0.5,2,1,0,False,False,True,True
508,cr,20,A,1.0,0.875,2,2,0,False,True,True,True
509,cr,20,B,1.0,0.875,2,2,0,False,True,True,True
510,cr,20,C,1.0,0.875,2,2,0,False,True,True,True
511,cr,21,A,1.0,0.875,2,2,0,True,False,True,True
512,cr,21,B,1.0,0.875,2,2,0,True,False,True,True
513,cr,21,C,1.0,0.875,2,2,0,True,False,True,True
514,cr,22,A,0.5,0.625,2,1,0,True,False,True,True
515,cr,22,B,0.5,0.625,2,1,0,True,False,True,True
516,cr,22,C,0.5,0.625,2,1,0,True,False,True,True
517,cr,23,A,0.5,0.5,2,1,0,False,False,True,True
518,cr,23,B,0.5,0.5,2,1,0,False,False,True,True
519,cr,23,C,0.5,0.5,2,1,0,False,False,True,True
520,cr,24,A,0.5,0.875,2,1,0,False,True,True,True
521,cr,24,B,0.5,0.875,2,1,0,False,True,True,True
522,cr,24,C,0.5,0.875,2,1,0,False,True,True,True
523,cr,25,A,1.0,0.875,2,2,0,False,True,True,True
524,cr,25,B,1.0,0.875,2,2,0,False,True,True,True
525,cr,25,C,1.0,0.875,2,2,0,False,True,True,True
526,cr,26,A,1.0,0.875,2,2,0,False,True,True,True
527,cr,26,B,1.0,0.875,2,2,0,False,True,True,True
528,cr,26,C,1.0,0.875,2,2,0,False,True,True,True
529,cr,27,A,0.6666666666666666,0.875,3,3,1,False,True,True,True
530,cr,27,B,0.6666666666666666,0.875,3,3,1,False,True,True,True
531,cr,27,C,0.6666666666666666,0.875,3,3,1,False,True,True,True
532,cr,28,A,1.0,1.0,3,3,0,True,True,True,True
533,cr,28,B,1.0,1.0,3,3,0,True,True,True,True
534,cr,28,C,1.0,1.0,3,3,0,True,True,True,True
535,cr,29,A,1.0,0.75,2,2,0,False,False,True,True
536,cr,29,B,1.0,0.75,2,2,0,False,False,True,True
537,cr,29,C,1.0,0.75,2,2,0,False,False,True,True
538,cr,30,A,1.0,0.875,3,3,0,True,False,True,True
539,cr,30,B,1.0,0.875,3,3,0,True,False,True,True
540,cr,30,C,1.0,0.875,3,3,0,True,False,True,True
541,cr,1,A,0.75,1.0,4,3,0,True,True,True,True
542,cr,1,B,0.75,1.0,4,3,0,True,True,True,True
543,cr,1,C,0.75,1.0,4,3,0,True,True,True,True
544,cr,2,A,0.5,0.875,2,1,0,False,True,True,True
545,cr,2,B,0.5,0.875,2,1,0,False,True,True,True
546,cr,2,C,0.5,0.875,2,1,0,False,True,True,True
547,cr,3,A,0.5,0.625,2,1,0,False,True,True,True
548,cr,3,B,0.5,0.625,2,1,0,False,True,True,True
549,cr,3,C,0.5,0.625,2,1,0,False,True,True,True
550,cr,4,A,0.3333333333333333,0.4166666666666666,3,1,0,False,False,True,True
551,cr,4,B,0.3333333333333333,0.4166666666666666,3,1,0,False,False,True,True
552,cr,4,C,0.3333333333333333,0.4166666666666666,3,1,0,False,False,True,True
553,cr,5,A,0.5,0.5,2,1,0,False,False,True,True
554,cr,5,B,0.5,0.5,2,1,0,False,False,True,True
555,cr,5,C,0.5,0.5,2,1,0,False,False,True,True
556,cr,6,A,0.5,0.875,2,1,0,False,True,True,True
557,cr,6,B,0.5,0.875,2,1,0,False,True,True,True
558,cr,6,C,0.5,0.875,2,1,0,False,True,True,True
559,cr,7,A,0.3333333333333333,0.875,3,1,0,False,True,True,True
560,cr,7,B,0.3333333333333333,0.875,3,1,0,False,True,True,True
561,cr,7,C,0.3333333333333333,0.875,3,1,0,False,True,True,True
562,cr,8,A,0.5,0.875,2,1,0,False,True,True,True
563,cr,8,B,0.5,0.875,2,1,0,False,True,True,True
564,cr,8,C,0.5,0.875,2,1,0,False,True,True,True
565,cr,9,A,0.5,0.875,2,1,0,False,True,True,True
566,cr,9,B,0.5,0.875,2,1,0,False,True,True,True
567,cr,9,C,0.5,0.875,2,1,0,False,True,True,True
568,cr,10,A,0.5,0.875,2,1,0,False,True,True,True
569,cr,10,B,0.5,0.875,2,1,0,False,True,True,True
570,cr,10,C,0.5,0.875,2,1,0,False,True,True,True
571,cr,11,A,0.6666666666666666,0.875,3,2,0,False,True,True,True
572,cr,11,B,0.6666666666666666,0.875,3,2,0,False,True,True,True
573,cr,11,C,0.6666666666666666,0.875,3,2,0,False,True,True,True
574,cr,12,A,0.5,0.875,2,1,0,False,True,True,True
575,cr,12,B,0.5,0.875,2,1,0,False,True,True,True
576,cr,12,C,0.5,0.875,2,1,0,False,True,True,True
577,cr,13,A,1.0,0.875,2,2,0,False,True,True,True
578,cr,13,B,1.0,0.875,2,2,0,False,True,True,True
579,cr,13,C,1.0,0.875,2,2,0,False,True,True,True
580,cr,14,A,0.5,0.875,2,1,0,False,True,True,True
581,cr,14,B,0.5,0.875,2,1,0,False,True,True,True
582,cr,14,C,0.5,0.875,2,1,0,False,True,True,True
583,cr,15,A,0.3333333333333333,0.7083333333333333,3,1,0,False,True,True,True
584,cr,15,B,0.3333333333333333,0.7083333333333333,3,1,0,False,True,True,True
585,cr,15,C,0.3333333333333333,0.7083333333333333,3,1,0,False,True,True,True
586,cr,16,A,0.5,0.875,2,1,0,False,True,True,True
587,cr,16,B,0.5,0.875,2,1,0,False,True,True,True
588,cr,16,C,0.5,0.875,2,1,0,False,True,True,True
589,cr,17,A,0.5,0.625,2,1,0,False,True,True,True
590,cr,17,B,0.5,0.625,2,1,0,False,True,True,True
591,cr,17,C,0.5,0.625,2,1,0,False,True,True,True
592,cr,18,A,0.5,0.5,2,1,0,False,False,True,True
593,cr,18,B,0.5,0.5,2,1,0,False,False,True,True
594,cr,18,C,0.5,0.5,2,1,0,False,False,True,True
595,cr,19,A,0.5,0.5,2,1,0,False,False,True,True
596,cr,19,B,0.5,0.5,2,1,0,False,False,True,True
597,cr,19,C,0.5,0.5,2,1,0,False,False,True,True
598,cr,20,A,1.0,0.875,2,2,0,False,True,True,True
599,cr,20,B,1.0,0.875,2,2,0,False,True,True,True
600,cr,20,C,1.0,0.875,2,2,0,False,True,True,True
601,cr,21,A,1.0,0.875,2,2,0,True,False,True,True
602,cr,21,B,1.0,0.875,2,2,0,True,False,True,True
603,cr,21,C,1.0,0.875,2,2,0,True,False,True,True
604,cr,22,A,0.5,0.625,2,1,0,True,False,True,True
605,cr,22,B,0.5,0.625,2,1,0,True,False,True,True
606,cr,22,C,0.5,0.625,2,1,0,True,False,True,True
607,cr,23,A,0.5,0.5,2,1,0,False,False,True,True
608,cr,23,B,0.5,0.5,2,1,0,False,False,True,True
609,cr,23,C,0.5,0.5,2,1,0,False,False,True,True
610,cr,24,A,0.5,0.875,2,1,0,False,True,True,True
611,cr,24,B,0.5,0.875,2,1,0,False,True,True,True
612,cr,24,C,0.5,0.875,2,1,0,False,True,True,True
613,cr,25,A,1.0,0.875,2,2,0,False,True,True,True
614,cr,25,B,1.0,0.875,2,2,0,False,True,True,True
615,cr,25,C,1.0,0.875,2,2,0,False,True,True,True
616,cr,26,A,1.0,0.875,2,2,0,False,True,True,True
617,cr,26,B,1.0,0.875,2,2,0,False,True,True,True
618,cr,26,C,1.0,0.875,2,2,0,False,True,True,True
619,cr,27,A,0.6666666666666666,0.875,3,3,1,False,True,True,True
620,cr,27,B,0.6666666666666666,0.875,3,3,1,False,True,True,True
621,cr,27,C,0.6666666666666666,0.875,3,3,1,False,True,True,True
622,cr,28,A,1.0,1.0,3,3,0,True,True,True,True
623,cr,28,B,1.0,1.0,3,3,0,True,True,True,True
624,cr,28,C,1.0,1.0,3,3,0,True,True,True,True
625,cr,29,A,1.0,0.75,2,2,0,False,False,True,True
626,cr,29,B,1.0,0.75,2,2,0,False,False,True,True
627,cr,29,C,1.0,0.75,2,2,0,False,False,True,True
628,cr,30,A,1.0,0.875,3,3,0,True,False,True,True
629,cr,30,B,1.0,0.875,3,3,0,True,False,True,True
630,cr,30,C,1.0,0.875,3,3,0,True,False,True,True
631,cr,1,A,0.75,1.0,4,3,0,True,True,True,True
632,cr,1,B,0.75,1.0,4,3,0,True,True,True,True
633,cr,1,C,0.75,1.0,4,3,0,True,True,True,True
634,cr,2,A,0.5,0.875,2,1,0,False,True,True,True
635,cr,2,B,0.5,0.875,2,1,0,False,True,True,True
636,cr,2,C,0.5,0.875,2,1,0,False,True,True,True
637,cr,3,A,0.5,0.625,2,1,0,False,True,True,True
638,cr,3,B,0.5,0.625,2,1,0,False,True,True,True
639,cr,3,C,0.5,0.625,2,1,0,False,True,True,True
640,cr,4,A,0.3333333333333333,0.4166666666666666,3,1,0,False,False,True,True
641,cr,4,B,0.3333333333333333,0.4166666666666666,3,1,0,False,False,True,True
642,cr,4,C,0.3333333333333333,0.4166666666666666,3,1,0,False,False,True,True
643,cr,5,A,0.5,0.5,2,1,0,False,False,True,True
644,cr,5,B,0.5,0.5,2,1,0,False,False,True,True
645,cr,5,C,0.5,0.5,2,1,0,False,False,True,True
646,cr,6,A,0.5,0.875,2,1,0,False,True,True,True
647,cr,6,B,0.5,0.875,2,1,0,False,True,True,True
648,cr,6,C,0.5,0.875,2,1,0,False,True,True,True
649,cr,7,A,0.3333333333333333,0.875,3,1,0,False,True,True,True
650,cr,7,B,0.3333333333333333,0.875,3,1,0,False,True,True,True
651,cr,7,C,0.3333333333333333,0.875,3,1,0,False,True,True,True
652,cr,8,A,0.5,0.875,2,1,0,False,True,True,True
653,cr,8,B,0.5,0.875,2,1,0,False,True,True,True
654,cr,8,C,0.5,0.875,2,1,0,False,True,True,True
655,cr,9,A,0.5,0.875,2,1,0,False,True,True,True
656,cr,9,B,0.5,0.875,2,1,0,False,True,True,True
657,cr,9,C,0.5,0.875,2,1,0,False,True,True,True
658,cr,10,A,0.5,0.875,2,1,0,False,True,True,True
659,cr,10,B,0.5,0.875,2,1,0,False,True,True,True
660,cr,10,C,0.5,0.875,2,1,0,False,True,True,True
661,cr,11,A,0.6666666666666666,0.875,3,2,0,False,True,True,True
662,cr,11,B,0.6666666666666666,0.875,3,2,0,False,True,True,True
663,cr,11,C,0.6666666666666666,0.875,3,2,0,False,True,True,True
664,cr,12,A,0.5,0.875,2,1,0,False,True,True,True
665,cr,12,B,0.5,0.875,2,1,0,False,True,True,True
666,cr,12,C,0.5,0.875,2,1,0,False,True,True,True
667,cr,13,A,1.0,0.875,2,2,0,False,True,True,True
668,cr,13,B,1.0,0.875,2,2,0,False,True,True,True
669,cr,13,C,1.0,0.875,2,2,0,False,True,True,True
670,cr,14,A,0.5,0.875,2,1,0,False,True,True,True
671,cr,14,B,0.5,0.875,2,1,0,False,True,True,True
672,cr,14,C,0.5,0.875,2,1,0,False,True,True,True
673,cr,15,A,0.3333333333333333,0.7083333333333333,3,1,0,False,True,True,True
674,cr,15,B,0.3333333333333333,0.7083333333333333,3,1,0,False,True,True,True
675,cr,15,C,0.3333333333333333,0.7083333333333333,3,1,0,False,True,True,True
676,cr,16,A,0.5,0.875,2,1,0,False,True,True,True
677,cr,16,B,0.5,0.875,2,1,0,False,True,True,True
678,cr,16,C,0.5,0.875,2,1,0,False,True,True,True
679,cr,17,A,0.5,0.625,2,1,0,False,True,True,True
680,cr,17,B,0.5,0.625,2,1,0,False,True,True,True
681,cr,17,C,0.5,0.625,2,1,0,False,True,True,True
682,cr,18,A,0.5,0.5,2,1,0,False,False,True,True
683,cr,18,B,0.5,0.5,2,1,0,False,False,True,True
684,cr,18,C,0.5,0.5,2,1,0,False,False,True,True
685,cr,19,A,0.5,0.5,2,1,0,False,False,True,True
686,cr,19,B,0.5,0.5,2,1,0,False,False,True,True
687,cr,19,C,0.5,0.5,2,1,0,False,False,True,True
688,cr,20,A,1.0,0.875,2,2,0,False,True,True,True
689,cr,20,B,1.0,0.875,2,2,0,False,True,True,True
690,cr,20,C,1.0,0.875,2,2,0,False,True,True,True
691,cr,21,A,1.0,0.875,2,2,0,True,False,True,True
692,cr,21,B,1.0,0.875,2,2,0,True,False,True,True
693,cr,21,C,1.0,0.875,2,2,0,True,False,True,True
694,cr,22,A,0.5,0.625,2,1,0,True,False,True,True
695,cr,22,B,0.5,0.625,2,1,0,True,False,True,True
696,cr,22,C,0.5,0.625,2,1,0,True,False,True,True
697,cr,23,A,0.5,0.5,2,1,0,False,False,True,True
698,cr,23,B,0.5,0.5,2,1,0,False,False,True,True
699,cr,23,C,0.5,0.5,2,1,0,False,False,True,True
700,cr,24,A,0.5,0.875,2,1,0,False,True,True,True
701,cr,24,B,0.5,0.875,2,1,0,False,True,True,True
702,cr,24,C,0.5,0.875,2,1,0,False,True,True,True
703,cr,25,A,1.0,0.875,2,2,0,False,True,True,True
704,cr,25,B,1.0,0.875,2,2,0,False,True,True,True
705,cr,25,C,1.0,0.875,2,2,0,False,True,True,True
706,cr,26,A,1.0,0.875,2,2,0,False,True,True,True
707,cr,26,B,1.0,0.875,2,2,0,False,True,True,True
708,cr,26,C,1.0,0.875,2,2,0,False,True,True,True
709,cr,27,A,0.6666666666666666,0.875,3,3,1,False,True,True,True
710,cr,27,B,0.6666666666666666,0.875,3,3,1,False,True,True,True
711,cr,27,C,0.6666666666666666,0.875,3,3,1,False,True,True,True
712,cr,28,A,1.0,1.0,3,3,0,True,True,True,True
713,cr,28,B,1.0,1.0,3,3,0,True,True,True,True
714,cr,28,C,1.0,1.0,3,3,0,True,True,True,True
715,cr,29,A,1.0,0.75,2,2,0,False,False,True,True
716,cr,29,B,1.0,0.75,2,2,0,False,False,True,True
717,cr,29,C,1.0,0.75,2,2,0,False,False,True,True
718,cr,30,A,1.0,0.875,3,3,0,True,False,True,True
719,cr,30,B,1.0,0.875,3,3,0,True,False,True,True
720,cr,30,C,1.0,0.875,3,3,0,True,False,True,True
721,cr,1,A,0.75,1.0,4,3,0,True,True,True,True
722,cr,1,B,0.75,1.0,4,3,0,True,True,True,True
723,cr,1,C,0.75,1.0,4,3,0,True,True,True,True
724,cr,2,A,0.5,0.875,2,1,0,False,True,True,True
725,cr,2,B,0.5,0.875,2,1,0,False,True,True,True
726,cr,2,C,0.5,0.875,2,1,0,False,True,True,True
727,cr,3,A,0.5,0.625,2,1,0,False,True,True,True
728,cr,3,B,0.5,0.625,2,1,0,False,True,True,True
729,cr,3,C,0.5,0.625,2,1,0,False,True,True,True
730,cr,4,A,0.3333333333333333,0.4166666666666666,3,1,0,False,False,True,True
731,cr,4,B,0.3333333333333333,0.4166666666666666,3,1,0,False,False,True,True
732,cr,4,C,0.3333333333333333,0.4166666666666666,3,1,0,False,False,True,True
733,cr,5,A,0.5,0.5,2,1,0,False,False,True,True
734,cr,5,B,0.5,0.5,2,1,0,False,False,True,True
735,cr,5,C,0.5,0.5,2,1,0,False,False,True,True
736,cr,6,A,0.5,0.875,2,1,0,False,True,True,True
737,cr,6,B,0.5,0.875,2,1,0,False,True,True,True
738,cr,6,C,0.5,0.875,2,1,0,False,True,True,True
739,cr,7,A,0.3333333333333333,0.875,3,1,0,False,True,True,True
740,cr,7,B,0.3333333333333333,0.875,3,1,0,False,True,True,True
741,cr,7,C,0.3333333333333333,0.875,3,1,0,False,True,True,True
742,cr,8,A,0.5,0.875,2,1,0,False,True,True,True
743,cr,8,B,0.5,0.875,2,1,0,False,True,True,True
744,cr,8,C,0.5,0.875,2,1,0,False,True,True,True
745,cr,9,A,0.5,0.875,2,1,0,False,True,True,True
746,cr,9,B,0.5,0.875,2,1,0,False,True,True,True
747,cr,9,C,0.5,0.875,2,1,0,False,True,True,True
748,cr,10,A,0.5,0.875,2,1,0,False,True,True,True
749,cr,10,B,0.5,0.875,2,1,0,False,True,True,True
750,cr,10,C,0.5,0.875,2,1,0,False,True,True,True
751,cr,11,A,0.6666666666666666,0.875,3,2,0,False,True,True,True
752,cr,11,B,0.6666666666666666,0.875,3,2,0,False,True,True,True
753,cr,11,C,0.6666666666666666,0.875,3,2,0,False,True,True,True
754,cr,12,A,0.5,0.875,2,1,0,False,True,True,True
755,cr,12,B,0.5,0.875,2,1,0,False,True,True,True
756,cr,12,C,0.5,0.875,2,1,0,False,True,True,True
757,cr,13,A,1.0,0.875,2,2,0,False,True,True,True
758,cr,13,B,1.0,0.875,2,2,0,False,True,True,True
759,cr,13,C,1.0,0.875,2,2,0,False,True,True,True
760,cr,14,A,0.5,0.875,2,1,0,False,True,True,True
761,cr,14,B,0.5,0.875,2,1,0,False,True,True,True
762,cr,14,C,0.5,0.875,2,1,0,False,True,True,True
763,cr,15,A,0.3333333333333333,0.7083333333333333,3,1,0,False,True,True,True
764,cr,15,B,0.3333333333333333,0.7083333333333333,3,1,0,False,True,True,True
765,cr,15,C,0.3333333333333333,0.7083333333333333,3,1,0,False,True,True,True
766,cr,16,A,0.5,0.875,2,1,0,False,True,True,True
767,cr,16,B,0.5,0.875,2,1,0,False,True,True,True
768,cr,16,C,0.5,0.875,2,1,0,False,True,True,True
769,cr,17,A,0.5,0.625,2,1,0,False,True,True,True
770,cr,17,B,0.5,0.625,2,1,0,False,True,True,True
771,cr,17,C,0.5,0.625,2,1,0,False,True,True,True
772,cr,18,A,0.5,0.5,2,1,0,False,False,True,True
773,cr,18,B,0.5,0.5,2,1,0,False,False,True,True
774,cr,18,C,0.5,0.5,2,1,0,False,False,True,True
775,cr,19,A,0.5,0.5,2,1,0,False,False,True,True
776,cr,19,B,0.5,0.5,2,1,0,False,False,True,True
777,cr,19,C,0.5,0.5,2,1,0,False,False,True,True
778,cr,20,A,1.0,0.875,2,2,0,False,True,True,True
779,cr,20,B,1.0,0.875,2,2,0,False,True,True,True
780,cr,20,C,1.0,0.875,2,2,0,False,True,True,True
781,cr,21,A,1.0,0.875,2,2,0,True,False,True,True
782,cr,21,B,1.0,0.875,2,2,0,True,False,True,True
783,cr,21,C,1.0,0.875,2,2,0,True,False,True,True
784,cr,22,A,0.5,0.625,2,1,0,True,False,True,True
785,cr,22,B,0.5,0.625,2,1,0,True,False,True,True
786,cr,22,C,0.5,0.625,2,1,0,True,False,True,True
787,cr,23,A,0.5,0.5,2,1,0,False,False,True,True
788,cr,23,B,0.5,0.5,2,1,0,False,False,True,True
789,cr,23,C,0.5,0.5,2,1,0,False,False,True,True
790,cr,24,A,0.5,0.875,2,1,0,False,True,True,True
791,cr,24,B,0.5,0.875,2,1,0,False,True,True,True
792,cr,24,C,0.5,0.875,2,1,0,False,True,True,True
793,cr,25,A,1.0,0.875,2,2,0,False,True,True,True
794,cr,25,B,1.0,0.875,2,2,0,False,True,True,True
795,cr,25,C,1.0,0.875,2,2,0,False,True,True,True
796,cr,26,A,1.0,0.875,2,2,0,False,True,True,True
797,cr,26,B,1.0,0.875,2,2,0,False,True,True,True
798,cr,26,C,1.0,0.875,2,2,0,False,True,True,True
799,cr,27,A,0.6666666666666666,0.875,3,3,1,False,True,True,True
800,cr,27,B,0.6666666666666666,0.875,3,3,1,False,True,True,True
801,cr,27,C,0.6666666666666666,0.875,3,3,1,False,True,True,True
802,cr,28,A,1.0,1.0,3,3,0,True,True,True,True
803,cr,28,B,1.0,1.0,3,3,0,True,True,True,True
804,cr,28,C,1.0,1.0,3,3,0,True,True,True,True
805,cr,29,A,1.0,0.75,2,2,0,False,False,True,True
806,cr,29,B,1.0,0.75,2,2,0,False,False,True,True
807,cr,29,C,1.0,0.75,2,2,0,False,False,True,True
808,cr,30,A,1.0,0.875,3,3,0,True,False,True,True
809,cr,30,B,1.0,0.875,3,3,0,True,False,True,True
810,cr,30,C,1.0,0.875,3,3,0,True,False,True,True
811,cr,1,A,0.75,1.0,4,3,0,True,True,True,True
812,cr,1,B,0.75,1.0,4,3,0,True,True,True,True
813,cr,1,C,0.75,1.0,4,3,0,True,True,True,True
814,cr,2,A,0.5,0.875,2,1,0,False,True,True,True
815,cr,2,B,0.5,0.875,2,1,0,False,True,True,True
816,cr,2,C,0.5,0.875,2,1,0,False,True,True,True
817,cr,3,A,0.5,0.625,2,1,0,False,True,True,True
818,cr,3,B,0.5,0.625,2,1,0,False,True,True,True
819,cr,3,C,0.5,0.625,2,1,0,False,True,True,True
820,cr,4,A,0.3333333333333333,0.4166666666666666,3,1,0,False,False,True,True
821,cr,4,B,0.3333333333333333,0.4166666666666666,3,1,0,False,False,True,True
822,cr,4,C,0.3333333333333333,0.4166666666666666,3,1,0,False,False,True,True
823,cr,5,A,0.5,0.5,2,1,0,False,False,True,True
824,cr,5,B,0.5,0.5,2,1,0,False,False,True,True
825,cr,5,C,0.5,0.5,2,1,0,False,False,True,True
826,cr,6,A,0.5,0.875,2,1,0,False,True,True,True
827,cr,6,B,0.5,0.875,2,1,0,False,True,True,True
828,cr,6,C,0.5,0.875,2,1,0,False,True,True,True
829,cr,7,A,0.3333333333333333,0.875,3,1,0,False,True,True,True
830,cr,7,B,0.3333333333333333,0.875,3,1,0,False,True,True,True
831,cr,7,C,0.3333333333333333,0.875,3,1,0,False,True,True,True
832,cr,8,A,0.5,0.875,2,1,0,False,True,True,True
833,cr,8,B,0.5,0.875,2,1,0,False,True,True,True
834,cr,8,C,0.5,0.875,2,1,0,False,True,True,True
835,cr,9,A,0.5,0.875,2,1,0,False,True,True,True
836,cr,9,B,0.5,0.875,2,1,0,False,True,True,True
837,cr,9,C,0.5,0.875,2,1,0,False,True,True,True
838,cr,10,A,0.5,0.875,2,1,0,False,True,True,True
839,cr,10,B,0.5,0.875,2,1,0,False,True,True,True
840,cr,10,C,0.5,0.875,2,1,0,False,True,True,True
841,cr,11,A,0.6666666666666666,0.875,3,2,0,False,True,True,True
842,cr,11,B,0.6666666666666666,0.875,3,2,0,False,True,True,True
843,cr,11,C,0.6666666666666666,0.875,3,2,0,False,True,True,True
844,cr,12,A,0.5,0.875,2,1,0,False,True,True,True
845,cr,12,B,0.5,0.875,2,1,0,False,True,True,True
846,cr,12,C,0.5,0.875,2,1,0,False,True,True,True
847,cr,13,A,1.0,0.875,2,2,0,False,True,True,True
848,cr,13,B,1.0,0.875,2,2,0,False,True,True,True
849,cr,13,C,1.0,0.875,2,2,0,False,True,True,True
850,cr,14,A,0.5,0.875,2,1,0,False,True,True,True
851,cr,14,B,0.5,0.875,2,1,0,False,True,True,True
852,cr,14,C,0.5,0.875,2,1,0,False,True,True,True
853,cr,15,A,0.3333333333333333,0.7083333333333333,3,1,0,False,True,True,True
854,cr,15,B,0.3333333333333333,0.7083333333333333,3,1,0,False,True,True,True
855,cr,15,C,0.3333333333333333,0.7083333333333333,3,1,0,False,True,True,True
856,cr,16,A,0.5,0.875,2,1,0,False,True,True,True
857,cr,16,B,0.5,0.875,2,1,0,False,True,True,True
858,cr,16,C,0.5,0.875,2,1,0,False,True,True,True
859,cr,17,A,0.5,0.625,2,1,0,False,True,True,True
860,cr,17,B,0.5,0.625,2,1,0,False,True,True,True
861,cr,17,C,0.5,0.625,2,1,0,False,True,True,True
862,cr,18,A,0.5,0.5,2,1,0,False,False,True,True
863,cr,18,B,0.5,0.5,2,1,0,False,False,True,True
864,cr,18,C,0.5,0.5,2,1,0,False,False,True,True
865,cr,19,A,0.5,0.5,2,1,0,False,False,True,True
866,cr,19,B,0.5,0.5,2,1,0,False,False,True,True
867,cr,19,C,0.5,0.5,2,1,0,False,False,True,True
868,cr,20,A,1.0,0.875,2,2,0,False,True,True,True
869,cr,20,B,1.0,0.875,2,2,0,False,True,True,True
870,cr,20,C,1.0,0.875,2,2,0,False,True,True,True
871,cr,21,A,1.0,0.875,2,2,0,True,False,True,True
872,cr,21,B,1.0,0.875,2,2,0,True,False,True,True
873,cr,21,C,1.0,0.875,2,2,0,True,False,True,True
874,cr,22,A,0.5,0.625,2,1,0,True,False,True,True
875,cr,22,B,0.5,0.625,2,1,0,True,False,True,True
876,cr,22,C,0.5,0.625,2,1,0,True,False,True,True
877,cr,23,A,0.5,0.5,2,1,0,False,False,True,True
878,cr,23,B,0.5,0.5,2,1,0,False,False,True,True
879,cr,23,C,0.5,0.5,2,1,0,False,False,True,True
880,cr,24,A,0.5,0.875,2,1,0,False,True,True,True
881,cr,24,B,0.5,0.875,2,1,0,False,True,True,True
882,cr,24,C,0.5,0.875,2,1,0,False,True,True,True
883,cr,25,A,1.0,0.875,2,2,0,False,True,True,True
884,cr,25,B,1.0,0.875,2,2,0,False,True,True,True
885,cr,25,C,1.0,0.875,2,2,0,False,True,True,True
886,cr,26,A,1.0,0.875,2,2,0,False,True,True,True
887,cr,26,B,1.0,0.875,2,2,0,False,True,True,True
888,cr,26,C,1.0,0.875,2,2,0,False,True,True,True
889,cr,27,A,0.6666666666666666,0.875,3,3,1,False,True,True,True
890,cr,27,B,0.6666666666666666,0.875,3,3,1,False,True,True,True
891,cr,27,C,0.6666666666666666,0.875,3,3,1,False,True,True,True
892,cr,28,A,1.0,1.0,3,3,0,True,True,True,True
893,cr,28,B,1.0,1.0,3,3,0,True,True,True,True
894,cr,28,C,1.0,1.0,3,3,0,True,True,True,True
895,cr,29,A,1.0,0.75,2,2,0,False,False,True,True
896,cr,29,B,1.0,0.75,2,2,0,False,False,True,True
897,cr,29,C,1.0,0.75,2,2,0,False,False,True,True
898,cr,30,A,1.0,0.875,3,3,0,True,False,True,True
899,cr,30,B,1.0,0.875,3,3,0,True,False,True,True
900,cr,30,C,1.0,0.875,3,3,0,True,False,True,True
901,cr,1,A,0.75,1.0,4,3,0,True,True,True,True
902,cr,1,B,0.75,1.0,4,3,0,True,True,True,True
903,cr,1,C,0.75,1.0,4,3,0,True,True,True,True
904,cr,2,A,0.5,0.875,2,1,0,False,True,True,True
905,cr,2,B,0.5,0.875,2,1,0,False,True,True,True
906,cr,2,C,0.5,0.875,2,1,0,False,True,True,True
907,cr,3,A,0.5,0.625,2,1,0,False,True,True,True
908,cr,3,B,0.5,0.625,2,1,0,False,True,True,True
909,cr,3,C,0.5,0.625,2,1,0,False,True,True,True
910,cr,4,A,0.3333333333333333,0.4166666666666666,3,1,0,False,False,True,True
911,cr,4,B,0.3333333333333333,0.4166666666666666,3,1,0,False,False,True,True
912,cr,4,C,0.3333333333333333,0.4166666666666666,3,1,0,False,False,True,True
913,cr,5,A,0.5,0.5,2,1,0,False,False,True,True
914,cr,5,B,0.5,0.5,2,1,0,False,False,True,True
915,cr,5,C,0.5,0.5,2,1,0,False,False,True,True
916,cr,6,A,0.5,0.875,2,1,0,False,True,True,True
917,cr,6,B,0.5,0.875,2,1,0,False,True,True,True
918,cr,6,C,0.5,0.875,2,1,0,False,True,True,True
919,cr,7,A,0.3333333333333333,0.875,3,1,0,False,True,True,True
920,cr,7,B,0.3333333333333333,0.875,3,1,0,False,True,True,True
921,cr,7,C,0.3333333333333333,0.875,3,1,0,False,True,True,True
922,cr,8,A,0.5,0.875,2,1,0,False,True,True,True
923,cr,8,B,0.5,0.875,2,1,0,False,True,True,True
924,cr,8,C,0.5,0.875,2,1,0,False,True,True,True
925,cr,9,A,0.5,0.875,2,1,0,False,True,True,True
926,cr,9,B,0.5,0.875,2,1,0,False,True,True,True
927,cr,9,C,0.5,0.875,2,1,0,False,True,True,True
928,cr,10,A,0.5,0.875,2,1,0,False,True,True,True
929,cr,10,B,0.5,0.875,2,1,0,False,True,True,True
930,cr,10,C,0.5,0.875,2,1,0,False,True,True,True
931,cr,11,A,0.6666666666666666,0.875,3,2,0,False,True,True,True
932,cr,11,B,0.6666666666666666,0.875,3,2,0,False,True,True,True
933,cr,11,C,0.6666666666666666,0.875,3,2,0,False,True,True,True
934,cr,12,A,0.5,0.875,2,1,0,False,True,True,True
935,cr,12,B,0.5,0.875,2,1,0,False,True,True,True
936,cr,12,C,0.5,0.875,2,1,0,False,True,True,True
937,cr,13,A,1.0,0.875,2,2,0,False,True,True,True
938,cr,13,B,1.0,0.875,2,2,0,False,True,True,True
939,cr,13,C,1.0,0.875,2,2,0,False,True,True,True
940,cr,14,A,0.5,0.875,2,1,0,False,True,True,True
941,cr,14,B,0.5,0.875,2,1,0,False,True,True,True
942,cr,14,C,0.5,0.875,2,1,0,False,True,True,True
943,cr,15,A,0.3333333333333333,0.7083333333333333,3,1,0,False,True,True,True
944,cr,15,B,0.3333333333333333,0.7083333333333333,3,1,0,False,True,True,True
945,cr,15,C,0.3333333333333333,0.7083333333333333,3,1,0,False,True,True,True
946,cr,16,A,0.5,0.875,2,1,0,False,True,True,True
947,cr,16,B,0.5,0.875,2,1,0,False,True,True,True
948,cr,16,C,0.5,0.875,2,1,0,False,True,True,True
949,cr,17,A,0.5,0.625,2,1,0,False,True,True,True
950,cr,17,B,0.5,0.625,2,1,0,False,True,True,True
951,cr,17,C,0.5,0.625,2,1,0,False,True,True,True
952,cr,18,A,0.5,0.5,2,1,0,False,False,True,True
953,cr,18,B,0.5,0.5,2,1,0,False,False,True,True
954,cr,18,C,0.5,0.5,2,1,0,False,False,True,True
955,cr,19,A,0.5,0.5,2,1,0,False,False,True,True
956,cr,19,B,0.5,0.5,2,1,0,False,False,True,True
957,cr,19,C,0.5,0.5,2,1,0,False,False,True,True
958,cr,20,A,1.0,0.875,2,2,0,False,True,True,True
959,cr,20,B,1.0,0.875,2,2,0,False,True,True,True
960,cr,20,C,1.0,0.875,2,2,0,False,True,True,True
961,cr,21,A,1.0,0.875,2,2,0,True,False,True,True
962,cr,21,B,1.0,0.875,2,2,0,True,False,True,True
963,cr,21,C,1.0,0.875,2,2,0,True,False,True,True
964,cr,22,A,0.5,0.625,2,1,0,True,False,True,True
965,cr,22,B,0.5,0.625,2,1,0,True,False,True,True
966,cr,22,C,0.5,0.625,2,1,0,True,False,True,True
967,cr,23,A,0.5,0.5,2,1,0,False,False,True,True
968,cr,23,B,0.5,0.5,2,1,0,False,False,True,True
969,cr,23,C,0.5,0.5,2,1,0,False,False,True,True
970,cr,24,A,0.5,0.875,2,1,0,False,True,True,True
971,cr,24,B,0.5,0.875,2,1,0,False,True,True,True
972,cr,24,C,0.5,0.875,2,1,0,False,True,True,True
973,cr,25,A,1.0,0.875,2,2,0,False,True,True,True
974,cr,25,B,1.0,0.875,2,2,0,False,True,True,True
975,cr,25,C,1.0,0.875,2,2,0,False,True,True,True
976,cr,26,A,1.0,0.875,2,2,0,False,True,True,True
977,cr,26,B,1.0,0.875,2,2,0,False,True,True,True
978,cr,26,C,1.0,0.875,2,2,0,False,True,True,True
979,cr,27,A,0.6666666666666666,0.875,3,3,1,False,True,True,True
980,cr,27,B,0.6666666666666666,0.875,3,3,1,False,True,True,True
981,cr,27,C,0.6666666666666666,0.875,3,3,1,False,True,True,True
982,cr,28,A,1.0,1.0,3,3,0,True,True,True,True
983,cr,28,B,1.0,1.0,3,3,0,True,True,True,True
984,cr,28,C,1.0,1.0,3,3,0,True,True,True,True
985,cr,29,A,1.0,0.75,2,2,0,False,False,True,True
986,cr,29,B,1.0,0.75,2,2,0,False,False,True,True
987,cr,29,C,1.0,0.75,2,2,0,False,False,True,True
988,cr,30,A,1.0,0.875,3,3,0,True,False,True,True
989,cr,30,B,1.0,0.875,3,3,0,True,False,True,True
990,cr,30,C,1.0,0.875,3,3,0,True,False,True,True
991,cr,1,A,0.75,1.0,4,3,0,True,True,True,True
992,cr,1,B,0.75,1.0,4,3,0,True,True,True,True
993,cr,1,C,0.75,1.0,4,3,0,True,True,True,True
994,cr,2,A,0.5,0.875,2,1,0,False,True,True,True
995,cr,2,B,0.5,0.875,2,1,0,False,True,True,True
996,cr,2,C,0.5,0.875,2,1,0,False,True,True,True
997,cr,3,A,0.5,0.625,2,1,0,False,True,True,True
998,cr,3,B,0.5,0.625,2,1,0,False,True,True,True
999,cr,3,C,0.5,0.625,2,1,0,False,True,True,True
1000,cr,4,A,0.3333333333333333,0.4166666666666666,3,1,0,False,False,True,True
1001,cr,4,B,0.3333333333333333,0.4166666666666666,3,1,0,False,False,True,True
1002,cr,4,C,0.3333333333333333,0.4166666666666666,3,1,0,False,False,True,True
1003,cr,5,A,0.5,0.5,2,1,0,False,False,True,True
1004,cr,5,B,0.5,0.5,2,1,0,False,False,True,True
1005,cr,5,C,0.5,0.5,2,1,0,False,False,True,True
1006,cr,6,A,0.5,0.875,2,1,0,False,True,True,True
1007,cr,6,B,0.5,0.875,2,1,0,False,True,True,True
1008,cr,6,C,0.5,0.875,2,1,0,False,True,True,True
1009,cr,7,A,0.3333333333333333,0.875,3,1,0,False,True,True,True
1010,cr,7,B,0.3333333333333333,0.875,3,1,0,False,True,True,True
1011,cr,7,C,0.3333333333333333,0.875,3,1,0,False,True,True,True
1012,cr,8,A,0.5,0.875,2,1,0,False,True,True,True
1013,cr,8,B,0.5,0.875,2,1,0,False,True,True,True
1014,cr,8,C,0.5,0.875,2,1,0,False,True,True,True
1015,cr,9,A,0.5,0.875,2,1,0,False,True,True,True
1016,cr,9,B,0.5,0.875,2,1,0,False,True,True,True
1017,cr,9,C,0.5,0.875,2,1,0,False,True,True,True
1018,cr,10,A,0.5,0.875,2,1,0,False,True,True,True
1019,cr,10,B,0.5,0.875,2,1,0,False,True,True,True
1020,cr,10,C,0.5,0.875,2,1,0,False,True,True,True
1021,cr,11,A,0.6666666666666666,0.875,3,2,0,False,True,True,True
1022,cr,11,B,0.6666666666666666,0.875,3,2,0,False,True,True,True
1023,cr,11,C,0.6666666666666666,0.875,3,2,0,False,True,True,True
1024,cr,12,A,0.5,0.875,2,1,0,False,True,True,True
1025,cr,12,B,0.5,0.875,2,1,0,False,True,True,True
1026,cr,12,C,0.5,0.875,2,1,0,False,True,True,True
1027,cr,13,A,1.0,0.875,2,2,0,False,True,True,True
1028,cr,13,B,1.0,0.875,2,2,0,False,True,True,True
1029,cr,13,C,1.0,0.875,2,2,0,False,True,True,True
1030,cr,14,A,0.5,0.875,2,1,0,False,True,True,True
1031,cr,14,B,0.5,0.875,2,1,0,False,True,True,True
1032,cr,14,C,0.5,0.875,2,1,0,False,True,True,True
1033,cr,15,A,0.3333333333333333,0.7083333333333333,3,1,0,False,True,True,True
1034,cr,15,B,0.3333333333333333,0.7083333333333333,3,1,0,False,True,True,True
1035,cr,15,C,0.3333333333333333,0.7083333333333333,3,1,0,False,True,True,True
1036,cr,16,A,0.5,0.875,2,1,0,False,True,True,True
1037,cr,16,B,0.5,0.875,2,1,0,False,True,True,True
1038,cr,16,C,0.5,0.875,2,1,0,False,True,True,True
1039,cr,17,A,0.5,0.625,2,1,0,False,True,True,True
1040,cr,17,B,0.5,0.625,2,1,0,False,True,True,True
1041,cr,17,C,0.5,0.625,2,1,0,False,True,True,True
1042,cr,18,A,0.5,0.5,2,1,0,False,False,True,True
1043,cr,18,B,0.5,0.5,2,1,0,False,False,True,True
1044,cr,18,C,0.5,0.5,2,1,0,False,False,True,True
1045,cr,19,A,0.5,0.5,2,1,0,False,False,True,True
1046,cr,19,B,0.5,0.5,2,1,0,False,False,True,True
1047,cr,19,C,0.5,0.5,2,1,0,False,False,True,True
1048,cr,20,A,1.0,0.875,2,2,0,False,True,True,True
1049,cr,20,B,1.0,0.875,2,2,0,False,True,True,True
1050,cr,20,C,1.0,0.875,2,2,0,False,True,True,True
1051,cr,21,A,1.0,0.875,2,2,0,True,False,True,True
1052,cr,21,B,1.0,0.875,2,2,0,True,False,True,True
1053,cr,21,C,1.0,0.875,2,2,0,True,False,True,True
1054,cr,22,A,0.5,0.625,2,1,0,True,False,True,True
1055,cr,22,B,0.5,0.625,2,1,0,True,False,True,True
1056,cr,22,C,0.5,0.625,2,1,0,True,False,True,True
1057,cr,23,A,0.5,0.5,2,1,0,False,False,True,True
1058,cr,23,B,0.5,0.5,2,1,0,False,False,True,True
1059,cr,23,C,0.5,0.5,2,1,0,False,False,True,True
1060,cr,24,A,0.5,0.875,2,1,0,False,True,True,True
1061,cr,24,B,0.5,0.875,2,1,0,False,True,True,True
1062,cr,24,C,0.5,0.875,2,1,0,False,True,True,True
1063,cr,25,A,1.0,0.875,2,2,0,False,True,True,True
1064,cr,25,B,1.0,0.875,2,2,0,False,True,True,True
1065,cr,25,C,1.0,0.875,2,2,0,False,True,True,True
1066,cr,26,A,1.0,0.875,2,2,0,False,True,True,True
1067,cr,26,B,1.0,0.875,2,2,0,False,True,True,True
1068,cr,26,C,1.0,0.875,2,2,0,False,True,True,True
1069,cr,27,A,0.6666666666666666,0.875,3,3,1,False,True,True,True
1070,cr,27,B,0.6666666666666666,0.875,3,3,1,False,True,True,True
1071,cr,27,C,0.6666666666666666,0.875,3,3,1,False,True,True,True
1072,cr,28,A,1.0,1.0,3,3,0,True,True,True,True
1073,cr,28,B,1.0,1.0,3,3,0,True,True,True,True
1074,cr,28,C,1.0,1.0,3,3,0,True,True,True,True
1075,cr,29,A,1.0,0.75,2,2,0,False,False,True,True
1076,cr,29,B,1.0,0.75,2,2,0,False,False,True,True
1077,cr,29,C,1.0,0.75,2,2,0,False,False,True,True
1078,cr,30,A,1.0,0.875,3,3,0,True,False,True,True
1079,cr,30,B,1.0,0.875,3,3,0,True,False,True,True
1080,cr,30,C,1.0,0.875,3,3,0,True,False,True,True
1171,cr2,1,A,1.0,1.0,3,3,0,True,True,True,True
1172,cr2,1,B,1.0,0.875,3,3,0,False,True,True,True
1173,cr2,1,C,0.75,1.0,4,3,0,True,True,True,True
1174,cr2,2,A,0.3333333333333333,0.5833333333333333,3,1,0,False,True,False,True
1175,cr2,2,B,0.5,0.5,2,1,0,False,False,True,True
1176,cr2,2,C,0.5,0.875,2,1,0,False,True,True,True
1177,cr2,3,A,0.6666666666666666,0.8333333333333333,3,2,0,True,True,True,True
1178,cr2,3,B,0.5,0.625,2,1,0,False,True,True,True
1179,cr2,3,C,0.5,0.625,2,1,0,False,True,True,True
1180,cr2,4,A,1.0,0.875,3,3,0,True,False,True,True
1181,cr2,4,B,1.0,0.875,2,2,0,True,False,True,True
1182,cr2,4,C,0.3333333333333333,0.4166666666666666,3,1,0,False,False,True,True
1183,cr2,5,A,0.0,0.2916666666666666,3,1,1,False,False,False,True
1184,cr2,5,B,0.5,0.5,2,1,0,False,False,True,True
1185,cr2,5,C,0.5,0.5,2,1,0,False,False,True,True
1186,cr2,6,A,0.3333333333333333,0.75,3,1,0,False,True,False,True
1187,cr2,6,B,1.0,0.875,2,2,0,False,True,True,True
1188,cr2,6,C,0.5,0.875,2,1,0,False,True,True,True
1189,cr2,7,A,0.0,0.625,2,0,0,False,True,False,False
1190,cr2,7,B,0.5,0.875,2,1,0,False,True,True,True
1191,cr2,7,C,0.3333333333333333,0.875,3,1,0,False,True,True,True
1192,cr2,8,A,0.0,0.4583333333333333,3,0,0,False,True,False,False
1193,cr2,8,B,0.3333333333333333,0.7083333333333333,3,1,0,False,True,True,True
1194,cr2,8,C,0.5,0.875,2,1,0,False,True,True,True
1195,cr2,9,A,0.3333333333333333,0.75,3,1,0,False,True,False,True
1196,cr2,9,B,0.3333333333333333,0.875,3,1,0,False,True,True,True
1197,cr2,9,C,0.5,0.875,2,1,0,False,True,True,True
1198,cr2,10,A,0.3333333333333333,1.0,3,1,0,True,True,True,True
1199,cr2,10,B,0.3333333333333333,0.875,3,1,0,False,True,True,True
1200,cr2,10,C,0.5,0.875,2,1,0,False,True,True,True
1201,cr2,11,A,0.3333333333333333,0.875,3,1,0,False,True,True,True
1202,cr2,11,B,1.0,0.875,2,2,0,False,True,True,True
1203,cr2,11,C,0.6666666666666666,0.875,3,2,0,False,True,True,True
1204,cr2,12,A,0.3333333333333333,0.75,3,1,0,False,True,False,True
1205,cr2,12,B,0.3333333333333333,0.875,3,1,0,False,True,True,True
1206,cr2,12,C,0.5,0.875,2,1,0,False,True,True,True
1207,cr2,13,A,1.0,0.875,3,3,0,False,True,True,True
1208,cr2,13,B,1.0,0.875,3,3,0,False,True,True,True
1209,cr2,13,C,1.0,0.875,2,2,0,False,True,True,True
1210,cr2,14,A,0.3333333333333333,0.875,3,1,0,False,True,True,True
1211,cr2,14,B,0.3333333333333333,0.7083333333333333,3,1,0,False,True,True,True
1212,cr2,14,C,0.5,0.875,2,1,0,False,True,True,True
1213,cr2,15,A,0.5,0.625,2,1,0,False,True,True,True
1214,cr2,15,B,0.5,0.625,2,1,0,False,True,True,True
1215,cr2,15,C,0.3333333333333333,0.7083333333333333,3,1,0,False,True,True,True
1216,cr2,16,A,0.6666666666666666,0.875,3,2,0,False,True,True,True
1217,cr2,16,B,0.0,0.5,2,0,0,False,True,True,False
1218,cr2,16,C,0.5,0.875,2,1,0,False,True,True,True
1219,cr2,17,A,0.3333333333333333,0.7083333333333333,3,1,0,False,True,True,True
1220,cr2,17,B,0.5,0.625,2,1,0,False,True,True,True
1221,cr2,17,C,0.5,0.625,2,1,0,False,True,True,True
1222,cr2,18,A,0.5,0.5,2,1,0,False,False,True,True
1223,cr2,18,B,0.5,0.5,2,1,0,False,False,True,True
1224,cr2,18,C,0.5,0.5,2,1,0,False,False,True,True
1225,cr2,19,A,0.0,0.0,3,0,1,False,False,False,False
1226,cr2,19,B,0.0,0.375,2,0,1,False,False,True,False
1227,cr2,19,C,0.5,0.5,2,1,0,False,False,True,True
1228,cr2,20,A,0.3333333333333333,0.875,3,1,0,False,True,True,True
1229,cr2,20,B,0.5,0.875,2,1,0,False,True,True,True
1230,cr2,20,C,1.0,0.875,2,2,0,False,True,True,True
1231,cr2,21,A,1.0,0.75,2,2,0,False,False,True,True
1232,cr2,21,B,0.5,0.5,2,1,0,False,False,True,True
1233,cr2,21,C,1.0,0.875,2,2,0,True,False,True,True
1234,cr2,22,A,0.3333333333333333,0.7083333333333333,3,1,0,True,False,True,True
1235,cr2,22,B,0.3333333333333333,0.4166666666666666,3,1,0,False,False,True,True
1236,cr2,22,C,0.5,0.625,2,1,0,True,False,True,True
1237,cr2,23,A,0.25,0.375,4,1,0,False,False,True,True
1238,cr2,23,B,0.25,0.375,4,1,0,False,False,True,True
1239,cr2,23,C,0.5,0.5,2,1,0,False,False,True,True
1240,cr2,24,A,0.3333333333333333,0.875,3,1,0,False,True,True,True
1241,cr2,24,B,0.0,0.625,4,0,0,False,True,False,False
1242,cr2,24,C,0.5,0.875,2,1,0,False,True,True,True
1243,cr2,25,A,0.75,0.75,4,3,0,True,False,True,True
1244,cr2,25,B,0.6666666666666666,0.7083333333333333,3,2,0,True,False,True,True
1245,cr2,25,C,1.0,0.875,2,2,0,False,True,True,True
1246,cr2,26,A,1.0,0.875,2,2,0,False,True,True,True
1247,cr2,26,B,1.0,0.875,3,3,0,False,True,True,True
1248,cr2,26,C,1.0,0.875,2,2,0,False,True,True,True
1249,cr2,27,A,1.0,1.0,3,3,0,True,True,True,True
1250,cr2,27,B,0.8,1.0,5,4,0,True,True,True,True
1251,cr2,27,C,0.6666666666666666,0.875,3,3,1,False,True,True,True
1252,cr2,28,A,1.0,1.0,3,3,0,True,True,True,True
1253,cr2,28,B,1.0,0.875,3,3,0,True,False,True,True
1254,cr2,28,C,1.0,1.0,3,3,0,True,True,True,True
1255,cr2,29,A,1.0,0.75,3,3,0,False,False,True,True
1256,cr2,29,B,1.0,0.875,3,3,0,True,False,True,True
1257,cr2,29,C,1.0,0.75,2,2,0,False,False,True,True
1258,cr2,30,A,1.0,1.0,2,2,0,True,True,True,True
1259,cr2,30,B,0.6666666666666666,0.7083333333333333,3,2,0,True,False,True,True
1260,cr2,30,C,1.0,0.875,3,3,0,True,False,True,True
1261,cr2,1,A,1.0,1.0,3,3,0,True,True,True,True
1262,cr2,1,B,1.0,0.875,3,3,0,False,True,True,True
1263,cr2,1,C,0.75,1.0,4,3,0,True,True,True,True
1264,cr2,2,A,0.3333333333333333,0.5833333333333333,3,1,0,False,True,False,True
1265,cr2,2,B,0.5,0.5,2,1,0,False,False,True,True
1266,cr2,2,C,0.5,0.875,2,1,0,False,True,True,True
1267,cr2,3,A,0.6666666666666666,0.8333333333333333,3,2,0,True,True,True,True
1268,cr2,3,B,0.5,0.625,2,1,0,False,True,True,True
1269,cr2,3,C,0.5,0.625,2,1,0,False,True,True,True
1270,cr2,4,A,1.0,0.875,3,3,0,True,False,True,True
1271,cr2,4,B,1.0,0.875,2,2,0,True,False,True,True
1272,cr2,4,C,0.3333333333333333,0.4166666666666666,3,1,0,False,False,True,True
1273,cr2,5,A,0.0,0.2916666666666666,3,1,1,False,False,False,True
1274,cr2,5,B,0.5,0.5,2,1,0,False,False,True,True
1275,cr2,5,C,0.5,0.5,2,1,0,False,False,True,True
1276,cr2,6,A,0.3333333333333333,0.75,3,1,0,False,True,False,True
1277,cr2,6,B,1.0,0.875,2,2,0,False,True,True,True
1278,cr2,6,C,0.5,0.875,2,1,0,False,True,True,True
1279,cr2,7,A,0.0,0.625,2,0,0,False,True,False,False
1280,cr2,7,B,0.5,0.875,2,1,0,False,True,True,True
1281,cr2,7,C,0.3333333333333333,0.875,3,1,0,False,True,True,True
1282,cr2,8,A,0.0,0.4583333333333333,3,0,0,False,True,False,False
1283,cr2,8,B,0.3333333333333333,0.7083333333333333,3,1,0,False,True,True,True
1284,cr2,8,C,0.5,0.875,2,1,0,False,True,True,True
1285,cr2,9,A,0.3333333333333333,0.75,3,1,0,False,True,False,True
1286,cr2,9,B,0.3333333333333333,0.875,3,1,0,False,True,True,True
1287,cr2,9,C,0.5,0.875,2,1,0,False,True,True,True
1288,cr2,10,A,0.3333333333333333,1.0,3,1,0,True,True,True,True
1289,cr2,10,B,0.3333333333333333,0.875,3,1,0,False,True,True,True
1290,cr2,10,C,0.5,0.875,2,1,0,False,True,True,True
1291,cr2,11,A,0.3333333333333333,0.875,3,1,0,False,True,True,True
1292,cr2,11,B,1.0,0.875,2,2,0,False,True,True,True
1293,cr2,11,C,0.6666666666666666,0.875,3,2,0,False,True,True,True
1294,cr2,12,A,0.3333333333333333,0.75,3,1,0,False,True,False,True
1295,cr2,12,B,0.3333333333333333,0.875,3,1,0,False,True,True,True
1296,cr2,12,C,0.5,0.875,2,1,0,False,True,True,True
1297,cr2,13,A,1.0,0.875,3,3,0,False,True,True,True
1298,cr2,13,B,1.0,0.875,3,3,0,False,True,True,True
1299,cr2,13,C,1.0,0.875,2,2,0,False,True,True,True
1300,cr2,14,A,0.3333333333333333,0.875,3,1,0,False,True,True,True
1301,cr2,14,B,0.3333333333333333,0.7083333333333333,3,1,0,False,True,True,True
1302,cr2,14,C,0.5,0.875,2,1,0,False,True,True,True
1303,cr2,15,A,0.5,0.625,2,1,0,False,True,True,True
1304,cr2,15,B,0.5,0.625,2,1,0,False,True,True,True
1305,cr2,15,C,0.3333333333333333,0.7083333333333333,3,1,0,False,True,True,True
1306,cr2,16,A,0.6666666666666666,0.875,3,2,0,False,True,True,True
1307,cr2,16,B,0.0,0.5,2,0,0,False,True,True,False
1308,cr2,16,C,0.5,0.875,2,1,0,False,True,True,True
1309,cr2,17,A,0.3333333333333333,0.7083333333333333,3,1,0,False,True,True,True
1310,cr2,17,B,0.5,0.625,2,1,0,False,True,True,True
1311,cr2,17,C,0.5,0.625,2,1,0,False,True,True,True
1312,cr2,18,A,0.5,0.5,2,1,0,False,False,True,True
1313,cr2,18,B,0.5,0.5,2,1,0,False,False,True,True
1314,cr2,18,C,0.5,0.5,2,1,0,False,False,True,True
1315,cr2,19,A,0.0,0.0,3,0,1,False,False,False,False
1316,cr2,19,B,0.0,0.375,2,0,1,False,False,True,False
1317,cr2,19,C,0.5,0.5,2,1,0,False,False,True,True
1318,cr2,20,A,0.3333333333333333,0.875,3,1,0,False,True,True,True
1319,cr2,20,B,0.5,0.875,2,1,0,False,True,True,True
1320,cr2,20,C,1.0,0.875,2,2,0,False,True,True,True
1321,cr2,21,A,1.0,0.75,2,2,0,False,False,True,True
1322,cr2,21,B,0.5,0.5,2,1,0,False,False,True,True
1323,cr2,21,C,1.0,0.875,2,2,0,True,False,True,True
1324,cr2,22,A,0.3333333333333333,0.7083333333333333,3,1,0,True,False,True,True
1325,cr2,22,B,0.3333333333333333,0.4166666666666666,3,1,0,False,False,True,True
1326,cr2,22,C,0.5,0.625,2,1,0,True,False,True,True
1327,cr2,23,A,0.25,0.375,4,1,0,False,False,True,True
1328,cr2,23,B,0.25,0.375,4,1,0,False,False,True,True
1329,cr2,23,C,0.5,0.5,2,1,0,False,False,True,True
1330,cr2,24,A,0.3333333333333333,0.875,3,1,0,False,True,True,True
1331,cr2,24,B,0.0,0.625,4,0,0,False,True,False,False
1332,cr2,24,C,0.5,0.875,2,1,0,False,True,True,True
1333,cr2,25,A,0.75,0.75,4,3,0,True,False,True,True
1334,cr2,25,B,0.6666666666666666,0.7083333333333333,3,2,0,True,False,True,True
1335,cr2,25,C,1.0,0.875,2,2,0,False,True,True,True
1336,cr2,26,A,1.0,0.875,2,2,0,False,True,True,True
1337,cr2,26,B,1.0,0.875,3,3,0,False,True,True,True
1338,cr2,26,C,1.0,0.875,2,2,0,False,True,True,True
1339,cr2,27,A,1.0,1.0,3,3,0,True,True,True,True
1340,cr2,27,B,0.8,1.0,5,4,0,True,True,True,True
1341,cr2,27,C,0.6666666666666666,0.875,3,3,1,False,True,True,True
1342,cr2,28,A,1.0,1.0,3,3,0,True,True,True,True
1343,cr2,28,B,1.0,0.875,3,3,0,True,False,True,True
1344,cr2,28,C,1.0,1.0,3,3,0,True,True,True,True
1345,cr2,29,A,1.0,0.75,3,3,0,False,False,True,True
1346,cr2,29,B,1.0,0.875,3,3,0,True,False,True,True
1347,cr2,29,C,1.0,0.75,2,2,0,False,False,True,True
1348,cr2,30,A,1.0,1.0,2,2,0,True,True,True,True
1349,cr2,30,B,0.6666666666666666,0.7083333333333333,3,2,0,True,False,True,True
1350,cr2,30,C,1.0,0.875,3,3,0,True,False,True,True
1351,cr2,1,A,1.0,1.0,3,3,0,True,True,True,True
1352,cr2,1,B,1.0,0.875,3,3,0,False,True,True,True
1353,cr2,1,C,0.75,1.0,4,3,0,True,True,True,True
1354,cr2,2,A,0.3333333333333333,0.5833333333333333,3,1,0,False,True,False,True
1355,cr2,2,B,0.5,0.5,2,1,0,False,False,True,True
1356,cr2,2,C,0.5,0.875,2,1,0,False,True,True,True
1357,cr2,3,A,0.6666666666666666,0.8333333333333333,3,2,0,True,True,True,True
1358,cr2,3,B,0.5,0.625,2,1,0,False,True,True,True
1359,cr2,3,C,0.5,0.625,2,1,0,False,True,True,True
1360,cr2,4,A,1.0,0.875,3,3,0,True,False,True,True
1361,cr2,4,B,1.0,0.875,2,2,0,True,False,True,True
1362,cr2,4,C,0.3333333333333333,0.4166666666666666,3,1,0,False,False,True,True
1363,cr2,5,A,0.0,0.2916666666666666,3,1,1,False,False,False,True
1364,cr2,5,B,0.5,0.5,2,1,0,False,False,True,True
1365,cr2,5,C,0.5,0.5,2,1,0,False,False,True,True
1366,cr2,6,A,0.3333333333333333,0.75,3,1,0,False,True,False,True
1367,cr2,6,B,1.0,0.875,2,2,0,False,True,True,True
1368,cr2,6,C,0.5,0.875,2,1,0,False,True,True,True
1369,cr2,7,A,0.0,0.625,2,0,0,False,True,False,False
1370,cr2,7,B,0.5,0.875,2,1,0,False,True,True,True
1371,cr2,7,C,0.3333333333333333,0.875,3,1,0,False,True,True,True
1372,cr2,8,A,0.0,0.4583333333333333,3,0,0,False,True,False,False
1373,cr2,8,B,0.3333333333333333,0.7083333333333333,3,1,0,False,True,True,True
1374,cr2,8,C,0.5,0.875,2,1,0,False,True,True,True
1375,cr2,9,A,0.3333333333333333,0.75,3,1,0,False,True,False,True
1376,cr2,9,B,0.3333333333333333,0.875,3,1,0,False,True,True,True
1377,cr2,9,C,0.5,0.875,2,1,0,False,True,True,True
1378,cr2,10,A,0.3333333333333333,1.0,3,1,0,True,True,True,True
1379,cr2,10,B,0.3333333333333333,0.875,3,1,0,False,True,True,True
1380,cr2,10,C,0.5,0.875,2,1,0,False,True,True,True
1381,cr2,11,A,0.3333333333333333,0.875,3,1,0,False,True,True,True
1382,cr2,11,B,1.0,0.875,2,2,0,False,True,True,True
1383,cr2,11,C,0.6666666666666666,0.875,3,2,0,False,True,True,True
1384,cr2,12,A,0.3333333333333333,0.75,3,1,0,False,True,False,True
1385,cr2,12,B,0.3333333333333333,0.875,3,1,0,False,True,True,True
1386,cr2,12,C,0.5,0.875,2,1,0,False,True,True,True
1387,cr2,13,A,1.0,0.875,3,3,0,False,True,True,True
1388,cr2,13,B,1.0,0.875,3,3,0,False,True,True,True
1389,cr2,13,C,1.0,0.875,2,2,0,False,True,True,True
1390,cr2,14,A,0.3333333333333333,0.875,3,1,0,False,True,True,True
1391,cr2,14,B,0.3333333333333333,0.7083333333333333,3,1,0,False,True,True,True
1392,cr2,14,C,0.5,0.875,2,1,0,False,True,True,True
1393,cr2,15,A,0.5,0.625,2,1,0,False,True,True,True
1394,cr2,15,B,0.5,0.625,2,1,0,False,True,True,True
1395,cr2,15,C,0.3333333333333333,0.7083333333333333,3,1,0,False,True,True,True
1396,cr2,16,A,0.6666666666666666,0.875,3,2,0,False,True,True,True
1397,cr2,16,B,0.0,0.5,2,0,0,False,True,True,False
1398,cr2,16,C,0.5,0.875,2,1,0,False,True,True,True
1399,cr2,17,A,0.3333333333333333,0.7083333333333333,3,1,0,False,True,True,True
1400,cr2,17,B,0.5,0.625,2,1,0,False,True,True,True
1401,cr2,17,C,0.5,0.625,2,1,0,False,True,True,True
1402,cr2,18,A,0.5,0.5,2,1,0,False,False,True,True
1403,cr2,18,B,0.5,0.5,2,1,0,False,False,True,True
1404,cr2,18,C,0.5,0.5,2,1,0,False,False,True,True
1405,cr2,19,A,0.0,0.0,3,0,1,False,False,False,False
1406,cr2,19,B,0.0,0.375,2,0,1,False,False,True,False
1407,cr2,19,C,0.5,0.5,2,1,0,False,False,True,True
1408,cr2,20,A,0.3333333333333333,0.875,3,1,0,False,True,True,True
1409,cr2,20,B,0.5,0.875,2,1,0,False,True,True,True
1410,cr2,20,C,1.0,0.875,2,2,0,False,True,True,True
1411,cr2,21,A,1.0,0.75,2,2,0,False,False,True,True
1412,cr2,21,B,0.5,0.5,2,1,0,False,False,True,True
1413,cr2,21,C,1.0,0.875,2,2,0,True,False,True,True
1414,cr2,22,A,0.3333333333333333,0.7083333333333333,3,1,0,True,False,True,True
1415,cr2,22,B,0.3333333333333333,0.4166666666666666,3,1,0,False,False,True,True
1416,cr2,22,C,0.5,0.625,2,1,0,True,False,True,True
1417,cr2,23,A,0.25,0.375,4,1,0,False,False,True,True
1418,cr2,23,B,0.25,0.375,4,1,0,False,False,True,True
1419,cr2,23,C,0.5,0.5,2,1,0,False,False,True,True
1420,cr2,24,A,0.3333333333333333,0.875,3,1,0,False,True,True,True
1421,cr2,24,B,0.0,0.625,4,0,0,False,True,False,False
1422,cr2,24,C,0.5,0.875,2,1,0,False,True,True,True
1423,cr2,25,A,0.75,0.75,4,3,0,True,False,True,True
1424,cr2,25,B,0.6666666666666666,0.7083333333333333,3,2,0,True,False,True,True
1425,cr2,25,C,1.0,0.875,2,2,0,False,True,True,True
1426,cr2,26,A,1.0,0.875,2,2,0,False,True,True,True
1427,cr2,26,B,1.0,0.875,3,3,0,False,True,True,True
1428,cr2,26,C,1.0,0.875,2,2,0,False,True,True,True
1429,cr2,27,A,1.0,1.0,3,3,0,True,True,True,True
1430,cr2,27,B,0.8,1.0,5,4,0,True,True,True,True
1431,cr2,27,C,0.6666666666666666,0.875,3,3,1,False,True,True,True
1432,cr2,28,A,1.0,1.0,3,3,0,True,True,True,True
1433,cr2,28,B,1.0,0.875,3,3,0,True,False,True,True
1434,cr2,28,C,1.0,1.0,3,3,0,True,True,True,True
1435,cr2,29,A,1.0,0.75,3,3,0,False,False,True,True
1436,cr2,29,B,1.0,0.875,3,3,0,True,False,True,True
1437,cr2,29,C,1.0,0.75,2,2,0,False,False,True,True
1438,cr2,30,A,1.0,1.0,2,2,0,True,True,True,True
1439,cr2,30,B,0.6666666666666666,0.7083333333333333,3,2,0,True,False,True,True
1440,cr2,30,C,1.0,0.875,3,3,0,True,False,True,True
1441,cr2,1,A,1.0,1.0,3,3,0,True,True,True,True
1442,cr2,1,B,1.0,0.875,3,3,0,False,True,True,True
1443,cr2,1,C,0.75,1.0,4,3,0,True,True,True,True
1444,cr2,2,A,0.3333333333333333,0.5833333333333333,3,1,0,False,True,False,True
1445,cr2,2,B,0.5,0.5,2,1,0,False,False,True,True
1446,cr2,2,C,0.5,0.875,2,1,0,False,True,True,True
1447,cr2,3,A,0.6666666666666666,0.8333333333333333,3,2,0,True,True,True,True
1448,cr2,3,B,0.5,0.625,2,1,0,False,True,True,True
1449,cr2,3,C,0.5,0.625,2,1,0,False,True,True,True
1450,cr2,4,A,1.0,0.875,3,3,0,True,False,True,True
1451,cr2,4,B,1.0,0.875,2,2,0,True,False,True,True
1452,cr2,4,C,0.3333333333333333,0.4166666666666666,3,1,0,False,False,True,True
1453,cr2,5,A,0.0,0.2916666666666666,3,1,1,False,False,False,True
1454,cr2,5,B,0.5,0.5,2,1,0,False,False,True,True
1455,cr2,5,C,0.5,0.5,2,1,0,False,False,True,True
1456,cr2,6,A,0.3333333333333333,0.75,3,1,0,False,True,False,True
1457,cr2,6,B,1.0,0.875,2,2,0,False,True,True,True
1458,cr2,6,C,0.5,0.875,2,1,0,False,True,True,True
1459,cr2,7,A,0.0,0.625,2,0,0,False,True,False,False
1460,cr2,7,B,0.5,0.875,2,1,0,False,True,True,True
1461,cr2,7,C,0.3333333333333333,0.875,3,1,0,False,True,True,True
1462,cr2,8,A,0.0,0.4583333333333333,3,0,0,False,True,False,False
1463,cr2,8,B,0.3333333333333333,0.7083333333333333,3,1,0,False,True,True,True
1464,cr2,8,C,0.5,0.875,2,1,0,False,True,True,True
1465,cr2,9,A,0.3333333333333333,0.75,3,1,0,False,True,False,True
1466,cr2,9,B,0.3333333333333333,0.875,3,1,0,False,True,True,True
1467,cr2,9,C,0.5,0.875,2,1,0,False,True,True,True
1468,cr2,10,A,0.3333333333333333,1.0,3,1,0,True,True,True,True
1469,cr2,10,B,0.3333333333333333,0.875,3,1,0,False,True,True,True
1470,cr2,10,C,0.5,0.875,2,1,0,False,True,True,True
1471,cr2,11,A,0.3333333333333333,0.875,3,1,0,False,True,True,True
1472,cr2,11,B,1.0,0.875,2,2,0,False,True,True,True
1473,cr2,11,C,0.6666666666666666,0.875,3,2,0,False,True,True,True
1474,cr2,12,A,0.3333333333333333,0.75,3,1,0,False,True,False,True
1475,cr2,12,B,0.3333333333333333,0.875,3,1,0,False,True,True,True
1476,cr2,12,C,0.5,0.875,2,1,0,False,True,True,True
1477,cr2,13,A,1.0,0.875,3,3,0,False,True,True,True
1478,cr2,13,B,1.0,0.875,3,3,0,False,True,True,True
1479,cr2,13,C,1.0,0.875,2,2,0,False,True,True,True
1480,cr2,14,A,0.3333333333333333,0.875,3,1,0,False,True,True,True
1481,cr2,14,B,0.3333333333333333,0.7083333333333333,3,1,0,False,True,True,True
1482,cr2,14,C,0.5,0.875,2,1,0,False,True,True,True
1483,cr2,15,A,0.5,0.625,2,1,0,False,True,True,True
1484,cr2,15,B,0.5,0.625,2,1,0,False,True,True,True
1485,cr2,15,C,0.3333333333333333,0.7083333333333333,3,1,0,False,True,True,True
1486,cr2,16,A,0.6666666666666666,0.875,3,2,0,False,True,True,True
1487,cr2,16,B,0.0,0.5,2,0,0,False,True,True,False
1488,cr2,16,C,0.5,0.875,2,1,0,False,True,True,True
1489,cr2,17,A,0.3333333333333333,0.7083333333333333,3,1,0,False,True,True,True
1490,cr2,17,B,0.5,0.625,2,1,0,False,True,True,True
1491,cr2,17,C,0.5,0.625,2,1,0,False,True,True,True
1492,cr2,18,A,0.5,0.5,2,1,0,False,False,True,True
1493,cr2,18,B,0.5,0.5,2,1,0,False,False,True,True
1494,cr2,18,C,0.5,0.5,2,1,0,False,False,True,True
1495,cr2,19,A,0.0,0.0,3,0,1,False,False,False,False
1496,cr2,19,B,0.0,0.375,2,0,1,False,False,True,False
1497,cr2,19,C,0.5,0.5,2,1,0,False,False,True,True
1498,cr2,20,A,0.3333333333333333,0.875,3,1,0,False,True,True,True
1499,cr2,20,B,0.5,0.875,2,1,0,False,True,True,True
1500,cr2,20,C,1.0,0.875,2,2,0,False,True,True,True
1501,cr2,21,A,1.0,0.75,2,2,0,False,False,True,True
1502,cr2,21,B,0.5,0.5,2,1,0,False,False,True,True
1503,cr2,21,C,1.0,0.875,2,2,0,True,False,True,True
1504,cr2,22,A,0.3333333333333333,0.7083333333333333,3,1,0,True,False,True,True
1505,cr2,22,B,0.3333333333333333,0.4166666666666666,3,1,0,False,False,True,True
1506,cr2,22,C,0.5,0.625,2,1,0,True,False,True,True
1507,cr2,23,A,0.25,0.375,4,1,0,False,False,True,True
1508,cr2,23,B,0.25,0.375,4,1,0,False,False,True,True
1509,cr2,23,C,0.5,0.5,2,1,0,False,False,True,True
1510,cr2,24,A,0.3333333333333333,0.875,3,1,0,False,True,True,True
1511,cr2,24,B,0.0,0.625,4,0,0,False,True,False,False
1512,cr2,24,C,0.5,0.875,2,1,0,False,True,True,True
1513,cr2,25,A,0.75,0.75,4,3,0,True,False,True,True
1514,cr2,25,B,0.6666666666666666,0.7083333333333333,3,2,0,True,False,True,True
1515,cr2,25,C,1.0,0.875,2,2,0,False,True,True,True
1516,cr2,26,A,1.0,0.875,2,2,0,False,True,True,True
1517,cr2,26,B,1.0,0.875,3,3,0,False,True,True,True
1518,cr2,26,C,1.0,0.875,2,2,0,False,True,True,True
1519,cr2,27,A,1.0,1.0,3,3,0,True,True,True,True
1520,cr2,27,B,0.8,1.0,5,4,0,True,True,True,True
1521,cr2,27,C,0.6666666666666666,0.875,3,3,1,False,True,True,True
1522,cr2,28,A,1.0,1.0,3,3,0,True,True,True,True
1523,cr2,28,B,1.0,0.875,3,3,0,True,False,True,True
1524,cr2,28,C,1.0,1.0,3,3,0,True,True,True,True
1525,cr2,29,A,1.0,0.75,3,3,0,False,False,True,True
1526,cr2,29,B,1.0,0.875,3,3,0,True,False,True,True
1527,cr2,29,C,1.0,0.75,2,2,0,False,False,True,True
1528,cr2,30,A,1.0,1.0,2,2,0,True,True,True,True
1529,cr2,30,B,0.6666666666666666,0.7083333333333333,3,2,0,True,False,True,True
1530,cr2,30,C,1.0,0.875,3,3,0,True,False,True,True
1531,cr2,1,A,1.0,1.0,3,3,0,True,True,True,True
1532,cr2,1,B,1.0,0.875,3,3,0,False,True,True,True
1533,cr2,1,C,0.75,1.0,4,3,0,True,True,True,True
1534,cr2,2,A,0.3333333333333333,0.5833333333333333,3,1,0,False,True,False,True
1535,cr2,2,B,0.5,0.5,2,1,0,False,False,True,True
1536,cr2,2,C,0.5,0.875,2,1,0,False,True,True,True
1537,cr2,3,A,0.6666666666666666,0.8333333333333333,3,2,0,True,True,True,True
1538,cr2,3,B,0.5,0.625,2,1,0,False,True,True,True
1539,cr2,3,C,0.5,0.625,2,1,0,False,True,True,True
1540,cr2,4,A,1.0,0.875,3,3,0,True,False,True,True
1541,cr2,4,B,1.0,0.875,2,2,0,True,False,True,True
1542,cr2,4,C,0.3333333333333333,0.4166666666666666,3,1,0,False,False,True,True
1543,cr2,5,A,0.0,0.2916666666666666,3,1,1,False,False,False,True
1544,cr2,5,B,0.5,0.5,2,1,0,False,False,True,True
1545,cr2,5,C,0.5,0.5,2,1,0,False,False,True,True
1546,cr2,6,A,0.3333333333333333,0.75,3,1,0,False,True,False,True
1547,cr2,6,B,1.0,0.875,2,2,0,False,True,True,True
1548,cr2,6,C,0.5,0.875,2,1,0,False,True,True,True
1549,cr2,7,A,0.0,0.625,2,0,0,False,True,False,False
1550,cr2,7,B,0.5,0.875,2,1,0,False,True,True,True
1551,cr2,7,C,0.3333333333333333,0.875,3,1,0,False,True,True,True
1552,cr2,8,A,0.0,0.4583333333333333,3,0,0,False,True,False,False
1553,cr2,8,B,0.3333333333333333,0.7083333333333333,3,1,0,False,True,True,True
1554,cr2,8,C,0.5,0.875,2,1,0,False,True,True,True
1555,cr2,9,A,0.3333333333333333,0.75,3,1,0,False,True,False,True
1556,cr2,9,B,0.3333333333333333,0.875,3,1,0,False,True,True,True
1557,cr2,9,C,0.5,0.875,2,1,0,False,True,True,True
1558,cr2,10,A,0.3333333333333333,1.0,3,1,0,True,True,True,True
1559,cr2,10,B,0.3333333333333333,0.875,3,1,0,False,True,True,True
1560,cr2,10,C,0.5,0.875,2,1,0,False,True,True,True
1561,cr2,11,A,0.3333333333333333,0.875,3,1,0,False,True,True,True
1562,cr2,11,B,1.0,0.875,2,2,0,False,True,True,True
1563,cr2,11,C,0.6666666666666666,0.875,3,2,0,False,True,True,True
1564,cr2,12,A,0.3333333333333333,0.75,3,1,0,False,True,False,True
1565,cr2,12,B,0.3333333333333333,0.875,3,1,0,False,True,True,True
1566,cr2,12,C,0.5,0.875,2,1,0,False,True,True,True
1567,cr2,13,A,1.0,0.875,3,3,0,False,True,True,True
1568,cr2,13,B,1.0,0.875,3,3,0,False,True,True,True
1569,cr2,13,C,1.0,0.875,2,2,0,False,True,True,True
1570,cr2,14,A,0.3333333333333333,0.875,3,1,0,False,True,True,True
1571,cr2,14,B,0.3333333333333333,0.7083333333333333,3,1,0,False,True,True,True
1572,cr2,14,C,0.5,0.875,2,1,0,False,True,True,True
1573,cr2,15,A,0.5,0.625,2,1,0,False,True,True,True
1574,cr2,15,B,0.5,0.625,2,1,0,False,True,True,True
1575,cr2,15,C,0.3333333333333333,0.7083333333333333,3,1,0,False,True,True,True
1576,cr2,16,A,0.6666666666666666,0.875,3,2,0,False,True,True,True
1577,cr2,16,B,0.0,0.5,2,0,0,False,True,True,False
1578,cr2,16,C,0.5,0.875,2,1,0,False,True,True,True
1579,cr2,17,A,0.3333333333333333,0.7083333333333333,3,1,0,False,True,True,True
1580,cr2,17,B,0.5,0.625,2,1,0,False,True,True,True
1581,cr2,17,C,0.5,0.625,2,1,0,False,True,True,True
1582,cr2,18,A,0.5,0.5,2,1,0,False,False,True,True
1583,cr2,18,B,0.5,0.5,2,1,0,False,False,True,True
1584,cr2,18,C,0.5,0.5,2,1,0,False,False,True,True
1585,cr2,19,A,0.0,0.0,3,0,1,False,False,False,False
1586,cr2,19,B,0.0,0.375,2,0,1,False,False,True,False
1587,cr2,19,C,0.5,0.5,2,1,0,False,False,True,True
1588,cr2,20,A,0.3333333333333333,0.875,3,1,0,False,True,True,True
1589,cr2,20,B,0.5,0.875,2,1,0,False,True,True,True
1590,cr2,20,C,1.0,0.875,2,2,0,False,True,True,True
1591,cr2,21,A,1.0,0.75,2,2,0,False,False,True,True
1592,cr2,21,B,0.5,0.5,2,1,0,False,False,True,True
1593,cr2,21,C,1.0,0.875,2,2,0,True,False,True,True
1594,cr2,22,A,0.3333333333333333,0.7083333333333333,3,1,0,True,False,True,True
1595,cr2,22,B,0.3333333333333333,0.4166666666666666,3,1,0,False,False,True,True
1596,cr2,22,C,0.5,0.625,2,1,0,True,False,True,True
1597,cr2,23,A,0.25,0.375,4,1,0,False,False,True,True
1598,cr2,23,B,0.25,0.375,4,1,0,False,False,True,True
1599,cr2,23,C,0.5,0.5,2,1,0,False,False,True,True
1600,cr2,24,A,0.3333333333333333,0.875,3,1,0,False,True,True,True
1601,cr2,24,B,0.0,0.625,4,0,0,False,True,False,False
1602,cr2,24,C,0.5,0.875,2,1,0,False,True,True,True
1603,cr2,25,A,0.75,0.75,4,3,0,True,False,True,True
1604,cr2,25,B,0.6666666666666666,0.7083333333333333,3,2,0,True,False,True,True
1605,cr2,25,C,1.0,0.875,2,2,0,False,True,True,True
1606,cr2,26,A,1.0,0.875,2,2,0,False,True,True,True
1607,cr2,26,B,1.0,0.875,3,3,0,False,True,True,True
1608,cr2,26,C,1.0,0.875,2,2,0,False,True,True,True
1609,cr2,27,A,1.0,1.0,3,3,0,True,True,True,True
1610,cr2,27,B,0.8,1.0,5,4,0,True,True,True,True
1611,cr2,27,C,0.6666666666666666,0.875,3,3,1,False,True,True,True
1612,cr2,28,A,1.0,1.0,3,3,0,True,True,True,True
1613,cr2,28,B,1.0,0.875,3,3,0,True,False,True,True
1614,cr2,28,C,1.0,1.0,3,3,0,True,True,True,True
1615,cr2,29,A,1.0,0.75,3,3,0,False,False,True,True
1616,cr2,29,B,1.0,0.875,3,3,0,True,False,True,True
1617,cr2,29,C,1.0,0.75,2,2,0,False,False,True,True
1618,cr2,30,A,1.0,1.0,2,2,0,True,True,True,True
1619,cr2,30,B,0.6666666666666666,0.7083333333333333,3,2,0,True,False,True,True
1620,cr2,30,C,1.0,0.875,3,3,0,True,False,True,True
2719,run_b,1,A,0.6666666666666666,0.875,3,2,0,False,True,True,True
2720,run_b,1,B,0.6666666666666666,0.875,3,2,0,False,True,True,True
2721,run_b,1,C,0.6666666666666666,0.875,3,2,0,False,True,True,True
2722,run_b,2,A,0.3333333333333333,0.4166666666666666,3,1,0,False,False,True,True
2723,run_b,2,B,0.3333333333333333,0.4166666666666666,3,1,0,False,False,True,True
2724,run_b,2,C,0.6666666666666666,1.0,3,2,0,True,True,True,True
2725,run_b,3,A,0.3333333333333333,0.7083333333333333,3,1,0,False,True,True,True
2726,run_b,3,B,0.3333333333333333,0.7083333333333333,3,1,0,False,True,True,True
2727,run_b,3,C,0.6666666666666666,0.875,3,2,0,False,True,True,True
2728,run_b,4,A,0.0,0.375,2,0,0,False,True,False,False
2729,run_b,4,B,0.0,0.375,2,0,0,False,True,False,False
2730,run_b,4,C,0.3333333333333333,0.4166666666666666,3,1,0,False,False,True,True
2731,run_b,5,A,0.3333333333333333,0.5416666666666666,3,1,0,False,True,True,True
2732,run_b,5,B,0.3333333333333333,0.5416666666666666,3,1,0,False,True,True,True
2733,run_b,5,C,0.5,0.5,2,1,0,False,False,True,True
2734,run_b,6,A,0.3333333333333333,0.875,3,1,0,False,True,True,True
2735,run_b,6,B,0.3333333333333333,0.875,3,1,0,False,True,True,True
2736,run_b,6,C,0.6666666666666666,0.875,3,2,0,False,True,True,True
2737,run_b,7,A,0.5,0.875,2,1,0,False,True,True,True
2738,run_b,7,B,0.5,0.875,2,1,0,False,True,True,True
2739,run_b,7,C,1.0,0.875,2,2,0,False,True,True,True
2740,run_b,8,A,0.0,0.4583333333333333,3,0,0,False,True,False,False
2741,run_b,8,B,0.0,0.4583333333333333,3,0,0,False,True,False,False
2742,run_b,8,C,0.5,0.875,2,1,0,False,True,True,True
2743,run_b,9,A,0.0,0.625,3,0,0,False,True,False,False
2744,run_b,9,B,0.0,0.625,4,0,0,False,True,False,False
2745,run_b,9,C,0.5,0.875,2,1,0,False,True,True,True
2746,run_b,10,A,0.0,0.7083333333333333,3,0,0,True,True,True,False
2747,run_b,10,B,0.5,0.875,2,1,0,False,True,True,True
2748,run_b,10,C,0.5,0.875,2,1,0,False,True,True,True
2749,run_b,11,A,0.0,0.625,3,0,1,False,True,False,False
2750,run_b,11,B,0.5,0.875,2,1,0,False,True,True,True
2751,run_b,11,C,0.5,0.875,2,1,0,False,True,True,True
2752,run_b,12,A,0.0,0.625,3,0,0,False,True,False,False
2753,run_b,12,B,0.3333333333333333,0.875,3,1,0,False,True,True,True
2754,run_b,12,C,0.5,0.875,2,1,0,False,True,True,True
2755,run_b,13,A,1.0,0.625,4,4,0,False,False,False,True
2756,run_b,13,B,1.0,0.75,2,2,0,False,False,True,True
2757,run_b,13,C,1.0,0.75,2,2,0,False,False,True,True
2758,run_b,14,A,0.0,0.375,4,0,0,False,True,False,False
2759,run_b,14,B,0.3333333333333333,0.875,3,1,0,False,True,True,True
2760,run_b,14,C,1.0,0.875,2,2,0,False,True,True,True
2761,run_b,15,A,0.0,0.0,3,0,0,False,False,False,False
2762,run_b,15,B,0.0,0.0,3,0,0,False,False,False,False
2763,run_b,15,C,0.3333333333333333,0.4166666666666666,3,1,0,False,False,True,True
2764,run_b,16,A,0.3333333333333333,0.7083333333333333,3,1,0,False,True,True,True
2765,run_b,16,B,0.5,0.875,2,1,0,False,True,True,True
2766,run_b,16,C,0.5,0.875,2,1,0,False,True,True,True
2767,run_b,17,A,0.25,0.625,4,1,0,True,True,True,True
2768,run_b,17,B,0.3333333333333333,0.5416666666666666,3,1,0,False,True,True,True
2769,run_b,17,C,0.5,0.625,2,1,0,False,True,True,True
2770,run_b,18,A,0.3333333333333333,0.4166666666666666,3,1,0,False,False,True,True
2771,run_b,18,B,0.0,0.0,2,0,0,False,False,False,False
2772,run_b,18,C,0.5,0.5,2,1,0,False,False,True,True
2773,run_b,19,A,0.0,0.0,3,0,1,False,False,False,False
2774,run_b,19,B,0.0,0.2916666666666666,3,0,1,False,True,False,False
2775,run_b,19,C,0.0,0.625,2,1,1,True,False,True,True
2776,run_b,20,A,0.6666666666666666,0.875,3,2,0,False,True,True,True
2777,run_b,20,B,0.6666666666666666,0.875,3,2,0,False,True,True,True
2778,run_b,20,C,0.3333333333333333,0.7083333333333333,3,1,0,False,True,True,True
2779,run_b,21,A,0.0,0.25,4,0,0,False,False,True,False
2780,run_b,21,B,0.25,0.625,4,1,0,False,True,True,True
2781,run_b,21,C,0.6666666666666666,0.875,3,2,0,False,True,True,True
2782,run_b,22,A,0.6666666666666666,0.5833333333333333,3,2,0,False,False,True,True
2783,run_b,22,B,0.25,0.5,4,1,0,False,True,True,True
2784,run_b,22,C,0.5,0.625,2,1,0,False,True,True,True
2785,run_b,23,A,0.0,0.2916666666666666,3,0,0,False,False,True,False
2786,run_b,23,B,0.0,0.4166666666666666,3,0,0,False,True,True,False
2787,run_b,23,C,0.5,0.5,2,1,0,False,False,True,True
2788,run_b,24,A,0.6666666666666666,0.7083333333333333,3,2,0,False,True,True,True
2789,run_b,24,B,0.3333333333333333,0.875,3,1,0,False,True,True,True
2790,run_b,24,C,1.0,0.875,2,2,0,False,True,True,True
2791,run_b,25,A,0.6666666666666666,0.7083333333333333,3,2,0,True,False,True,True
2792,run_b,25,B,0.6666666666666666,0.8333333333333333,3,2,0,True,True,True,True
2793,run_b,25,C,0.5,0.875,2,1,0,False,True,True,True
2794,run_b,26,A,1.0,0.875,3,3,0,False,True,True,True
2795,run_b,26,B,1.0,0.875,3,3,0,False,True,True,True
2796,run_b,26,C,1.0,0.875,2,2,0,False,True,True,True
2797,run_b,27,A,1.0,0.875,3,3,0,False,True,True,True
2798,run_b,27,B,1.0,0.75,4,4,0,False,False,True,True
2799,run_b,27,C,1.0,0.75,2,2,0,False,False,True,True
2800,run_b,28,A,0.75,0.75,4,3,0,True,False,True,True
2801,run_b,28,B,0.75,0.75,4,3,0,True,False,True,True
2802,run_b,28,C,0.5,0.75,4,2,0,True,False,True,True
2803,run_b,29,A,1.0,0.75,3,3,0,False,False,True,True
2804,run_b,29,B,1.0,0.75,3,3,0,False,False,True,True
2805,run_b,29,C,1.0,0.75,2,2,0,False,False,True,True
2806,run_b,30,A,1.0,0.875,2,2,0,True,False,True,True
2807,run_b,30,B,1.0,0.875,2,2,0,True,False,True,True
2808,run_b,30,C,1.0,0.875,2,2,0,True,False,True,True
2809,run_b,1,A,0.6666666666666666,0.875,3,2,0,False,True,True,True
2810,run_b,1,B,0.6666666666666666,0.875,3,2,0,False,True,True,True
2811,run_b,1,C,0.6666666666666666,0.875,3,2,0,False,True,True,True
2812,run_b,2,A,0.3333333333333333,0.4166666666666666,3,1,0,False,False,True,True
2813,run_b,2,B,0.3333333333333333,0.4166666666666666,3,1,0,False,False,True,True
2814,run_b,2,C,0.6666666666666666,1.0,3,2,0,True,True,True,True
2815,run_b,3,A,0.3333333333333333,0.7083333333333333,3,1,0,False,True,True,True
2816,run_b,3,B,0.3333333333333333,0.7083333333333333,3,1,0,False,True,True,True
2817,run_b,3,C,0.6666666666666666,0.875,3,2,0,False,True,True,True
2818,run_b,4,A,0.0,0.375,2,0,0,False,True,False,False
2819,run_b,4,B,0.0,0.375,2,0,0,False,True,False,False
2820,run_b,4,C,0.3333333333333333,0.4166666666666666,3,1,0,False,False,True,True
2821,run_b,5,A,0.3333333333333333,0.5416666666666666,3,1,0,False,True,True,True
2822,run_b,5,B,0.3333333333333333,0.5416666666666666,3,1,0,False,True,True,True
2823,run_b,5,C,0.5,0.5,2,1,0,False,False,True,True
2824,run_b,6,A,0.3333333333333333,0.875,3,1,0,False,True,True,True
2825,run_b,6,B,0.3333333333333333,0.875,3,1,0,False,True,True,True
2826,run_b,6,C,0.6666666666666666,0.875,3,2,0,False,True,True,True
2827,run_b,7,A,0.5,0.875,2,1,0,False,True,True,True
2828,run_b,7,B,0.5,0.875,2,1,0,False,True,True,True
2829,run_b,7,C,1.0,0.875,2,2,0,False,True,True,True
2830,run_b,8,A,0.0,0.4583333333333333,3,0,0,False,True,False,False
2831,run_b,8,B,0.0,0.4583333333333333,3,0,0,False,True,False,False
2832,run_b,8,C,0.5,0.875,2,1,0,False,True,True,True
2833,run_b,9,A,0.0,0.625,3,0,0,False,True,False,False
2834,run_b,9,B,0.0,0.625,4,0,0,False,True,False,False
2835,run_b,9,C,0.5,0.875,2,1,0,False,True,True,True
2836,run_b,10,A,0.0,0.7083333333333333,3,0,0,True,True,True,False
2837,run_b,10,B,0.5,0.875,2,1,0,False,True,True,True
2838,run_b,10,C,0.5,0.875,2,1,0,False,True,True,True
2839,run_b,11,A,0.0,0.625,3,0,1,False,True,False,False
2840,run_b,11,B,0.5,0.875,2,1,0,False,True,True,True
2841,run_b,11,C,0.5,0.875,2,1,0,False,True,True,True
2842,run_b,12,A,0.0,0.625,3,0,0,False,True,False,False
2843,run_b,12,B,0.3333333333333333,0.875,3,1,0,False,True,True,True
2844,run_b,12,C,0.5,0.875,2,1,0,False,True,True,True
2845,run_b,13,A,1.0,0.625,4,4,0,False,False,False,True
2846,run_b,13,B,1.0,0.75,2,2,0,False,False,True,True
2847,run_b,13,C,1.0,0.75,2,2,0,False,False,True,True
2848,run_b,14,A,0.0,0.375,4,0,0,False,True,False,False
2849,run_b,14,B,0.3333333333333333,0.875,3,1,0,False,True,True,True
2850,run_b,14,C,1.0,0.875,2,2,0,False,True,True,True
2851,run_b,15,A,0.0,0.0,3,0,0,False,False,False,False
2852,run_b,15,B,0.0,0.0,3,0,0,False,False,False,False
2853,run_b,15,C,0.3333333333333333,0.4166666666666666,3,1,0,False,False,True,True
2854,run_b,16,A,0.3333333333333333,0.7083333333333333,3,1,0,False,True,True,True
2855,run_b,16,B,0.5,0.875,2,1,0,False,True,True,True
2856,run_b,16,C,0.5,0.875,2,1,0,False,True,True,True
2857,run_b,17,A,0.25,0.625,4,1,0,True,True,True,True
2858,run_b,17,B,0.3333333333333333,0.5416666666666666,3,1,0,False,True,True,True
2859,run_b,17,C,0.5,0.625,2,1,0,False,True,True,True
2860,run_b,18,A,0.3333333333333333,0.4166666666666666,3,1,0,False,False,True,True
2861,run_b,18,B,0.0,0.0,2,0,0,False,False,False,False
2862,run_b,18,C,0.5,0.5,2,1,0,False,False,True,True
2863,run_b,19,A,0.0,0.0,3,0,1,False,False,False,False
2864,run_b,19,B,0.0,0.2916666666666666,3,0,1,False,True,False,False
2865,run_b,19,C,0.0,0.625,2,1,1,True,False,True,True
2866,run_b,20,A,0.6666666666666666,0.875,3,2,0,False,True,True,True
2867,run_b,20,B,0.6666666666666666,0.875,3,2,0,False,True,True,True
2868,run_b,20,C,0.3333333333333333,0.7083333333333333,3,1,0,False,True,True,True
2869,run_b,21,A,0.0,0.25,4,0,0,False,False,True,False
2870,run_b,21,B,0.25,0.625,4,1,0,False,True,True,True
2871,run_b,21,C,0.6666666666666666,0.875,3,2,0,False,True,True,True
2872,run_b,22,A,0.6666666666666666,0.5833333333333333,3,2,0,False,False,True,True
2873,run_b,22,B,0.25,0.5,4,1,0,False,True,True,True
2874,run_b,22,C,0.5,0.625,2,1,0,False,True,True,True
2875,run_b,23,A,0.0,0.2916666666666666,3,0,0,False,False,True,False
2876,run_b,23,B,0.0,0.4166666666666666,3,0,0,False,True,True,False
2877,run_b,23,C,0.5,0.5,2,1,0,False,False,True,True
2878,run_b,24,A,0.6666666666666666,0.7083333333333333,3,2,0,False,True,True,True
2879,run_b,24,B,0.3333333333333333,0.875,3,1,0,False,True,True,True
2880,run_b,24,C,1.0,0.875,2,2,0,False,True,True,True
2881,run_b,25,A,0.6666666666666666,0.7083333333333333,3,2,0,True,False,True,True
2882,run_b,25,B,0.6666666666666666,0.8333333333333333,3,2,0,True,True,True,True
2883,run_b,25,C,0.5,0.875,2,1,0,False,True,True,True
2884,run_b,26,A,1.0,0.875,3,3,0,False,True,True,True
2885,run_b,26,B,1.0,0.875,3,3,0,False,True,True,True
2886,run_b,26,C,1.0,0.875,2,2,0,False,True,True,True
2887,run_b,27,A,1.0,0.875,3,3,0,False,True,True,True
2888,run_b,27,B,1.0,0.75,4,4,0,False,False,True,True
2889,run_b,27,C,1.0,0.75,2,2,0,False,False,True,True
2890,run_b,28,A,0.75,0.75,4,3,0,True,False,True,True
2891,run_b,28,B,0.75,0.75,4,3,0,True,False,True,True
2892,run_b,28,C,0.5,0.75,4,2,0,True,False,True,True
2893,run_b,29,A,1.0,0.75,3,3,0,False,False,True,True
2894,run_b,29,B,1.0,0.75,3,3,0,False,False,True,True
2895,run_b,29,C,1.0,0.75,2,2,0,False,False,True,True
2896,run_b,30,A,1.0,0.875,2,2,0,True,False,True,True
2897,run_b,30,B,1.0,0.875,2,2,0,True,False,True,True
2898,run_b,30,C,1.0,0.875,2,2,0,True,False,True,True
2899,run_b,1,A,0.6666666666666666,0.875,3,2,0,False,True,True,True
2900,run_b,1,B,0.6666666666666666,0.875,3,2,0,False,True,True,True
2901,run_b,1,C,0.6666666666666666,0.875,3,2,0,False,True,True,True
2902,run_b,2,A,0.3333333333333333,0.4166666666666666,3,1,0,False,False,True,True
2903,run_b,2,B,0.3333333333333333,0.4166666666666666,3,1,0,False,False,True,True
2904,run_b,2,C,0.6666666666666666,1.0,3,2,0,True,True,True,True
2905,run_b,3,A,0.3333333333333333,0.7083333333333333,3,1,0,False,True,True,True
2906,run_b,3,B,0.3333333333333333,0.7083333333333333,3,1,0,False,True,True,True
2907,run_b,3,C,0.6666666666666666,0.875,3,2,0,False,True,True,True
2908,run_b,4,A,0.0,0.375,2,0,0,False,True,False,False
2909,run_b,4,B,0.0,0.375,2,0,0,False,True,False,False
2910,run_b,4,C,0.3333333333333333,0.4166666666666666,3,1,0,False,False,True,True
2911,run_b,5,A,0.3333333333333333,0.5416666666666666,3,1,0,False,True,True,True
2912,run_b,5,B,0.3333333333333333,0.5416666666666666,3,1,0,False,True,True,True
2913,run_b,5,C,0.5,0.5,2,1,0,False,False,True,True
2914,run_b,6,A,0.3333333333333333,0.875,3,1,0,False,True,True,True
2915,run_b,6,B,0.3333333333333333,0.875,3,1,0,False,True,True,True
2916,run_b,6,C,0.6666666666666666,0.875,3,2,0,False,True,True,True
2917,run_b,7,A,0.5,0.875,2,1,0,False,True,True,True
2918,run_b,7,B,0.5,0.875,2,1,0,False,True,True,True
2919,run_b,7,C,1.0,0.875,2,2,0,False,True,True,True
2920,run_b,8,A,0.0,0.4583333333333333,3,0,0,False,True,False,False
2921,run_b,8,B,0.0,0.4583333333333333,3,0,0,False,True,False,False
2922,run_b,8,C,0.5,0.875,2,1,0,False,True,True,True
2923,run_b,9,A,0.0,0.625,3,0,0,False,True,False,False
2924,run_b,9,B,0.0,0.625,4,0,0,False,True,False,False
2925,run_b,9,C,0.5,0.875,2,1,0,False,True,True,True
2926,run_b,10,A,0.0,0.7083333333333333,3,0,0,True,True,True,False
2927,run_b,10,B,0.5,0.875,2,1,0,False,True,True,True
2928,run_b,10,C,0.5,0.875,2,1,0,False,True,True,True
2929,run_b,11,A,0.0,0.625,3,0,1,False,True,False,False
2930,run_b,11,B,0.5,0.875,2,1,0,False,True,True,True
2931,run_b,11,C,0.5,0.875,2,1,0,False,True,True,True
2932,run_b,12,A,0.0,0.625,3,0,0,False,True,False,False
2933,run_b,12,B,0.3333333333333333,0.875,3,1,0,False,True,True,True
2934,run_b,12,C,0.5,0.875,2,1,0,False,True,True,True
2935,run_b,13,A,1.0,0.625,4,4,0,False,False,False,True
2936,run_b,13,B,1.0,0.75,2,2,0,False,False,True,True
2937,run_b,13,C,1.0,0.75,2,2,0,False,False,True,True
2938,run_b,14,A,0.0,0.375,4,0,0,False,True,False,False
2939,run_b,14,B,0.3333333333333333,0.875,3,1,0,False,True,True,True
2940,run_b,14,C,1.0,0.875,2,2,0,False,True,True,True
2941,run_b,15,A,0.0,0.0,3,0,0,False,False,False,False
2942,run_b,15,B,0.0,0.0,3,0,0,False,False,False,False
2943,run_b,15,C,0.3333333333333333,0.4166666666666666,3,1,0,False,False,True,True
2944,run_b,16,A,0.3333333333333333,0.7083333333333333,3,1,0,False,True,True,True
2945,run_b,16,B,0.5,0.875,2,1,0,False,True,True,True
2946,run_b,16,C,0.5,0.875,2,1,0,False,True,True,True
2947,run_b,17,A,0.25,0.625,4,1,0,True,True,True,True
2948,run_b,17,B,0.3333333333333333,0.5416666666666666,3,1,0,False,True,True,True
2949,run_b,17,C,0.5,0.625,2,1,0,False,True,True,True
2950,run_b,18,A,0.3333333333333333,0.4166666666666666,3,1,0,False,False,True,True
2951,run_b,18,B,0.0,0.0,2,0,0,False,False,False,False
2952,run_b,18,C,0.5,0.5,2,1,0,False,False,True,True
2953,run_b,19,A,0.0,0.0,3,0,1,False,False,False,False
2954,run_b,19,B,0.0,0.2916666666666666,3,0,1,False,True,False,False
2955,run_b,19,C,0.0,0.625,2,1,1,True,False,True,True
2956,run_b,20,A,0.6666666666666666,0.875,3,2,0,False,True,True,True
2957,run_b,20,B,0.6666666666666666,0.875,3,2,0,False,True,True,True
2958,run_b,20,C,0.3333333333333333,0.7083333333333333,3,1,0,False,True,True,True
2959,run_b,21,A,0.0,0.25,4,0,0,False,False,True,False
2960,run_b,21,B,0.25,0.625,4,1,0,False,True,True,True
2961,run_b,21,C,0.6666666666666666,0.875,3,2,0,False,True,True,True
2962,run_b,22,A,0.6666666666666666,0.5833333333333333,3,2,0,False,False,True,True
2963,run_b,22,B,0.25,0.5,4,1,0,False,True,True,True
2964,run_b,22,C,0.5,0.625,2,1,0,False,True,True,True
2965,run_b,23,A,0.0,0.2916666666666666,3,0,0,False,False,True,False
2966,run_b,23,B,0.0,0.4166666666666666,3,0,0,False,True,True,False
2967,run_b,23,C,0.5,0.5,2,1,0,False,False,True,True
2968,run_b,24,A,0.6666666666666666,0.7083333333333333,3,2,0,False,True,True,True
2969,run_b,24,B,0.3333333333333333,0.875,3,1,0,False,True,True,True
2970,run_b,24,C,1.0,0.875,2,2,0,False,True,True,True
2971,run_b,25,A,0.6666666666666666,0.7083333333333333,3,2,0,True,False,True,True
2972,run_b,25,B,0.6666666666666666,0.8333333333333333,3,2,0,True,True,True,True
2973,run_b,25,C,0.5,0.875,2,1,0,False,True,True,True
2974,run_b,26,A,1.0,0.875,3,3,0,False,True,True,True
2975,run_b,26,B,1.0,0.875,3,3,0,False,True,True,True
2976,run_b,26,C,1.0,0.875,2,2,0,False,True,True,True
2977,run_b,27,A,1.0,0.875,3,3,0,False,True,True,True
2978,run_b,27,B,1.0,0.75,4,4,0,False,False,True,True
2979,run_b,27,C,1.0,0.75,2,2,0,False,False,True,True
2980,run_b,28,A,0.75,0.75,4,3,0,True,False,True,True
2981,run_b,28,B,0.75,0.75,4,3,0,True,False,True,True
2982,run_b,28,C,0.5,0.75,4,2,0,True,False,True,True
2983,run_b,29,A,1.0,0.75,3,3,0,False,False,True,True
2984,run_b,29,B,1.0,0.75,3,3,0,False,False,True,True
2985,run_b,29,C,1.0,0.75,2,2,0,False,False,True,True
2986,run_b,30,A,1.0,0.875,2,2,0,True,False,True,True
2987,run_b,30,B,1.0,0.875,2,2,0,True,False,True,True
2988,run_b,30,C,1.0,0.875,2,2,0,True,False,True,True
2989,run_b,1,A,0.6666666666666666,0.875,3,2,0,False,True,True,True
2990,run_b,1,B,0.6666666666666666,0.875,3,2,0,False,True,True,True
2991,run_b,1,C,0.6666666666666666,0.875,3,2,0,False,True,True,True
2992,run_b,2,A,0.3333333333333333,0.4166666666666666,3,1,0,False,False,True,True
2993,run_b,2,B,0.3333333333333333,0.4166666666666666,3,1,0,False,False,True,True
2994,run_b,2,C,0.6666666666666666,1.0,3,2,0,True,True,True,True
2995,run_b,3,A,0.3333333333333333,0.7083333333333333,3,1,0,False,True,True,True
2996,run_b,3,B,0.3333333333333333,0.7083333333333333,3,1,0,False,True,True,True
2997,run_b,3,C,0.6666666666666666,0.875,3,2,0,False,True,True,True
2998,run_b,4,A,0.0,0.375,2,0,0,False,True,False,False
2999,run_b,4,B,0.0,0.375,2,0,0,False,True,False,False
3000,run_b,4,C,0.3333333333333333,0.4166666666666666,3,1,0,False,False,True,True
3001,run_b,5,A,0.3333333333333333,0.5416666666666666,3,1,0,False,True,True,True
3002,run_b,5,B,0.3333333333333333,0.5416666666666666,3,1,0,False,True,True,True
3003,run_b,5,C,0.5,0.5,2,1,0,False,False,True,True
3004,run_b,6,A,0.3333333333333333,0.875,3,1,0,False,True,True,True
3005,run_b,6,B,0.3333333333333333,0.875,3,1,0,False,True,True,True
3006,run_b,6,C,0.6666666666666666,0.875,3,2,0,False,True,True,True
3007,run_b,7,A,0.5,0.875,2,1,0,False,True,True,True
3008,run_b,7,B,0.5,0.875,2,1,0,False,True,True,True
3009,run_b,7,C,1.0,0.875,2,2,0,False,True,True,True
3010,run_b,8,A,0.0,0.4583333333333333,3,0,0,False,True,False,False
3011,run_b,8,B,0.0,0.4583333333333333,3,0,0,False,True,False,False
3012,run_b,8,C,0.5,0.875,2,1,0,False,True,True,True
3013,run_b,9,A,0.0,0.625,3,0,0,False,True,False,False
3014,run_b,9,B,0.0,0.625,4,0,0,False,True,False,False
3015,run_b,9,C,0.5,0.875,2,1,0,False,True,True,True
3016,run_b,10,A,0.0,0.7083333333333333,3,0,0,True,True,True,False
3017,run_b,10,B,0.5,0.875,2,1,0,False,True,True,True
3018,run_b,10,C,0.5,0.875,2,1,0,False,True,True,True
3019,run_b,11,A,0.0,0.625,3,0,1,False,True,False,False
3020,run_b,11,B,0.5,0.875,2,1,0,False,True,True,True
3021,run_b,11,C,0.5,0.875,2,1,0,False,True,True,True
3022,run_b,12,A,0.0,0.625,3,0,0,False,True,False,False
3023,run_b,12,B,0.3333333333333333,0.875,3,1,0,False,True,True,True
3024,run_b,12,C,0.5,0.875,2,1,0,False,True,True,True
3025,run_b,13,A,1.0,0.625,4,4,0,False,False,False,True
3026,run_b,13,B,1.0,0.75,2,2,0,False,False,True,True
3027,run_b,13,C,1.0,0.75,2,2,0,False,False,True,True
3028,run_b,14,A,0.0,0.375,4,0,0,False,True,False,False
3029,run_b,14,B,0.3333333333333333,0.875,3,1,0,False,True,True,True
3030,run_b,14,C,1.0,0.875,2,2,0,False,True,True,True
3031,run_b,15,A,0.0,0.0,3,0,0,False,False,False,False
3032,run_b,15,B,0.0,0.0,3,0,0,False,False,False,False
3033,run_b,15,C,0.3333333333333333,0.4166666666666666,3,1,0,False,False,True,True
3034,run_b,16,A,0.3333333333333333,0.7083333333333333,3,1,0,False,True,True,True
3035,run_b,16,B,0.5,0.875,2,1,0,False,True,True,True
3036,run_b,16,C,0.5,0.875,2,1,0,False,True,True,True
3037,run_b,17,A,0.25,0.625,4,1,0,True,True,True,True
3038,run_b,17,B,0.3333333333333333,0.5416666666666666,3,1,0,False,True,True,True
3039,run_b,17,C,0.5,0.625,2,1,0,False,True,True,True
3040,run_b,18,A,0.3333333333333333,0.4166666666666666,3,1,0,False,False,True,True
3041,run_b,18,B,0.0,0.0,2,0,0,False,False,False,False
3042,run_b,18,C,0.5,0.5,2,1,0,False,False,True,True
3043,run_b,19,A,0.0,0.0,3,0,1,False,False,False,False
3044,run_b,19,B,0.0,0.2916666666666666,3,0,1,False,True,False,False
3045,run_b,19,C,0.0,0.625,2,1,1,True,False,True,True
3046,run_b,20,A,0.6666666666666666,0.875,3,2,0,False,True,True,True
3047,run_b,20,B,0.6666666666666666,0.875,3,2,0,False,True,True,True
3048,run_b,20,C,0.3333333333333333,0.7083333333333333,3,1,0,False,True,True,True
3049,run_b,21,A,0.0,0.25,4,0,0,False,False,True,False
3050,run_b,21,B,0.25,0.625,4,1,0,False,True,True,True
3051,run_b,21,C,0.6666666666666666,0.875,3,2,0,False,True,True,True
3052,run_b,22,A,0.6666666666666666,0.5833333333333333,3,2,0,False,False,True,True
3053,run_b,22,B,0.25,0.5,4,1,0,False,True,True,True
3054,run_b,22,C,0.5,0.625,2,1,0,False,True,True,True
3055,run_b,23,A,0.0,0.2916666666666666,3,0,0,False,False,True,False
3056,run_b,23,B,0.0,0.4166666666666666,3,0,0,False,True,True,False
3057,run_b,23,C,0.5,0.5,2,1,0,False,False,True,True
3058,run_b,24,A,0.6666666666666666,0.7083333333333333,3,2,0,False,True,True,True
3059,run_b,24,B,0.3333333333333333,0.875,3,1,0,False,True,True,True
3060,run_b,24,C,1.0,0.875,2,2,0,False,True,True,True
3061,run_b,25,A,0.6666666666666666,0.7083333333333333,3,2,0,True,False,True,True
3062,run_b,25,B,0.6666666666666666,0.8333333333333333,3,2,0,True,True,True,True
3063,run_b,25,C,0.5,0.875,2,1,0,False,True,True,True
3064,run_b,26,A,1.0,0.875,3,3,0,False,True,True,True
3065,run_b,26,B,1.0,0.875,3,3,0,False,True,True,True
3066,run_b,26,C,1.0,0.875,2,2,0,False,True,True,True
3067,run_b,27,A,1.0,0.875,3,3,0,False,True,True,True
3068,run_b,27,B,1.0,0.75,4,4,0,False,False,True,True
3069,run_b,27,C,1.0,0.75,2,2,0,False,False,True,True
3070,run_b,28,A,0.75,0.75,4,3,0,True,False,True,True
3071,run_b,28,B,0.75,0.75,4,3,0,True,False,True,True
3072,run_b,28,C,0.5,0.75,4,2,0,True,False,True,True
3073,run_b,29,A,1.0,0.75,3,3,0,False,False,True,True
3074,run_b,29,B,1.0,0.75,3,3,0,False,False,True,True
3075,run_b,29,C,1.0,0.75,2,2,0,False,False,True,True
3076,run_b,30,A,1.0,0.875,2,2,0,True,False,True,True
3077,run_b,30,B,1.0,0.875,2,2,0,True,False,True,True
3078,run_b,30,C,1.0,0.875,2,2,0,True,False,True,True
3079,run_b,1,A,0.6666666666666666,0.875,3,2,0,False,True,True,True
3080,run_b,1,B,0.6666666666666666,0.875,3,2,0,False,True,True,True
3081,run_b,1,C,0.6666666666666666,0.875,3,2,0,False,True,True,True
3082,run_b,2,A,0.3333333333333333,0.4166666666666666,3,1,0,False,False,True,True
3083,run_b,2,B,0.3333333333333333,0.4166666666666666,3,1,0,False,False,True,True
3084,run_b,2,C,0.6666666666666666,1.0,3,2,0,True,True,True,True
3085,run_b,3,A,0.3333333333333333,0.7083333333333333,3,1,0,False,True,True,True
3086,run_b,3,B,0.3333333333333333,0.7083333333333333,3,1,0,False,True,True,True
3087,run_b,3,C,0.6666666666666666,0.875,3,2,0,False,True,True,True
3088,run_b,4,A,0.0,0.375,2,0,0,False,True,False,False
3089,run_b,4,B,0.0,0.375,2,0,0,False,True,False,False
3090,run_b,4,C,0.3333333333333333,0.4166666666666666,3,1,0,False,False,True,True
3091,run_b,5,A,0.3333333333333333,0.5416666666666666,3,1,0,False,True,True,True
3092,run_b,5,B,0.3333333333333333,0.5416666666666666,3,1,0,False,True,True,True
3093,run_b,5,C,0.5,0.5,2,1,0,False,False,True,True
3094,run_b,6,A,0.3333333333333333,0.875,3,1,0,False,True,True,True
3095,run_b,6,B,0.3333333333333333,0.875,3,1,0,False,True,True,True
3096,run_b,6,C,0.6666666666666666,0.875,3,2,0,False,True,True,True
3097,run_b,7,A,0.5,0.875,2,1,0,False,True,True,True
3098,run_b,7,B,0.5,0.875,2,1,0,False,True,True,True
3099,run_b,7,C,1.0,0.875,2,2,0,False,True,True,True
3100,run_b,8,A,0.0,0.4583333333333333,3,0,0,False,True,False,False
3101,run_b,8,B,0.0,0.4583333333333333,3,0,0,False,True,False,False
3102,run_b,8,C,0.5,0.875,2,1,0,False,True,True,True
3103,run_b,9,A,0.0,0.625,3,0,0,False,True,False,False
3104,run_b,9,B,0.0,0.625,4,0,0,False,True,False,False
3105,run_b,9,C,0.5,0.875,2,1,0,False,True,True,True
3106,run_b,10,A,0.0,0.7083333333333333,3,0,0,True,True,True,False
3107,run_b,10,B,0.5,0.875,2,1,0,False,True,True,True
3108,run_b,10,C,0.5,0.875,2,1,0,False,True,True,True
3109,run_b,11,A,0.0,0.625,3,0,1,False,True,False,False
3110,run_b,11,B,0.5,0.875,2,1,0,False,True,True,True
3111,run_b,11,C,0.5,0.875,2,1,0,False,True,True,True
3112,run_b,12,A,0.0,0.625,3,0,0,False,True,False,False
3113,run_b,12,B,0.3333333333333333,0.875,3,1,0,False,True,True,True
3114,run_b,12,C,0.5,0.875,2,1,0,False,True,True,True
3115,run_b,13,A,1.0,0.625,4,4,0,False,False,False,True
3116,run_b,13,B,1.0,0.75,2,2,0,False,False,True,True
3117,run_b,13,C,1.0,0.75,2,2,0,False,False,True,True
3118,run_b,14,A,0.0,0.375,4,0,0,False,True,False,False
3119,run_b,14,B,0.3333333333333333,0.875,3,1,0,False,True,True,True
3120,run_b,14,C,1.0,0.875,2,2,0,False,True,True,True
3121,run_b,15,A,0.0,0.0,3,0,0,False,False,False,False
3122,run_b,15,B,0.0,0.0,3,0,0,False,False,False,False
3123,run_b,15,C,0.3333333333333333,0.4166666666666666,3,1,0,False,False,True,True
3124,run_b,16,A,0.3333333333333333,0.7083333333333333,3,1,0,False,True,True,True
3125,run_b,16,B,0.5,0.875,2,1,0,False,True,True,True
3126,run_b,16,C,0.5,0.875,2,1,0,False,True,True,True
3127,run_b,17,A,0.25,0.625,4,1,0,True,True,True,True
3128,run_b,17,B,0.3333333333333333,0.5416666666666666,3,1,0,False,True,True,True
3129,run_b,17,C,0.5,0.625,2,1,0,False,True,True,True
3130,run_b,18,A,0.3333333333333333,0.4166666666666666,3,1,0,False,False,True,True
3131,run_b,18,B,0.0,0.0,2,0,0,False,False,False,False
3132,run_b,18,C,0.5,0.5,2,1,0,False,False,True,True
3133,run_b,19,A,0.0,0.0,3,0,1,False,False,False,False
3134,run_b,19,B,0.0,0.2916666666666666,3,0,1,False,True,False,False
3135,run_b,19,C,0.0,0.625,2,1,1,True,False,True,True
3136,run_b,20,A,0.6666666666666666,0.875,3,2,0,False,True,True,True
3137,run_b,20,B,0.6666666666666666,0.875,3,2,0,False,True,True,True
3138,run_b,20,C,0.3333333333333333,0.7083333333333333,3,1,0,False,True,True,True
3139,run_b,21,A,0.0,0.25,4,0,0,False,False,True,False
3140,run_b,21,B,0.25,0.625,4,1,0,False,True,True,True
3141,run_b,21,C,0.6666666666666666,0.875,3,2,0,False,True,True,True
3142,run_b,22,A,0.6666666666666666,0.5833333333333333,3,2,0,False,False,True,True
3143,run_b,22,B,0.25,0.5,4,1,0,False,True,True,True
3144,run_b,22,C,0.5,0.625,2,1,0,False,True,True,True
3145,run_b,23,A,0.0,0.2916666666666666,3,0,0,False,False,True,False
3146,run_b,23,B,0.0,0.4166666666666666,3,0,0,False,True,True,False
3147,run_b,23,C,0.5,0.5,2,1,0,False,False,True,True
3148,run_b,24,A,0.6666666666666666,0.7083333333333333,3,2,0,False,True,True,True
3149,run_b,24,B,0.3333333333333333,0.875,3,1,0,False,True,True,True
3150,run_b,24,C,1.0,0.875,2,2,0,False,True,True,True
3151,run_b,25,A,0.6666666666666666,0.7083333333333333,3,2,0,True,False,True,True
3152,run_b,25,B,0.6666666666666666,0.8333333333333333,3,2,0,True,True,True,True
3153,run_b,25,C,0.5,0.875,2,1,0,False,True,True,True
3154,run_b,26,A,1.0,0.875,3,3,0,False,True,True,True
3155,run_b,26,B,1.0,0.875,3,3,0,False,True,True,True
3156,run_b,26,C,1.0,0.875,2,2,0,False,True,True,True
3157,run_b,27,A,1.0,0.875,3,3,0,False,True,True,True
3158,run_b,27,B,1.0,0.75,4,4,0,False,False,True,True
3159,run_b,27,C,1.0,0.75,2,2,0,False,False,True,True
3160,run_b,28,A,0.75,0.75,4,3,0,True,False,True,True
3161,run_b,28,B,0.75,0.75,4,3,0,True,False,True,True
3162,run_b,28,C,0.5,0.75,4,2,0,True,False,True,True
3163,run_b,29,A,1.0,0.75,3,3,0,False,False,True,True
3164,run_b,29,B,1.0,0.75,3,3,0,False,False,True,True
3165,run_b,29,C,1.0,0.75,2,2,0,False,False,True,True
3166,run_b,30,A,1.0,0.875,2,2,0,True,False,True,True
3167,run_b,30,B,1.0,0.875,2,2,0,True,False,True,True
3168,run_b,30,C,1.0,0.875,2,2,0,True,False,True,True
3169,run_b,1,A,0.6666666666666666,0.875,3,2,0,False,True,True,True
3170,run_b,1,B,0.6666666666666666,0.875,3,2,0,False,True,True,True
3171,run_b,1,C,0.6666666666666666,0.875,3,2,0,False,True,True,True
3172,run_b,2,A,0.3333333333333333,0.4166666666666666,3,1,0,False,False,True,True
3173,run_b,2,B,0.3333333333333333,0.4166666666666666,3,1,0,False,False,True,True
3174,run_b,2,C,0.6666666666666666,1.0,3,2,0,True,True,True,True
3175,run_b,3,A,0.3333333333333333,0.7083333333333333,3,1,0,False,True,True,True
3176,run_b,3,B,0.3333333333333333,0.7083333333333333,3,1,0,False,True,True,True
3177,run_b,3,C,0.6666666666666666,0.875,3,2,0,False,True,True,True
3178,run_b,4,A,0.0,0.375,2,0,0,False,True,False,False
3179,run_b,4,B,0.0,0.375,2,0,0,False,True,False,False
3180,run_b,4,C,0.3333333333333333,0.4166666666666666,3,1,0,False,False,True,True
3181,run_b,5,A,0.3333333333333333,0.5416666666666666,3,1,0,False,True,True,True
3182,run_b,5,B,0.3333333333333333,0.5416666666666666,3,1,0,False,True,True,True
3183,run_b,5,C,0.5,0.5,2,1,0,False,False,True,True
3184,run_b,6,A,0.3333333333333333,0.875,3,1,0,False,True,True,True
3185,run_b,6,B,0.3333333333333333,0.875,3,1,0,False,True,True,True
3186,run_b,6,C,0.6666666666666666,0.875,3,2,0,False,True,True,True
3187,run_b,7,A,1.0,0.875,2,2,0,False,True,True,True
3188,run_b,7,B,0.5,0.875,2,1,0,False,True,True,True
3189,run_b,7,C,1.0,0.875,2,2,0,False,True,True,True
3190,run_b,8,A,0.0,0.4583333333333333,3,0,0,False,True,False,False
3191,run_b,8,B,0.0,0.4583333333333333,3,0,0,False,True,False,False
3192,run_b,8,C,0.5,0.875,2,1,0,False,True,True,True
3193,run_b,9,A,0.0,0.625,3,0,0,False,True,False,False
3194,run_b,9,B,0.0,0.625,4,0,0,False,True,False,False
3195,run_b,9,C,0.5,0.875,2,1,0,False,True,True,True
3196,run_b,10,A,0.3333333333333333,0.7083333333333333,3,1,0,False,True,True,True
3197,run_b,10,B,0.5,0.875,2,1,0,False,True,True,True
3198,run_b,10,C,0.5,0.875,2,1,0,False,True,True,True
3199,run_b,11,A,0.3333333333333333,0.875,3,1,0,False,True,True,True
3200,run_b,11,B,0.5,0.875,2,1,0,False,True,True,True
3201,run_b,11,C,0.5,0.875,2,1,0,False,True,True,True
3202,run_b,12,A,0.3333333333333333,0.875,3,1,0,False,True,True,True
3203,run_b,12,B,0.3333333333333333,0.875,3,1,0,False,True,True,True
3204,run_b,12,C,0.5,0.875,2,1,0,False,True,True,True
3205,run_b,13,A,1.0,0.875,4,4,0,False,True,True,True
3206,run_b,13,B,1.0,0.75,2,2,0,False,False,True,True
3207,run_b,13,C,1.0,0.75,2,2,0,False,False,True,True
3208,run_b,14,A,0.0,0.4583333333333333,3,0,0,False,True,False,False
3209,run_b,14,B,0.3333333333333333,0.875,3,1,0,False,True,True,True
3210,run_b,14,C,1.0,0.875,2,2,0,False,True,True,True
3211,run_b,15,A,0.3333333333333333,0.5416666666666666,3,1,0,False,True,True,True
3212,run_b,15,B,0.0,0.0,3,0,0,False,False,False,False
3213,run_b,15,C,0.3333333333333333,0.4166666666666666,3,1,0,False,False,True,True
3214,run_b,16,A,0.5,0.875,2,1,0,False,True,True,True
3215,run_b,16,B,0.5,0.875,2,1,0,False,True,True,True
3216,run_b,16,C,0.5,0.875,2,1,0,False,True,True,True
3217,run_b,17,A,0.5,0.5,2,1,0,False,False,True,True
3218,run_b,17,B,0.3333333333333333,0.5416666666666666,3,1,0,False,True,True,True
3219,run_b,17,C,0.5,0.625,2,1,0,False,True,True,True
3220,run_b,18,A,0.5,0.5,2,1,0,False,False,True,True
3221,run_b,18,B,0.0,0.0,2,0,0,False,False,False,False
3222,run_b,18,C,0.5,0.5,2,1,0,False,False,True,True
3223,run_b,19,A,0.0,0.4166666666666666,3,1,1,False,False,True,True
3224,run_b,19,B,0.0,0.2916666666666666,3,0,1,False,True,False,False
3225,run_b,19,C,0.0,0.625,2,1,1,True,False,True,True
3226,run_b,20,A,0.3333333333333333,0.7083333333333333,3,1,0,False,True,True,True
3227,run_b,20,B,0.6666666666666666,0.875,3,2,0,False,True,True,True
3228,run_b,20,C,0.3333333333333333,0.7083333333333333,3,1,0,False,True,True,True
3229,run_b,21,A,0.5,0.5,2,1,0,False,False,True,True
3230,run_b,21,B,0.25,0.625,4,1,0,False,True,True,True
3231,run_b,21,C,0.6666666666666666,0.875,3,2,0,False,True,True,True
3232,run_b,22,A,0.6666666666666666,0.5833333333333333,3,2,0,False,False,True,True
3233,run_b,22,B,0.25,0.5,4,1,0,False,True,True,True
3234,run_b,22,C,0.5,0.625,2,1,0,False,True,True,True
3235,run_b,23,A,0.3333333333333333,0.4166666666666666,3,1,0,False,False,True,True
3236,run_b,23,B,0.0,0.4166666666666666,3,0,0,False,True,True,False
3237,run_b,23,C,0.5,0.5,2,1,0,False,False,True,True
3238,run_b,24,A,0.0,0.5833333333333333,3,0,0,False,True,True,False
3239,run_b,24,B,0.3333333333333333,0.875,3,1,0,False,True,True,True
3240,run_b,24,C,1.0,0.875,2,2,0,False,True,True,True
3241,run_b,25,A,0.6666666666666666,0.5833333333333333,3,2,0,False,False,True,True
3242,run_b,25,B,0.6666666666666666,0.8333333333333333,3,2,0,True,True,True,True
3243,run_b,25,C,0.5,0.875,2,1,0,False,True,True,True
3244,run_b,26,A,1.0,0.875,3,3,0,False,True,True,True
3245,run_b,26,B,1.0,0.875,3,3,0,False,True,True,True
3246,run_b,26,C,1.0,0.875,2,2,0,False,True,True,True
3247,run_b,27,A,1.0,0.875,3,3,0,False,True,True,True
3248,run_b,27,B,1.0,0.75,4,4,0,False,False,True,True
3249,run_b,27,C,1.0,0.75,2,2,0,False,False,True,True
3250,run_b,28,A,0.5,0.75,4,2,0,True,False,True,True
3251,run_b,28,B,0.75,0.75,4,3,0,True,False,True,True
3252,run_b,28,C,0.5,0.75,4,2,0,True,False,True,True
3253,run_b,29,A,1.0,0.75,3,3,0,False,False,True,True
3254,run_b,29,B,1.0,0.75,3,3,0,False,False,True,True
3255,run_b,29,C,1.0,0.75,2,2,0,False,False,True,True
3256,run_b,30,A,1.0,0.75,3,3,0,False,False,True,True
3257,run_b,30,B,1.0,0.875,2,2,0,True,False,True,True
3258,run_b,30,C,1.0,0.875,2,2,0,True,False,True,True
3259,run_b,1,A,0.6666666666666666,0.875,3,2,0,False,True,True,True
3260,run_b,1,B,0.6666666666666666,0.875,3,2,0,False,True,True,True
3261,run_b,1,C,0.6666666666666666,0.875,3,2,0,False,True,True,True
3262,run_b,2,A,0.3333333333333333,0.4166666666666666,3,1,0,False,False,True,True
3263,run_b,2,B,0.3333333333333333,0.4166666666666666,3,1,0,False,False,True,True
3264,run_b,2,C,0.6666666666666666,1.0,3,2,0,True,True,True,True
3265,run_b,3,A,0.3333333333333333,0.7083333333333333,3,1,0,False,True,True,True
3266,run_b,3,B,0.3333333333333333,0.7083333333333333,3,1,0,False,True,True,True
3267,run_b,3,C,0.6666666666666666,0.875,3,2,0,False,True,True,True
3268,run_b,4,A,0.0,0.375,2,0,0,False,True,False,False
3269,run_b,4,B,0.0,0.375,2,0,0,False,True,False,False
3270,run_b,4,C,0.3333333333333333,0.4166666666666666,3,1,0,False,False,True,True
3271,run_b,5,A,0.3333333333333333,0.5416666666666666,3,1,0,False,True,True,True
3272,run_b,5,B,0.3333333333333333,0.5416666666666666,3,1,0,False,True,True,True
3273,run_b,5,C,0.5,0.5,2,1,0,False,False,True,True
3274,run_b,6,A,0.3333333333333333,0.875,3,1,0,False,True,True,True
3275,run_b,6,B,0.3333333333333333,0.875,3,1,0,False,True,True,True
3276,run_b,6,C,0.6666666666666666,0.875,3,2,0,False,True,True,True
3277,run_b,7,A,0.5,0.875,2,1,0,False,True,True,True
3278,run_b,7,B,0.5,0.875,2,1,0,False,True,True,True
3279,run_b,7,C,1.0,0.875,2,2,0,False,True,True,True
3280,run_b,8,A,0.0,0.4583333333333333,3,0,0,False,True,False,False
3281,run_b,8,B,0.0,0.4583333333333333,3,0,0,False,True,False,False
3282,run_b,8,C,0.5,0.875,2,1,0,False,True,True,True
3283,run_b,9,A,0.0,0.625,3,0,0,False,True,False,False
3284,run_b,9,B,0.0,0.625,4,0,0,False,True,False,False
3285,run_b,9,C,0.5,0.875,2,1,0,False,True,True,True
3286,run_b,10,A,0.0,0.7083333333333333,3,0,0,True,True,True,False
3287,run_b,10,B,0.5,0.875,2,1,0,False,True,True,True
3288,run_b,10,C,0.5,0.875,2,1,0,False,True,True,True
3289,run_b,11,A,0.0,0.625,3,0,1,False,True,False,False
3290,run_b,11,B,0.5,0.875,2,1,0,False,True,True,True
3291,run_b,11,C,0.5,0.875,2,1,0,False,True,True,True
3292,run_b,12,A,0.0,0.625,3,0,0,False,True,False,False
3293,run_b,12,B,0.3333333333333333,0.875,3,1,0,False,True,True,True
3294,run_b,12,C,0.5,0.875,2,1,0,False,True,True,True
3295,run_b,13,A,1.0,0.625,4,4,0,False,False,False,True
3296,run_b,13,B,1.0,0.75,2,2,0,False,False,True,True
3297,run_b,13,C,1.0,0.75,2,2,0,False,False,True,True
3298,run_b,14,A,0.0,0.375,4,0,0,False,True,False,False
3299,run_b,14,B,0.3333333333333333,0.875,3,1,0,False,True,True,True
3300,run_b,14,C,1.0,0.875,2,2,0,False,True,True,True
3301,run_b,15,A,0.0,0.0,3,0,0,False,False,False,False
3302,run_b,15,B,0.0,0.0,3,0,0,False,False,False,False
3303,run_b,15,C,0.3333333333333333,0.4166666666666666,3,1,0,False,False,True,True
3304,run_b,16,A,0.3333333333333333,0.7083333333333333,3,1,0,False,True,True,True
3305,run_b,16,B,0.5,0.875,2,1,0,False,True,True,True
3306,run_b,16,C,0.5,0.875,2,1,0,False,True,True,True
3307,run_b,17,A,0.25,0.625,4,1,0,True,True,True,True
3308,run_b,17,B,0.3333333333333333,0.5416666666666666,3,1,0,False,True,True,True
3309,run_b,17,C,0.5,0.625,2,1,0,False,True,True,True
3310,run_b,18,A,0.3333333333333333,0.4166666666666666,3,1,0,False,False,True,True
3311,run_b,18,B,0.0,0.0,2,0,0,False,False,False,False
3312,run_b,18,C,0.5,0.5,2,1,0,False,False,True,True
3313,run_b,19,A,0.0,0.0,3,0,1,False,False,False,False
3314,run_b,19,B,0.0,0.2916666666666666,3,0,1,False,True,False,False
3315,run_b,19,C,0.0,0.625,2,1,1,True,False,True,True
3316,run_b,20,A,0.6666666666666666,0.875,3,2,0,False,True,True,True
3317,run_b,20,B,0.6666666666666666,0.875,3,2,0,False,True,True,True
3318,run_b,20,C,0.3333333333333333,0.7083333333333333,3,1,0,False,True,True,True
3319,run_b,21,A,0.0,0.25,4,0,0,False,False,True,False
3320,run_b,21,B,0.25,0.625,4,1,0,False,True,True,True
3321,run_b,21,C,0.6666666666666666,0.875,3,2,0,False,True,True,True
3322,run_b,22,A,0.6666666666666666,0.5833333333333333,3,2,0,False,False,True,True
3323,run_b,22,B,0.25,0.5,4,1,0,False,True,True,True
3324,run_b,22,C,0.5,0.625,2,1,0,False,True,True,True
3325,run_b,23,A,0.0,0.2916666666666666,3,0,0,False,False,True,False
3326,run_b,23,B,0.0,0.4166666666666666,3,0,0,False,True,True,False
3327,run_b,23,C,0.5,0.5,2,1,0,False,False,True,True
3328,run_b,24,A,0.6666666666666666,0.7083333333333333,3,2,0,False,True,True,True
3329,run_b,24,B,0.3333333333333333,0.875,3,1,0,False,True,True,True
3330,run_b,24,C,1.0,0.875,2,2,0,False,True,True,True
3331,run_b,25,A,0.6666666666666666,0.7083333333333333,3,2,0,True,False,True,True
3332,run_b,25,B,0.6666666666666666,0.8333333333333333,3,2,0,True,True,True,True
3333,run_b,25,C,0.5,0.875,2,1,0,False,True,True,True
3334,run_b,26,A,1.0,0.875,3,3,0,False,True,True,True
3335,run_b,26,B,1.0,0.875,3,3,0,False,True,True,True
3336,run_b,26,C,1.0,0.875,2,2,0,False,True,True,True
3337,run_b,27,A,1.0,0.875,3,3,0,False,True,True,True
3338,run_b,27,B,1.0,0.75,4,4,0,False,False,True,True
3339,run_b,27,C,1.0,0.75,2,2,0,False,False,True,True
3340,run_b,28,A,0.75,0.75,4,3,0,True,False,True,True
3341,run_b,28,B,0.75,0.75,4,3,0,True,False,True,True
3342,run_b,28,C,0.5,0.75,4,2,0,True,False,True,True
3343,run_b,29,A,1.0,0.75,3,3,0,False,False,True,True
3344,run_b,29,B,1.0,0.75,3,3,0,False,False,True,True
3345,run_b,29,C,1.0,0.75,2,2,0,False,False,True,True
3346,run_b,30,A,1.0,0.875,2,2,0,True,False,True,True
3347,run_b,30,B,1.0,0.875,2,2,0,True,False,True,True
3348,run_b,30,C,1.0,0.875,2,2,0,True,False,True,True
3349,run_b,1,A,0.6666666666666666,0.875,3,2,0,False,True,True,True
3350,run_b,1,B,0.6666666666666666,0.875,3,2,0,False,True,True,True
3351,run_b,1,C,0.6666666666666666,0.875,3,2,0,False,True,True,True
3352,run_b,2,A,0.3333333333333333,0.4166666666666666,3,1,0,False,False,True,True
3353,run_b,2,B,0.3333333333333333,0.4166666666666666,3,1,0,False,False,True,True
3354,run_b,2,C,0.6666666666666666,1.0,3,2,0,True,True,True,True
3355,run_b,3,A,0.3333333333333333,0.7083333333333333,3,1,0,False,True,True,True
3356,run_b,3,B,0.3333333333333333,0.7083333333333333,3,1,0,False,True,True,True
3357,run_b,3,C,0.6666666666666666,0.875,3,2,0,False,True,True,True
3358,run_b,4,A,0.0,0.375,2,0,0,False,True,False,False
3359,run_b,4,B,0.0,0.375,2,0,0,False,True,False,False
3360,run_b,4,C,0.3333333333333333,0.4166666666666666,3,1,0,False,False,True,True
3361,run_b,5,A,0.3333333333333333,0.5416666666666666,3,1,0,False,True,True,True
3362,run_b,5,B,0.3333333333333333,0.5416666666666666,3,1,0,False,True,True,True
3363,run_b,5,C,0.5,0.5,2,1,0,False,False,True,True
3364,run_b,6,A,0.3333333333333333,0.875,3,1,0,False,True,True,True
3365,run_b,6,B,0.3333333333333333,0.875,3,1,0,False,True,True,True
3366,run_b,6,C,0.6666666666666666,0.875,3,2,0,False,True,True,True
3367,run_b,7,A,0.5,0.875,2,1,0,False,True,True,True
3368,run_b,7,B,0.5,0.875,2,1,0,False,True,True,True
3369,run_b,7,C,1.0,0.875,2,2,0,False,True,True,True
3370,run_b,8,A,0.0,0.4583333333333333,3,0,0,False,True,False,False
3371,run_b,8,B,0.0,0.4583333333333333,3,0,0,False,True,False,False
3372,run_b,8,C,0.5,0.875,2,1,0,False,True,True,True
3373,run_b,9,A,0.0,0.625,3,0,0,False,True,False,False
3374,run_b,9,B,0.0,0.625,4,0,0,False,True,False,False
3375,run_b,9,C,0.5,0.875,2,1,0,False,True,True,True
3376,run_b,10,A,0.0,0.7083333333333333,3,0,0,True,True,True,False
3377,run_b,10,B,0.5,0.875,2,1,0,False,True,True,True
3378,run_b,10,C,0.5,0.875,2,1,0,False,True,True,True
3379,run_b,11,A,0.0,0.625,3,0,1,False,True,False,False
3380,run_b,11,B,0.5,0.875,2,1,0,False,True,True,True
3381,run_b,11,C,0.5,0.875,2,1,0,False,True,True,True
3382,run_b,12,A,0.0,0.625,3,0,0,False,True,False,False
3383,run_b,12,B,0.3333333333333333,0.875,3,1,0,False,True,True,True
3384,run_b,12,C,0.5,0.875,2,1,0,False,True,True,True
3385,run_b,13,A,1.0,0.625,4,4,0,False,False,False,True
3386,run_b,13,B,1.0,0.75,2,2,0,False,False,True,True
3387,run_b,13,C,1.0,0.75,2,2,0,False,False,True,True
3388,run_b,14,A,0.0,0.375,4,0,0,False,True,False,False
3389,run_b,14,B,0.3333333333333333,0.875,3,1,0,False,True,True,True
3390,run_b,14,C,1.0,0.875,2,2,0,False,True,True,True
3391,run_b,15,A,0.0,0.0,3,0,0,False,False,False,False
3392,run_b,15,B,0.0,0.0,3,0,0,False,False,False,False
3393,run_b,15,C,0.3333333333333333,0.4166666666666666,3,1,0,False,False,True,True
3394,run_b,16,A,0.3333333333333333,0.7083333333333333,3,1,0,False,True,True,True
3395,run_b,16,B,0.5,0.875,2,1,0,False,True,True,True
3396,run_b,16,C,0.5,0.875,2,1,0,False,True,True,True
3397,run_b,17,A,0.25,0.625,4,1,0,True,True,True,True
3398,run_b,17,B,0.3333333333333333,0.5416666666666666,3,1,0,False,True,True,True
3399,run_b,17,C,0.5,0.625,2,1,0,False,True,True,True
3400,run_b,18,A,0.3333333333333333,0.4166666666666666,3,1,0,False,False,True,True
3401,run_b,18,B,0.0,0.0,2,0,0,False,False,False,False
3402,run_b,18,C,0.5,0.5,2,1,0,False,False,True,True
3403,run_b,19,A,0.0,0.0,3,0,1,False,False,False,False
3404,run_b,19,B,0.0,0.2916666666666666,3,0,1,False,True,False,False
3405,run_b,19,C,0.0,0.625,2,1,1,True,False,True,True
3406,run_b,20,A,0.6666666666666666,0.875,3,2,0,False,True,True,True
3407,run_b,20,B,0.6666666666666666,0.875,3,2,0,False,True,True,True
3408,run_b,20,C,0.3333333333333333,0.7083333333333333,3,1,0,False,True,True,True
3409,run_b,21,A,0.0,0.25,4,0,0,False,False,True,False
3410,run_b,21,B,0.25,0.625,4,1,0,False,True,True,True
3411,run_b,21,C,0.6666666666666666,0.875,3,2,0,False,True,True,True
3412,run_b,22,A,0.6666666666666666,0.5833333333333333,3,2,0,False,False,True,True
3413,run_b,22,B,0.25,0.5,4,1,0,False,True,True,True
3414,run_b,22,C,0.5,0.625,2,1,0,False,True,True,True
3415,run_b,23,A,0.0,0.2916666666666666,3,0,0,False,False,True,False
3416,run_b,23,B,0.0,0.4166666666666666,3,0,0,False,True,True,False
3417,run_b,23,C,0.5,0.5,2,1,0,False,False,True,True
3418,run_b,24,A,0.6666666666666666,0.7083333333333333,3,2,0,False,True,True,True
3419,run_b,24,B,0.3333333333333333,0.875,3,1,0,False,True,True,True
3420,run_b,24,C,1.0,0.875,2,2,0,False,True,True,True
3421,run_b,25,A,0.6666666666666666,0.7083333333333333,3,2,0,True,False,True,True
3422,run_b,25,B,0.6666666666666666,0.8333333333333333,3,2,0,True,True,True,True
3423,run_b,25,C,0.5,0.875,2,1,0,False,True,True,True
3424,run_b,26,A,1.0,0.875,3,3,0,False,True,True,True
3425,run_b,26,B,1.0,0.875,3,3,0,False,True,True,True
3426,run_b,26,C,1.0,0.875,2,2,0,False,True,True,True
3427,run_b,27,A,1.0,0.875,3,3,0,False,True,True,True
3428,run_b,27,B,1.0,0.75,4,4,0,False,False,True,True
3429,run_b,27,C,1.0,0.75,2,2,0,False,False,True,True
3430,run_b,28,A,0.75,0.75,4,3,0,True,False,True,True
3431,run_b,28,B,0.75,0.75,4,3,0,True,False,True,True
3432,run_b,28,C,0.5,0.75,4,2,0,True,False,True,True
3433,run_b,29,A,1.0,0.75,3,3,0,False,False,True,True
3434,run_b,29,B,1.0,0.75,3,3,0,False,False,True,True
3435,run_b,29,C,1.0,0.75,2,2,0,False,False,True,True
3436,run_b,30,A,1.0,0.875,2,2,0,True,False,True,True
3437,run_b,30,B,1.0,0.875,2,2,0,True,False,True,True
3438,run_b,30,C,1.0,0.875,2,2,0,True,False,True,True
3439,run_b,1,A,0.6666666666666666,0.875,3,2,0,False,True,True,True
3440,run_b,1,B,0.6666666666666666,0.875,3,2,0,False,True,True,True
3441,run_b,1,C,0.6666666666666666,0.875,3,2,0,False,True,True,True
3442,run_b,2,A,0.3333333333333333,0.4166666666666666,3,1,0,False,False,True,True
3443,run_b,2,B,0.3333333333333333,0.4166666666666666,3,1,0,False,False,True,True
3444,run_b,2,C,0.6666666666666666,1.0,3,2,0,True,True,True,True
3445,run_b,3,A,0.3333333333333333,0.7083333333333333,3,1,0,False,True,True,True
3446,run_b,3,B,0.3333333333333333,0.7083333333333333,3,1,0,False,True,True,True
3447,run_b,3,C,0.6666666666666666,0.875,3,2,0,False,True,True,True
3448,run_b,4,A,0.0,0.375,2,0,0,False,True,False,False
3449,run_b,4,B,0.0,0.375,2,0,0,False,True,False,False
3450,run_b,4,C,0.3333333333333333,0.4166666666666666,3,1,0,False,False,True,True
3451,run_b,5,A,0.3333333333333333,0.5416666666666666,3,1,0,False,True,True,True
3452,run_b,5,B,0.3333333333333333,0.5416666666666666,3,1,0,False,True,True,True
3453,run_b,5,C,0.5,0.5,2,1,0,False,False,True,True
3454,run_b,6,A,0.3333333333333333,0.875,3,1,0,False,True,True,True
3455,run_b,6,B,0.3333333333333333,0.875,3,1,0,False,True,True,True
3456,run_b,6,C,0.6666666666666666,0.875,3,2,0,False,True,True,True
3457,run_b,7,A,0.5,0.875,2,1,0,False,True,True,True
3458,run_b,7,B,0.5,0.875,2,1,0,False,True,True,True
3459,run_b,7,C,1.0,0.875,2,2,0,False,True,True,True
3460,run_b,8,A,0.0,0.4583333333333333,3,0,0,False,True,False,False
3461,run_b,8,B,0.0,0.4583333333333333,3,0,0,False,True,False,False
3462,run_b,8,C,0.5,0.875,2,1,0,False,True,True,True
3463,run_b,9,A,0.0,0.625,3,0,0,False,True,False,False
3464,run_b,9,B,0.0,0.625,4,0,0,False,True,False,False
3465,run_b,9,C,0.5,0.875,2,1,0,False,True,True,True
3466,run_b,10,A,0.0,0.7083333333333333,3,0,0,True,True,True,False
3467,run_b,10,B,0.5,0.875,2,1,0,False,True,True,True
3468,run_b,10,C,0.5,0.875,2,1,0,False,True,True,True
3469,run_b,11,A,0.0,0.625,3,0,1,False,True,False,False
3470,run_b,11,B,0.5,0.875,2,1,0,False,True,True,True
3471,run_b,11,C,0.5,0.875,2,1,0,False,True,True,True
3472,run_b,12,A,0.0,0.625,3,0,0,False,True,False,False
3473,run_b,12,B,0.3333333333333333,0.875,3,1,0,False,True,True,True
3474,run_b,12,C,0.5,0.875,2,1,0,False,True,True,True
3475,run_b,13,A,1.0,0.625,4,4,0,False,False,False,True
3476,run_b,13,B,1.0,0.75,2,2,0,False,False,True,True
3477,run_b,13,C,1.0,0.75,2,2,0,False,False,True,True
3478,run_b,14,A,0.0,0.375,4,0,0,False,True,False,False
3479,run_b,14,B,0.3333333333333333,0.875,3,1,0,False,True,True,True
3480,run_b,14,C,1.0,0.875,2,2,0,False,True,True,True
3481,run_b,15,A,0.0,0.0,3,0,0,False,False,False,False
3482,run_b,15,B,0.0,0.0,3,0,0,False,False,False,False
3483,run_b,15,C,0.3333333333333333,0.4166666666666666,3,1,0,False,False,True,True
3484,run_b,16,A,0.3333333333333333,0.7083333333333333,3,1,0,False,True,True,True
3485,run_b,16,B,0.5,0.875,2,1,0,False,True,True,True
3486,run_b,16,C,0.5,0.875,2,1,0,False,True,True,True
3487,run_b,17,A,0.25,0.625,4,1,0,True,True,True,True
3488,run_b,17,B,0.3333333333333333,0.5416666666666666,3,1,0,False,True,True,True
3489,run_b,17,C,0.5,0.625,2,1,0,False,True,True,True
3490,run_b,18,A,0.3333333333333333,0.4166666666666666,3,1,0,False,False,True,True
3491,run_b,18,B,0.0,0.0,2,0,0,False,False,False,False
3492,run_b,18,C,0.5,0.5,2,1,0,False,False,True,True
3493,run_b,19,A,0.0,0.0,3,0,1,False,False,False,False
3494,run_b,19,B,0.0,0.2916666666666666,3,0,1,False,True,False,False
3495,run_b,19,C,0.0,0.625,2,1,1,True,False,True,True
3496,run_b,20,A,0.6666666666666666,0.875,3,2,0,False,True,True,True
3497,run_b,20,B,0.6666666666666666,0.875,3,2,0,False,True,True,True
3498,run_b,20,C,0.3333333333333333,0.7083333333333333,3,1,0,False,True,True,True
3499,run_b,21,A,0.0,0.25,4,0,0,False,False,True,False
3500,run_b,21,B,0.25,0.625,4,1,0,False,True,True,True
3501,run_b,21,C,0.6666666666666666,0.875,3,2,0,False,True,True,True
3502,run_b,22,A,0.6666666666666666,0.5833333333333333,3,2,0,False,False,True,True
3503,run_b,22,B,0.25,0.5,4,1,0,False,True,True,True
3504,run_b,22,C,0.5,0.625,2,1,0,False,True,True,True
3505,run_b,23,A,0.0,0.2916666666666666,3,0,0,False,False,True,False
3506,run_b,23,B,0.0,0.4166666666666666,3,0,0,False,True,True,False
3507,run_b,23,C,0.5,0.5,2,1,0,False,False,True,True
3508,run_b,24,A,0.6666666666666666,0.7083333333333333,3,2,0,False,True,True,True
3509,run_b,24,B,0.3333333333333333,0.875,3,1,0,False,True,True,True
3510,run_b,24,C,1.0,0.875,2,2,0,False,True,True,True
3511,run_b,25,A,0.6666666666666666,0.7083333333333333,3,2,0,True,False,True,True
3512,run_b,25,B,0.6666666666666666,0.8333333333333333,3,2,0,True,True,True,True
3513,run_b,25,C,0.5,0.875,2,1,0,False,True,True,True
3514,run_b,26,A,1.0,0.875,3,3,0,False,True,True,True
3515,run_b,26,B,1.0,0.875,3,3,0,False,True,True,True
3516,run_b,26,C,1.0,0.875,2,2,0,False,True,True,True
3517,run_b,27,A,1.0,0.875,3,3,0,False,True,True,True
3518,run_b,27,B,1.0,0.75,4,4,0,False,False,True,True
3519,run_b,27,C,1.0,0.75,2,2,0,False,False,True,True
3520,run_b,28,A,0.75,0.75,4,3,0,True,False,True,True
3521,run_b,28,B,0.75,0.75,4,3,0,True,False,True,True
3522,run_b,28,C,0.5,0.75,4,2,0,True,False,True,True
3523,run_b,29,A,1.0,0.75,3,3,0,False,False,True,True
3524,run_b,29,B,1.0,0.75,3,3,0,False,False,True,True
3525,run_b,29,C,1.0,0.75,2,2,0,False,False,True,True
3526,run_b,30,A,1.0,0.875,2,2,0,True,False,True,True
3527,run_b,30,B,1.0,0.875,2,2,0,True,False,True,True
3528,run_b,30,C,1.0,0.875,2,2,0,True,False,True,True
3529,run_b,1,A,0.6666666666666666,0.875,3,2,0,False,True,True,True
3530,run_b,1,B,0.6666666666666666,0.875,3,2,0,False,True,True,True
3531,run_b,1,C,0.6666666666666666,0.875,3,2,0,False,True,True,True
3532,run_b,2,A,0.3333333333333333,0.4166666666666666,3,1,0,False,False,True,True
3533,run_b,2,B,0.3333333333333333,0.4166666666666666,3,1,0,False,False,True,True
3534,run_b,2,C,0.6666666666666666,1.0,3,2,0,True,True,True,True
3535,run_b,3,A,0.3333333333333333,0.7083333333333333,3,1,0,False,True,True,True
3536,run_b,3,B,0.3333333333333333,0.7083333333333333,3,1,0,False,True,True,True
3537,run_b,3,C,0.6666666666666666,0.875,3,2,0,False,True,True,True
3538,run_b,4,A,0.0,0.375,2,0,0,False,True,False,False
3539,run_b,4,B,0.0,0.375,2,0,0,False,True,False,False
3540,run_b,4,C,0.3333333333333333,0.4166666666666666,3,1,0,False,False,True,True
3541,run_b,5,A,0.3333333333333333,0.5416666666666666,3,1,0,False,True,True,True
3542,run_b,5,B,0.3333333333333333,0.5416666666666666,3,1,0,False,True,True,True
3543,run_b,5,C,0.5,0.5,2,1,0,False,False,True,True
3544,run_b,6,A,0.3333333333333333,0.875,3,1,0,False,True,True,True
3545,run_b,6,B,0.3333333333333333,0.875,3,1,0,False,True,True,True
3546,run_b,6,C,0.6666666666666666,0.875,3,2,0,False,True,True,True
3547,run_b,7,A,0.5,0.875,2,1,0,False,True,True,True
3548,run_b,7,B,0.5,0.875,2,1,0,False,True,True,True
3549,run_b,7,C,1.0,0.875,2,2,0,False,True,True,True
3550,run_b,8,A,0.0,0.4583333333333333,3,0,0,False,True,False,False
3551,run_b,8,B,0.0,0.4583333333333333,3,0,0,False,True,False,False
3552,run_b,8,C,0.5,0.875,2,1,0,False,True,True,True
3553,run_b,9,A,0.0,0.625,3,0,0,False,True,False,False
3554,run_b,9,B,0.0,0.625,4,0,0,False,True,False,False
3555,run_b,9,C,0.5,0.875,2,1,0,False,True,True,True
3556,run_b,10,A,0.0,0.7083333333333333,3,0,0,True,True,True,False
3557,run_b,10,B,0.5,0.875,2,1,0,False,True,True,True
3558,run_b,10,C,0.5,0.875,2,1,0,False,True,True,True
3559,run_b,11,A,0.0,0.625,3,0,1,False,True,False,False
3560,run_b,11,B,0.5,0.875,2,1,0,False,True,True,True
3561,run_b,11,C,0.5,0.875,2,1,0,False,True,True,True
3562,run_b,12,A,0.0,0.625,3,0,0,False,True,False,False
3563,run_b,12,B,0.3333333333333333,0.875,3,1,0,False,True,True,True
3564,run_b,12,C,0.5,0.875,2,1,0,False,True,True,True
3565,run_b,13,A,1.0,0.625,4,4,0,False,False,False,True
3566,run_b,13,B,1.0,0.75,2,2,0,False,False,True,True
3567,run_b,13,C,1.0,0.75,2,2,0,False,False,True,True
3568,run_b,14,A,0.0,0.375,4,0,0,False,True,False,False
3569,run_b,14,B,0.3333333333333333,0.875,3,1,0,False,True,True,True
3570,run_b,14,C,1.0,0.875,2,2,0,False,True,True,True
3571,run_b,15,A,0.0,0.0,3,0,0,False,False,False,False
3572,run_b,15,B,0.0,0.0,3,0,0,False,False,False,False
3573,run_b,15,C,0.3333333333333333,0.4166666666666666,3,1,0,False,False,True,True
3574,run_b,16,A,0.3333333333333333,0.7083333333333333,3,1,0,False,True,True,True
3575,run_b,16,B,0.5,0.875,2,1,0,False,True,True,True
3576,run_b,16,C,0.5,0.875,2,1,0,False,True,True,True
3577,run_b,17,A,0.25,0.625,4,1,0,True,True,True,True
3578,run_b,17,B,0.3333333333333333,0.5416666666666666,3,1,0,False,True,True,True
3579,run_b,17,C,0.5,0.625,2,1,0,False,True,True,True
3580,run_b,18,A,0.3333333333333333,0.4166666666666666,3,1,0,False,False,True,True
3581,run_b,18,B,0.0,0.0,2,0,0,False,False,False,False
3582,run_b,18,C,0.5,0.5,2,1,0,False,False,True,True
3583,run_b,19,A,0.0,0.0,3,0,1,False,False,False,False
3584,run_b,19,B,0.0,0.2916666666666666,3,0,1,False,True,False,False
3585,run_b,19,C,0.0,0.625,2,1,1,True,False,True,True
3586,run_b,20,A,0.6666666666666666,0.875,3,2,0,False,True,True,True
3587,run_b,20,B,0.6666666666666666,0.875,3,2,0,False,True,True,True
3588,run_b,20,C,0.3333333333333333,0.7083333333333333,3,1,0,False,True,True,True
3589,run_b,21,A,0.0,0.25,4,0,0,False,False,True,False
3590,run_b,21,B,0.25,0.625,4,1,0,False,True,True,True
3591,run_b,21,C,0.6666666666666666,0.875,3,2,0,False,True,True,True
3592,run_b,22,A,0.6666666666666666,0.5833333333333333,3,2,0,False,False,True,True
3593,run_b,22,B,0.25,0.5,4,1,0,False,True,True,True
3594,run_b,22,C,0.5,0.625,2,1,0,False,True,True,True
3595,run_b,23,A,0.0,0.2916666666666666,3,0,0,False,False,True,False
3596,run_b,23,B,0.0,0.4166666666666666,3,0,0,False,True,True,False
3597,run_b,23,C,0.5,0.5,2,1,0,False,False,True,True
3598,run_b,24,A,0.6666666666666666,0.7083333333333333,3,2,0,False,True,True,True
3599,run_b,24,B,0.3333333333333333,0.875,3,1,0,False,True,True,True
3600,run_b,24,C,1.0,0.875,2,2,0,False,True,True,True
3601,run_b,25,A,0.6666666666666666,0.7083333333333333,3,2,0,True,False,True,True
3602,run_b,25,B,0.6666666666666666,0.8333333333333333,3,2,0,True,True,True,True
3603,run_b,25,C,0.5,0.875,2,1,0,False,True,True,True
3604,run_b,26,A,1.0,0.875,3,3,0,False,True,True,True
3605,run_b,26,B,1.0,0.875,3,3,0,False,True,True,True
3606,run_b,26,C,1.0,0.875,2,2,0,False,True,True,True
3607,run_b,27,A,1.0,0.875,3,3,0,False,True,True,True
3608,run_b,27,B,1.0,0.75,4,4,0,False,False,True,True
3609,run_b,27,C,1.0,0.75,2,2,0,False,False,True,True
3610,run_b,28,A,0.75,0.75,4,3,0,True,False,True,True
3611,run_b,28,B,0.75,0.75,4,3,0,True,False,True,True
3612,run_b,28,C,0.5,0.75,4,2,0,True,False,True,True
3613,run_b,29,A,1.0,0.75,3,3,0,False,False,True,True
3614,run_b,29,B,1.0,0.75,3,3,0,False,False,True,True
3615,run_b,29,C,1.0,0.75,2,2,0,False,False,True,True
3616,run_b,30,A,1.0,0.875,2,2,0,True,False,True,True
3617,run_b,30,B,1.0,0.875,2,2,0,True,False,True,True
3618,run_b,30,C,1.0,0.875,2,2,0,True,False,True,True
3619,run_b,1,A,0.6666666666666666,0.875,3,2,0,False,True,True,True
3620,run_b,1,B,0.6666666666666666,0.875,3,2,0,False,True,True,True
3621,run_b,1,C,0.6666666666666666,0.875,3,2,0,False,True,True,True
3622,run_b,2,A,0.3333333333333333,0.4166666666666666,3,1,0,False,False,True,True
3623,run_b,2,B,0.3333333333333333,0.4166666666666666,3,1,0,False,False,True,True
3624,run_b,2,C,0.6666666666666666,1.0,3,2,0,True,True,True,True
3625,run_b,3,A,0.3333333333333333,0.7083333333333333,3,1,0,False,True,True,True
3626,run_b,3,B,0.3333333333333333,0.7083333333333333,3,1,0,False,True,True,True
3627,run_b,3,C,0.6666666666666666,0.875,3,2,0,False,True,True,True
3628,run_b,4,A,0.0,0.375,2,0,0,False,True,False,False
3629,run_b,4,B,0.0,0.375,2,0,0,False,True,False,False
3630,run_b,4,C,0.3333333333333333,0.4166666666666666,3,1,0,False,False,True,True
3631,run_b,5,A,0.3333333333333333,0.5416666666666666,3,1,0,False,True,True,True
3632,run_b,5,B,0.3333333333333333,0.5416666666666666,3,1,0,False,True,True,True
3633,run_b,5,C,0.5,0.5,2,1,0,False,False,True,True
3634,run_b,6,A,0.3333333333333333,0.875,3,1,0,False,True,True,True
3635,run_b,6,B,0.3333333333333333,0.875,3,1,0,False,True,True,True
3636,run_b,6,C,0.6666666666666666,0.875,3,2,0,False,True,True,True
3637,run_b,7,A,0.5,0.875,2,1,0,False,True,True,True
3638,run_b,7,B,0.5,0.875,2,1,0,False,True,True,True
3639,run_b,7,C,1.0,0.875,2,2,0,False,True,True,True
3640,run_b,8,A,0.0,0.4583333333333333,3,0,0,False,True,False,False
3641,run_b,8,B,0.0,0.4583333333333333,3,0,0,False,True,False,False
3642,run_b,8,C,0.5,0.875,2,1,0,False,True,True,True
3643,run_b,9,A,0.0,0.625,3,0,0,False,True,False,False
3644,run_b,9,B,0.0,0.625,4,0,0,False,True,False,False
3645,run_b,9,C,0.5,0.875,2,1,0,False,True,True,True
3646,run_b,10,A,0.0,0.7083333333333333,3,0,0,True,True,True,False
3647,run_b,10,B,0.5,0.875,2,1,0,False,True,True,True
3648,run_b,10,C,0.5,0.875,2,1,0,False,True,True,True
3649,run_b,11,A,0.0,0.625,3,0,1,False,True,False,False
3650,run_b,11,B,0.5,0.875,2,1,0,False,True,True,True
3651,run_b,11,C,0.5,0.875,2,1,0,False,True,True,True
3652,run_b,12,A,0.0,0.625,3,0,0,False,True,False,False
3653,run_b,12,B,0.3333333333333333,0.875,3,1,0,False,True,True,True
3654,run_b,12,C,0.5,0.875,2,1,0,False,True,True,True
3655,run_b,13,A,1.0,0.625,4,4,0,False,False,False,True
3656,run_b,13,B,1.0,0.75,2,2,0,False,False,True,True
3657,run_b,13,C,1.0,0.75,2,2,0,False,False,True,True
3658,run_b,14,A,0.0,0.375,4,0,0,False,True,False,False
3659,run_b,14,B,0.3333333333333333,0.875,3,1,0,False,True,True,True
3660,run_b,14,C,1.0,0.875,2,2,0,False,True,True,True
3661,run_b,15,A,0.0,0.0,3,0,0,False,False,False,False
3662,run_b,15,B,0.0,0.0,3,0,0,False,False,False,False
3663,run_b,15,C,0.3333333333333333,0.4166666666666666,3,1,0,False,False,True,True
3664,run_b,16,A,0.3333333333333333,0.7083333333333333,3,1,0,False,True,True,True
3665,run_b,16,B,0.5,0.875,2,1,0,False,True,True,True
3666,run_b,16,C,0.5,0.875,2,1,0,False,True,True,True
3667,run_b,17,A,0.25,0.625,4,1,0,True,True,True,True
3668,run_b,17,B,0.3333333333333333,0.5416666666666666,3,1,0,False,True,True,True
3669,run_b,17,C,0.5,0.625,2,1,0,False,True,True,True
3670,run_b,18,A,0.3333333333333333,0.4166666666666666,3,1,0,False,False,True,True
3671,run_b,18,B,0.0,0.0,2,0,0,False,False,False,False
3672,run_b,18,C,0.5,0.5,2,1,0,False,False,True,True
3673,run_b,19,A,0.0,0.0,3,0,1,False,False,False,False
3674,run_b,19,B,0.0,0.2916666666666666,3,0,1,False,True,False,False
3675,run_b,19,C,0.0,0.625,2,1,1,True,False,True,True
3676,run_b,20,A,0.6666666666666666,0.875,3,2,0,False,True,True,True
3677,run_b,20,B,0.6666666666666666,0.875,3,2,0,False,True,True,True
3678,run_b,20,C,0.3333333333333333,0.7083333333333333,3,1,0,False,True,True,True
3679,run_b,21,A,0.0,0.25,4,0,0,False,False,True,False
3680,run_b,21,B,0.25,0.625,4,1,0,False,True,True,True
3681,run_b,21,C,0.6666666666666666,0.875,3,2,0,False,True,True,True
3682,run_b,22,A,0.6666666666666666,0.5833333333333333,3,2,0,False,False,True,True
3683,run_b,22,B,0.25,0.5,4,1,0,False,True,True,True
3684,run_b,22,C,0.5,0.625,2,1,0,False,True,True,True
3685,run_b,23,A,0.0,0.2916666666666666,3,0,0,False,False,True,False
3686,run_b,23,B,0.0,0.4166666666666666,3,0,0,False,True,True,False
3687,run_b,23,C,0.5,0.5,2,1,0,False,False,True,True
3688,run_b,24,A,0.6666666666666666,0.7083333333333333,3,2,0,False,True,True,True
3689,run_b,24,B,0.3333333333333333,0.875,3,1,0,False,True,True,True
3690,run_b,24,C,1.0,0.875,2,2,0,False,True,True,True
3691,run_b,25,A,0.6666666666666666,0.7083333333333333,3,2,0,True,False,True,True
3692,run_b,25,B,0.6666666666666666,0.8333333333333333,3,2,0,True,True,True,True
3693,run_b,25,C,0.5,0.875,2,1,0,False,True,True,True
3694,run_b,26,A,1.0,0.875,3,3,0,False,True,True,True
3695,run_b,26,B,1.0,0.875,3,3,0,False,True,True,True
3696,run_b,26,C,1.0,0.875,2,2,0,False,True,True,True
3697,run_b,27,A,1.0,0.875,3,3,0,False,True,True,True
3698,run_b,27,B,1.0,0.75,4,4,0,False,False,True,True
3699,run_b,27,C,1.0,0.75,2,2,0,False,False,True,True
3700,run_b,28,A,0.75,0.75,4,3,0,True,False,True,True
3701,run_b,28,B,0.75,0.75,4,3,0,True,False,True,True
3702,run_b,28,C,0.5,0.75,4,2,0,True,False,True,True
3703,run_b,29,A,1.0,0.75,3,3,0,False,False,True,True
3704,run_b,29,B,1.0,0.75,3,3,0,False,False,True,True
3705,run_b,29,C,1.0,0.75,2,2,0,False,False,True,True
3706,run_b,30,A,1.0,0.875,2,2,0,True,False,True,True
3707,run_b,30,B,1.0,0.875,2,2,0,True,False,True,True
3708,run_b,30,C,1.0,0.875,2,2,0,True,False,True,True
3709,run_b,1,A,0.6666666666666666,0.875,3,2,0,False,True,True,True
3710,run_b,1,B,0.6666666666666666,0.875,3,2,0,False,True,True,True
3711,run_b,1,C,0.6666666666666666,0.875,3,2,0,False,True,True,True
3712,run_b,2,A,0.3333333333333333,0.4166666666666666,3,1,0,False,False,True,True
3713,run_b,2,B,0.3333333333333333,0.4166666666666666,3,1,0,False,False,True,True
3714,run_b,2,C,0.6666666666666666,1.0,3,2,0,True,True,True,True
3715,run_b,3,A,0.3333333333333333,0.7083333333333333,3,1,0,False,True,True,True
3716,run_b,3,B,0.3333333333333333,0.7083333333333333,3,1,0,False,True,True,True
3717,run_b,3,C,0.6666666666666666,0.875,3,2,0,False,True,True,True
3718,run_b,4,A,0.0,0.375,2,0,0,False,True,False,False
3719,run_b,4,B,0.0,0.375,2,0,0,False,True,False,False
3720,run_b,4,C,0.3333333333333333,0.4166666666666666,3,1,0,False,False,True,True
3721,run_b,5,A,0.3333333333333333,0.5416666666666666,3,1,0,False,True,True,True
3722,run_b,5,B,0.3333333333333333,0.5416666666666666,3,1,0,False,True,True,True
3723,run_b,5,C,0.5,0.5,2,1,0,False,False,True,True
3724,run_b,6,A,0.3333333333333333,0.875,3,1,0,False,True,True,True
3725,run_b,6,B,0.3333333333333333,0.875,3,1,0,False,True,True,True
3726,run_b,6,C,0.6666666666666666,0.875,3,2,0,False,True,True,True
3727,run_b,7,A,0.5,0.875,2,1,0,False,True,True,True
3728,run_b,7,B,0.5,0.875,2,1,0,False,True,True,True
3729,run_b,7,C,1.0,0.875,2,2,0,False,True,True,True
3730,run_b,8,A,0.0,0.4583333333333333,3,0,0,False,True,False,False
3731,run_b,8,B,0.0,0.4583333333333333,3,0,0,False,True,False,False
3732,run_b,8,C,0.5,0.875,2,1,0,False,True,True,True
3733,run_b,9,A,0.0,0.625,3,0,0,False,True,False,False
3734,run_b,9,B,0.0,0.625,4,0,0,False,True,False,False
3735,run_b,9,C,0.5,0.875,2,1,0,False,True,True,True
3736,run_b,10,A,0.0,0.7083333333333333,3,0,0,True,True,True,False
3737,run_b,10,B,0.5,0.875,2,1,0,False,True,True,True
3738,run_b,10,C,0.5,0.875,2,1,0,False,True,True,True
3739,run_b,11,A,0.0,0.625,3,0,1,False,True,False,False
3740,run_b,11,B,0.5,0.875,2,1,0,False,True,True,True
3741,run_b,11,C,0.5,0.875,2,1,0,False,True,True,True
3742,run_b,12,A,0.0,0.625,3,0,0,False,True,False,False
3743,run_b,12,B,0.3333333333333333,0.875,3,1,0,False,True,True,True
3744,run_b,12,C,0.5,0.875,2,1,0,False,True,True,True
3745,run_b,13,A,1.0,0.625,4,4,0,False,False,False,True
3746,run_b,13,B,1.0,0.75,2,2,0,False,False,True,True
3747,run_b,13,C,1.0,0.75,2,2,0,False,False,True,True
3748,run_b,14,A,0.0,0.375,4,0,0,False,True,False,False
3749,run_b,14,B,0.3333333333333333,0.875,3,1,0,False,True,True,True
3750,run_b,14,C,1.0,0.875,2,2,0,False,True,True,True
3751,run_b,15,A,0.0,0.0,3,0,0,False,False,False,False
3752,run_b,15,B,0.0,0.0,3,0,0,False,False,False,False
3753,run_b,15,C,0.3333333333333333,0.4166666666666666,3,1,0,False,False,True,True
3754,run_b,16,A,0.3333333333333333,0.7083333333333333,3,1,0,False,True,True,True
3755,run_b,16,B,0.5,0.875,2,1,0,False,True,True,True
3756,run_b,16,C,0.5,0.875,2,1,0,False,True,True,True
3757,run_b,17,A,0.25,0.625,4,1,0,True,True,True,True
3758,run_b,17,B,0.3333333333333333,0.5416666666666666,3,1,0,False,True,True,True
3759,run_b,17,C,0.5,0.625,2,1,0,False,True,True,True
3760,run_b,18,A,0.3333333333333333,0.4166666666666666,3,1,0,False,False,True,True
3761,run_b,18,B,0.0,0.0,2,0,0,False,False,False,False
3762,run_b,18,C,0.5,0.5,2,1,0,False,False,True,True
3763,run_b,19,A,0.0,0.0,3,0,1,False,False,False,False
3764,run_b,19,B,0.0,0.2916666666666666,3,0,1,False,True,False,False
3765,run_b,19,C,0.0,0.625,2,1,1,True,False,True,True
3766,run_b,20,A,0.6666666666666666,0.875,3,2,0,False,True,True,True
3767,run_b,20,B,0.6666666666666666,0.875,3,2,0,False,True,True,True
3768,run_b,20,C,0.3333333333333333,0.7083333333333333,3,1,0,False,True,True,True
3769,run_b,21,A,0.0,0.25,4,0,0,False,False,True,False
3770,run_b,21,B,0.25,0.625,4,1,0,False,True,True,True
3771,run_b,21,C,0.6666666666666666,0.875,3,2,0,False,True,True,True
3772,run_b,22,A,0.6666666666666666,0.5833333333333333,3,2,0,False,False,True,True
3773,run_b,22,B,0.25,0.5,4,1,0,False,True,True,True
3774,run_b,22,C,0.5,0.625,2,1,0,False,True,True,True
3775,run_b,23,A,0.0,0.2916666666666666,3,0,0,False,False,True,False
3776,run_b,23,B,0.0,0.4166666666666666,3,0,0,False,True,True,False
3777,run_b,23,C,0.5,0.5,2,1,0,False,False,True,True
3778,run_b,24,A,0.6666666666666666,0.7083333333333333,3,2,0,False,True,True,True
3779,run_b,24,B,0.3333333333333333,0.875,3,1,0,False,True,True,True
3780,run_b,24,C,1.0,0.875,2,2,0,False,True,True,True
3781,run_b,25,A,0.6666666666666666,0.7083333333333333,3,2,0,True,False,True,True
3782,run_b,25,B,0.6666666666666666,0.8333333333333333,3,2,0,True,True,True,True
3783,run_b,25,C,0.5,0.875,2,1,0,False,True,True,True
3784,run_b,26,A,1.0,0.875,3,3,0,False,True,True,True
3785,run_b,26,B,1.0,0.875,3,3,0,False,True,True,True
3786,run_b,26,C,1.0,0.875,2,2,0,False,True,True,True
3787,run_b,27,A,1.0,0.875,3,3,0,False,True,True,True
3788,run_b,27,B,1.0,0.75,4,4,0,False,False,True,True
3789,run_b,27,C,1.0,0.75,2,2,0,False,False,True,True
3790,run_b,28,A,0.75,0.75,4,3,0,True,False,True,True
3791,run_b,28,B,0.75,0.75,4,3,0,True,False,True,True
3792,run_b,28,C,0.5,0.75,4,2,0,True,False,True,True
3793,run_b,29,A,1.0,0.75,3,3,0,False,False,True,True
3794,run_b,29,B,1.0,0.75,3,3,0,False,False,True,True
3795,run_b,29,C,1.0,0.75,2,2,0,False,False,True,True
3796,run_b,30,A,1.0,0.875,2,2,0,True,False,True,True
3797,run_b,30,B,1.0,0.875,2,2,0,True,False,True,True
3798,run_b,30,C,1.0,0.875,2,2,0,True,False,True,True
3799,run_b,1,A,0.6666666666666666,0.875,3,2,0,False,True,True,True
3800,run_b,1,B,0.6666666666666666,0.875,3,2,0,False,True,True,True
3801,run_b,1,C,0.6666666666666666,0.875,3,2,0,False,True,True,True
3802,run_b,2,A,0.3333333333333333,0.4166666666666666,3,1,0,False,False,True,True
3803,run_b,2,B,0.3333333333333333,0.4166666666666666,3,1,0,False,False,True,True
3804,run_b,2,C,0.6666666666666666,1.0,3,2,0,True,True,True,True
3805,run_b,3,A,0.3333333333333333,0.7083333333333333,3,1,0,False,True,True,True
3806,run_b,3,B,0.3333333333333333,0.7083333333333333,3,1,0,False,True,True,True
3807,run_b,3,C,0.6666666666666666,0.875,3,2,0,False,True,True,True
3808,run_b,4,A,0.0,0.375,2,0,0,False,True,False,False
3809,run_b,4,B,0.0,0.375,2,0,0,False,True,False,False
3810,run_b,4,C,0.3333333333333333,0.4166666666666666,3,1,0,False,False,True,True
3811,run_b,5,A,0.3333333333333333,0.5416666666666666,3,1,0,False,True,True,True
3812,run_b,5,B,0.3333333333333333,0.5416666666666666,3,1,0,False,True,True,True
3813,run_b,5,C,0.5,0.5,2,1,0,False,False,True,True
3814,run_b,6,A,0.3333333333333333,0.875,3,1,0,False,True,True,True
3815,run_b,6,B,0.3333333333333333,0.875,3,1,0,False,True,True,True
3816,run_b,6,C,0.6666666666666666,0.875,3,2,0,False,True,True,True
3817,run_b,7,A,0.5,0.875,2,1,0,False,True,True,True
3818,run_b,7,B,0.5,0.875,2,1,0,False,True,True,True
3819,run_b,7,C,1.0,0.875,2,2,0,False,True,True,True
3820,run_b,8,A,0.0,0.4583333333333333,3,0,0,False,True,False,False
3821,run_b,8,B,0.0,0.4583333333333333,3,0,0,False,True,False,False
3822,run_b,8,C,0.5,0.875,2,1,0,False,True,True,True
3823,run_b,9,A,0.0,0.625,3,0,0,False,True,False,False
3824,run_b,9,B,0.0,0.625,4,0,0,False,True,False,False
3825,run_b,9,C,0.5,0.875,2,1,0,False,True,True,True
3826,run_b,10,A,0.0,0.7083333333333333,3,0,0,True,True,True,False
3827,run_b,10,B,0.5,0.875,2,1,0,False,True,True,True
3828,run_b,10,C,0.5,0.875,2,1,0,False,True,True,True
3829,run_b,11,A,0.0,0.625,3,0,1,False,True,False,False
3830,run_b,11,B,0.5,0.875,2,1,0,False,True,True,True
3831,run_b,11,C,0.5,0.875,2,1,0,False,True,True,True
3832,run_b,12,A,0.0,0.625,3,0,0,False,True,False,False
3833,run_b,12,B,0.3333333333333333,0.875,3,1,0,False,True,True,True
3834,run_b,12,C,0.5,0.875,2,1,0,False,True,True,True
3835,run_b,13,A,1.0,0.625,4,4,0,False,False,False,True
3836,run_b,13,B,1.0,0.75,2,2,0,False,False,True,True
3837,run_b,13,C,1.0,0.75,2,2,0,False,False,True,True
3838,run_b,14,A,0.0,0.375,4,0,0,False,True,False,False
3839,run_b,14,B,0.3333333333333333,0.875,3,1,0,False,True,True,True
3840,run_b,14,C,1.0,0.875,2,2,0,False,True,True,True
3841,run_b,15,A,0.0,0.0,3,0,0,False,False,False,False
3842,run_b,15,B,0.0,0.0,3,0,0,False,False,False,False
3843,run_b,15,C,0.3333333333333333,0.4166666666666666,3,1,0,False,False,True,True
3844,run_b,16,A,0.3333333333333333,0.7083333333333333,3,1,0,False,True,True,True
3845,run_b,16,B,0.5,0.875,2,1,0,False,True,True,True
3846,run_b,16,C,0.5,0.875,2,1,0,False,True,True,True
3847,run_b,17,A,0.25,0.625,4,1,0,True,True,True,True
3848,run_b,17,B,0.3333333333333333,0.5416666666666666,3,1,0,False,True,True,True
3849,run_b,17,C,0.5,0.625,2,1,0,False,True,True,True
3850,run_b,18,A,0.3333333333333333,0.4166666666666666,3,1,0,False,False,True,True
3851,run_b,18,B,0.0,0.0,2,0,0,False,False,False,False
3852,run_b,18,C,0.5,0.5,2,1,0,False,False,True,True
3853,run_b,19,A,0.0,0.0,3,0,1,False,False,False,False
3854,run_b,19,B,0.0,0.2916666666666666,3,0,1,False,True,False,False
3855,run_b,19,C,0.0,0.625,2,1,1,True,False,True,True
3856,run_b,20,A,0.6666666666666666,0.875,3,2,0,False,True,True,True
3857,run_b,20,B,0.6666666666666666,0.875,3,2,0,False,True,True,True
3858,run_b,20,C,0.3333333333333333,0.7083333333333333,3,1,0,False,True,True,True
3859,run_b,21,A,0.0,0.25,4,0,0,False,False,True,False
3860,run_b,21,B,0.25,0.625,4,1,0,False,True,True,True
3861,run_b,21,C,0.6666666666666666,0.875,3,2,0,False,True,True,True
3862,run_b,22,A,0.6666666666666666,0.5833333333333333,3,2,0,False,False,True,True
3863,run_b,22,B,0.25,0.5,4,1,0,False,True,True,True
3864,run_b,22,C,0.5,0.625,2,1,0,False,True,True,True
3865,run_b,23,A,0.0,0.2916666666666666,3,0,0,False,False,True,False
3866,run_b,23,B,0.0,0.4166666666666666,3,0,0,False,True,True,False
3867,run_b,23,C,0.5,0.5,2,1,0,False,False,True,True
3868,run_b,24,A,0.6666666666666666,0.7083333333333333,3,2,0,False,True,True,True
3869,run_b,24,B,0.3333333333333333,0.875,3,1,0,False,True,True,True
3870,run_b,24,C,1.0,0.875,2,2,0,False,True,True,True
3871,run_b,25,A,0.6666666666666666,0.7083333333333333,3,2,0,True,False,True,True
3872,run_b,25,B,0.6666666666666666,0.8333333333333333,3,2,0,True,True,True,True
3873,run_b,25,C,0.5,0.875,2,1,0,False,True,True,True
3874,run_b,26,A,1.0,0.875,3,3,0,False,True,True,True
3875,run_b,26,B,1.0,0.875,3,3,0,False,True,True,True
3876,run_b,26,C,1.0,0.875,2,2,0,False,True,True,True
3877,run_b,27,A,1.0,0.875,3,3,0,False,True,True,True
3878,run_b,27,B,1.0,0.75,4,4,0,False,False,True,True
3879,run_b,27,C,1.0,0.75,2,2,0,False,False,True,True
3880,run_b,28,A,0.75,0.75,4,3,0,True,False,True,True
3881,run_b,28,B,0.75,0.75,4,3,0,True,False,True,True
3882,run_b,28,C,0.5,0.75,4,2,0,True,False,True,True
3883,run_b,29,A,1.0,0.75,3,3,0,False,False,True,True
3884,run_b,29,B,1.0,0.75,3,3,0,False,False,True,True
3885,run_b,29,C,1.0,0.75,2,2,0,False,False,True,True
3886,run_b,30,A,1.0,0.875,2,2,0,True,False,True,True
3887,run_b,30,B,1.0,0.875,2,2,0,True,False,True,True
3888,run_b,30,C,1.0,0.875,2,2,0,True,False,True,True
3889,run_b,1,A,0.6666666666666666,0.875,3,2,0,False,True,True,True
3890,run_b,1,B,0.6666666666666666,0.875,3,2,0,False,True,True,True
3891,run_b,1,C,0.6666666666666666,0.875,3,2,0,False,True,True,True
3892,run_b,2,A,0.3333333333333333,0.4166666666666666,3,1,0,False,False,True,True
3893,run_b,2,B,0.3333333333333333,0.4166666666666666,3,1,0,False,False,True,True
3894,run_b,2,C,0.6666666666666666,1.0,3,2,0,True,True,True,True
3895,run_b,3,A,0.3333333333333333,0.7083333333333333,3,1,0,False,True,True,True
3896,run_b,3,B,0.3333333333333333,0.7083333333333333,3,1,0,False,True,True,True
3897,run_b,3,C,0.6666666666666666,0.875,3,2,0,False,True,True,True
3898,run_b,4,A,0.0,0.375,2,0,0,False,True,False,False
3899,run_b,4,B,0.0,0.375,2,0,0,False,True,False,False
3900,run_b,4,C,0.3333333333333333,0.4166666666666666,3,1,0,False,False,True,True
3901,run_b,5,A,0.3333333333333333,0.5416666666666666,3,1,0,False,True,True,True
3902,run_b,5,B,0.3333333333333333,0.5416666666666666,3,1,0,False,True,True,True
3903,run_b,5,C,0.5,0.5,2,1,0,False,False,True,True
3904,run_b,6,A,0.3333333333333333,0.875,3,1,0,False,True,True,True
3905,run_b,6,B,0.3333333333333333,0.875,3,1,0,False,True,True,True
3906,run_b,6,C,0.6666666666666666,0.875,3,2,0,False,True,True,True
3907,run_b,7,A,0.5,0.875,2,1,0,False,True,True,True
3908,run_b,7,B,0.5,0.875,2,1,0,False,True,True,True
3909,run_b,7,C,1.0,0.875,2,2,0,False,True,True,True
3910,run_b,8,A,0.0,0.4583333333333333,3,0,0,False,True,False,False
3911,run_b,8,B,0.0,0.4583333333333333,3,0,0,False,True,False,False
3912,run_b,8,C,0.5,0.875,2,1,0,False,True,True,True
3913,run_b,9,A,0.0,0.625,3,0,0,False,True,False,False
3914,run_b,9,B,0.0,0.625,4,0,0,False,True,False,False
3915,run_b,9,C,0.5,0.875,2,1,0,False,True,True,True
3916,run_b,10,A,0.0,0.7083333333333333,3,0,0,True,True,True,False
3917,run_b,10,B,0.5,0.875,2,1,0,False,True,True,True
3918,run_b,10,C,0.5,0.875,2,1,0,False,True,True,True
3919,run_b,11,A,0.0,0.625,3,0,1,False,True,False,False
3920,run_b,11,B,0.5,0.875,2,1,0,False,True,True,True
3921,run_b,11,C,0.5,0.875,2,1,0,False,True,True,True
3922,run_b,12,A,0.0,0.625,3,0,0,False,True,False,False
3923,run_b,12,B,0.3333333333333333,0.875,3,1,0,False,True,True,True
3924,run_b,12,C,0.5,0.875,2,1,0,False,True,True,True
3925,run_b,13,A,1.0,0.625,4,4,0,False,False,False,True
3926,run_b,13,B,1.0,0.75,2,2,0,False,False,True,True
3927,run_b,13,C,1.0,0.75,2,2,0,False,False,True,True
3928,run_b,14,A,0.0,0.375,4,0,0,False,True,False,False
3929,run_b,14,B,0.3333333333333333,0.875,3,1,0,False,True,True,True
3930,run_b,14,C,1.0,0.875,2,2,0,False,True,True,True
3931,run_b,15,A,0.0,0.0,3,0,0,False,False,False,False
3932,run_b,15,B,0.0,0.0,3,0,0,False,False,False,False
3933,run_b,15,C,0.3333333333333333,0.4166666666666666,3,1,0,False,False,True,True
3934,run_b,16,A,0.3333333333333333,0.7083333333333333,3,1,0,False,True,True,True
3935,run_b,16,B,0.5,0.875,2,1,0,False,True,True,True
3936,run_b,16,C,0.5,0.875,2,1,0,False,True,True,True
3937,run_b,17,A,0.25,0.625,4,1,0,True,True,True,True
3938,run_b,17,B,0.3333333333333333,0.5416666666666666,3,1,0,False,True,True,True
3939,run_b,17,C,0.5,0.625,2,1,0,False,True,True,True
3940,run_b,18,A,0.3333333333333333,0.4166666666666666,3,1,0,False,False,True,True
3941,run_b,18,B,0.0,0.0,2,0,0,False,False,False,False
3942,run_b,18,C,0.5,0.5,2,1,0,False,False,True,True
3943,run_b,19,A,0.0,0.0,3,0,1,False,False,False,False
3944,run_b,19,B,0.0,0.2916666666666666,3,0,1,False,True,False,False
3945,run_b,19,C,0.0,0.625,2,1,1,True,False,True,True
3946,run_b,20,A,0.6666666666666666,0.875,3,2,0,False,True,True,True
3947,run_b,20,B,0.6666666666666666,0.875,3,2,0,False,True,True,True
3948,run_b,20,C,0.3333333333333333,0.7083333333333333,3,1,0,False,True,True,True
3949,run_b,21,A,0.0,0.25,4,0,0,False,False,True,False
3950,run_b,21,B,0.25,0.625,4,1,0,False,True,True,True
3951,run_b,21,C,0.6666666666666666,0.875,3,2,0,False,True,True,True
3952,run_b,22,A,0.6666666666666666,0.5833333333333333,3,2,0,False,False,True,True
3953,run_b,22,B,0.25,0.5,4,1,0,False,True,True,True
3954,run_b,22,C,0.5,0.625,2,1,0,False,True,True,True
3955,run_b,23,A,0.0,0.2916666666666666,3,0,0,False,False,True,False
3956,run_b,23,B,0.0,0.4166666666666666,3,0,0,False,True,True,False
3957,run_b,23,C,0.5,0.5,2,1,0,False,False,True,True
3958,run_b,24,A,0.6666666666666666,0.7083333333333333,3,2,0,False,True,True,True
3959,run_b,24,B,0.3333333333333333,0.875,3,1,0,False,True,True,True
3960,run_b,24,C,1.0,0.875,2,2,0,False,True,True,True
3961,run_b,25,A,0.6666666666666666,0.7083333333333333,3,2,0,True,False,True,True
3962,run_b,25,B,0.6666666666666666,0.8333333333333333,3,2,0,True,True,True,True
3963,run_b,25,C,0.5,0.875,2,1,0,False,True,True,True
3964,run_b,26,A,1.0,0.875,3,3,0,False,True,True,True
3965,run_b,26,B,1.0,0.875,3,3,0,False,True,True,True
3966,run_b,26,C,1.0,0.875,2,2,0,False,True,True,True
3967,run_b,27,A,1.0,0.875,3,3,0,False,True,True,True
3968,run_b,27,B,1.0,0.75,4,4,0,False,False,True,True
3969,run_b,27,C,1.0,0.75,2,2,0,False,False,True,True
3970,run_b,28,A,0.75,0.75,4,3,0,True,False,True,True
3971,run_b,28,B,0.75,0.75,4,3,0,True,False,True,True
3972,run_b,28,C,0.5,0.75,4,2,0,True,False,True,True
3973,run_b,29,A,1.0,0.75,3,3,0,False,False,True,True
3974,run_b,29,B,1.0,0.75,3,3,0,False,False,True,True
3975,run_b,29,C,1.0,0.75,2,2,0,False,False,True,True
3976,run_b,30,A,1.0,0.875,2,2,0,True,False,True,True
3977,run_b,30,B,1.0,0.875,2,2,0,True,False,True,True
3978,run_b,30,C,1.0,0.875,2,2,0,True,False,True,True
3979,run_b,1,A,0.6666666666666666,0.875,3,2,0,False,True,True,True
3980,run_b,1,B,0.6666666666666666,0.875,3,2,0,False,True,True,True
3981,run_b,1,C,0.6666666666666666,0.875,3,2,0,False,True,True,True
3982,run_b,2,A,0.3333333333333333,0.4166666666666666,3,1,0,False,False,True,True
3983,run_b,2,B,0.3333333333333333,0.4166666666666666,3,1,0,False,False,True,True
3984,run_b,2,C,0.6666666666666666,1.0,3,2,0,True,True,True,True
3985,run_b,3,A,0.3333333333333333,0.7083333333333333,3,1,0,False,True,True,True
3986,run_b,3,B,0.3333333333333333,0.7083333333333333,3,1,0,False,True,True,True
3987,run_b,3,C,0.6666666666666666,0.875,3,2,0,False,True,True,True
3988,run_b,4,A,0.0,0.375,2,0,0,False,True,False,False
3989,run_b,4,B,0.0,0.375,2,0,0,False,True,False,False
3990,run_b,4,C,0.3333333333333333,0.4166666666666666,3,1,0,False,False,True,True
3991,run_b,5,A,0.3333333333333333,0.5416666666666666,3,1,0,False,True,True,True
3992,run_b,5,B,0.3333333333333333,0.5416666666666666,3,1,0,False,True,True,True
3993,run_b,5,C,0.5,0.5,2,1,0,False,False,True,True
3994,run_b,6,A,0.3333333333333333,0.875,3,1,0,False,True,True,True
3995,run_b,6,B,0.3333333333333333,0.875,3,1,0,False,True,True,True
3996,run_b,6,C,0.6666666666666666,0.875,3,2,0,False,True,True,True
3997,run_b,7,A,0.5,0.875,2,1,0,False,True,True,True
3998,run_b,7,B,0.5,0.875,2,1,0,False,True,True,True
3999,run_b,7,C,1.0,0.875,2,2,0,False,True,True,True
4000,run_b,8,A,0.0,0.4583333333333333,3,0,0,False,True,False,False
4001,run_b,8,B,0.0,0.4583333333333333,3,0,0,False,True,False,False
4002,run_b,8,C,0.5,0.875,2,1,0,False,True,True,True
4003,run_b,9,A,0.0,0.625,3,0,0,False,True,False,False
4004,run_b,9,B,0.0,0.625,4,0,0,False,True,False,False
4005,run_b,9,C,0.5,0.875,2,1,0,False,True,True,True
4006,run_b,10,A,0.0,0.7083333333333333,3,0,0,True,True,True,False
4007,run_b,10,B,0.5,0.875,2,1,0,False,True,True,True
4008,run_b,10,C,0.5,0.875,2,1,0,False,True,True,True
4009,run_b,11,A,0.0,0.625,3,0,1,False,True,False,False
4010,run_b,11,B,0.5,0.875,2,1,0,False,True,True,True
4011,run_b,11,C,0.5,0.875,2,1,0,False,True,True,True
4012,run_b,12,A,0.0,0.625,3,0,0,False,True,False,False
4013,run_b,12,B,0.3333333333333333,0.875,3,1,0,False,True,True,True
4014,run_b,12,C,0.5,0.875,2,1,0,False,True,True,True
4015,run_b,13,A,1.0,0.625,4,4,0,False,False,False,True
4016,run_b,13,B,1.0,0.75,2,2,0,False,False,True,True
4017,run_b,13,C,1.0,0.75,2,2,0,False,False,True,True
4018,run_b,14,A,0.0,0.375,4,0,0,False,True,False,False
4019,run_b,14,B,0.3333333333333333,0.875,3,1,0,False,True,True,True
4020,run_b,14,C,1.0,0.875,2,2,0,False,True,True,True
4021,run_b,15,A,0.0,0.0,3,0,0,False,False,False,False
4022,run_b,15,B,0.0,0.0,3,0,0,False,False,False,False
4023,run_b,15,C,0.3333333333333333,0.4166666666666666,3,1,0,False,False,True,True
4024,run_b,16,A,0.3333333333333333,0.7083333333333333,3,1,0,False,True,True,True
4025,run_b,16,B,0.5,0.875,2,1,0,False,True,True,True
4026,run_b,16,C,0.5,0.875,2,1,0,False,True,True,True
4027,run_b,17,A,0.25,0.625,4,1,0,True,True,True,True
4028,run_b,17,B,0.3333333333333333,0.5416666666666666,3,1,0,False,True,True,True
4029,run_b,17,C,0.5,0.625,2,1,0,False,True,True,True
4030,run_b,18,A,0.3333333333333333,0.4166666666666666,3,1,0,False,False,True,True
4031,run_b,18,B,0.0,0.0,2,0,0,False,False,False,False
4032,run_b,18,C,0.5,0.5,2,1,0,False,False,True,True
4033,run_b,19,A,0.0,0.0,3,0,1,False,False,False,False
4034,run_b,19,B,0.0,0.2916666666666666,3,0,1,False,True,False,False
4035,run_b,19,C,0.0,0.625,2,1,1,True,False,True,True
4036,run_b,20,A,0.6666666666666666,0.875,3,2,0,False,True,True,True
4037,run_b,20,B,0.6666666666666666,0.875,3,2,0,False,True,True,True
4038,run_b,20,C,0.3333333333333333,0.7083333333333333,3,1,0,False,True,True,True
4039,run_b,21,A,0.0,0.25,4,0,0,False,False,True,False
4040,run_b,21,B,0.25,0.625,4,1,0,False,True,True,True
4041,run_b,21,C,0.6666666666666666,0.875,3,2,0,False,True,True,True
4042,run_b,22,A,0.6666666666666666,0.5833333333333333,3,2,0,False,False,True,True
4043,run_b,22,B,0.25,0.5,4,1,0,False,True,True,True
4044,run_b,22,C,0.5,0.625,2,1,0,False,True,True,True
4045,run_b,23,A,0.0,0.2916666666666666,3,0,0,False,False,True,False
4046,run_b,23,B,0.0,0.4166666666666666,3,0,0,False,True,True,False
4047,run_b,23,C,0.5,0.5,2,1,0,False,False,True,True
4048,run_b,24,A,0.6666666666666666,0.7083333333333333,3,2,0,False,True,True,True
4049,run_b,24,B,0.3333333333333333,0.875,3,1,0,False,True,True,True
4050,run_b,24,C,1.0,0.875,2,2,0,False,True,True,True
4051,run_b,25,A,0.6666666666666666,0.7083333333333333,3,2,0,True,False,True,True
4052,run_b,25,B,0.6666666666666666,0.8333333333333333,3,2,0,True,True,True,True
4053,run_b,25,C,0.5,0.875,2,1,0,False,True,True,True
4054,run_b,26,A,1.0,0.875,3,3,0,False,True,True,True
4055,run_b,26,B,1.0,0.875,3,3,0,False,True,True,True
4056,run_b,26,C,1.0,0.875,2,2,0,False,True,True,True
4057,run_b,27,A,1.0,0.875,3,3,0,False,True,True,True
4058,run_b,27,B,1.0,0.75,4,4,0,False,False,True,True
4059,run_b,27,C,1.0,0.75,2,2,0,False,False,True,True
4060,run_b,28,A,0.75,0.75,4,3,0,True,False,True,True
4061,run_b,28,B,0.75,0.75,4,3,0,True,False,True,True
4062,run_b,28,C,0.5,0.75,4,2,0,True,False,True,True
4063,run_b,29,A,1.0,0.75,3,3,0,False,False,True,True
4064,run_b,29,B,1.0,0.75,3,3,0,False,False,True,True
4065,run_b,29,C,1.0,0.75,2,2,0,False,False,True,True
4066,run_b,30,A,1.0,0.875,2,2,0,True,False,True,True
4067,run_b,30,B,1.0,0.875,2,2,0,True,False,True,True
4068,run_b,30,C,1.0,0.875,2,2,0,True,False,True,True
4069,run_b,1,A,0.6666666666666666,0.875,3,2,0,False,True,True,True
4070,run_b,1,B,0.6666666666666666,0.875,3,2,0,False,True,True,True
4071,run_b,1,C,0.6666666666666666,0.875,3,2,0,False,True,True,True
4072,run_b,2,A,0.3333333333333333,0.4166666666666666,3,1,0,False,False,True,True
4073,run_b,2,B,0.3333333333333333,0.4166666666666666,3,1,0,False,False,True,True
4074,run_b,2,C,0.6666666666666666,1.0,3,2,0,True,True,True,True
4075,run_b,3,A,0.3333333333333333,0.7083333333333333,3,1,0,False,True,True,True
4076,run_b,3,B,0.3333333333333333,0.7083333333333333,3,1,0,False,True,True,True
4077,run_b,3,C,0.6666666666666666,0.875,3,2,0,False,True,True,True
4078,run_b,4,A,0.0,0.375,2,0,0,False,True,False,False
4079,run_b,4,B,0.0,0.375,2,0,0,False,True,False,False
4080,run_b,4,C,0.3333333333333333,0.4166666666666666,3,1,0,False,False,True,True
4081,run_b,5,A,0.3333333333333333,0.5416666666666666,3,1,0,False,True,True,True
4082,run_b,5,B,0.3333333333333333,0.5416666666666666,3,1,0,False,True,True,True
4083,run_b,5,C,0.5,0.5,2,1,0,False,False,True,True
4084,run_b,6,A,0.3333333333333333,0.875,3,1,0,False,True,True,True
4085,run_b,6,B,0.3333333333333333,0.875,3,1,0,False,True,True,True
4086,run_b,6,C,0.6666666666666666,0.875,3,2,0,False,True,True,True
4087,run_b,7,A,0.5,0.875,2,1,0,False,True,True,True
4088,run_b,7,B,0.5,0.875,2,1,0,False,True,True,True
4089,run_b,7,C,1.0,0.875,2,2,0,False,True,True,True
4090,run_b,8,A,0.0,0.4583333333333333,3,0,0,False,True,False,False
4091,run_b,8,B,0.0,0.4583333333333333,3,0,0,False,True,False,False
4092,run_b,8,C,0.5,0.875,2,1,0,False,True,True,True
4093,run_b,9,A,0.0,0.625,3,0,0,False,True,False,False
4094,run_b,9,B,0.0,0.625,4,0,0,False,True,False,False
4095,run_b,9,C,0.5,0.875,2,1,0,False,True,True,True
4096,run_b,10,A,0.0,0.7083333333333333,3,0,0,True,True,True,False
4097,run_b,10,B,0.5,0.875,2,1,0,False,True,True,True
4098,run_b,10,C,0.5,0.875,2,1,0,False,True,True,True
4099,run_b,11,A,0.0,0.625,3,0,1,False,True,False,False
4100,run_b,11,B,0.5,0.875,2,1,0,False,True,True,True
4101,run_b,11,C,0.5,0.875,2,1,0,False,True,True,True
4102,run_b,12,A,0.0,0.625,3,0,0,False,True,False,False
4103,run_b,12,B,0.3333333333333333,0.875,3,1,0,False,True,True,True
4104,run_b,12,C,0.5,0.875,2,1,0,False,True,True,True
4105,run_b,13,A,1.0,0.625,4,4,0,False,False,False,True
4106,run_b,13,B,1.0,0.75,2,2,0,False,False,True,True
4107,run_b,13,C,1.0,0.75,2,2,0,False,False,True,True
4108,run_b,14,A,0.0,0.375,4,0,0,False,True,False,False
4109,run_b,14,B,0.3333333333333333,0.875,3,1,0,False,True,True,True
4110,run_b,14,C,1.0,0.875,2,2,0,False,True,True,True
4111,run_b,15,A,0.0,0.0,3,0,0,False,False,False,False
4112,run_b,15,B,0.0,0.0,3,0,0,False,False,False,False
4113,run_b,15,C,0.3333333333333333,0.4166666666666666,3,1,0,False,False,True,True
4114,run_b,16,A,0.3333333333333333,0.7083333333333333,3,1,0,False,True,True,True
4115,run_b,16,B,0.5,0.875,2,1,0,False,True,True,True
4116,run_b,16,C,0.5,0.875,2,1,0,False,True,True,True
4117,run_b,17,A,0.25,0.625,4,1,0,True,True,True,True
4118,run_b,17,B,0.3333333333333333,0.5416666666666666,3,1,0,False,True,True,True
4119,run_b,17,C,0.5,0.625,2,1,0,False,True,True,True
4120,run_b,18,A,0.3333333333333333,0.4166666666666666,3,1,0,False,False,True,True
4121,run_b,18,B,0.0,0.0,2,0,0,False,False,False,False
4122,run_b,18,C,0.5,0.5,2,1,0,False,False,True,True
4123,run_b,19,A,0.0,0.0,3,0,1,False,False,False,False
4124,run_b,19,B,0.0,0.2916666666666666,3,0,1,False,True,False,False
4125,run_b,19,C,0.0,0.625,2,1,1,True,False,True,True
4126,run_b,20,A,0.6666666666666666,0.875,3,2,0,False,True,True,True
4127,run_b,20,B,0.6666666666666666,0.875,3,2,0,False,True,True,True
4128,run_b,20,C,0.3333333333333333,0.7083333333333333,3,1,0,False,True,True,True
4129,run_b,21,A,0.0,0.25,4,0,0,False,False,True,False
4130,run_b,21,B,0.25,0.625,4,1,0,False,True,True,True
4131,run_b,21,C,0.6666666666666666,0.875,3,2,0,False,True,True,True
4132,run_b,22,A,0.6666666666666666,0.5833333333333333,3,2,0,False,False,True,True
4133,run_b,22,B,0.25,0.5,4,1,0,False,True,True,True
4134,run_b,22,C,0.5,0.625,2,1,0,False,True,True,True
4135,run_b,23,A,0.0,0.2916666666666666,3,0,0,False,False,True,False
4136,run_b,23,B,0.0,0.4166666666666666,3,0,0,False,True,True,False
4137,run_b,23,C,0.5,0.5,2,1,0,False,False,True,True
4138,run_b,24,A,0.6666666666666666,0.7083333333333333,3,2,0,False,True,True,True
4139,run_b,24,B,0.3333333333333333,0.875,3,1,0,False,True,True,True
4140,run_b,24,C,1.0,0.875,2,2,0,False,True,True,True
4141,run_b,25,A,0.6666666666666666,0.7083333333333333,3,2,0,True,False,True,True
4142,run_b,25,B,0.6666666666666666,0.8333333333333333,3,2,0,True,True,True,True
4143,run_b,25,C,0.5,0.875,2,1,0,False,True,True,True
4144,run_b,26,A,1.0,0.875,3,3,0,False,True,True,True
4145,run_b,26,B,1.0,0.875,3,3,0,False,True,True,True
4146,run_b,26,C,1.0,0.875,2,2,0,False,True,True,True
4147,run_b,27,A,1.0,0.875,3,3,0,False,True,True,True
4148,run_b,27,B,1.0,0.75,4,4,0,False,False,True,True
4149,run_b,27,C,1.0,0.75,2,2,0,False,False,True,True
4150,run_b,28,A,0.75,0.75,4,3,0,True,False,True,True
4151,run_b,28,B,0.75,0.75,4,3,0,True,False,True,True
4152,run_b,28,C,0.5,0.75,4,2,0,True,False,True,True
4153,run_b,29,A,1.0,0.75,3,3,0,False,False,True,True
4154,run_b,29,B,1.0,0.75,3,3,0,False,False,True,True
4155,run_b,29,C,1.0,0.75,2,2,0,False,False,True,True
4156,run_b,30,A,1.0,0.875,2,2,0,True,False,True,True
4157,run_b,30,B,1.0,0.875,2,2,0,True,False,True,True
4158,run_b,30,C,1.0,0.875,2,2,0,True,False,True,True
4159,run_b,1,A,0.6666666666666666,0.875,3,2,0,False,True,True,True
4160,run_b,1,B,0.6666666666666666,0.875,3,2,0,False,True,True,True
4161,run_b,1,C,0.6666666666666666,0.875,3,2,0,False,True,True,True
4162,run_b,2,A,0.3333333333333333,0.4166666666666666,3,1,0,False,False,True,True
4163,run_b,2,B,0.3333333333333333,0.4166666666666666,3,1,0,False,False,True,True
4164,run_b,2,C,0.6666666666666666,1.0,3,2,0,True,True,True,True
4165,run_b,3,A,0.3333333333333333,0.7083333333333333,3,1,0,False,True,True,True
4166,run_b,3,B,0.3333333333333333,0.7083333333333333,3,1,0,False,True,True,True
4167,run_b,3,C,0.6666666666666666,0.875,3,2,0,False,True,True,True
4168,run_b,4,A,0.0,0.375,2,0,0,False,True,False,False
4169,run_b,4,B,0.0,0.375,2,0,0,False,True,False,False
4170,run_b,4,C,0.3333333333333333,0.4166666666666666,3,1,0,False,False,True,True
4171,run_b,5,A,0.3333333333333333,0.5416666666666666,3,1,0,False,True,True,True
4172,run_b,5,B,0.3333333333333333,0.5416666666666666,3,1,0,False,True,True,True
4173,run_b,5,C,0.5,0.5,2,1,0,False,False,True,True
4174,run_b,6,A,0.3333333333333333,0.875,3,1,0,False,True,True,True
4175,run_b,6,B,0.3333333333333333,0.875,3,1,0,False,True,True,True
4176,run_b,6,C,0.6666666666666666,0.875,3,2,0,False,True,True,True
4177,run_b,7,A,0.5,0.875,2,1,0,False,True,True,True
4178,run_b,7,B,0.5,0.875,2,1,0,False,True,True,True
4179,run_b,7,C,1.0,0.875,2,2,0,False,True,True,True
4180,run_b,8,A,0.0,0.4583333333333333,3,0,0,False,True,False,False
4181,run_b,8,B,0.0,0.4583333333333333,3,0,0,False,True,False,False
4182,run_b,8,C,0.5,0.875,2,1,0,False,True,True,True
4183,run_b,9,A,0.0,0.625,3,0,0,False,True,False,False
4184,run_b,9,B,0.0,0.625,4,0,0,False,True,False,False
4185,run_b,9,C,0.5,0.875,2,1,0,False,True,True,True
4186,run_b,10,A,0.0,0.7083333333333333,3,0,0,True,True,True,False
4187,run_b,10,B,0.5,0.875,2,1,0,False,True,True,True
4188,run_b,10,C,0.5,0.875,2,1,0,False,True,True,True
4189,run_b,11,A,0.0,0.625,3,0,1,False,True,False,False
4190,run_b,11,B,0.5,0.875,2,1,0,False,True,True,True
4191,run_b,11,C,0.5,0.875,2,1,0,False,True,True,True
4192,run_b,12,A,0.0,0.625,3,0,0,False,True,False,False
4193,run_b,12,B,0.3333333333333333,0.875,3,1,0,False,True,True,True
4194,run_b,12,C,0.5,0.875,2,1,0,False,True,True,True
4195,run_b,13,A,1.0,0.625,4,4,0,False,False,False,True
4196,run_b,13,B,1.0,0.75,2,2,0,False,False,True,True
4197,run_b,13,C,1.0,0.75,2,2,0,False,False,True,True
4198,run_b,14,A,0.0,0.375,4,0,0,False,True,False,False
4199,run_b,14,B,0.3333333333333333,0.875,3,1,0,False,True,True,True
4200,run_b,14,C,1.0,0.875,2,2,0,False,True,True,True
4201,run_b,15,A,0.0,0.0,3,0,0,False,False,False,False
4202,run_b,15,B,0.0,0.0,3,0,0,False,False,False,False
4203,run_b,15,C,0.3333333333333333,0.4166666666666666,3,1,0,False,False,True,True
4204,run_b,16,A,0.3333333333333333,0.7083333333333333,3,1,0,False,True,True,True
4205,run_b,16,B,0.5,0.875,2,1,0,False,True,True,True
4206,run_b,16,C,0.5,0.875,2,1,0,False,True,True,True
4207,run_b,17,A,0.25,0.625,4,1,0,True,True,True,True
4208,run_b,17,B,0.3333333333333333,0.5416666666666666,3,1,0,False,True,True,True
4209,run_b,17,C,0.5,0.625,2,1,0,False,True,True,True
4210,run_b,18,A,0.3333333333333333,0.4166666666666666,3,1,0,False,False,True,True
4211,run_b,18,B,0.0,0.0,2,0,0,False,False,False,False
4212,run_b,18,C,0.5,0.5,2,1,0,False,False,True,True
4213,run_b,19,A,0.0,0.0,3,0,1,False,False,False,False
4214,run_b,19,B,0.0,0.2916666666666666,3,0,1,False,True,False,False
4215,run_b,19,C,0.0,0.625,2,1,1,True,False,True,True
4216,run_b,20,A,0.6666666666666666,0.875,3,2,0,False,True,True,True
4217,run_b,20,B,0.6666666666666666,0.875,3,2,0,False,True,True,True
4218,run_b,20,C,0.3333333333333333,0.7083333333333333,3,1,0,False,True,True,True
4219,run_b,21,A,0.0,0.25,4,0,0,False,False,True,False
4220,run_b,21,B,0.25,0.625,4,1,0,False,True,True,True
4221,run_b,21,C,0.6666666666666666,0.875,3,2,0,False,True,True,True
4222,run_b,22,A,0.6666666666666666,0.5833333333333333,3,2,0,False,False,True,True
4223,run_b,22,B,0.25,0.5,4,1,0,False,True,True,True
4224,run_b,22,C,0.5,0.625,2,1,0,False,True,True,True
4225,run_b,23,A,0.0,0.2916666666666666,3,0,0,False,False,True,False
4226,run_b,23,B,0.0,0.4166666666666666,3,0,0,False,True,True,False
4227,run_b,23,C,0.5,0.5,2,1,0,False,False,True,True
4228,run_b,24,A,0.6666666666666666,0.7083333333333333,3,2,0,False,True,True,True
4229,run_b,24,B,0.3333333333333333,0.875,3,1,0,False,True,True,True
4230,run_b,24,C,1.0,0.875,2,2,0,False,True,True,True
4231,run_b,25,A,0.6666666666666666,0.7083333333333333,3,2,0,True,False,True,True
4232,run_b,25,B,0.6666666666666666,0.8333333333333333,3,2,0,True,True,True,True
4233,run_b,25,C,0.5,0.875,2,1,0,False,True,True,True
4234,run_b,26,A,1.0,0.875,3,3,0,False,True,True,True
4235,run_b,26,B,1.0,0.875,3,3,0,False,True,True,True
4236,run_b,26,C,1.0,0.875,2,2,0,False,True,True,True
4237,run_b,27,A,1.0,0.875,3,3,0,False,True,True,True
4238,run_b,27,B,1.0,0.75,4,4,0,False,False,True,True
4239,run_b,27,C,1.0,0.75,2,2,0,False,False,True,True
4240,run_b,28,A,0.75,0.75,4,3,0,True,False,True,True
4241,run_b,28,B,0.75,0.75,4,3,0,True,False,True,True
4242,run_b,28,C,0.5,0.75,4,2,0,True,False,True,True
4243,run_b,29,A,1.0,0.75,3,3,0,False,False,True,True
4244,run_b,29,B,1.0,0.75,3,3,0,False,False,True,True
4245,run_b,29,C,1.0,0.75,2,2,0,False,False,True,True
4246,run_b,30,A,1.0,0.875,2,2,0,True,False,True,True
4247,run_b,30,B,1.0,0.875,2,2,0,True,False,True,True
4248,run_b,30,C,1.0,0.875,2,2,0,True,False,True,True
4249,run_b,1,A,0.6666666666666666,0.875,3,2,0,False,True,True,True
4250,run_b,1,B,0.6666666666666666,0.875,3,2,0,False,True,True,True
4251,run_b,1,C,0.6666666666666666,0.875,3,2,0,False,True,True,True
4252,run_b,2,A,0.3333333333333333,0.4166666666666666,3,1,0,False,False,True,True
4253,run_b,2,B,0.3333333333333333,0.4166666666666666,3,1,0,False,False,True,True
4254,run_b,2,C,0.6666666666666666,1.0,3,2,0,True,True,True,True
4255,run_b,3,A,0.3333333333333333,0.7083333333333333,3,1,0,False,True,True,True
4256,run_b,3,B,0.3333333333333333,0.7083333333333333,3,1,0,False,True,True,True
4257,run_b,3,C,0.6666666666666666,0.875,3,2,0,False,True,True,True
4258,run_b,4,A,0.0,0.375,2,0,0,False,True,False,False
4259,run_b,4,B,0.0,0.375,2,0,0,False,True,False,False
4260,run_b,4,C,0.3333333333333333,0.4166666666666666,3,1,0,False,False,True,True
4261,run_b,5,A,0.3333333333333333,0.5416666666666666,3,1,0,False,True,True,True
4262,run_b,5,B,0.3333333333333333,0.5416666666666666,3,1,0,False,True,True,True
4263,run_b,5,C,0.5,0.5,2,1,0,False,False,True,True
4264,run_b,6,A,0.3333333333333333,0.875,3,1,0,False,True,True,True
4265,run_b,6,B,0.3333333333333333,0.875,3,1,0,False,True,True,True
4266,run_b,6,C,0.6666666666666666,0.875,3,2,0,False,True,True,True
4267,run_b,7,A,0.5,0.875,2,1,0,False,True,True,True
4268,run_b,7,B,0.5,0.875,2,1,0,False,True,True,True
4269,run_b,7,C,1.0,0.875,2,2,0,False,True,True,True
4270,run_b,8,A,0.0,0.4583333333333333,3,0,0,False,True,False,False
4271,run_b,8,B,0.0,0.4583333333333333,3,0,0,False,True,False,False
4272,run_b,8,C,0.5,0.875,2,1,0,False,True,True,True
4273,run_b,9,A,0.0,0.625,3,0,0,False,True,False,False
4274,run_b,9,B,0.0,0.625,4,0,0,False,True,False,False
4275,run_b,9,C,0.5,0.875,2,1,0,False,True,True,True
4276,run_b,10,A,0.0,0.7083333333333333,3,0,0,True,True,True,False
4277,run_b,10,B,0.5,0.875,2,1,0,False,True,True,True
4278,run_b,10,C,0.5,0.875,2,1,0,False,True,True,True
4279,run_b,11,A,0.0,0.625,3,0,1,False,True,False,False
4280,run_b,11,B,0.5,0.875,2,1,0,False,True,True,True
4281,run_b,11,C,0.5,0.875,2,1,0,False,True,True,True
4282,run_b,12,A,0.0,0.625,3,0,0,False,True,False,False
4283,run_b,12,B,0.3333333333333333,0.875,3,1,0,False,True,True,True
4284,run_b,12,C,0.5,0.875,2,1,0,False,True,True,True
4285,run_b,13,A,1.0,0.625,4,4,0,False,False,False,True
4286,run_b,13,B,1.0,0.75,2,2,0,False,False,True,True
4287,run_b,13,C,1.0,0.75,2,2,0,False,False,True,True
4288,run_b,14,A,0.0,0.375,4,0,0,False,True,False,False
4289,run_b,14,B,0.3333333333333333,0.875,3,1,0,False,True,True,True
4290,run_b,14,C,1.0,0.875,2,2,0,False,True,True,True
4291,run_b,15,A,0.0,0.0,3,0,0,False,False,False,False
4292,run_b,15,B,0.0,0.0,3,0,0,False,False,False,False
4293,run_b,15,C,0.3333333333333333,0.4166666666666666,3,1,0,False,False,True,True
4294,run_b,16,A,0.3333333333333333,0.7083333333333333,3,1,0,False,True,True,True
4295,run_b,16,B,0.5,0.875,2,1,0,False,True,True,True
4296,run_b,16,C,0.5,0.875,2,1,0,False,True,True,True
4297,run_b,17,A,0.25,0.625,4,1,0,True,True,True,True
4298,run_b,17,B,0.3333333333333333,0.5416666666666666,3,1,0,False,True,True,True
4299,run_b,17,C,0.5,0.625,2,1,0,False,True,True,True
4300,run_b,18,A,0.3333333333333333,0.4166666666666666,3,1,0,False,False,True,True
4301,run_b,18,B,0.0,0.0,2,0,0,False,False,False,False
4302,run_b,18,C,0.5,0.5,2,1,0,False,False,True,True
4303,run_b,19,A,0.0,0.0,3,0,1,False,False,False,False
4304,run_b,19,B,0.0,0.2916666666666666,3,0,1,False,True,False,False
4305,run_b,19,C,0.0,0.625,2,1,1,True,False,True,True
4306,run_b,20,A,0.6666666666666666,0.875,3,2,0,False,True,True,True
4307,run_b,20,B,0.6666666666666666,0.875,3,2,0,False,True,True,True
4308,run_b,20,C,0.3333333333333333,0.7083333333333333,3,1,0,False,True,True,True
4309,run_b,21,A,0.0,0.25,4,0,0,False,False,True,False
4310,run_b,21,B,0.25,0.625,4,1,0,False,True,True,True
4311,run_b,21,C,0.6666666666666666,0.875,3,2,0,False,True,True,True
4312,run_b,22,A,0.6666666666666666,0.5833333333333333,3,2,0,False,False,True,True
4313,run_b,22,B,0.25,0.5,4,1,0,False,True,True,True
4314,run_b,22,C,0.5,0.625,2,1,0,False,True,True,True
4315,run_b,23,A,0.0,0.2916666666666666,3,0,0,False,False,True,False
4316,run_b,23,B,0.0,0.4166666666666666,3,0,0,False,True,True,False
4317,run_b,23,C,0.5,0.5,2,1,0,False,False,True,True
4318,run_b,24,A,0.6666666666666666,0.7083333333333333,3,2,0,False,True,True,True
4319,run_b,24,B,0.3333333333333333,0.875,3,1,0,False,True,True,True
4320,run_b,24,C,1.0,0.875,2,2,0,False,True,True,True
4321,run_b,25,A,0.6666666666666666,0.7083333333333333,3,2,0,True,False,True,True
4322,run_b,25,B,0.6666666666666666,0.8333333333333333,3,2,0,True,True,True,True
4323,run_b,25,C,0.5,0.875,2,1,0,False,True,True,True
4324,run_b,26,A,1.0,0.875,3,3,0,False,True,True,True
4325,run_b,26,B,1.0,0.875,3,3,0,False,True,True,True
4326,run_b,26,C,1.0,0.875,2,2,0,False,True,True,True
4327,run_b,27,A,1.0,0.875,3,3,0,False,True,True,True
4328,run_b,27,B,1.0,0.75,4,4,0,False,False,True,True
4329,run_b,27,C,1.0,0.75,2,2,0,False,False,True,True
4330,run_b,28,A,0.75,0.75,4,3,0,True,False,True,True
4331,run_b,28,B,0.75,0.75,4,3,0,True,False,True,True
4332,run_b,28,C,0.5,0.75,4,2,0,True,False,True,True
4333,run_b,29,A,1.0,0.75,3,3,0,False,False,True,True
4334,run_b,29,B,1.0,0.75,3,3,0,False,False,True,True
4335,run_b,29,C,1.0,0.75,2,2,0,False,False,True,True
4336,run_b,30,A,1.0,0.875,2,2,0,True,False,True,True
4337,run_b,30,B,1.0,0.875,2,2,0,True,False,True,True
4338,run_b,30,C,1.0,0.875,2,2,0,True,False,True,True
4339,run_b,1,A,0.6666666666666666,0.875,3,2,0,False,True,True,True
4340,run_b,1,B,0.6666666666666666,0.875,3,2,0,False,True,True,True
4341,run_b,1,C,0.6666666666666666,0.875,3,2,0,False,True,True,True
4342,run_b,2,A,0.3333333333333333,0.4166666666666666,3,1,0,False,False,True,True
4343,run_b,2,B,0.3333333333333333,0.4166666666666666,3,1,0,False,False,True,True
4344,run_b,2,C,0.6666666666666666,1.0,3,2,0,True,True,True,True
4345,run_b,3,A,0.3333333333333333,0.7083333333333333,3,1,0,False,True,True,True
4346,run_b,3,B,0.3333333333333333,0.7083333333333333,3,1,0,False,True,True,True
4347,run_b,3,C,0.6666666666666666,0.875,3,2,0,False,True,True,True
4348,run_b,4,A,0.0,0.375,2,0,0,False,True,False,False
4349,run_b,4,B,0.0,0.375,2,0,0,False,True,False,False
4350,run_b,4,C,0.3333333333333333,0.4166666666666666,3,1,0,False,False,True,True
4351,run_b,5,A,0.3333333333333333,0.5416666666666666,3,1,0,False,True,True,True
4352,run_b,5,B,0.3333333333333333,0.5416666666666666,3,1,0,False,True,True,True
4353,run_b,5,C,0.5,0.5,2,1,0,False,False,True,True
4354,run_b,6,A,0.3333333333333333,0.875,3,1,0,False,True,True,True
4355,run_b,6,B,0.3333333333333333,0.875,3,1,0,False,True,True,True
4356,run_b,6,C,0.6666666666666666,0.875,3,2,0,False,True,True,True
4357,run_b,7,A,0.5,0.875,2,1,0,False,True,True,True
4358,run_b,7,B,0.5,0.875,2,1,0,False,True,True,True
4359,run_b,7,C,1.0,0.875,2,2,0,False,True,True,True
4360,run_b,8,A,0.0,0.4583333333333333,3,0,0,False,True,False,False
4361,run_b,8,B,0.0,0.4583333333333333,3,0,0,False,True,False,False
4362,run_b,8,C,0.5,0.875,2,1,0,False,True,True,True
4363,run_b,9,A,0.0,0.625,3,0,0,False,True,False,False
4364,run_b,9,B,0.0,0.625,4,0,0,False,True,False,False
4365,run_b,9,C,0.5,0.875,2,1,0,False,True,True,True
4366,run_b,10,A,0.0,0.7083333333333333,3,0,0,True,True,True,False
4367,run_b,10,B,0.5,0.875,2,1,0,False,True,True,True
4368,run_b,10,C,0.5,0.875,2,1,0,False,True,True,True
4369,run_b,11,A,0.0,0.625,3,0,1,False,True,False,False
4370,run_b,11,B,0.5,0.875,2,1,0,False,True,True,True
4371,run_b,11,C,0.5,0.875,2,1,0,False,True,True,True
4372,run_b,12,A,0.0,0.625,3,0,0,False,True,False,False
4373,run_b,12,B,0.3333333333333333,0.875,3,1,0,False,True,True,True
4374,run_b,12,C,0.5,0.875,2,1,0,False,True,True,True
4375,run_b,13,A,1.0,0.625,4,4,0,False,False,False,True
4376,run_b,13,B,1.0,0.75,2,2,0,False,False,True,True
4377,run_b,13,C,1.0,0.75,2,2,0,False,False,True,True
4378,run_b,14,A,0.0,0.375,4,0,0,False,True,False,False
4379,run_b,14,B,0.3333333333333333,0.875,3,1,0,False,True,True,True
4380,run_b,14,C,1.0,0.875,2,2,0,False,True,True,True
4381,run_b,15,A,0.0,0.0,3,0,0,False,False,False,False
4382,run_b,15,B,0.0,0.0,3,0,0,False,False,False,False
4383,run_b,15,C,0.3333333333333333,0.4166666666666666,3,1,0,False,False,True,True
4384,run_b,16,A,0.3333333333333333,0.7083333333333333,3,1,0,False,True,True,True
4385,run_b,16,B,0.5,0.875,2,1,0,False,True,True,True
4386,run_b,16,C,0.5,0.875,2,1,0,False,True,True,True
4387,run_b,17,A,0.25,0.625,4,1,0,True,True,True,True
4388,run_b,17,B,0.3333333333333333,0.5416666666666666,3,1,0,False,True,True,True
4389,run_b,17,C,0.5,0.625,2,1,0,False,True,True,True
4390,run_b,18,A,0.3333333333333333,0.4166666666666666,3,1,0,False,False,True,True
4391,run_b,18,B,0.0,0.0,2,0,0,False,False,False,False
4392,run_b,18,C,0.5,0.5,2,1,0,False,False,True,True
4393,run_b,19,A,0.0,0.0,3,0,1,False,False,False,False
4394,run_b,19,B,0.0,0.2916666666666666,3,0,1,False,True,False,False
4395,run_b,19,C,0.0,0.625,2,1,1,True,False,True,True
4396,run_b,20,A,0.6666666666666666,0.875,3,2,0,False,True,True,True
4397,run_b,20,B,0.6666666666666666,0.875,3,2,0,False,True,True,True
4398,run_b,20,C,0.3333333333333333,0.7083333333333333,3,1,0,False,True,True,True
4399,run_b,21,A,0.0,0.25,4,0,0,False,False,True,False
4400,run_b,21,B,0.25,0.625,4,1,0,False,True,True,True
4401,run_b,21,C,0.6666666666666666,0.875,3,2,0,False,True,True,True
4402,run_b,22,A,0.6666666666666666,0.5833333333333333,3,2,0,False,False,True,True
4403,run_b,22,B,0.25,0.5,4,1,0,False,True,True,True
4404,run_b,22,C,0.5,0.625,2,1,0,False,True,True,True
4405,run_b,23,A,0.0,0.2916666666666666,3,0,0,False,False,True,False
4406,run_b,23,B,0.0,0.4166666666666666,3,0,0,False,True,True,False
4407,run_b,23,C,0.5,0.5,2,1,0,False,False,True,True
4408,run_b,24,A,0.6666666666666666,0.7083333333333333,3,2,0,False,True,True,True
4409,run_b,24,B,0.3333333333333333,0.875,3,1,0,False,True,True,True
4410,run_b,24,C,1.0,0.875,2,2,0,False,True,True,True
4411,run_b,25,A,0.6666666666666666,0.7083333333333333,3,2,0,True,False,True,True
4412,run_b,25,B,0.6666666666666666,0.8333333333333333,3,2,0,True,True,True,True
4413,run_b,25,C,0.5,0.875,2,1,0,False,True,True,True
4414,run_b,26,A,1.0,0.875,3,3,0,False,True,True,True
4415,run_b,26,B,1.0,0.875,3,3,0,False,True,True,True
4416,run_b,26,C,1.0,0.875,2,2,0,False,True,True,True
4417,run_b,27,A,1.0,0.875,3,3,0,False,True,True,True
4418,run_b,27,B,1.0,0.75,4,4,0,False,False,True,True
4419,run_b,27,C,1.0,0.75,2,2,0,False,False,True,True
4420,run_b,28,A,0.75,0.75,4,3,0,True,False,True,True
4421,run_b,28,B,0.75,0.75,4,3,0,True,False,True,True
4422,run_b,28,C,0.5,0.75,4,2,0,True,False,True,True
4423,run_b,29,A,1.0,0.75,3,3,0,False,False,True,True
4424,run_b,29,B,1.0,0.75,3,3,0,False,False,True,True
4425,run_b,29,C,1.0,0.75,2,2,0,False,False,True,True
4426,run_b,30,A,1.0,0.875,2,2,0,True,False,True,True
4427,run_b,30,B,1.0,0.875,2,2,0,True,False,True,True
4428,run_b,30,C,1.0,0.875,2,2,0,True,False,True,True
4429,run_b,1,A,0.6666666666666666,0.875,3,2,0,False,True,True,True
4430,run_b,1,B,0.6666666666666666,0.875,3,2,0,False,True,True,True
4431,run_b,1,C,0.6666666666666666,0.875,3,2,0,False,True,True,True
4432,run_b,2,A,0.3333333333333333,0.4166666666666666,3,1,0,False,False,True,True
4433,run_b,2,B,0.3333333333333333,0.4166666666666666,3,1,0,False,False,True,True
4434,run_b,2,C,0.6666666666666666,1.0,3,2,0,True,True,True,True
4435,run_b,3,A,0.3333333333333333,0.7083333333333333,3,1,0,False,True,True,True
4436,run_b,3,B,0.3333333333333333,0.7083333333333333,3,1,0,False,True,True,True
4437,run_b,3,C,0.6666666666666666,0.875,3,2,0,False,True,True,True
4438,run_b,4,A,0.0,0.375,2,0,0,False,True,False,False
4439,run_b,4,B,0.0,0.375,2,0,0,False,True,False,False
4440,run_b,4,C,0.3333333333333333,0.4166666666666666,3,1,0,False,False,True,True
4441,run_b,5,A,0.3333333333333333,0.5416666666666666,3,1,0,False,True,True,True
4442,run_b,5,B,0.3333333333333333,0.5416666666666666,3,1,0,False,True,True,True
4443,run_b,5,C,0.5,0.5,2,1,0,False,False,True,True
4444,run_b,6,A,0.3333333333333333,0.875,3,1,0,False,True,True,True
4445,run_b,6,B,0.3333333333333333,0.875,3,1,0,False,True,True,True
4446,run_b,6,C,0.6666666666666666,0.875,3,2,0,False,True,True,True
4447,run_b,7,A,0.5,0.875,2,1,0,False,True,True,True
4448,run_b,7,B,0.5,0.875,2,1,0,False,True,True,True
4449,run_b,7,C,1.0,0.875,2,2,0,False,True,True,True
4450,run_b,8,A,0.0,0.4583333333333333,3,0,0,False,True,False,False
4451,run_b,8,B,0.0,0.4583333333333333,3,0,0,False,True,False,False
4452,run_b,8,C,0.5,0.875,2,1,0,False,True,True,True
4453,run_b,9,A,0.0,0.625,3,0,0,False,True,False,False
4454,run_b,9,B,0.0,0.625,4,0,0,False,True,False,False
4455,run_b,9,C,0.5,0.875,2,1,0,False,True,True,True
4456,run_b,10,A,0.0,0.7083333333333333,3,0,0,True,True,True,False
4457,run_b,10,B,0.5,0.875,2,1,0,False,True,True,True
4458,run_b,10,C,0.5,0.875,2,1,0,False,True,True,True
4459,run_b,11,A,0.0,0.625,3,0,1,False,True,False,False
4460,run_b,11,B,0.5,0.875,2,1,0,False,True,True,True
4461,run_b,11,C,0.5,0.875,2,1,0,False,True,True,True
4462,run_b,12,A,0.0,0.625,3,0,0,False,True,False,False
4463,run_b,12,B,0.3333333333333333,0.875,3,1,0,False,True,True,True
4464,run_b,12,C,0.5,0.875,2,1,0,False,True,True,True
4465,run_b,13,A,1.0,0.625,4,4,0,False,False,False,True
4466,run_b,13,B,1.0,0.75,2,2,0,False,False,True,True
4467,run_b,13,C,1.0,0.75,2,2,0,False,False,True,True
4468,run_b,14,A,0.0,0.375,4,0,0,False,True,False,False
4469,run_b,14,B,0.3333333333333333,0.875,3,1,0,False,True,True,True
4470,run_b,14,C,1.0,0.875,2,2,0,False,True,True,True
4471,run_b,15,A,0.0,0.0,3,0,0,False,False,False,False
4472,run_b,15,B,0.0,0.0,3,0,0,False,False,False,False
4473,run_b,15,C,0.3333333333333333,0.4166666666666666,3,1,0,False,False,True,True
4474,run_b,16,A,0.3333333333333333,0.7083333333333333,3,1,0,False,True,True,True
4475,run_b,16,B,0.5,0.875,2,1,0,False,True,True,True
4476,run_b,16,C,0.5,0.875,2,1,0,False,True,True,True
4477,run_b,17,A,0.25,0.625,4,1,0,True,True,True,True
4478,run_b,17,B,0.3333333333333333,0.5416666666666666,3,1,0,False,True,True,True
4479,run_b,17,C,0.5,0.625,2,1,0,False,True,True,True
4480,run_b,18,A,0.3333333333333333,0.4166666666666666,3,1,0,False,False,True,True
4481,run_b,18,B,0.0,0.0,2,0,0,False,False,False,False
4482,run_b,18,C,0.5,0.5,2,1,0,False,False,True,True
4483,run_b,19,A,0.0,0.0,3,0,1,False,False,False,False
4484,run_b,19,B,0.0,0.2916666666666666,3,0,1,False,True,False,False
4485,run_b,19,C,0.0,0.625,2,1,1,True,False,True,True
4486,run_b,20,A,0.6666666666666666,0.875,3,2,0,False,True,True,True
4487,run_b,20,B,0.6666666666666666,0.875,3,2,0,False,True,True,True
4488,run_b,20,C,0.3333333333333333,0.7083333333333333,3,1,0,False,True,True,True
4489,run_b,21,A,0.0,0.25,4,0,0,False,False,True,False
4490,run_b,21,B,0.25,0.625,4,1,0,False,True,True,True
4491,run_b,21,C,0.6666666666666666,0.875,3,2,0,False,True,True,True
4492,run_b,22,A,0.6666666666666666,0.5833333333333333,3,2,0,False,False,True,True
4493,run_b,22,B,0.25,0.5,4,1,0,False,True,True,True
4494,run_b,22,C,0.5,0.625,2,1,0,False,True,True,True
4495,run_b,23,A,0.0,0.2916666666666666,3,0,0,False,False,True,False
4496,run_b,23,B,0.0,0.4166666666666666,3,0,0,False,True,True,False
4497,run_b,23,C,0.5,0.5,2,1,0,False,False,True,True
4498,run_b,24,A,0.6666666666666666,0.7083333333333333,3,2,0,False,True,True,True
4499,run_b,24,B,0.3333333333333333,0.875,3,1,0,False,True,True,True
4500,run_b,24,C,1.0,0.875,2,2,0,False,True,True,True
4501,run_b,25,A,0.6666666666666666,0.7083333333333333,3,2,0,True,False,True,True
4502,run_b,25,B,0.6666666666666666,0.8333333333333333,3,2,0,True,True,True,True
4503,run_b,25,C,0.5,0.875,2,1,0,False,True,True,True
4504,run_b,26,A,1.0,0.875,3,3,0,False,True,True,True
4505,run_b,26,B,1.0,0.875,3,3,0,False,True,True,True
4506,run_b,26,C,1.0,0.875,2,2,0,False,True,True,True
4507,run_b,27,A,1.0,0.875,3,3,0,False,True,True,True
4508,run_b,27,B,1.0,0.75,4,4,0,False,False,True,True
4509,run_b,27,C,1.0,0.75,2,2,0,False,False,True,True
4510,run_b,28,A,0.75,0.75,4,3,0,True,False,True,True
4511,run_b,28,B,0.75,0.75,4,3,0,True,False,True,True
4512,run_b,28,C,0.5,0.75,4,2,0,True,False,True,True
4513,run_b,29,A,1.0,0.75,3,3,0,False,False,True,True
4514,run_b,29,B,1.0,0.75,3,3,0,False,False,True,True
4515,run_b,29,C,1.0,0.75,2,2,0,False,False,True,True
4516,run_b,30,A,1.0,0.875,2,2,0,True,False,True,True
4517,run_b,30,B,1.0,0.875,2,2,0,True,False,True,True
4518,run_b,30,C,1.0,0.875,2,2,0,True,False,True,True
4519,run_b,1,A,0.6666666666666666,0.875,3,2,0,False,True,True,True
4520,run_b,1,B,0.6666666666666666,0.875,3,2,0,False,True,True,True
4521,run_b,1,C,0.6666666666666666,0.875,3,2,0,False,True,True,True
4522,run_b,2,A,0.3333333333333333,0.4166666666666666,3,1,0,False,False,True,True
4523,run_b,2,B,0.3333333333333333,0.4166666666666666,3,1,0,False,False,True,True
4524,run_b,2,C,0.6666666666666666,1.0,3,2,0,True,True,True,True
4525,run_b,3,A,0.3333333333333333,0.7083333333333333,3,1,0,False,True,True,True
4526,run_b,3,B,0.3333333333333333,0.7083333333333333,3,1,0,False,True,True,True
4527,run_b,3,C,0.6666666666666666,0.875,3,2,0,False,True,True,True
4528,run_b,4,A,0.0,0.375,2,0,0,False,True,False,False
4529,run_b,4,B,0.0,0.375,2,0,0,False,True,False,False
4530,run_b,4,C,0.3333333333333333,0.4166666666666666,3,1,0,False,False,True,True
4531,run_b,5,A,0.3333333333333333,0.5416666666666666,3,1,0,False,True,True,True
4532,run_b,5,B,0.3333333333333333,0.5416666666666666,3,1,0,False,True,True,True
4533,run_b,5,C,0.5,0.5,2,1,0,False,False,True,True
4534,run_b,6,A,0.3333333333333333,0.875,3,1,0,False,True,True,True
4535,run_b,6,B,0.3333333333333333,0.875,3,1,0,False,True,True,True
4536,run_b,6,C,0.6666666666666666,0.875,3,2,0,False,True,True,True
4537,run_b,7,A,0.5,0.875,2,1,0,False,True,True,True
4538,run_b,7,B,0.5,0.875,2,1,0,False,True,True,True
4539,run_b,7,C,1.0,0.875,2,2,0,False,True,True,True
4540,run_b,8,A,0.0,0.4583333333333333,3,0,0,False,True,False,False
4541,run_b,8,B,0.0,0.4583333333333333,3,0,0,False,True,False,False
4542,run_b,8,C,0.5,0.875,2,1,0,False,True,True,True
4543,run_b,9,A,0.0,0.625,3,0,0,False,True,False,False
4544,run_b,9,B,0.0,0.625,4,0,0,False,True,False,False
4545,run_b,9,C,0.5,0.875,2,1,0,False,True,True,True
4546,run_b,10,A,0.0,0.7083333333333333,3,0,0,True,True,True,False
4547,run_b,10,B,0.5,0.875,2,1,0,False,True,True,True
4548,run_b,10,C,0.5,0.875,2,1,0,False,True,True,True
4549,run_b,11,A,0.0,0.625,3,0,1,False,True,False,False
4550,run_b,11,B,0.5,0.875,2,1,0,False,True,True,True
4551,run_b,11,C,0.5,0.875,2,1,0,False,True,True,True
4552,run_b,12,A,0.0,0.625,3,0,0,False,True,False,False
4553,run_b,12,B,0.3333333333333333,0.875,3,1,0,False,True,True,True
4554,run_b,12,C,0.5,0.875,2,1,0,False,True,True,True
4555,run_b,13,A,1.0,0.625,4,4,0,False,False,False,True
4556,run_b,13,B,1.0,0.75,2,2,0,False,False,True,True
4557,run_b,13,C,1.0,0.75,2,2,0,False,False,True,True
4558,run_b,14,A,0.0,0.375,4,0,0,False,True,False,False
4559,run_b,14,B,0.3333333333333333,0.875,3,1,0,False,True,True,True
4560,run_b,14,C,1.0,0.875,2,2,0,False,True,True,True
4561,run_b,15,A,0.0,0.0,3,0,0,False,False,False,False
4562,run_b,15,B,0.0,0.0,3,0,0,False,False,False,False
4563,run_b,15,C,0.3333333333333333,0.4166666666666666,3,1,0,False,False,True,True
4564,run_b,16,A,0.3333333333333333,0.7083333333333333,3,1,0,False,True,True,True
4565,run_b,16,B,0.5,0.875,2,1,0,False,True,True,True
4566,run_b,16,C,0.5,0.875,2,1,0,False,True,True,True
4567,run_b,17,A,0.25,0.625,4,1,0,True,True,True,True
4568,run_b,17,B,0.3333333333333333,0.5416666666666666,3,1,0,False,True,True,True
4569,run_b,17,C,0.5,0.625,2,1,0,False,True,True,True
4570,run_b,18,A,0.3333333333333333,0.4166666666666666,3,1,0,False,False,True,True
4571,run_b,18,B,0.0,0.0,2,0,0,False,False,False,False
4572,run_b,18,C,0.5,0.5,2,1,0,False,False,True,True
4573,run_b,19,A,0.0,0.0,3,0,1,False,False,False,False
4574,run_b,19,B,0.0,0.2916666666666666,3,0,1,False,True,False,False
4575,run_b,19,C,0.0,0.625,2,1,1,True,False,True,True
4576,run_b,20,A,0.6666666666666666,0.875,3,2,0,False,True,True,True
4577,run_b,20,B,0.6666666666666666,0.875,3,2,0,False,True,True,True
4578,run_b,20,C,0.3333333333333333,0.7083333333333333,3,1,0,False,True,True,True
4579,run_b,21,A,0.0,0.25,4,0,0,False,False,True,False
4580,run_b,21,B,0.25,0.625,4,1,0,False,True,True,True
4581,run_b,21,C,0.6666666666666666,0.875,3,2,0,False,True,True,True
4582,run_b,22,A,0.6666666666666666,0.5833333333333333,3,2,0,False,False,True,True
4583,run_b,22,B,0.25,0.5,4,1,0,False,True,True,True
4584,run_b,22,C,0.5,0.625,2,1,0,False,True,True,True
4585,run_b,23,A,0.0,0.2916666666666666,3,0,0,False,False,True,False
4586,run_b,23,B,0.0,0.4166666666666666,3,0,0,False,True,True,False
4587,run_b,23,C,0.5,0.5,2,1,0,False,False,True,True
4588,run_b,24,A,0.6666666666666666,0.7083333333333333,3,2,0,False,True,True,True
4589,run_b,24,B,0.3333333333333333,0.875,3,1,0,False,True,True,True
4590,run_b,24,C,1.0,0.875,2,2,0,False,True,True,True
4591,run_b,25,A,0.6666666666666666,0.7083333333333333,3,2,0,True,False,True,True
4592,run_b,25,B,0.6666666666666666,0.8333333333333333,3,2,0,True,True,True,True
4593,run_b,25,C,0.5,0.875,2,1,0,False,True,True,True
4594,run_b,26,A,1.0,0.875,3,3,0,False,True,True,True
4595,run_b,26,B,1.0,0.875,3,3,0,False,True,True,True
4596,run_b,26,C,1.0,0.875,2,2,0,False,True,True,True
4597,run_b,27,A,1.0,0.875,3,3,0,False,True,True,True
4598,run_b,27,B,1.0,0.75,4,4,0,False,False,True,True
4599,run_b,27,C,1.0,0.75,2,2,0,False,False,True,True
4600,run_b,28,A,0.75,0.75,4,3,0,True,False,True,True
4601,run_b,28,B,0.75,0.75,4,3,0,True,False,True,True
4602,run_b,28,C,0.5,0.75,4,2,0,True,False,True,True
4603,run_b,29,A,1.0,0.75,3,3,0,False,False,True,True
4604,run_b,29,B,1.0,0.75,3,3,0,False,False,True,True
4605,run_b,29,C,1.0,0.75,2,2,0,False,False,True,True
4606,run_b,30,A,1.0,0.875,2,2,0,True,False,True,True
4607,run_b,30,B,1.0,0.875,2,2,0,True,False,True,True
4608,run_b,30,C,1.0,0.875,2,2,0,True,False,True,True
4609,run_b,1,A,0.6666666666666666,0.875,3,2,0,False,True,True,True
4610,run_b,1,B,0.6666666666666666,0.875,3,2,0,False,True,True,True
4611,run_b,1,C,0.6666666666666666,0.875,3,2,0,False,True,True,True
4612,run_b,2,A,0.3333333333333333,0.4166666666666666,3,1,0,False,False,True,True
4613,run_b,2,B,0.3333333333333333,0.4166666666666666,3,1,0,False,False,True,True
4614,run_b,2,C,0.6666666666666666,1.0,3,2,0,True,True,True,True
4615,run_b,3,A,0.3333333333333333,0.7083333333333333,3,1,0,False,True,True,True
4616,run_b,3,B,0.3333333333333333,0.7083333333333333,3,1,0,False,True,True,True
4617,run_b,3,C,0.6666666666666666,0.875,3,2,0,False,True,True,True
4618,run_b,4,A,0.0,0.375,2,0,0,False,True,False,False
4619,run_b,4,B,0.0,0.375,2,0,0,False,True,False,False
4620,run_b,4,C,0.3333333333333333,0.4166666666666666,3,1,0,False,False,True,True
4621,run_b,5,A,0.3333333333333333,0.5416666666666666,3,1,0,False,True,True,True
4622,run_b,5,B,0.3333333333333333,0.5416666666666666,3,1,0,False,True,True,True
4623,run_b,5,C,0.5,0.5,2,1,0,False,False,True,True
4624,run_b,6,A,0.3333333333333333,0.875,3,1,0,False,True,True,True
4625,run_b,6,B,0.3333333333333333,0.875,3,1,0,False,True,True,True
4626,run_b,6,C,0.6666666666666666,0.875,3,2,0,False,True,True,True
4627,run_b,7,A,0.5,0.875,2,1,0,False,True,True,True
4628,run_b,7,B,0.5,0.875,2,1,0,False,True,True,True
4629,run_b,7,C,1.0,0.875,2,2,0,False,True,True,True
4630,run_b,8,A,0.0,0.4583333333333333,3,0,0,False,True,False,False
4631,run_b,8,B,0.0,0.4583333333333333,3,0,0,False,True,False,False
4632,run_b,8,C,0.5,0.875,2,1,0,False,True,True,True
4633,run_b,9,A,0.0,0.625,3,0,0,False,True,False,False
4634,run_b,9,B,0.0,0.625,4,0,0,False,True,False,False
4635,run_b,9,C,0.5,0.875,2,1,0,False,True,True,True
4636,run_b,10,A,0.0,0.7083333333333333,3,0,0,True,True,True,False
4637,run_b,10,B,0.5,0.875,2,1,0,False,True,True,True
4638,run_b,10,C,0.5,0.875,2,1,0,False,True,True,True
4639,run_b,11,A,0.0,0.625,3,0,1,False,True,False,False
4640,run_b,11,B,0.5,0.875,2,1,0,False,True,True,True
4641,run_b,11,C,0.5,0.875,2,1,0,False,True,True,True
4642,run_b,12,A,0.0,0.625,3,0,0,False,True,False,False
4643,run_b,12,B,0.3333333333333333,0.875,3,1,0,False,True,True,True
4644,run_b,12,C,0.5,0.875,2,1,0,False,True,True,True
4645,run_b,13,A,1.0,0.625,4,4,0,False,False,False,True
4646,run_b,13,B,1.0,0.75,2,2,0,False,False,True,True
4647,run_b,13,C,1.0,0.75,2,2,0,False,False,True,True
4648,run_b,14,A,0.0,0.375,4,0,0,False,True,False,False
4649,run_b,14,B,0.3333333333333333,0.875,3,1,0,False,True,True,True
4650,run_b,14,C,1.0,0.875,2,2,0,False,True,True,True
4651,run_b,15,A,0.0,0.0,3,0,0,False,False,False,False
4652,run_b,15,B,0.0,0.0,3,0,0,False,False,False,False
4653,run_b,15,C,0.3333333333333333,0.4166666666666666,3,1,0,False,False,True,True
4654,run_b,16,A,0.3333333333333333,0.7083333333333333,3,1,0,False,True,True,True
4655,run_b,16,B,0.5,0.875,2,1,0,False,True,True,True
4656,run_b,16,C,0.5,0.875,2,1,0,False,True,True,True
4657,run_b,17,A,0.25,0.625,4,1,0,True,True,True,True
4658,run_b,17,B,0.3333333333333333,0.5416666666666666,3,1,0,False,True,True,True
4659,run_b,17,C,0.5,0.625,2,1,0,False,True,True,True
4660,run_b,18,A,0.3333333333333333,0.4166666666666666,3,1,0,False,False,True,True
4661,run_b,18,B,0.0,0.0,2,0,0,False,False,False,False
4662,run_b,18,C,0.5,0.5,2,1,0,False,False,True,True
4663,run_b,19,A,0.0,0.0,3,0,1,False,False,False,False
4664,run_b,19,B,0.0,0.2916666666666666,3,0,1,False,True,False,False
4665,run_b,19,C,0.0,0.625,2,1,1,True,False,True,True
4666,run_b,20,A,0.6666666666666666,0.875,3,2,0,False,True,True,True
4667,run_b,20,B,0.6666666666666666,0.875,3,2,0,False,True,True,True
4668,run_b,20,C,0.3333333333333333,0.7083333333333333,3,1,0,False,True,True,True
4669,run_b,21,A,0.0,0.25,4,0,0,False,False,True,False
4670,run_b,21,B,0.25,0.625,4,1,0,False,True,True,True
4671,run_b,21,C,0.6666666666666666,0.875,3,2,0,False,True,True,True
4672,run_b,22,A,0.6666666666666666,0.5833333333333333,3,2,0,False,False,True,True
4673,run_b,22,B,0.25,0.5,4,1,0,False,True,True,True
4674,run_b,22,C,0.5,0.625,2,1,0,False,True,True,True
4675,run_b,23,A,0.0,0.2916666666666666,3,0,0,False,False,True,False
4676,run_b,23,B,0.0,0.4166666666666666,3,0,0,False,True,True,False
4677,run_b,23,C,0.5,0.5,2,1,0,False,False,True,True
4678,run_b,24,A,0.6666666666666666,0.7083333333333333,3,2,0,False,True,True,True
4679,run_b,24,B,0.3333333333333333,0.875,3,1,0,False,True,True,True
4680,run_b,24,C,1.0,0.875,2,2,0,False,True,True,True
4681,run_b,25,A,0.6666666666666666,0.7083333333333333,3,2,0,True,False,True,True
4682,run_b,25,B,0.6666666666666666,0.8333333333333333,3,2,0,True,True,True,True
4683,run_b,25,C,0.5,0.875,2,1,0,False,True,True,True
4684,run_b,26,A,1.0,0.875,3,3,0,False,True,True,True
4685,run_b,26,B,1.0,0.875,3,3,0,False,True,True,True
4686,run_b,26,C,1.0,0.875,2,2,0,False,True,True,True
4687,run_b,27,A,1.0,0.875,3,3,0,False,True,True,True
4688,run_b,27,B,1.0,0.75,4,4,0,False,False,True,True
4689,run_b,27,C,1.0,0.75,2,2,0,False,False,True,True
4690,run_b,28,A,0.75,0.75,4,3,0,True,False,True,True
4691,run_b,28,B,0.75,0.75,4,3,0,True,False,True,True
4692,run_b,28,C,0.5,0.75,4,2,0,True,False,True,True
4693,run_b,29,A,1.0,0.75,3,3,0,False,False,True,True
4694,run_b,29,B,1.0,0.75,3,3,0,False,False,True,True
4695,run_b,29,C,1.0,0.75,2,2,0,False,False,True,True
4696,run_b,30,A,1.0,0.875,2,2,0,True,False,True,True
4697,run_b,30,B,1.0,0.875,2,2,0,True,False,True,True
4698,run_b,30,C,1.0,0.875,2,2,0,True,False,True,True
4699,run_b,1,A,0.6666666666666666,0.875,3,2,0,False,True,True,True
4700,run_b,1,B,0.6666666666666666,0.875,3,2,0,False,True,True,True
4701,run_b,1,C,0.6666666666666666,0.875,3,2,0,False,True,True,True
4702,run_b,2,A,0.3333333333333333,0.4166666666666666,3,1,0,False,False,True,True
4703,run_b,2,B,0.3333333333333333,0.4166666666666666,3,1,0,False,False,True,True
4704,run_b,2,C,0.6666666666666666,1.0,3,2,0,True,True,True,True
4705,run_b,3,A,0.3333333333333333,0.7083333333333333,3,1,0,False,True,True,True
4706,run_b,3,B,0.3333333333333333,0.7083333333333333,3,1,0,False,True,True,True
4707,run_b,3,C,0.6666666666666666,0.875,3,2,0,False,True,True,True
4708,run_b,4,A,0.0,0.375,2,0,0,False,True,False,False
4709,run_b,4,B,0.0,0.375,2,0,0,False,True,False,False
4710,run_b,4,C,0.3333333333333333,0.4166666666666666,3,1,0,False,False,True,True
4711,run_b,5,A,0.3333333333333333,0.5416666666666666,3,1,0,False,True,True,True
4712,run_b,5,B,0.3333333333333333,0.5416666666666666,3,1,0,False,True,True,True
4713,run_b,5,C,0.5,0.5,2,1,0,False,False,True,True
4714,run_b,6,A,0.3333333333333333,0.875,3,1,0,False,True,True,True
4715,run_b,6,B,0.3333333333333333,0.875,3,1,0,False,True,True,True
4716,run_b,6,C,0.6666666666666666,0.875,3,2,0,False,True,True,True
4717,run_b,7,A,0.5,0.875,2,1,0,False,True,True,True
4718,run_b,7,B,0.5,0.875,2,1,0,False,True,True,True
4719,run_b,7,C,1.0,0.875,2,2,0,False,True,True,True
4720,run_b,8,A,0.0,0.4583333333333333,3,0,0,False,True,False,False
4721,run_b,8,B,0.0,0.4583333333333333,3,0,0,False,True,False,False
4722,run_b,8,C,0.5,0.875,2,1,0,False,True,True,True
4723,run_b,9,A,0.0,0.625,3,0,0,False,True,False,False
4724,run_b,9,B,0.0,0.625,4,0,0,False,True,False,False
4725,run_b,9,C,0.5,0.875,2,1,0,False,True,True,True
4726,run_b,10,A,0.0,0.7083333333333333,3,0,0,True,True,True,False
4727,run_b,10,B,0.5,0.875,2,1,0,False,True,True,True
4728,run_b,10,C,0.5,0.875,2,1,0,False,True,True,True
4729,run_b,11,A,0.0,0.625,3,0,1,False,True,False,False
4730,run_b,11,B,0.5,0.875,2,1,0,False,True,True,True
4731,run_b,11,C,0.5,0.875,2,1,0,False,True,True,True
4732,run_b,12,A,0.0,0.625,3,0,0,False,True,False,False
4733,run_b,12,B,0.3333333333333333,0.875,3,1,0,False,True,True,True
4734,run_b,12,C,0.5,0.875,2,1,0,False,True,True,True
4735,run_b,13,A,1.0,0.625,4,4,0,False,False,False,True
4736,run_b,13,B,1.0,0.75,2,2,0,False,False,True,True
4737,run_b,13,C,1.0,0.75,2,2,0,False,False,True,True
4738,run_b,14,A,0.0,0.375,4,0,0,False,True,False,False
4739,run_b,14,B,0.3333333333333333,0.875,3,1,0,False,True,True,True
4740,run_b,14,C,1.0,0.875,2,2,0,False,True,True,True
4741,run_b,15,A,0.0,0.0,3,0,0,False,False,False,False
4742,run_b,15,B,0.0,0.0,3,0,0,False,False,False,False
4743,run_b,15,C,0.3333333333333333,0.4166666666666666,3,1,0,False,False,True,True
4744,run_b,16,A,0.3333333333333333,0.7083333333333333,3,1,0,False,True,True,True
4745,run_b,16,B,0.5,0.875,2,1,0,False,True,True,True
4746,run_b,16,C,0.5,0.875,2,1,0,False,True,True,True
4747,run_b,17,A,0.25,0.625,4,1,0,True,True,True,True
4748,run_b,17,B,0.3333333333333333,0.5416666666666666,3,1,0,False,True,True,True
4749,run_b,17,C,0.5,0.625,2,1,0,False,True,True,True
4750,run_b,18,A,0.3333333333333333,0.4166666666666666,3,1,0,False,False,True,True
4751,run_b,18,B,0.0,0.0,2,0,0,False,False,False,False
4752,run_b,18,C,0.5,0.5,2,1,0,False,False,True,True
4753,run_b,19,A,0.0,0.0,3,0,1,False,False,False,False
4754,run_b,19,B,0.0,0.2916666666666666,3,0,1,False,True,False,False
4755,run_b,19,C,0.0,0.625,2,1,1,True,False,True,True
4756,run_b,20,A,0.6666666666666666,0.875,3,2,0,False,True,True,True
4757,run_b,20,B,0.6666666666666666,0.875,3,2,0,False,True,True,True
4758,run_b,20,C,0.3333333333333333,0.7083333333333333,3,1,0,False,True,True,True
4759,run_b,21,A,0.0,0.25,4,0,0,False,False,True,False
4760,run_b,21,B,0.25,0.625,4,1,0,False,True,True,True
4761,run_b,21,C,0.6666666666666666,0.875,3,2,0,False,True,True,True
4762,run_b,22,A,0.6666666666666666,0.5833333333333333,3,2,0,False,False,True,True
4763,run_b,22,B,0.25,0.5,4,1,0,False,True,True,True
4764,run_b,22,C,0.5,0.625,2,1,0,False,True,True,True
4765,run_b,23,A,0.0,0.2916666666666666,3,0,0,False,False,True,False
4766,run_b,23,B,0.0,0.4166666666666666,3,0,0,False,True,True,False
4767,run_b,23,C,0.5,0.5,2,1,0,False,False,True,True
4768,run_b,24,A,0.6666666666666666,0.7083333333333333,3,2,0,False,True,True,True
4769,run_b,24,B,0.3333333333333333,0.875,3,1,0,False,True,True,True
4770,run_b,24,C,1.0,0.875,2,2,0,False,True,True,True
4771,run_b,25,A,0.6666666666666666,0.7083333333333333,3,2,0,True,False,True,True
4772,run_b,25,B,0.6666666666666666,0.8333333333333333,3,2,0,True,True,True,True
4773,run_b,25,C,0.5,0.875,2,1,0,False,True,True,True
4774,run_b,26,A,1.0,0.875,3,3,0,False,True,True,True
4775,run_b,26,B,1.0,0.875,3,3,0,False,True,True,True
4776,run_b,26,C,1.0,0.875,2,2,0,False,True,True,True
4777,run_b,27,A,1.0,0.875,3,3,0,False,True,True,True
4778,run_b,27,B,1.0,0.75,4,4,0,False,False,True,True
4779,run_b,27,C,1.0,0.75,2,2,0,False,False,True,True
4780,run_b,28,A,0.75,0.75,4,3,0,True,False,True,True
4781,run_b,28,B,0.75,0.75,4,3,0,True,False,True,True
4782,run_b,28,C,0.5,0.75,4,2,0,True,False,True,True
4783,run_b,29,A,1.0,0.75,3,3,0,False,False,True,True
4784,run_b,29,B,1.0,0.75,3,3,0,False,False,True,True
4785,run_b,29,C,1.0,0.75,2,2,0,False,False,True,True
4786,run_b,30,A,1.0,0.875,2,2,0,True,False,True,True
4787,run_b,30,B,1.0,0.875,2,2,0,True,False,True,True
4788,run_b,30,C,1.0,0.875,2,2,0,True,False,True,True
4789,run_b,1,A,0.6666666666666666,0.875,3,2,0,False,True,True,True
4790,run_b,1,B,0.6666666666666666,0.875,3,2,0,False,True,True,True
4791,run_b,1,C,0.6666666666666666,0.875,3,2,0,False,True,True,True
4792,run_b,2,A,0.3333333333333333,0.4166666666666666,3,1,0,False,False,True,True
4793,run_b,2,B,0.3333333333333333,0.4166666666666666,3,1,0,False,False,True,True
4794,run_b,2,C,0.6666666666666666,1.0,3,2,0,True,True,True,True
4795,run_b,3,A,0.3333333333333333,0.7083333333333333,3,1,0,False,True,True,True
4796,run_b,3,B,0.3333333333333333,0.7083333333333333,3,1,0,False,True,True,True
4797,run_b,3,C,0.6666666666666666,0.875,3,2,0,False,True,True,True
4798,run_b,4,A,0.0,0.375,2,0,0,False,True,False,False
4799,run_b,4,B,0.0,0.375,2,0,0,False,True,False,False
4800,run_b,4,C,0.3333333333333333,0.4166666666666666,3,1,0,False,False,True,True
4801,run_b,5,A,0.3333333333333333,0.5416666666666666,3,1,0,False,True,True,True
4802,run_b,5,B,0.3333333333333333,0.5416666666666666,3,1,0,False,True,True,True
4803,run_b,5,C,0.5,0.5,2,1,0,False,False,True,True
4804,run_b,6,A,0.3333333333333333,0.875,3,1,0,False,True,True,True
4805,run_b,6,B,0.3333333333333333,0.875,3,1,0,False,True,True,True
4806,run_b,6,C,0.6666666666666666,0.875,3,2,0,False,True,True,True
4807,run_b,7,A,0.5,0.875,2,1,0,False,True,True,True
4808,run_b,7,B,0.5,0.875,2,1,0,False,True,True,True
4809,run_b,7,C,1.0,0.875,2,2,0,False,True,True,True
4810,run_b,8,A,0.0,0.4583333333333333,3,0,0,False,True,False,False
4811,run_b,8,B,0.0,0.4583333333333333,3,0,0,False,True,False,False
4812,run_b,8,C,0.5,0.875,2,1,0,False,True,True,True
4813,run_b,9,A,0.0,0.625,3,0,0,False,True,False,False
4814,run_b,9,B,0.0,0.625,4,0,0,False,True,False,False
4815,run_b,9,C,0.5,0.875,2,1,0,False,True,True,True
4816,run_b,10,A,0.0,0.7083333333333333,3,0,0,True,True,True,False
4817,run_b,10,B,0.5,0.875,2,1,0,False,True,True,True
4818,run_b,10,C,0.5,0.875,2,1,0,False,True,True,True
4819,run_b,11,A,0.0,0.625,3,0,1,False,True,False,False
4820,run_b,11,B,0.5,0.875,2,1,0,False,True,True,True
4821,run_b,11,C,0.5,0.875,2,1,0,False,True,True,True
4822,run_b,12,A,0.0,0.625,3,0,0,False,True,False,False
4823,run_b,12,B,0.3333333333333333,0.875,3,1,0,False,True,True,True
4824,run_b,12,C,0.5,0.875,2,1,0,False,True,True,True
4825,run_b,13,A,1.0,0.625,4,4,0,False,False,False,True
4826,run_b,13,B,1.0,0.75,2,2,0,False,False,True,True
4827,run_b,13,C,1.0,0.75,2,2,0,False,False,True,True
4828,run_b,14,A,0.0,0.375,4,0,0,False,True,False,False
4829,run_b,14,B,0.3333333333333333,0.875,3,1,0,False,True,True,True
4830,run_b,14,C,1.0,0.875,2,2,0,False,True,True,True
4831,run_b,15,A,0.0,0.0,3,0,0,False,False,False,False
4832,run_b,15,B,0.0,0.0,3,0,0,False,False,False,False
4833,run_b,15,C,0.3333333333333333,0.4166666666666666,3,1,0,False,False,True,True
4834,run_b,16,A,0.3333333333333333,0.7083333333333333,3,1,0,False,True,True,True
4835,run_b,16,B,0.5,0.875,2,1,0,False,True,True,True
4836,run_b,16,C,0.5,0.875,2,1,0,False,True,True,True
4837,run_b,17,A,0.25,0.625,4,1,0,True,True,True,True
4838,run_b,17,B,0.3333333333333333,0.5416666666666666,3,1,0,False,True,True,True
4839,run_b,17,C,0.5,0.625,2,1,0,False,True,True,True
4840,run_b,18,A,0.3333333333333333,0.4166666666666666,3,1,0,False,False,True,True
4841,run_b,18,B,0.0,0.0,2,0,0,False,False,False,False
4842,run_b,18,C,0.5,0.5,2,1,0,False,False,True,True
4843,run_b,19,A,0.0,0.0,3,0,1,False,False,False,False
4844,run_b,19,B,0.0,0.2916666666666666,3,0,1,False,True,False,False
4845,run_b,19,C,0.0,0.625,2,1,1,True,False,True,True
4846,run_b,20,A,0.6666666666666666,0.875,3,2,0,False,True,True,True
4847,run_b,20,B,0.6666666666666666,0.875,3,2,0,False,True,True,True
4848,run_b,20,C,0.3333333333333333,0.7083333333333333,3,1,0,False,True,True,True
4849,run_b,21,A,0.0,0.25,4,0,0,False,False,True,False
4850,run_b,21,B,0.25,0.625,4,1,0,False,True,True,True
4851,run_b,21,C,0.6666666666666666,0.875,3,2,0,False,True,True,True
4852,run_b,22,A,0.6666666666666666,0.5833333333333333,3,2,0,False,False,True,True
4853,run_b,22,B,0.25,0.5,4,1,0,False,True,True,True
4854,run_b,22,C,0.5,0.625,2,1,0,False,True,True,True
4855,run_b,23,A,0.0,0.2916666666666666,3,0,0,False,False,True,False
4856,run_b,23,B,0.0,0.4166666666666666,3,0,0,False,True,True,False
4857,run_b,23,C,0.5,0.5,2,1,0,False,False,True,True
4858,run_b,24,A,0.6666666666666666,0.7083333333333333,3,2,0,False,True,True,True
4859,run_b,24,B,0.3333333333333333,0.875,3,1,0,False,True,True,True
4860,run_b,24,C,1.0,0.875,2,2,0,False,True,True,True
4861,run_b,25,A,0.6666666666666666,0.7083333333333333,3,2,0,True,False,True,True
4862,run_b,25,B,0.6666666666666666,0.8333333333333333,3,2,0,True,True,True,True
4863,run_b,25,C,0.5,0.875,2,1,0,False,True,True,True
4864,run_b,26,A,1.0,0.875,3,3,0,False,True,True,True
4865,run_b,26,B,1.0,0.875,3,3,0,False,True,True,True
4866,run_b,26,C,1.0,0.875,2,2,0,False,True,True,True
4867,run_b,27,A,1.0,0.875,3,3,0,False,True,True,True
4868,run_b,27,B,1.0,0.75,4,4,0,False,False,True,True
4869,run_b,27,C,1.0,0.75,2,2,0,False,False,True,True
4870,run_b,28,A,0.75,0.75,4,3,0,True,False,True,True
4871,run_b,28,B,0.75,0.75,4,3,0,True,False,True,True
4872,run_b,28,C,0.5,0.75,4,2,0,True,False,True,True
4873,run_b,29,A,1.0,0.75,3,3,0,False,False,True,True
4874,run_b,29,B,1.0,0.75,3,3,0,False,False,True,True
4875,run_b,29,C,1.0,0.75,2,2,0,False,False,True,True
4876,run_b,30,A,1.0,0.875,2,2,0,True,False,True,True
4877,run_b,30,B,1.0,0.875,2,2,0,True,False,True,True
4878,run_b,30,C,1.0,0.875,2,2,0,True,False,True,True
4879,run_b,1,A,0.6666666666666666,0.875,3,2,0,False,True,True,True
4880,run_b,1,B,0.6666666666666666,0.875,3,2,0,False,True,True,True
4881,run_b,1,C,0.6666666666666666,0.875,3,2,0,False,True,True,True
4882,run_b,2,A,0.3333333333333333,0.4166666666666666,3,1,0,False,False,True,True
4883,run_b,2,B,0.3333333333333333,0.4166666666666666,3,1,0,False,False,True,True
4884,run_b,2,C,0.6666666666666666,1.0,3,2,0,True,True,True,True
4885,run_b,3,A,0.3333333333333333,0.7083333333333333,3,1,0,False,True,True,True
4886,run_b,3,B,0.3333333333333333,0.7083333333333333,3,1,0,False,True,True,True
4887,run_b,3,C,0.6666666666666666,0.875,3,2,0,False,True,True,True
4888,run_b,4,A,0.0,0.375,2,0,0,False,True,False,False
4889,run_b,4,B,0.0,0.375,2,0,0,False,True,False,False
4890,run_b,4,C,0.3333333333333333,0.4166666666666666,3,1,0,False,False,True,True
4891,run_b,5,A,0.3333333333333333,0.5416666666666666,3,1,0,False,True,True,True
4892,run_b,5,B,0.3333333333333333,0.5416666666666666,3,1,0,False,True,True,True
4893,run_b,5,C,0.5,0.5,2,1,0,False,False,True,True
4894,run_b,6,A,0.3333333333333333,0.875,3,1,0,False,True,True,True
4895,run_b,6,B,0.3333333333333333,0.875,3,1,0,False,True,True,True
4896,run_b,6,C,0.6666666666666666,0.875,3,2,0,False,True,True,True
4897,run_b,7,A,0.5,0.875,2,1,0,False,True,True,True
4898,run_b,7,B,0.5,0.875,2,1,0,False,True,True,True
4899,run_b,7,C,1.0,0.875,2,2,0,False,True,True,True
4900,run_b,8,A,0.0,0.4583333333333333,3,0,0,False,True,False,False
4901,run_b,8,B,0.0,0.4583333333333333,3,0,0,False,True,False,False
4902,run_b,8,C,0.5,0.875,2,1,0,False,True,True,True
4903,run_b,9,A,0.0,0.625,3,0,0,False,True,False,False
4904,run_b,9,B,0.0,0.625,4,0,0,False,True,False,False
4905,run_b,9,C,0.5,0.875,2,1,0,False,True,True,True
4906,run_b,10,A,0.0,0.7083333333333333,3,0,0,True,True,True,False
4907,run_b,10,B,0.5,0.875,2,1,0,False,True,True,True
4908,run_b,10,C,0.5,0.875,2,1,0,False,True,True,True
4909,run_b,11,A,0.0,0.625,3,0,1,False,True,False,False
4910,run_b,11,B,0.5,0.875,2,1,0,False,True,True,True
4911,run_b,11,C,0.5,0.875,2,1,0,False,True,True,True
4912,run_b,12,A,0.0,0.625,3,0,0,False,True,False,False
4913,run_b,12,B,0.3333333333333333,0.875,3,1,0,False,True,True,True
4914,run_b,12,C,0.5,0.875,2,1,0,False,True,True,True
4915,run_b,13,A,1.0,0.625,4,4,0,False,False,False,True
4916,run_b,13,B,1.0,0.75,2,2,0,False,False,True,True
4917,run_b,13,C,1.0,0.75,2,2,0,False,False,True,True
4918,run_b,14,A,0.0,0.375,4,0,0,False,True,False,False
4919,run_b,14,B,0.3333333333333333,0.875,3,1,0,False,True,True,True
4920,run_b,14,C,1.0,0.875,2,2,0,False,True,True,True
4921,run_b,15,A,0.0,0.0,3,0,0,False,False,False,False
4922,run_b,15,B,0.0,0.0,3,0,0,False,False,False,False
4923,run_b,15,C,0.3333333333333333,0.4166666666666666,3,1,0,False,False,True,True
4924,run_b,16,A,0.3333333333333333,0.7083333333333333,3,1,0,False,True,True,True
4925,run_b,16,B,0.5,0.875,2,1,0,False,True,True,True
4926,run_b,16,C,0.5,0.875,2,1,0,False,True,True,True
4927,run_b,17,A,0.25,0.625,4,1,0,True,True,True,True
4928,run_b,17,B,0.3333333333333333,0.5416666666666666,3,1,0,False,True,True,True
4929,run_b,17,C,0.5,0.625,2,1,0,False,True,True,True
4930,run_b,18,A,0.3333333333333333,0.4166666666666666,3,1,0,False,False,True,True
4931,run_b,18,B,0.0,0.0,2,0,0,False,False,False,False
4932,run_b,18,C,0.5,0.5,2,1,0,False,False,True,True
4933,run_b,19,A,0.0,0.0,3,0,1,False,False,False,False
4934,run_b,19,B,0.0,0.2916666666666666,3,0,1,False,True,False,False
4935,run_b,19,C,0.0,0.625,2,1,1,True,False,True,True
4936,run_b,20,A,0.6666666666666666,0.875,3,2,0,False,True,True,True
4937,run_b,20,B,0.6666666666666666,0.875,3,2,0,False,True,True,True
4938,run_b,20,C,0.3333333333333333,0.7083333333333333,3,1,0,False,True,True,True
4939,run_b,21,A,0.0,0.25,4,0,0,False,False,True,False
4940,run_b,21,B,0.25,0.625,4,1,0,False,True,True,True
4941,run_b,21,C,0.6666666666666666,0.875,3,2,0,False,True,True,True
4942,run_b,22,A,0.6666666666666666,0.5833333333333333,3,2,0,False,False,True,True
4943,run_b,22,B,0.25,0.5,4,1,0,False,True,True,True
4944,run_b,22,C,0.5,0.625,2,1,0,False,True,True,True
4945,run_b,23,A,0.0,0.2916666666666666,3,0,0,False,False,True,False
4946,run_b,23,B,0.0,0.4166666666666666,3,0,0,False,True,True,False
4947,run_b,23,C,0.5,0.5,2,1,0,False,False,True,True
4948,run_b,24,A,0.6666666666666666,0.7083333333333333,3,2,0,False,True,True,True
4949,run_b,24,B,0.3333333333333333,0.875,3,1,0,False,True,True,True
4950,run_b,24,C,1.0,0.875,2,2,0,False,True,True,True
4951,run_b,25,A,0.6666666666666666,0.7083333333333333,3,2,0,True,False,True,True
4952,run_b,25,B,0.6666666666666666,0.8333333333333333,3,2,0,True,True,True,True
4953,run_b,25,C,0.5,0.875,2,1,0,False,True,True,True
4954,run_b,26,A,1.0,0.875,3,3,0,False,True,True,True
4955,run_b,26,B,1.0,0.875,3,3,0,False,True,True,True
4956,run_b,26,C,1.0,0.875,2,2,0,False,True,True,True
4957,run_b,27,A,1.0,0.875,3,3,0,False,True,True,True
4958,run_b,27,B,1.0,0.75,4,4,0,False,False,True,True
4959,run_b,27,C,1.0,0.75,2,2,0,False,False,True,True
4960,run_b,28,A,0.75,0.75,4,3,0,True,False,True,True
4961,run_b,28,B,0.75,0.75,4,3,0,True,False,True,True
4962,run_b,28,C,0.5,0.75,4,2,0,True,False,True,True
4963,run_b,29,A,1.0,0.75,3,3,0,False,False,True,True
4964,run_b,29,B,1.0,0.75,3,3,0,False,False,True,True
4965,run_b,29,C,1.0,0.75,2,2,0,False,False,True,True
4966,run_b,30,A,1.0,0.875,2,2,0,True,False,True,True
4967,run_b,30,B,1.0,0.875,2,2,0,True,False,True,True
4968,run_b,30,C,1.0,0.875,2,2,0,True,False,True,True
4969,run_b,1,A,0.6666666666666666,0.875,3,2,0,False,True,True,True
4970,run_b,1,B,0.6666666666666666,0.875,3,2,0,False,True,True,True
4971,run_b,1,C,0.6666666666666666,0.875,3,2,0,False,True,True,True
4972,run_b,2,A,0.3333333333333333,0.4166666666666666,3,1,0,False,False,True,True
4973,run_b,2,B,0.3333333333333333,0.4166666666666666,3,1,0,False,False,True,True
4974,run_b,2,C,0.6666666666666666,1.0,3,2,0,True,True,True,True
4975,run_b,3,A,0.3333333333333333,0.7083333333333333,3,1,0,False,True,True,True
4976,run_b,3,B,0.3333333333333333,0.7083333333333333,3,1,0,False,True,True,True
4977,run_b,3,C,0.6666666666666666,0.875,3,2,0,False,True,True,True
4978,run_b,4,A,0.0,0.375,2,0,0,False,True,False,False
4979,run_b,4,B,0.0,0.375,2,0,0,False,True,False,False
4980,run_b,4,C,0.3333333333333333,0.4166666666666666,3,1,0,False,False,True,True
4981,run_b,5,A,0.3333333333333333,0.5416666666666666,3,1,0,False,True,True,True
4982,run_b,5,B,0.3333333333333333,0.5416666666666666,3,1,0,False,True,True,True
4983,run_b,5,C,0.5,0.5,2,1,0,False,False,True,True
4984,run_b,6,A,0.3333333333333333,0.875,3,1,0,False,True,True,True
4985,run_b,6,B,0.3333333333333333,0.875,3,1,0,False,True,True,True
4986,run_b,6,C,0.6666666666666666,0.875,3,2,0,False,True,True,True
4987,run_b,7,A,0.5,0.875,2,1,0,False,True,True,True
4988,run_b,7,B,0.5,0.875,2,1,0,False,True,True,True
4989,run_b,7,C,1.0,0.875,2,2,0,False,True,True,True
4990,run_b,8,A,0.0,0.4583333333333333,3,0,0,False,True,False,False
4991,run_b,8,B,0.0,0.4583333333333333,3,0,0,False,True,False,False
4992,run_b,8,C,0.5,0.875,2,1,0,False,True,True,True
4993,run_b,9,A,0.0,0.625,3,0,0,False,True,False,False
4994,run_b,9,B,0.0,0.625,4,0,0,False,True,False,False
4995,run_b,9,C,0.5,0.875,2,1,0,False,True,True,True
4996,run_b,10,A,0.0,0.7083333333333333,3,0,0,True,True,True,False
4997,run_b,10,B,0.5,0.875,2,1,0,False,True,True,True
4998,run_b,10,C,0.5,0.875,2,1,0,False,True,True,True
4999,run_b,11,A,0.0,0.625,3,0,1,False,True,False,False
5000,run_b,11,B,0.5,0.875,2,1,0,False,True,True,True
5001,run_b,11,C,0.5,0.875,2,1,0,False,True,True,True
5002,run_b,12,A,0.0,0.625,3,0,0,False,True,False,False
5003,run_b,12,B,0.3333333333333333,0.875,3,1,0,False,True,True,True
5004,run_b,12,C,0.5,0.875,2,1,0,False,True,True,True
5005,run_b,13,A,1.0,0.625,4,4,0,False,False,False,True
5006,run_b,13,B,1.0,0.75,2,2,0,False,False,True,True
5007,run_b,13,C,1.0,0.75,2,2,0,False,False,True,True
5008,run_b,14,A,0.0,0.375,4,0,0,False,True,False,False
5009,run_b,14,B,0.3333333333333333,0.875,3,1,0,False,True,True,True
5010,run_b,14,C,1.0,0.875,2,2,0,False,True,True,True
5011,run_b,15,A,0.0,0.0,3,0,0,False,False,False,False
5012,run_b,15,B,0.0,0.0,3,0,0,False,False,False,False
5013,run_b,15,C,0.3333333333333333,0.4166666666666666,3,1,0,False,False,True,True
5014,run_b,16,A,0.3333333333333333,0.7083333333333333,3,1,0,False,True,True,True
5015,run_b,16,B,0.5,0.875,2,1,0,False,True,True,True
5016,run_b,16,C,0.5,0.875,2,1,0,False,True,True,True
5017,run_b,17,A,0.25,0.625,4,1,0,True,True,True,True
5018,run_b,17,B,0.3333333333333333,0.5416666666666666,3,1,0,False,True,True,True
5019,run_b,17,C,0.5,0.625,2,1,0,False,True,True,True
5020,run_b,18,A,0.3333333333333333,0.4166666666666666,3,1,0,False,False,True,True
5021,run_b,18,B,0.0,0.0,2,0,0,False,False,False,False
5022,run_b,18,C,0.5,0.5,2,1,0,False,False,True,True
5023,run_b,19,A,0.0,0.0,3,0,1,False,False,False,False
5024,run_b,19,B,0.0,0.2916666666666666,3,0,1,False,True,False,False
5025,run_b,19,C,0.0,0.625,2,1,1,True,False,True,True
5026,run_b,20,A,0.6666666666666666,0.875,3,2,0,False,True,True,True
5027,run_b,20,B,0.6666666666666666,0.875,3,2,0,False,True,True,True
5028,run_b,20,C,0.3333333333333333,0.7083333333333333,3,1,0,False,True,True,True
5029,run_b,21,A,0.0,0.25,4,0,0,False,False,True,False
5030,run_b,21,B,0.25,0.625,4,1,0,False,True,True,True
5031,run_b,21,C,0.6666666666666666,0.875,3,2,0,False,True,True,True
5032,run_b,22,A,0.6666666666666666,0.5833333333333333,3,2,0,False,False,True,True
5033,run_b,22,B,0.25,0.5,4,1,0,False,True,True,True
5034,run_b,22,C,0.5,0.625,2,1,0,False,True,True,True
5035,run_b,23,A,0.0,0.2916666666666666,3,0,0,False,False,True,False
5036,run_b,23,B,0.0,0.4166666666666666,3,0,0,False,True,True,False
5037,run_b,23,C,0.5,0.5,2,1,0,False,False,True,True
5038,run_b,24,A,0.6666666666666666,0.7083333333333333,3,2,0,False,True,True,True
5039,run_b,24,B,0.3333333333333333,0.875,3,1,0,False,True,True,True
5040,run_b,24,C,1.0,0.875,2,2,0,False,True,True,True
5041,run_b,25,A,0.6666666666666666,0.7083333333333333,3,2,0,True,False,True,True
5042,run_b,25,B,0.6666666666666666,0.8333333333333333,3,2,0,True,True,True,True
5043,run_b,25,C,0.5,0.875,2,1,0,False,True,True,True
5044,run_b,26,A,1.0,0.875,3,3,0,False,True,True,True
5045,run_b,26,B,1.0,0.875,3,3,0,False,True,True,True
5046,run_b,26,C,1.0,0.875,2,2,0,False,True,True,True
5047,run_b,27,A,1.0,0.875,3,3,0,False,True,True,True
5048,run_b,27,B,1.0,0.75,4,4,0,False,False,True,True
5049,run_b,27,C,1.0,0.75,2,2,0,False,False,True,True
5050,run_b,28,A,0.75,0.75,4,3,0,True,False,True,True
5051,run_b,28,B,0.75,0.75,4,3,0,True,False,True,True
5052,run_b,28,C,0.5,0.75,4,2,0,True,False,True,True
5053,run_b,29,A,1.0,0.75,3,3,0,False,False,True,True
5054,run_b,29,B,1.0,0.75,3,3,0,False,False,True,True
5055,run_b,29,C,1.0,0.75,2,2,0,False,False,True,True
5056,run_b,30,A,1.0,0.875,2,2,0,True,False,True,True
5057,run_b,30,B,1.0,0.875,2,2,0,True,False,True,True
5058,run_b,30,C,1.0,0.875,2,2,0,True,False,True,True
5059,run_b,1,A,0.6666666666666666,0.875,3,2,0,False,True,True,True
5060,run_b,1,B,0.6666666666666666,0.875,3,2,0,False,True,True,True
5061,run_b,1,C,0.6666666666666666,0.875,3,2,0,False,True,True,True
5062,run_b,2,A,0.3333333333333333,0.4166666666666666,3,1,0,False,False,True,True
5063,run_b,2,B,0.3333333333333333,0.4166666666666666,3,1,0,False,False,True,True
5064,run_b,2,C,0.6666666666666666,1.0,3,2,0,True,True,True,True
5065,run_b,3,A,0.3333333333333333,0.7083333333333333,3,1,0,False,True,True,True
5066,run_b,3,B,0.3333333333333333,0.7083333333333333,3,1,0,False,True,True,True
5067,run_b,3,C,0.6666666666666666,0.875,3,2,0,False,True,True,True
5068,run_b,4,A,0.0,0.375,2,0,0,False,True,False,False
5069,run_b,4,B,0.0,0.375,2,0,0,False,True,False,False
5070,run_b,4,C,0.3333333333333333,0.4166666666666666,3,1,0,False,False,True,True
5071,run_b,5,A,0.3333333333333333,0.5416666666666666,3,1,0,False,True,True,True
5072,run_b,5,B,0.3333333333333333,0.5416666666666666,3,1,0,False,True,True,True
5073,run_b,5,C,0.5,0.5,2,1,0,False,False,True,True
5074,run_b,6,A,0.3333333333333333,0.875,3,1,0,False,True,True,True
5075,run_b,6,B,0.3333333333333333,0.875,3,1,0,False,True,True,True
5076,run_b,6,C,0.6666666666666666,0.875,3,2,0,False,True,True,True
5077,run_b,7,A,0.5,0.875,2,1,0,False,True,True,True
5078,run_b,7,B,0.5,0.875,2,1,0,False,True,True,True
5079,run_b,7,C,1.0,0.875,2,2,0,False,True,True,True
5080,run_b,8,A,0.0,0.4583333333333333,3,0,0,False,True,False,False
5081,run_b,8,B,0.0,0.4583333333333333,3,0,0,False,True,False,False
5082,run_b,8,C,0.5,0.875,2,1,0,False,True,True,True
5083,run_b,9,A,0.0,0.625,3,0,0,False,True,False,False
5084,run_b,9,B,0.0,0.625,4,0,0,False,True,False,False
5085,run_b,9,C,0.5,0.875,2,1,0,False,True,True,True
5086,run_b,10,A,0.0,0.7083333333333333,3,0,0,True,True,True,False
5087,run_b,10,B,0.5,0.875,2,1,0,False,True,True,True
5088,run_b,10,C,0.5,0.875,2,1,0,False,True,True,True
5089,run_b,11,A,0.0,0.625,3,0,1,False,True,False,False
5090,run_b,11,B,0.5,0.875,2,1,0,False,True,True,True
5091,run_b,11,C,0.5,0.875,2,1,0,False,True,True,True
5092,run_b,12,A,0.0,0.625,3,0,0,False,True,False,False
5093,run_b,12,B,0.3333333333333333,0.875,3,1,0,False,True,True,True
5094,run_b,12,C,0.5,0.875,2,1,0,False,True,True,True
5095,run_b,13,A,1.0,0.625,4,4,0,False,False,False,True
5096,run_b,13,B,1.0,0.75,2,2,0,False,False,True,True
5097,run_b,13,C,1.0,0.75,2,2,0,False,False,True,True
5098,run_b,14,A,0.0,0.375,4,0,0,False,True,False,False
5099,run_b,14,B,0.3333333333333333,0.875,3,1,0,False,True,True,True
5100,run_b,14,C,1.0,0.875,2,2,0,False,True,True,True
5101,run_b,15,A,0.0,0.0,3,0,0,False,False,False,False
5102,run_b,15,B,0.0,0.0,3,0,0,False,False,False,False
5103,run_b,15,C,0.3333333333333333,0.4166666666666666,3,1,0,False,False,True,True
5104,run_b,16,A,0.3333333333333333,0.7083333333333333,3,1,0,False,True,True,True
5105,run_b,16,B,0.5,0.875,2,1,0,False,True,True,True
5106,run_b,16,C,0.5,0.875,2,1,0,False,True,True,True
5107,run_b,17,A,0.25,0.625,4,1,0,True,True,True,True
5108,run_b,17,B,0.3333333333333333,0.5416666666666666,3,1,0,False,True,True,True
5109,run_b,17,C,0.5,0.625,2,1,0,False,True,True,True
5110,run_b,18,A,0.3333333333333333,0.4166666666666666,3,1,0,False,False,True,True
5111,run_b,18,B,0.0,0.0,2,0,0,False,False,False,False
5112,run_b,18,C,0.5,0.5,2,1,0,False,False,True,True
5113,run_b,19,A,0.0,0.0,3,0,1,False,False,False,False
5114,run_b,19,B,0.0,0.2916666666666666,3,0,1,False,True,False,False
5115,run_b,19,C,0.0,0.625,2,1,1,True,False,True,True
5116,run_b,20,A,0.6666666666666666,0.875,3,2,0,False,True,True,True
5117,run_b,20,B,0.6666666666666666,0.875,3,2,0,False,True,True,True
5118,run_b,20,C,0.3333333333333333,0.7083333333333333,3,1,0,False,True,True,True
5119,run_b,21,A,0.0,0.25,4,0,0,False,False,True,False
5120,run_b,21,B,0.25,0.625,4,1,0,False,True,True,True
5121,run_b,21,C,0.6666666666666666,0.875,3,2,0,False,True,True,True
5122,run_b,22,A,0.6666666666666666,0.5833333333333333,3,2,0,False,False,True,True
5123,run_b,22,B,0.25,0.5,4,1,0,False,True,True,True
5124,run_b,22,C,0.5,0.625,2,1,0,False,True,True,True
5125,run_b,23,A,0.0,0.2916666666666666,3,0,0,False,False,True,False
5126,run_b,23,B,0.0,0.4166666666666666,3,0,0,False,True,True,False
5127,run_b,23,C,0.5,0.5,2,1,0,False,False,True,True
5128,run_b,24,A,0.6666666666666666,0.7083333333333333,3,2,0,False,True,True,True
5129,run_b,24,B,0.3333333333333333,0.875,3,1,0,False,True,True,True
5130,run_b,24,C,1.0,0.875,2,2,0,False,True,True,True
5131,run_b,25,A,0.6666666666666666,0.7083333333333333,3,2,0,True,False,True,True
5132,run_b,25,B,0.6666666666666666,0.8333333333333333,3,2,0,True,True,True,True
5133,run_b,25,C,0.5,0.875,2,1,0,False,True,True,True
5134,run_b,26,A,1.0,0.875,3,3,0,False,True,True,True
5135,run_b,26,B,1.0,0.875,3,3,0,False,True,True,True
5136,run_b,26,C,1.0,0.875,2,2,0,False,True,True,True
5137,run_b,27,A,1.0,0.875,3,3,0,False,True,True,True
5138,run_b,27,B,1.0,0.75,4,4,0,False,False,True,True
5139,run_b,27,C,1.0,0.75,2,2,0,False,False,True,True
5140,run_b,28,A,0.75,0.75,4,3,0,True,False,True,True
5141,run_b,28,B,0.75,0.75,4,3,0,True,False,True,True
5142,run_b,28,C,0.5,0.75,4,2,0,True,False,True,True
5143,run_b,29,A,1.0,0.75,3,3,0,False,False,True,True
5144,run_b,29,B,1.0,0.75,3,3,0,False,False,True,True
5145,run_b,29,C,1.0,0.75,2,2,0,False,False,True,True
5146,run_b,30,A,1.0,0.875,2,2,0,True,False,True,True
5147,run_b,30,B,1.0,0.875,2,2,0,True,False,True,True
5148,run_b,30,C,1.0,0.875,2,2,0,True,False,True,True
5149,run_b,1,A,0.6666666666666666,0.875,3,2,0,False,True,True,True
5150,run_b,1,B,0.6666666666666666,0.875,3,2,0,False,True,True,True
5151,run_b,1,C,0.6666666666666666,0.875,3,2,0,False,True,True,True
5152,run_b,2,A,0.3333333333333333,0.4166666666666666,3,1,0,False,False,True,True
5153,run_b,2,B,0.3333333333333333,0.4166666666666666,3,1,0,False,False,True,True
5154,run_b,2,C,0.6666666666666666,1.0,3,2,0,True,True,True,True
5155,run_b,3,A,0.3333333333333333,0.7083333333333333,3,1,0,False,True,True,True
5156,run_b,3,B,0.3333333333333333,0.7083333333333333,3,1,0,False,True,True,True
5157,run_b,3,C,0.6666666666666666,0.875,3,2,0,False,True,True,True
5158,run_b,4,A,0.0,0.375,2,0,0,False,True,False,False
5159,run_b,4,B,0.0,0.375,2,0,0,False,True,False,False
5160,run_b,4,C,0.3333333333333333,0.4166666666666666,3,1,0,False,False,True,True
5161,run_b,5,A,0.3333333333333333,0.5416666666666666,3,1,0,False,True,True,True
5162,run_b,5,B,0.3333333333333333,0.5416666666666666,3,1,0,False,True,True,True
5163,run_b,5,C,0.5,0.5,2,1,0,False,False,True,True
5164,run_b,6,A,0.3333333333333333,0.875,3,1,0,False,True,True,True
5165,run_b,6,B,0.3333333333333333,0.875,3,1,0,False,True,True,True
5166,run_b,6,C,0.6666666666666666,0.875,3,2,0,False,True,True,True
5167,run_b,7,A,0.5,0.875,2,1,0,False,True,True,True
5168,run_b,7,B,0.5,0.875,2,1,0,False,True,True,True
5169,run_b,7,C,1.0,0.875,2,2,0,False,True,True,True
5170,run_b,8,A,0.0,0.4583333333333333,3,0,0,False,True,False,False
5171,run_b,8,B,0.0,0.4583333333333333,3,0,0,False,True,False,False
5172,run_b,8,C,0.5,0.875,2,1,0,False,True,True,True
5173,run_b,9,A,0.0,0.625,3,0,0,False,True,False,False
5174,run_b,9,B,0.0,0.625,4,0,0,False,True,False,False
5175,run_b,9,C,0.5,0.875,2,1,0,False,True,True,True
5176,run_b,10,A,0.0,0.7083333333333333,3,0,0,True,True,True,False
5177,run_b,10,B,0.5,0.875,2,1,0,False,True,True,True
5178,run_b,10,C,0.5,0.875,2,1,0,False,True,True,True
5179,run_b,11,A,0.0,0.625,3,0,1,False,True,False,False
5180,run_b,11,B,0.5,0.875,2,1,0,False,True,True,True
5181,run_b,11,C,0.5,0.875,2,1,0,False,True,True,True
5182,run_b,12,A,0.0,0.625,3,0,0,False,True,False,False
5183,run_b,12,B,0.3333333333333333,0.875,3,1,0,False,True,True,True
5184,run_b,12,C,0.5,0.875,2,1,0,False,True,True,True
5185,run_b,13,A,1.0,0.625,4,4,0,False,False,False,True
5186,run_b,13,B,1.0,0.75,2,2,0,False,False,True,True
5187,run_b,13,C,1.0,0.75,2,2,0,False,False,True,True
5188,run_b,14,A,0.0,0.375,4,0,0,False,True,False,False
5189,run_b,14,B,0.3333333333333333,0.875,3,1,0,False,True,True,True
5190,run_b,14,C,1.0,0.875,2,2,0,False,True,True,True
5191,run_b,15,A,0.0,0.0,3,0,0,False,False,False,False
5192,run_b,15,B,0.0,0.0,3,0,0,False,False,False,False
5193,run_b,15,C,0.3333333333333333,0.4166666666666666,3,1,0,False,False,True,True
5194,run_b,16,A,0.3333333333333333,0.7083333333333333,3,1,0,False,True,True,True
5195,run_b,16,B,0.5,0.875,2,1,0,False,True,True,True
5196,run_b,16,C,0.5,0.875,2,1,0,False,True,True,True
5197,run_b,17,A,0.25,0.625,4,1,0,True,True,True,True
5198,run_b,17,B,0.3333333333333333,0.5416666666666666,3,1,0,False,True,True,True
5199,run_b,17,C,0.5,0.625,2,1,0,False,True,True,True
5200,run_b,18,A,0.3333333333333333,0.4166666666666666,3,1,0,False,False,True,True
5201,run_b,18,B,0.0,0.0,2,0,0,False,False,False,False
5202,run_b,18,C,0.5,0.5,2,1,0,False,False,True,True
5203,run_b,19,A,0.0,0.0,3,0,1,False,False,False,False
5204,run_b,19,B,0.0,0.2916666666666666,3,0,1,False,True,False,False
5205,run_b,19,C,0.0,0.625,2,1,1,True,False,True,True
5206,run_b,20,A,0.6666666666666666,0.875,3,2,0,False,True,True,True
5207,run_b,20,B,0.6666666666666666,0.875,3,2,0,False,True,True,True
5208,run_b,20,C,0.3333333333333333,0.7083333333333333,3,1,0,False,True,True,True
5209,run_b,21,A,0.0,0.25,4,0,0,False,False,True,False
5210,run_b,21,B,0.25,0.625,4,1,0,False,True,True,True
5211,run_b,21,C,0.6666666666666666,0.875,3,2,0,False,True,True,True
5212,run_b,22,A,0.6666666666666666,0.5833333333333333,3,2,0,False,False,True,True
5213,run_b,22,B,0.25,0.5,4,1,0,False,True,True,True
5214,run_b,22,C,0.5,0.625,2,1,0,False,True,True,True
5215,run_b,23,A,0.0,0.2916666666666666,3,0,0,False,False,True,False
5216,run_b,23,B,0.0,0.4166666666666666,3,0,0,False,True,True,False
5217,run_b,23,C,0.5,0.5,2,1,0,False,False,True,True
5218,run_b,24,A,0.6666666666666666,0.7083333333333333,3,2,0,False,True,True,True
5219,run_b,24,B,0.3333333333333333,0.875,3,1,0,False,True,True,True
5220,run_b,24,C,1.0,0.875,2,2,0,False,True,True,True
5221,run_b,25,A,0.6666666666666666,0.7083333333333333,3,2,0,True,False,True,True
5222,run_b,25,B,0.6666666666666666,0.8333333333333333,3,2,0,True,True,True,True
5223,run_b,25,C,0.5,0.875,2,1,0,False,True,True,True
5224,run_b,26,A,1.0,0.875,3,3,0,False,True,True,True
5225,run_b,26,B,1.0,0.875,3,3,0,False,True,True,True
5226,run_b,26,C,1.0,0.875,2,2,0,False,True,True,True
5227,run_b,27,A,1.0,0.875,3,3,0,False,True,True,True
5228,run_b,27,B,1.0,0.75,4,4,0,False,False,True,True
5229,run_b,27,C,1.0,0.75,2,2,0,False,False,True,True
5230,run_b,28,A,0.75,0.75,4,3,0,True,False,True,True
5231,run_b,28,B,0.75,0.75,4,3,0,True,False,True,True
5232,run_b,28,C,0.5,0.75,4,2,0,True,False,True,True
5233,run_b,29,A,1.0,0.75,3,3,0,False,False,True,True
5234,run_b,29,B,1.0,0.75,3,3,0,False,False,True,True
5235,run_b,29,C,1.0,0.75,2,2,0,False,False,True,True
5236,run_b,30,A,1.0,0.875,2,2,0,True,False,True,True
5237,run_b,30,B,1.0,0.875,2,2,0,True,False,True,True
5238,run_b,30,C,1.0,0.875,2,2,0,True,False,True,True
5239,run_b,1,A,0.6666666666666666,0.875,3,2,0,False,True,True,True
5240,run_b,1,B,0.6666666666666666,0.875,3,2,0,False,True,True,True
5241,run_b,1,C,0.6666666666666666,0.875,3,2,0,False,True,True,True
5242,run_b,2,A,0.3333333333333333,0.4166666666666666,3,1,0,False,False,True,True
5243,run_b,2,B,0.3333333333333333,0.4166666666666666,3,1,0,False,False,True,True
5244,run_b,2,C,0.6666666666666666,1.0,3,2,0,True,True,True,True
5245,run_b,3,A,0.3333333333333333,0.7083333333333333,3,1,0,False,True,True,True
5246,run_b,3,B,0.3333333333333333,0.7083333333333333,3,1,0,False,True,True,True
5247,run_b,3,C,0.6666666666666666,0.875,3,2,0,False,True,True,True
5248,run_b,4,A,0.0,0.375,2,0,0,False,True,False,False
5249,run_b,4,B,0.0,0.375,2,0,0,False,True,False,False
5250,run_b,4,C,0.3333333333333333,0.4166666666666666,3,1,0,False,False,True,True
5251,run_b,5,A,0.3333333333333333,0.5416666666666666,3,1,0,False,True,True,True
5252,run_b,5,B,0.3333333333333333,0.5416666666666666,3,1,0,False,True,True,True
5253,run_b,5,C,0.5,0.5,2,1,0,False,False,True,True
5254,run_b,6,A,0.3333333333333333,0.875,3,1,0,False,True,True,True
5255,run_b,6,B,0.3333333333333333,0.875,3,1,0,False,True,True,True
5256,run_b,6,C,0.6666666666666666,0.875,3,2,0,False,True,True,True
5257,run_b,7,A,0.5,0.875,2,1,0,False,True,True,True
5258,run_b,7,B,0.5,0.875,2,1,0,False,True,True,True
5259,run_b,7,C,1.0,0.875,2,2,0,False,True,True,True
5260,run_b,8,A,0.0,0.4583333333333333,3,0,0,False,True,False,False
5261,run_b,8,B,0.0,0.4583333333333333,3,0,0,False,True,False,False
5262,run_b,8,C,0.5,0.875,2,1,0,False,True,True,True
5263,run_b,9,A,0.0,0.625,3,0,0,False,True,False,False
5264,run_b,9,B,0.0,0.625,4,0,0,False,True,False,False
5265,run_b,9,C,0.5,0.875,2,1,0,False,True,True,True
5266,run_b,10,A,0.0,0.7083333333333333,3,0,0,True,True,True,False
5267,run_b,10,B,0.5,0.875,2,1,0,False,True,True,True
5268,run_b,10,C,0.5,0.875,2,1,0,False,True,True,True
5269,run_b,11,A,0.0,0.625,3,0,1,False,True,False,False
5270,run_b,11,B,0.5,0.875,2,1,0,False,True,True,True
5271,run_b,11,C,0.5,0.875,2,1,0,False,True,True,True
5272,run_b,12,A,0.0,0.625,3,0,0,False,True,False,False
5273,run_b,12,B,0.3333333333333333,0.875,3,1,0,False,True,True,True
5274,run_b,12,C,0.5,0.875,2,1,0,False,True,True,True
5275,run_b,13,A,1.0,0.625,4,4,0,False,False,False,True
5276,run_b,13,B,1.0,0.75,2,2,0,False,False,True,True
5277,run_b,13,C,1.0,0.75,2,2,0,False,False,True,True
5278,run_b,14,A,0.0,0.375,4,0,0,False,True,False,False
5279,run_b,14,B,0.3333333333333333,0.875,3,1,0,False,True,True,True
5280,run_b,14,C,1.0,0.875,2,2,0,False,True,True,True
5281,run_b,15,A,0.0,0.0,3,0,0,False,False,False,False
5282,run_b,15,B,0.0,0.0,3,0,0,False,False,False,False
5283,run_b,15,C,0.3333333333333333,0.4166666666666666,3,1,0,False,False,True,True
5284,run_b,16,A,0.3333333333333333,0.7083333333333333,3,1,0,False,True,True,True
5285,run_b,16,B,0.5,0.875,2,1,0,False,True,True,True
5286,run_b,16,C,0.5,0.875,2,1,0,False,True,True,True
5287,run_b,17,A,0.25,0.625,4,1,0,True,True,True,True
5288,run_b,17,B,0.3333333333333333,0.5416666666666666,3,1,0,False,True,True,True
5289,run_b,17,C,0.5,0.625,2,1,0,False,True,True,True
5290,run_b,18,A,0.3333333333333333,0.4166666666666666,3,1,0,False,False,True,True
5291,run_b,18,B,0.0,0.0,2,0,0,False,False,False,False
5292,run_b,18,C,0.5,0.5,2,1,0,False,False,True,True
5293,run_b,19,A,0.0,0.0,3,0,1,False,False,False,False
5294,run_b,19,B,0.0,0.2916666666666666,3,0,1,False,True,False,False
5295,run_b,19,C,0.0,0.625,2,1,1,True,False,True,True
5296,run_b,20,A,0.6666666666666666,0.875,3,2,0,False,True,True,True
5297,run_b,20,B,0.6666666666666666,0.875,3,2,0,False,True,True,True
5298,run_b,20,C,0.3333333333333333,0.7083333333333333,3,1,0,False,True,True,True
5299,run_b,21,A,0.0,0.25,4,0,0,False,False,True,False
5300,run_b,21,B,0.25,0.625,4,1,0,False,True,True,True
5301,run_b,21,C,0.6666666666666666,0.875,3,2,0,False,True,True,True
5302,run_b,22,A,0.6666666666666666,0.5833333333333333,3,2,0,False,False,True,True
5303,run_b,22,B,0.25,0.5,4,1,0,False,True,True,True
5304,run_b,22,C,0.5,0.625,2,1,0,False,True,True,True
5305,run_b,23,A,0.0,0.2916666666666666,3,0,0,False,False,True,False
5306,run_b,23,B,0.0,0.4166666666666666,3,0,0,False,True,True,False
5307,run_b,23,C,0.5,0.5,2,1,0,False,False,True,True
5308,run_b,24,A,0.6666666666666666,0.7083333333333333,3,2,0,False,True,True,True
5309,run_b,24,B,0.3333333333333333,0.875,3,1,0,False,True,True,True
5310,run_b,24,C,1.0,0.875,2,2,0,False,True,True,True
5311,run_b,25,A,0.6666666666666666,0.7083333333333333,3,2,0,True,False,True,True
5312,run_b,25,B,0.6666666666666666,0.8333333333333333,3,2,0,True,True,True,True
5313,run_b,25,C,0.5,0.875,2,1,0,False,True,True,True
5314,run_b,26,A,1.0,0.875,3,3,0,False,True,True,True
5315,run_b,26,B,1.0,0.875,3,3,0,False,True,True,True
5316,run_b,26,C,1.0,0.875,2,2,0,False,True,True,True
5317,run_b,27,A,1.0,0.875,3,3,0,False,True,True,True
5318,run_b,27,B,1.0,0.75,4,4,0,False,False,True,True
5319,run_b,27,C,1.0,0.75,2,2,0,False,False,True,True
5320,run_b,28,A,0.75,0.75,4,3,0,True,False,True,True
5321,run_b,28,B,0.75,0.75,4,3,0,True,False,True,True
5322,run_b,28,C,0.5,0.75,4,2,0,True,False,True,True
5323,run_b,29,A,1.0,0.75,3,3,0,False,False,True,True
5324,run_b,29,B,1.0,0.75,3,3,0,False,False,True,True
5325,run_b,29,C,1.0,0.75,2,2,0,False,False,True,True
5326,run_b,30,A,1.0,0.875,2,2,0,True,False,True,True
5327,run_b,30,B,1.0,0.875,2,2,0,True,False,True,True
5328,run_b,30,C,1.0,0.875,2,2,0,True,False,True,True
5329,run_b,1,A,0.6666666666666666,0.875,3,2,0,False,True,True,True
5330,run_b,1,B,0.6666666666666666,0.875,3,2,0,False,True,True,True
5331,run_b,1,C,0.6666666666666666,0.875,3,2,0,False,True,True,True
5332,run_b,2,A,0.3333333333333333,0.4166666666666666,3,1,0,False,False,True,True
5333,run_b,2,B,0.3333333333333333,0.4166666666666666,3,1,0,False,False,True,True
5334,run_b,2,C,0.6666666666666666,1.0,3,2,0,True,True,True,True
5335,run_b,3,A,0.3333333333333333,0.7083333333333333,3,1,0,False,True,True,True
5336,run_b,3,B,0.3333333333333333,0.7083333333333333,3,1,0,False,True,True,True
5337,run_b,3,C,0.6666666666666666,0.875,3,2,0,False,True,True,True
5338,run_b,4,A,0.0,0.375,2,0,0,False,True,False,False
5339,run_b,4,B,0.0,0.375,2,0,0,False,True,False,False
5340,run_b,4,C,0.3333333333333333,0.4166666666666666,3,1,0,False,False,True,True
5341,run_b,5,A,0.3333333333333333,0.5416666666666666,3,1,0,False,True,True,True
5342,run_b,5,B,0.3333333333333333,0.5416666666666666,3,1,0,False,True,True,True
5343,run_b,5,C,0.5,0.5,2,1,0,False,False,True,True
5344,run_b,6,A,0.3333333333333333,0.875,3,1,0,False,True,True,True
5345,run_b,6,B,0.3333333333333333,0.875,3,1,0,False,True,True,True
5346,run_b,6,C,0.6666666666666666,0.875,3,2,0,False,True,True,True
5347,run_b,7,A,0.5,0.875,2,1,0,False,True,True,True
5348,run_b,7,B,0.5,0.875,2,1,0,False,True,True,True
5349,run_b,7,C,1.0,0.875,2,2,0,False,True,True,True
5350,run_b,8,A,0.0,0.4583333333333333,3,0,0,False,True,False,False
5351,run_b,8,B,0.0,0.4583333333333333,3,0,0,False,True,False,False
5352,run_b,8,C,0.5,0.875,2,1,0,False,True,True,True
5353,run_b,9,A,0.0,0.625,3,0,0,False,True,False,False
5354,run_b,9,B,0.0,0.625,4,0,0,False,True,False,False
5355,run_b,9,C,0.5,0.875,2,1,0,False,True,True,True
5356,run_b,10,A,0.0,0.7083333333333333,3,0,0,True,True,True,False
5357,run_b,10,B,0.5,0.875,2,1,0,False,True,True,True
5358,run_b,10,C,0.5,0.875,2,1,0,False,True,True,True
5359,run_b,11,A,0.0,0.625,3,0,1,False,True,False,False
5360,run_b,11,B,0.5,0.875,2,1,0,False,True,True,True
5361,run_b,11,C,0.5,0.875,2,1,0,False,True,True,True
5362,run_b,12,A,0.0,0.625,3,0,0,False,True,False,False
5363,run_b,12,B,0.3333333333333333,0.875,3,1,0,False,True,True,True
5364,run_b,12,C,0.5,0.875,2,1,0,False,True,True,True
5365,run_b,13,A,1.0,0.625,4,4,0,False,False,False,True
5366,run_b,13,B,1.0,0.75,2,2,0,False,False,True,True
5367,run_b,13,C,1.0,0.75,2,2,0,False,False,True,True
5368,run_b,14,A,0.0,0.375,4,0,0,False,True,False,False
5369,run_b,14,B,0.3333333333333333,0.875,3,1,0,False,True,True,True
5370,run_b,14,C,1.0,0.875,2,2,0,False,True,True,True
5371,run_b,15,A,0.0,0.0,3,0,0,False,False,False,False
5372,run_b,15,B,0.0,0.0,3,0,0,False,False,False,False
5373,run_b,15,C,0.3333333333333333,0.4166666666666666,3,1,0,False,False,True,True
5374,run_b,16,A,0.3333333333333333,0.7083333333333333,3,1,0,False,True,True,True
5375,run_b,16,B,0.5,0.875,2,1,0,False,True,True,True
5376,run_b,16,C,0.5,0.875,2,1,0,False,True,True,True
5377,run_b,17,A,0.25,0.625,4,1,0,True,True,True,True
5378,run_b,17,B,0.3333333333333333,0.5416666666666666,3,1,0,False,True,True,True
5379,run_b,17,C,0.5,0.625,2,1,0,False,True,True,True
5380,run_b,18,A,0.3333333333333333,0.4166666666666666,3,1,0,False,False,True,True
5381,run_b,18,B,0.0,0.0,2,0,0,False,False,False,False
5382,run_b,18,C,0.5,0.5,2,1,0,False,False,True,True
5383,run_b,19,A,0.0,0.0,3,0,1,False,False,False,False
5384,run_b,19,B,0.0,0.2916666666666666,3,0,1,False,True,False,False
5385,run_b,19,C,0.0,0.625,2,1,1,True,False,True,True
5386,run_b,20,A,0.6666666666666666,0.875,3,2,0,False,True,True,True
5387,run_b,20,B,0.6666666666666666,0.875,3,2,0,False,True,True,True
5388,run_b,20,C,0.3333333333333333,0.7083333333333333,3,1,0,False,True,True,True
5389,run_b,21,A,0.0,0.25,4,0,0,False,False,True,False
5390,run_b,21,B,0.25,0.625,4,1,0,False,True,True,True
5391,run_b,21,C,0.6666666666666666,0.875,3,2,0,False,True,True,True
5392,run_b,22,A,0.6666666666666666,0.5833333333333333,3,2,0,False,False,True,True
5393,run_b,22,B,0.25,0.5,4,1,0,False,True,True,True
5394,run_b,22,C,0.5,0.625,2,1,0,False,True,True,True
5395,run_b,23,A,0.0,0.2916666666666666,3,0,0,False,False,True,False
5396,run_b,23,B,0.0,0.4166666666666666,3,0,0,False,True,True,False
5397,run_b,23,C,0.5,0.5,2,1,0,False,False,True,True
5398,run_b,24,A,0.6666666666666666,0.7083333333333333,3,2,0,False,True,True,True
5399,run_b,24,B,0.3333333333333333,0.875,3,1,0,False,True,True,True
5400,run_b,24,C,1.0,0.875,2,2,0,False,True,True,True
5401,run_b,25,A,0.6666666666666666,0.7083333333333333,3,2,0,True,False,True,True
5402,run_b,25,B,0.6666666666666666,0.8333333333333333,3,2,0,True,True,True,True
5403,run_b,25,C,0.5,0.875,2,1,0,False,True,True,True
5404,run_b,26,A,1.0,0.875,3,3,0,False,True,True,True
5405,run_b,26,B,1.0,0.875,3,3,0,False,True,True,True
5406,run_b,26,C,1.0,0.875,2,2,0,False,True,True,True
5407,run_b,27,A,1.0,0.875,3,3,0,False,True,True,True
5408,run_b,27,B,1.0,0.75,4,4,0,False,False,True,True
5409,run_b,27,C,1.0,0.75,2,2,0,False,False,True,True
5410,run_b,28,A,0.75,0.75,4,3,0,True,False,True,True
5411,run_b,28,B,0.75,0.75,4,3,0,True,False,True,True
5412,run_b,28,C,0.5,0.75,4,2,0,True,False,True,True
5413,run_b,29,A,1.0,0.75,3,3,0,False,False,True,True
5414,run_b,29,B,1.0,0.75,3,3,0,False,False,True,True
5415,run_b,29,C,1.0,0.75,2,2,0,False,False,True,True
5416,run_b,30,A,1.0,0.875,2,2,0,True,False,True,True
5417,run_b,30,B,1.0,0.875,2,2,0,True,False,True,True
5418,run_b,30,C,1.0,0.875,2,2,0,True,False,True,True
5419,cf_a,1,A,0.6666666666666666,0.875,3,2,0,False,True,True,True
5420,cf_a,1,B,0.6666666666666666,0.875,3,2,0,False,True,True,True
5421,cf_a,1,C,0.6666666666666666,0.875,3,2,0,False,True,True,True
5422,cf_a,2,A,0.6666666666666666,1.0,3,2,0,True,True,True,True
5423,cf_a,2,B,0.6666666666666666,1.0,3,2,0,True,True,True,True
5424,cf_a,2,C,0.6666666666666666,1.0,3,2,0,True,True,True,True
5425,cf_a,3,A,0.6666666666666666,0.875,3,2,0,False,True,True,True
5426,cf_a,3,B,0.6666666666666666,0.875,3,2,0,False,True,True,True
5427,cf_a,3,C,0.6666666666666666,0.875,3,2,0,False,True,True,True
5428,cf_a,4,A,0.3333333333333333,0.4166666666666666,3,1,0,False,False,True,True
5429,cf_a,4,B,0.3333333333333333,0.4166666666666666,3,1,0,False,False,True,True
5430,cf_a,4,C,0.3333333333333333,0.4166666666666666,3,1,0,False,False,True,True
5431,cf_a,5,A,0.5,0.5,2,1,0,False,False,True,True
5432,cf_a,5,B,0.5,0.5,2,1,0,False,False,True,True
5433,cf_a,5,C,0.5,0.5,2,1,0,False,False,True,True
5434,cf_a,6,A,0.6666666666666666,0.875,3,2,0,False,True,True,True
5435,cf_a,6,B,0.6666666666666666,0.875,3,2,0,False,True,True,True
5436,cf_a,6,C,0.6666666666666666,0.875,3,2,0,False,True,True,True
5437,cf_a,7,A,1.0,0.875,2,2,0,False,True,True,True
5438,cf_a,7,B,1.0,0.875,2,2,0,False,True,True,True
5439,cf_a,7,C,1.0,0.875,2,2,0,False,True,True,True
5440,cf_a,8,A,0.5,0.875,2,1,0,False,True,True,True
5441,cf_a,8,B,0.5,0.875,2,1,0,False,True,True,True
5442,cf_a,8,C,0.5,0.875,2,1,0,False,True,True,True
5443,cf_a,9,A,0.5,0.875,2,1,0,False,True,True,True
5444,cf_a,9,B,0.5,0.875,2,1,0,False,True,True,True
5445,cf_a,9,C,0.5,0.875,2,1,0,False,True,True,True
5446,cf_a,10,A,0.5,0.875,2,1,0,False,True,True,True
5447,cf_a,10,B,0.5,0.875,2,1,0,False,True,True,True
5448,cf_a,10,C,0.5,0.875,2,1,0,False,True,True,True
5449,cf_a,11,A,0.5,0.875,2,1,0,False,True,True,True
5450,cf_a,11,B,0.5,0.875,2,1,0,False,True,True,True
5451,cf_a,11,C,0.5,0.875,2,1,0,False,True,True,True
5452,cf_a,12,A,0.5,0.875,2,1,0,False,True,True,True
5453,cf_a,12,B,0.5,0.875,2,1,0,False,True,True,True
5454,cf_a,12,C,0.5,0.875,2,1,0,False,True,True,True
5455,cf_a,13,A,1.0,0.75,2,2,0,False,False,True,True
5456,cf_a,13,B,1.0,0.75,2,2,0,False,False,True,True
5457,cf_a,13,C,1.0,0.75,2,2,0,False,False,True,True
5458,cf_a,14,A,1.0,0.875,2,2,0,False,True,True,True
5459,cf_a,14,B,1.0,0.875,2,2,0,False,True,True,True
5460,cf_a,14,C,1.0,0.875,2,2,0,False,True,True,True
5461,cf_a,15,A,0.3333333333333333,0.4166666666666666,3,1,0,False,False,True,True
5462,cf_a,15,B,0.3333333333333333,0.4166666666666666,3,1,0,False,False,True,True
5463,cf_a,15,C,0.3333333333333333,0.4166666666666666,3,1,0,False,False,True,True
5464,cf_a,16,A,0.5,0.875,2,1,0,False,True,True,True
5465,cf_a,16,B,0.5,0.875,2,1,0,False,True,True,True
5466,cf_a,16,C,0.5,0.875,2,1,0,False,True,True,True
5467,cf_a,17,A,0.5,0.625,2,1,0,False,True,True,True
5468,cf_a,17,B,0.5,0.625,2,1,0,False,True,True,True
5469,cf_a,17,C,0.5,0.625,2,1,0,False,True,True,True
5470,cf_a,18,A,0.5,0.5,2,1,0,False,False,True,True
5471,cf_a,18,B,0.5,0.5,2,1,0,False,False,True,True
5472,cf_a,18,C,0.5,0.5,2,1,0,False,False,True,True
5473,cf_a,19,A,0.0,0.625,2,1,1,True,False,True,True
5474,cf_a,19,B,0.0,0.625,2,1,1,True,False,True,True
5475,cf_a,19,C,0.0,0.625,2,1,1,True,False,True,True
5476,cf_a,20,A,0.3333333333333333,0.7083333333333333,3,1,0,False,True,True,True
5477,cf_a,20,B,0.3333333333333333,0.7083333333333333,3,1,0,False,True,True,True
5478,cf_a,20,C,0.3333333333333333,0.7083333333333333,3,1,0,False,True,True,True
5479,cf_a,21,A,0.6666666666666666,0.875,3,2,0,False,True,True,True
5480,cf_a,21,B,0.6666666666666666,0.875,3,2,0,False,True,True,True
5481,cf_a,21,C,0.6666666666666666,0.875,3,2,0,False,True,True,True
5482,cf_a,22,A,0.5,0.625,2,1,0,False,True,True,True
5483,cf_a,22,B,0.5,0.625,2,1,0,False,True,True,True
5484,cf_a,22,C,0.5,0.625,2,1,0,False,True,True,True
5485,cf_a,23,A,0.5,0.5,2,1,0,False,False,True,True
5486,cf_a,23,B,0.5,0.5,2,1,0,False,False,True,True
5487,cf_a,23,C,0.5,0.5,2,1,0,False,False,True,True
5488,cf_a,24,A,1.0,0.875,2,2,0,False,True,True,True
5489,cf_a,24,B,1.0,0.875,2,2,0,False,True,True,True
5490,cf_a,24,C,1.0,0.875,2,2,0,False,True,True,True
5491,cf_a,25,A,0.5,0.875,2,1,0,False,True,True,True
5492,cf_a,25,B,0.5,0.875,2,1,0,False,True,True,True
5493,cf_a,25,C,0.5,0.875,2,1,0,False,True,True,True
5494,cf_a,26,A,1.0,0.875,2,2,0,False,True,True,True
5495,cf_a,26,B,1.0,0.875,2,2,0,False,True,True,True
5496,cf_a,26,C,1.0,0.875,2,2,0,False,True,True,True
5497,cf_a,27,A,1.0,0.75,2,2,0,False,False,True,True
5498,cf_a,27,B,1.0,0.75,2,2,0,False,False,True,True
5499,cf_a,27,C,1.0,0.75,2,2,0,False,False,True,True
5500,cf_a,28,A,0.5,0.75,4,2,0,True,False,True,True
5501,cf_a,28,B,0.5,0.75,4,2,0,True,False,True,True
5502,cf_a,28,C,0.5,0.75,4,2,0,True,False,True,True
5503,cf_a,29,A,1.0,0.75,2,2,0,False,False,True,True
5504,cf_a,29,B,1.0,0.75,2,2,0,False,False,True,True
5505,cf_a,29,C,1.0,0.75,2,2,0,False,False,True,True
5506,cf_a,30,A,1.0,0.875,2,2,0,True,False,True,True
5507,cf_a,30,B,1.0,0.875,2,2,0,True,False,True,True
5508,cf_a,30,C,1.0,0.875,2,2,0,True,False,True,True
5509,cf_a,1,A,0.6666666666666666,0.875,3,2,0,False,True,True,True
5510,cf_a,1,B,0.6666666666666666,0.875,3,2,0,False,True,True,True
5511,cf_a,1,C,0.6666666666666666,0.875,3,2,0,False,True,True,True
5512,cf_a,2,A,0.6666666666666666,1.0,3,2,0,True,True,True,True
5513,cf_a,2,B,0.6666666666666666,1.0,3,2,0,True,True,True,True
5514,cf_a,2,C,0.6666666666666666,1.0,3,2,0,True,True,True,True
5515,cf_a,3,A,0.6666666666666666,0.875,3,2,0,False,True,True,True
5516,cf_a,3,B,0.6666666666666666,0.875,3,2,0,False,True,True,True
5517,cf_a,3,C,0.6666666666666666,0.875,3,2,0,False,True,True,True
5518,cf_a,4,A,0.3333333333333333,0.4166666666666666,3,1,0,False,False,True,True
5519,cf_a,4,B,0.3333333333333333,0.4166666666666666,3,1,0,False,False,True,True
5520,cf_a,4,C,0.3333333333333333,0.4166666666666666,3,1,0,False,False,True,True
5521,cf_a,5,A,0.5,0.5,2,1,0,False,False,True,True
5522,cf_a,5,B,0.5,0.5,2,1,0,False,False,True,True
5523,cf_a,5,C,0.5,0.5,2,1,0,False,False,True,True
5524,cf_a,6,A,0.6666666666666666,0.875,3,2,0,False,True,True,True
5525,cf_a,6,B,0.6666666666666666,0.875,3,2,0,False,True,True,True
5526,cf_a,6,C,0.6666666666666666,0.875,3,2,0,False,True,True,True
5527,cf_a,7,A,1.0,0.875,2,2,0,False,True,True,True
5528,cf_a,7,B,1.0,0.875,2,2,0,False,True,True,True
5529,cf_a,7,C,1.0,0.875,2,2,0,False,True,True,True
5530,cf_a,8,A,0.5,0.875,2,1,0,False,True,True,True
5531,cf_a,8,B,0.5,0.875,2,1,0,False,True,True,True
5532,cf_a,8,C,0.5,0.875,2,1,0,False,True,True,True
5533,cf_a,9,A,0.5,0.875,2,1,0,False,True,True,True
5534,cf_a,9,B,0.5,0.875,2,1,0,False,True,True,True
5535,cf_a,9,C,0.5,0.875,2,1,0,False,True,True,True
5536,cf_a,10,A,0.5,0.875,2,1,0,False,True,True,True
5537,cf_a,10,B,0.5,0.875,2,1,0,False,True,True,True
5538,cf_a,10,C,0.5,0.875,2,1,0,False,True,True,True
5539,cf_a,11,A,0.5,0.875,2,1,0,False,True,True,True
5540,cf_a,11,B,0.5,0.875,2,1,0,False,True,True,True
5541,cf_a,11,C,0.5,0.875,2,1,0,False,True,True,True
5542,cf_a,12,A,0.5,0.875,2,1,0,False,True,True,True
5543,cf_a,12,B,0.5,0.875,2,1,0,False,True,True,True
5544,cf_a,12,C,0.5,0.875,2,1,0,False,True,True,True
5545,cf_a,13,A,1.0,0.75,2,2,0,False,False,True,True
5546,cf_a,13,B,1.0,0.75,2,2,0,False,False,True,True
5547,cf_a,13,C,1.0,0.75,2,2,0,False,False,True,True
5548,cf_a,14,A,1.0,0.875,2,2,0,False,True,True,True
5549,cf_a,14,B,1.0,0.875,2,2,0,False,True,True,True
5550,cf_a,14,C,1.0,0.875,2,2,0,False,True,True,True
5551,cf_a,15,A,0.3333333333333333,0.4166666666666666,3,1,0,False,False,True,True
5552,cf_a,15,B,0.3333333333333333,0.4166666666666666,3,1,0,False,False,True,True
5553,cf_a,15,C,0.3333333333333333,0.4166666666666666,3,1,0,False,False,True,True
5554,cf_a,16,A,0.5,0.875,2,1,0,False,True,True,True
5555,cf_a,16,B,0.5,0.875,2,1,0,False,True,True,True
5556,cf_a,16,C,0.5,0.875,2,1,0,False,True,True,True
5557,cf_a,17,A,0.5,0.625,2,1,0,False,True,True,True
5558,cf_a,17,B,0.5,0.625,2,1,0,False,True,True,True
5559,cf_a,17,C,0.5,0.625,2,1,0,False,True,True,True
5560,cf_a,18,A,0.5,0.5,2,1,0,False,False,True,True
5561,cf_a,18,B,0.5,0.5,2,1,0,False,False,True,True
5562,cf_a,18,C,0.5,0.5,2,1,0,False,False,True,True
5563,cf_a,19,A,0.0,0.625,2,1,1,True,False,True,True
5564,cf_a,19,B,0.0,0.625,2,1,1,True,False,True,True
5565,cf_a,19,C,0.0,0.625,2,1,1,True,False,True,True
5566,cf_a,20,A,0.3333333333333333,0.7083333333333333,3,1,0,False,True,True,True
5567,cf_a,20,B,0.3333333333333333,0.7083333333333333,3,1,0,False,True,True,True
5568,cf_a,20,C,0.3333333333333333,0.7083333333333333,3,1,0,False,True,True,True
5569,cf_a,21,A,0.6666666666666666,0.875,3,2,0,False,True,True,True
5570,cf_a,21,B,0.6666666666666666,0.875,3,2,0,False,True,True,True
5571,cf_a,21,C,0.6666666666666666,0.875,3,2,0,False,True,True,True
5572,cf_a,22,A,0.5,0.625,2,1,0,False,True,True,True
5573,cf_a,22,B,0.5,0.625,2,1,0,False,True,True,True
5574,cf_a,22,C,0.5,0.625,2,1,0,False,True,True,True
5575,cf_a,23,A,0.5,0.5,2,1,0,False,False,True,True
5576,cf_a,23,B,0.5,0.5,2,1,0,False,False,True,True
5577,cf_a,23,C,0.5,0.5,2,1,0,False,False,True,True
5578,cf_a,24,A,1.0,0.875,2,2,0,False,True,True,True
5579,cf_a,24,B,1.0,0.875,2,2,0,False,True,True,True
5580,cf_a,24,C,1.0,0.875,2,2,0,False,True,True,True
5581,cf_a,25,A,0.5,0.875,2,1,0,False,True,True,True
5582,cf_a,25,B,0.5,0.875,2,1,0,False,True,True,True
5583,cf_a,25,C,0.5,0.875,2,1,0,False,True,True,True
5584,cf_a,26,A,1.0,0.875,2,2,0,False,True,True,True
5585,cf_a,26,B,1.0,0.875,2,2,0,False,True,True,True
5586,cf_a,26,C,1.0,0.875,2,2,0,False,True,True,True
5587,cf_a,27,A,1.0,0.75,2,2,0,False,False,True,True
5588,cf_a,27,B,1.0,0.75,2,2,0,False,False,True,True
5589,cf_a,27,C,1.0,0.75,2,2,0,False,False,True,True
5590,cf_a,28,A,0.5,0.75,4,2,0,True,False,True,True
5591,cf_a,28,B,0.5,0.75,4,2,0,True,False,True,True
5592,cf_a,28,C,0.5,0.75,4,2,0,True,False,True,True
5593,cf_a,29,A,1.0,0.75,2,2,0,False,False,True,True
5594,cf_a,29,B,1.0,0.75,2,2,0,False,False,True,True
5595,cf_a,29,C,1.0,0.75,2,2,0,False,False,True,True
5596,cf_a,30,A,1.0,0.875,2,2,0,True,False,True,True
5597,cf_a,30,B,1.0,0.875,2,2,0,True,False,True,True
5598,cf_a,30,C,1.0,0.875,2,2,0,True,False,True,True
5599,cf_a,1,A,0.6666666666666666,0.875,3,2,0,False,True,True,True
5600,cf_a,1,B,0.6666666666666666,0.875,3,2,0,False,True,True,True
5601,cf_a,1,C,0.6666666666666666,0.875,3,2,0,False,True,True,True
5602,cf_a,2,A,0.6666666666666666,1.0,3,2,0,True,True,True,True
5603,cf_a,2,B,0.6666666666666666,1.0,3,2,0,True,True,True,True
5604,cf_a,2,C,0.6666666666666666,1.0,3,2,0,True,True,True,True
5605,cf_a,3,A,0.6666666666666666,0.875,3,2,0,False,True,True,True
5606,cf_a,3,B,0.6666666666666666,0.875,3,2,0,False,True,True,True
5607,cf_a,3,C,0.6666666666666666,0.875,3,2,0,False,True,True,True
5608,cf_a,4,A,0.3333333333333333,0.4166666666666666,3,1,0,False,False,True,True
5609,cf_a,4,B,0.3333333333333333,0.4166666666666666,3,1,0,False,False,True,True
5610,cf_a,4,C,0.3333333333333333,0.4166666666666666,3,1,0,False,False,True,True
5611,cf_a,5,A,0.5,0.5,2,1,0,False,False,True,True
5612,cf_a,5,B,0.5,0.5,2,1,0,False,False,True,True
5613,cf_a,5,C,0.5,0.5,2,1,0,False,False,True,True
5614,cf_a,6,A,0.6666666666666666,0.875,3,2,0,False,True,True,True
5615,cf_a,6,B,0.6666666666666666,0.875,3,2,0,False,True,True,True
5616,cf_a,6,C,0.6666666666666666,0.875,3,2,0,False,True,True,True
5617,cf_a,7,A,1.0,0.875,2,2,0,False,True,True,True
5618,cf_a,7,B,1.0,0.875,2,2,0,False,True,True,True
5619,cf_a,7,C,1.0,0.875,2,2,0,False,True,True,True
5620,cf_a,8,A,0.5,0.875,2,1,0,False,True,True,True
5621,cf_a,8,B,0.5,0.875,2,1,0,False,True,True,True
5622,cf_a,8,C,0.5,0.875,2,1,0,False,True,True,True
5623,cf_a,9,A,0.5,0.875,2,1,0,False,True,True,True
5624,cf_a,9,B,0.5,0.875,2,1,0,False,True,True,True
5625,cf_a,9,C,0.5,0.875,2,1,0,False,True,True,True
5626,cf_a,10,A,0.5,0.875,2,1,0,False,True,True,True
5627,cf_a,10,B,0.5,0.875,2,1,0,False,True,True,True
5628,cf_a,10,C,0.5,0.875,2,1,0,False,True,True,True
5629,cf_a,11,A,0.5,0.875,2,1,0,False,True,True,True
5630,cf_a,11,B,0.5,0.875,2,1,0,False,True,True,True
5631,cf_a,11,C,0.5,0.875,2,1,0,False,True,True,True
5632,cf_a,12,A,0.5,0.875,2,1,0,False,True,True,True
5633,cf_a,12,B,0.5,0.875,2,1,0,False,True,True,True
5634,cf_a,12,C,0.5,0.875,2,1,0,False,True,True,True
5635,cf_a,13,A,1.0,0.75,2,2,0,False,False,True,True
5636,cf_a,13,B,1.0,0.75,2,2,0,False,False,True,True
5637,cf_a,13,C,1.0,0.75,2,2,0,False,False,True,True
5638,cf_a,14,A,1.0,0.875,2,2,0,False,True,True,True
5639,cf_a,14,B,1.0,0.875,2,2,0,False,True,True,True
5640,cf_a,14,C,1.0,0.875,2,2,0,False,True,True,True
5641,cf_a,15,A,0.3333333333333333,0.4166666666666666,3,1,0,False,False,True,True
5642,cf_a,15,B,0.3333333333333333,0.4166666666666666,3,1,0,False,False,True,True
5643,cf_a,15,C,0.3333333333333333,0.4166666666666666,3,1,0,False,False,True,True
5644,cf_a,16,A,0.5,0.875,2,1,0,False,True,True,True
5645,cf_a,16,B,0.5,0.875,2,1,0,False,True,True,True
5646,cf_a,16,C,0.5,0.875,2,1,0,False,True,True,True
5647,cf_a,17,A,0.5,0.625,2,1,0,False,True,True,True
5648,cf_a,17,B,0.5,0.625,2,1,0,False,True,True,True
5649,cf_a,17,C,0.5,0.625,2,1,0,False,True,True,True
5650,cf_a,18,A,0.5,0.5,2,1,0,False,False,True,True
5651,cf_a,18,B,0.5,0.5,2,1,0,False,False,True,True
5652,cf_a,18,C,0.5,0.5,2,1,0,False,False,True,True
5653,cf_a,19,A,0.0,0.625,2,1,1,True,False,True,True
5654,cf_a,19,B,0.0,0.625,2,1,1,True,False,True,True
5655,cf_a,19,C,0.0,0.625,2,1,1,True,False,True,True
5656,cf_a,20,A,0.3333333333333333,0.7083333333333333,3,1,0,False,True,True,True
5657,cf_a,20,B,0.3333333333333333,0.7083333333333333,3,1,0,False,True,True,True
5658,cf_a,20,C,0.3333333333333333,0.7083333333333333,3,1,0,False,True,True,True
5659,cf_a,21,A,0.6666666666666666,0.875,3,2,0,False,True,True,True
5660,cf_a,21,B,0.6666666666666666,0.875,3,2,0,False,True,True,True
5661,cf_a,21,C,0.6666666666666666,0.875,3,2,0,False,True,True,True
5662,cf_a,22,A,0.5,0.625,2,1,0,False,True,True,True
5663,cf_a,22,B,0.5,0.625,2,1,0,False,True,True,True
5664,cf_a,22,C,0.5,0.625,2,1,0,False,True,True,True
5665,cf_a,23,A,0.5,0.5,2,1,0,False,False,True,True
5666,cf_a,23,B,0.5,0.5,2,1,0,False,False,True,True
5667,cf_a,23,C,0.5,0.5,2,1,0,False,False,True,True
5668,cf_a,24,A,1.0,0.875,2,2,0,False,True,True,True
5669,cf_a,24,B,1.0,0.875,2,2,0,False,True,True,True
5670,cf_a,24,C,1.0,0.875,2,2,0,False,True,True,True
5671,cf_a,25,A,0.5,0.875,2,1,0,False,True,True,True
5672,cf_a,25,B,0.5,0.875,2,1,0,False,True,True,True
5673,cf_a,25,C,0.5,0.875,2,1,0,False,True,True,True
5674,cf_a,26,A,1.0,0.875,2,2,0,False,True,True,True
5675,cf_a,26,B,1.0,0.875,2,2,0,False,True,True,True
5676,cf_a,26,C,1.0,0.875,2,2,0,False,True,True,True
5677,cf_a,27,A,1.0,0.75,2,2,0,False,False,True,True
5678,cf_a,27,B,1.0,0.75,2,2,0,False,False,True,True
5679,cf_a,27,C,1.0,0.75,2,2,0,False,False,True,True
5680,cf_a,28,A,0.5,0.75,4,2,0,True,False,True,True
5681,cf_a,28,B,0.5,0.75,4,2,0,True,False,True,True
5682,cf_a,28,C,0.5,0.75,4,2,0,True,False,True,True
5683,cf_a,29,A,1.0,0.75,2,2,0,False,False,True,True
5684,cf_a,29,B,1.0,0.75,2,2,0,False,False,True,True
5685,cf_a,29,C,1.0,0.75,2,2,0,False,False,True,True
5686,cf_a,30,A,1.0,0.875,2,2,0,True,False,True,True
5687,cf_a,30,B,1.0,0.875,2,2,0,True,False,True,True
5688,cf_a,30,C,1.0,0.875,2,2,0,True,False,True,True
5689,cf_a,1,A,0.6666666666666666,0.875,3,2,0,False,True,True,True
5690,cf_a,1,B,0.6666666666666666,0.875,3,2,0,False,True,True,True
5691,cf_a,1,C,0.6666666666666666,0.875,3,2,0,False,True,True,True
5692,cf_a,2,A,0.6666666666666666,1.0,3,2,0,True,True,True,True
5693,cf_a,2,B,0.6666666666666666,1.0,3,2,0,True,True,True,True
5694,cf_a,2,C,0.6666666666666666,1.0,3,2,0,True,True,True,True
5695,cf_a,3,A,0.6666666666666666,0.875,3,2,0,False,True,True,True
5696,cf_a,3,B,0.6666666666666666,0.875,3,2,0,False,True,True,True
5697,cf_a,3,C,0.6666666666666666,0.875,3,2,0,False,True,True,True
5698,cf_a,4,A,0.3333333333333333,0.4166666666666666,3,1,0,False,False,True,True
5699,cf_a,4,B,0.3333333333333333,0.4166666666666666,3,1,0,False,False,True,True
5700,cf_a,4,C,0.3333333333333333,0.4166666666666666,3,1,0,False,False,True,True
5701,cf_a,5,A,0.5,0.5,2,1,0,False,False,True,True
5702,cf_a,5,B,0.5,0.5,2,1,0,False,False,True,True
5703,cf_a,5,C,0.5,0.5,2,1,0,False,False,True,True
5704,cf_a,6,A,0.6666666666666666,0.875,3,2,0,False,True,True,True
5705,cf_a,6,B,0.6666666666666666,0.875,3,2,0,False,True,True,True
5706,cf_a,6,C,0.6666666666666666,0.875,3,2,0,False,True,True,True
5707,cf_a,7,A,1.0,0.875,2,2,0,False,True,True,True
5708,cf_a,7,B,1.0,0.875,2,2,0,False,True,True,True
5709,cf_a,7,C,1.0,0.875,2,2,0,False,True,True,True
5710,cf_a,8,A,0.5,0.875,2,1,0,False,True,True,True
5711,cf_a,8,B,0.5,0.875,2,1,0,False,True,True,True
5712,cf_a,8,C,0.5,0.875,2,1,0,False,True,True,True
5713,cf_a,9,A,0.5,0.875,2,1,0,False,True,True,True
5714,cf_a,9,B,0.5,0.875,2,1,0,False,True,True,True
5715,cf_a,9,C,0.5,0.875,2,1,0,False,True,True,True
5716,cf_a,10,A,0.5,0.875,2,1,0,False,True,True,True
5717,cf_a,10,B,0.5,0.875,2,1,0,False,True,True,True
5718,cf_a,10,C,0.5,0.875,2,1,0,False,True,True,True
5719,cf_a,11,A,0.5,0.875,2,1,0,False,True,True,True
5720,cf_a,11,B,0.5,0.875,2,1,0,False,True,True,True
5721,cf_a,11,C,0.5,0.875,2,1,0,False,True,True,True
5722,cf_a,12,A,0.5,0.875,2,1,0,False,True,True,True
5723,cf_a,12,B,0.5,0.875,2,1,0,False,True,True,True
5724,cf_a,12,C,0.5,0.875,2,1,0,False,True,True,True
5725,cf_a,13,A,1.0,0.75,2,2,0,False,False,True,True
5726,cf_a,13,B,1.0,0.75,2,2,0,False,False,True,True
5727,cf_a,13,C,1.0,0.75,2,2,0,False,False,True,True
5728,cf_a,14,A,1.0,0.875,2,2,0,False,True,True,True
5729,cf_a,14,B,1.0,0.875,2,2,0,False,True,True,True
5730,cf_a,14,C,1.0,0.875,2,2,0,False,True,True,True
5731,cf_a,15,A,0.3333333333333333,0.4166666666666666,3,1,0,False,False,True,True
5732,cf_a,15,B,0.3333333333333333,0.4166666666666666,3,1,0,False,False,True,True
5733,cf_a,15,C,0.3333333333333333,0.4166666666666666,3,1,0,False,False,True,True
5734,cf_a,16,A,0.5,0.875,2,1,0,False,True,True,True
5735,cf_a,16,B,0.5,0.875,2,1,0,False,True,True,True
5736,cf_a,16,C,0.5,0.875,2,1,0,False,True,True,True
5737,cf_a,17,A,0.5,0.625,2,1,0,False,True,True,True
5738,cf_a,17,B,0.5,0.625,2,1,0,False,True,True,True
5739,cf_a,17,C,0.5,0.625,2,1,0,False,True,True,True
5740,cf_a,18,A,0.5,0.5,2,1,0,False,False,True,True
5741,cf_a,18,B,0.5,0.5,2,1,0,False,False,True,True
5742,cf_a,18,C,0.5,0.5,2,1,0,False,False,True,True
5743,cf_a,19,A,0.0,0.625,2,1,1,True,False,True,True
5744,cf_a,19,B,0.0,0.625,2,1,1,True,False,True,True
5745,cf_a,19,C,0.0,0.625,2,1,1,True,False,True,True
5746,cf_a,20,A,0.3333333333333333,0.7083333333333333,3,1,0,False,True,True,True
5747,cf_a,20,B,0.3333333333333333,0.7083333333333333,3,1,0,False,True,True,True
5748,cf_a,20,C,0.3333333333333333,0.7083333333333333,3,1,0,False,True,True,True
5749,cf_a,21,A,0.6666666666666666,0.875,3,2,0,False,True,True,True
5750,cf_a,21,B,0.6666666666666666,0.875,3,2,0,False,True,True,True
5751,cf_a,21,C,0.6666666666666666,0.875,3,2,0,False,True,True,True
5752,cf_a,22,A,0.5,0.625,2,1,0,False,True,True,True
5753,cf_a,22,B,0.5,0.625,2,1,0,False,True,True,True
5754,cf_a,22,C,0.5,0.625,2,1,0,False,True,True,True
5755,cf_a,23,A,0.5,0.5,2,1,0,False,False,True,True
5756,cf_a,23,B,0.5,0.5,2,1,0,False,False,True,True
5757,cf_a,23,C,0.5,0.5,2,1,0,False,False,True,True
5758,cf_a,24,A,1.0,0.875,2,2,0,False,True,True,True
5759,cf_a,24,B,1.0,0.875,2,2,0,False,True,True,True
5760,cf_a,24,C,1.0,0.875,2,2,0,False,True,True,True
5761,cf_a,25,A,0.5,0.875,2,1,0,False,True,True,True
5762,cf_a,25,B,0.5,0.875,2,1,0,False,True,True,True
5763,cf_a,25,C,0.5,0.875,2,1,0,False,True,True,True
5764,cf_a,26,A,1.0,0.875,2,2,0,False,True,True,True
5765,cf_a,26,B,1.0,0.875,2,2,0,False,True,True,True
5766,cf_a,26,C,1.0,0.875,2,2,0,False,True,True,True
5767,cf_a,27,A,1.0,0.75,2,2,0,False,False,True,True
5768,cf_a,27,B,1.0,0.75,2,2,0,False,False,True,True
5769,cf_a,27,C,1.0,0.75,2,2,0,False,False,True,True
5770,cf_a,28,A,0.5,0.75,4,2,0,True,False,True,True
5771,cf_a,28,B,0.5,0.75,4,2,0,True,False,True,True
5772,cf_a,28,C,0.5,0.75,4,2,0,True,False,True,True
5773,cf_a,29,A,1.0,0.75,2,2,0,False,False,True,True
5774,cf_a,29,B,1.0,0.75,2,2,0,False,False,True,True
5775,cf_a,29,C,1.0,0.75,2,2,0,False,False,True,True
5776,cf_a,30,A,1.0,0.875,2,2,0,True,False,True,True
5777,cf_a,30,B,1.0,0.875,2,2,0,True,False,True,True
5778,cf_a,30,C,1.0,0.875,2,2,0,True,False,True,True
5779,cf_a,1,A,0.6666666666666666,0.875,3,2,0,False,True,True,True
5780,cf_a,1,B,0.6666666666666666,0.875,3,2,0,False,True,True,True
5781,cf_a,1,C,0.6666666666666666,0.875,3,2,0,False,True,True,True
5782,cf_a,2,A,0.6666666666666666,1.0,3,2,0,True,True,True,True
5783,cf_a,2,B,0.6666666666666666,1.0,3,2,0,True,True,True,True
5784,cf_a,2,C,0.6666666666666666,1.0,3,2,0,True,True,True,True
5785,cf_a,3,A,0.6666666666666666,0.875,3,2,0,False,True,True,True
5786,cf_a,3,B,0.6666666666666666,0.875,3,2,0,False,True,True,True
5787,cf_a,3,C,0.6666666666666666,0.875,3,2,0,False,True,True,True
5788,cf_a,4,A,0.3333333333333333,0.4166666666666666,3,1,0,False,False,True,True
5789,cf_a,4,B,0.3333333333333333,0.4166666666666666,3,1,0,False,False,True,True
5790,cf_a,4,C,0.3333333333333333,0.4166666666666666,3,1,0,False,False,True,True
5791,cf_a,5,A,0.5,0.5,2,1,0,False,False,True,True
5792,cf_a,5,B,0.5,0.5,2,1,0,False,False,True,True
5793,cf_a,5,C,0.5,0.5,2,1,0,False,False,True,True
5794,cf_a,6,A,0.6666666666666666,0.875,3,2,0,False,True,True,True
5795,cf_a,6,B,0.6666666666666666,0.875,3,2,0,False,True,True,True
5796,cf_a,6,C,0.6666666666666666,0.875,3,2,0,False,True,True,True
5797,cf_a,7,A,1.0,0.875,2,2,0,False,True,True,True
5798,cf_a,7,B,1.0,0.875,2,2,0,False,True,True,True
5799,cf_a,7,C,1.0,0.875,2,2,0,False,True,True,True
5800,cf_a,8,A,0.5,0.875,2,1,0,False,True,True,True
5801,cf_a,8,B,0.5,0.875,2,1,0,False,True,True,True
5802,cf_a,8,C,0.5,0.875,2,1,0,False,True,True,True
5803,cf_a,9,A,0.5,0.875,2,1,0,False,True,True,True
5804,cf_a,9,B,0.5,0.875,2,1,0,False,True,True,True
5805,cf_a,9,C,0.5,0.875,2,1,0,False,True,True,True
5806,cf_a,10,A,0.5,0.875,2,1,0,False,True,True,True
5807,cf_a,10,B,0.5,0.875,2,1,0,False,True,True,True
5808,cf_a,10,C,0.5,0.875,2,1,0,False,True,True,True
5809,cf_a,11,A,0.5,0.875,2,1,0,False,True,True,True
5810,cf_a,11,B,0.5,0.875,2,1,0,False,True,True,True
5811,cf_a,11,C,0.5,0.875,2,1,0,False,True,True,True
5812,cf_a,12,A,0.5,0.875,2,1,0,False,True,True,True
5813,cf_a,12,B,0.5,0.875,2,1,0,False,True,True,True
5814,cf_a,12,C,0.5,0.875,2,1,0,False,True,True,True
5815,cf_a,13,A,1.0,0.75,2,2,0,False,False,True,True
5816,cf_a,13,B,1.0,0.75,2,2,0,False,False,True,True
5817,cf_a,13,C,1.0,0.75,2,2,0,False,False,True,True
5818,cf_a,14,A,1.0,0.875,2,2,0,False,True,True,True
5819,cf_a,14,B,1.0,0.875,2,2,0,False,True,True,True
5820,cf_a,14,C,1.0,0.875,2,2,0,False,True,True,True
5821,cf_a,15,A,0.3333333333333333,0.4166666666666666,3,1,0,False,False,True,True
5822,cf_a,15,B,0.3333333333333333,0.4166666666666666,3,1,0,False,False,True,True
5823,cf_a,15,C,0.3333333333333333,0.4166666666666666,3,1,0,False,False,True,True
5824,cf_a,16,A,0.5,0.875,2,1,0,False,True,True,True
5825,cf_a,16,B,0.5,0.875,2,1,0,False,True,True,True
5826,cf_a,16,C,0.5,0.875,2,1,0,False,True,True,True
5827,cf_a,17,A,0.5,0.625,2,1,0,False,True,True,True
5828,cf_a,17,B,0.5,0.625,2,1,0,False,True,True,True
5829,cf_a,17,C,0.5,0.625,2,1,0,False,True,True,True
5830,cf_a,18,A,0.5,0.5,2,1,0,False,False,True,True
5831,cf_a,18,B,0.5,0.5,2,1,0,False,False,True,True
5832,cf_a,18,C,0.5,0.5,2,1,0,False,False,True,True
5833,cf_a,19,A,0.0,0.625,2,1,1,True,False,True,True
5834,cf_a,19,B,0.0,0.625,2,1,1,True,False,True,True
5835,cf_a,19,C,0.0,0.625,2,1,1,True,False,True,True
5836,cf_a,20,A,0.3333333333333333,0.7083333333333333,3,1,0,False,True,True,True
5837,cf_a,20,B,0.3333333333333333,0.7083333333333333,3,1,0,False,True,True,True
5838,cf_a,20,C,0.3333333333333333,0.7083333333333333,3,1,0,False,True,True,True
5839,cf_a,21,A,0.6666666666666666,0.875,3,2,0,False,True,True,True
5840,cf_a,21,B,0.6666666666666666,0.875,3,2,0,False,True,True,True
5841,cf_a,21,C,0.6666666666666666,0.875,3,2,0,False,True,True,True
5842,cf_a,22,A,0.5,0.625,2,1,0,False,True,True,True
5843,cf_a,22,B,0.5,0.625,2,1,0,False,True,True,True
5844,cf_a,22,C,0.5,0.625,2,1,0,False,True,True,True
5845,cf_a,23,A,0.5,0.5,2,1,0,False,False,True,True
5846,cf_a,23,B,0.5,0.5,2,1,0,False,False,True,True
5847,cf_a,23,C,0.5,0.5,2,1,0,False,False,True,True
5848,cf_a,24,A,1.0,0.875,2,2,0,False,True,True,True
5849,cf_a,24,B,1.0,0.875,2,2,0,False,True,True,True
5850,cf_a,24,C,1.0,0.875,2,2,0,False,True,True,True
5851,cf_a,25,A,0.5,0.875,2,1,0,False,True,True,True
5852,cf_a,25,B,0.5,0.875,2,1,0,False,True,True,True
5853,cf_a,25,C,0.5,0.875,2,1,0,False,True,True,True
5854,cf_a,26,A,1.0,0.875,2,2,0,False,True,True,True
5855,cf_a,26,B,1.0,0.875,2,2,0,False,True,True,True
5856,cf_a,26,C,1.0,0.875,2,2,0,False,True,True,True
5857,cf_a,27,A,1.0,0.75,2,2,0,False,False,True,True
5858,cf_a,27,B,1.0,0.75,2,2,0,False,False,True,True
5859,cf_a,27,C,1.0,0.75,2,2,0,False,False,True,True
5860,cf_a,28,A,0.5,0.75,4,2,0,True,False,True,True
5861,cf_a,28,B,0.5,0.75,4,2,0,True,False,True,True
5862,cf_a,28,C,0.5,0.75,4,2,0,True,False,True,True
5863,cf_a,29,A,1.0,0.75,2,2,0,False,False,True,True
5864,cf_a,29,B,1.0,0.75,2,2,0,False,False,True,True
5865,cf_a,29,C,1.0,0.75,2,2,0,False,False,True,True
5866,cf_a,30,A,1.0,0.875,2,2,0,True,False,True,True
5867,cf_a,30,B,1.0,0.875,2,2,0,True,False,True,True
5868,cf_a,30,C,1.0,0.875,2,2,0,True,False,True,True
5869,cf_b,1,A,0.6666666666666666,0.875,3,2,0,False,True,True,True
5870,cf_b,1,B,0.6666666666666666,0.875,3,2,0,False,True,True,True
5871,cf_b,1,C,0.6666666666666666,0.875,3,2,0,False,True,True,True
5872,cf_b,2,A,0.3333333333333333,0.4166666666666666,3,1,0,False,False,True,True
5873,cf_b,2,B,0.3333333333333333,0.4166666666666666,3,1,0,False,False,True,True
5874,cf_b,2,C,0.6666666666666666,1.0,3,2,0,True,True,True,True
5875,cf_b,3,A,0.3333333333333333,0.7083333333333333,3,1,0,False,True,True,True
5876,cf_b,3,B,0.3333333333333333,0.7083333333333333,3,1,0,False,True,True,True
5877,cf_b,3,C,0.6666666666666666,0.875,3,2,0,False,True,True,True
5878,cf_b,4,A,0.0,0.375,2,0,0,False,True,False,False
5879,cf_b,4,B,0.0,0.375,2,0,0,False,True,False,False
5880,cf_b,4,C,0.3333333333333333,0.4166666666666666,3,1,0,False,False,True,True
5881,cf_b,5,A,0.3333333333333333,0.5416666666666666,3,1,0,False,True,True,True
5882,cf_b,5,B,0.3333333333333333,0.5416666666666666,3,1,0,False,True,True,True
5883,cf_b,5,C,0.5,0.5,2,1,0,False,False,True,True
5884,cf_b,6,A,0.3333333333333333,0.875,3,1,0,False,True,True,True
5885,cf_b,6,B,0.3333333333333333,0.875,3,1,0,False,True,True,True
5886,cf_b,6,C,0.6666666666666666,0.875,3,2,0,False,True,True,True
5887,cf_b,7,A,0.5,0.875,2,1,0,False,True,True,True
5888,cf_b,7,B,0.5,0.875,2,1,0,False,True,True,True
5889,cf_b,7,C,1.0,0.875,2,2,0,False,True,True,True
5890,cf_b,8,A,0.0,0.4583333333333333,3,0,0,False,True,False,False
5891,cf_b,8,B,0.0,0.4583333333333333,3,0,0,False,True,False,False
5892,cf_b,8,C,0.5,0.875,2,1,0,False,True,True,True
5893,cf_b,9,A,0.0,0.625,4,0,0,False,True,False,False
5894,cf_b,9,B,0.0,0.625,4,0,0,False,True,False,False
5895,cf_b,9,C,0.5,0.875,2,1,0,False,True,True,True
5896,cf_b,10,A,0.5,0.875,2,1,0,False,True,True,True
5897,cf_b,10,B,0.5,0.875,2,1,0,False,True,True,True
5898,cf_b,10,C,0.5,0.875,2,1,0,False,True,True,True
5899,cf_b,11,A,0.5,0.875,2,1,0,False,True,True,True
5900,cf_b,11,B,0.5,0.875,2,1,0,False,True,True,True
5901,cf_b,11,C,0.5,0.875,2,1,0,False,True,True,True
5902,cf_b,12,A,0.3333333333333333,0.875,3,1,0,False,True,True,True
5903,cf_b,12,B,0.3333333333333333,0.875,3,1,0,False,True,True,True
5904,cf_b,12,C,0.5,0.875,2,1,0,False,True,True,True
5905,cf_b,13,A,1.0,0.75,2,2,0,False,False,True,True
5906,cf_b,13,B,1.0,0.75,2,2,0,False,False,True,True
5907,cf_b,13,C,1.0,0.75,2,2,0,False,False,True,True
5908,cf_b,14,A,0.3333333333333333,0.875,3,1,0,False,True,True,True
5909,cf_b,14,B,0.3333333333333333,0.875,3,1,0,False,True,True,True
5910,cf_b,14,C,1.0,0.875,2,2,0,False,True,True,True
5911,cf_b,15,A,0.0,0.0,3,0,0,False,False,False,False
5912,cf_b,15,B,0.0,0.0,3,0,0,False,False,False,False
5913,cf_b,15,C,0.3333333333333333,0.4166666666666666,3,1,0,False,False,True,True
5914,cf_b,16,A,0.5,0.875,2,1,0,False,True,True,True
5915,cf_b,16,B,0.5,0.875,2,1,0,False,True,True,True
5916,cf_b,16,C,0.5,0.875,2,1,0,False,True,True,True
5917,cf_b,17,A,0.3333333333333333,0.5416666666666666,3,1,0,False,True,True,True
5918,cf_b,17,B,0.3333333333333333,0.5416666666666666,3,1,0,False,True,True,True
5919,cf_b,17,C,0.5,0.625,2,1,0,False,True,True,True
5920,cf_b,18,A,0.0,0.0,2,0,0,False,False,False,False
5921,cf_b,18,B,0.0,0.0,2,0,0,False,False,False,False
5922,cf_b,18,C,0.5,0.5,2,1,0,False,False,True,True
5923,cf_b,19,A,0.0,0.2916666666666666,3,0,1,False,True,False,False
5924,cf_b,19,B,0.0,0.2916666666666666,3,0,1,False,True,False,False
5925,cf_b,19,C,0.0,0.625,2,1,1,True,False,True,True
5926,cf_b,20,A,0.6666666666666666,0.875,3,2,0,False,True,True,True
5927,cf_b,20,B,0.6666666666666666,0.875,3,2,0,False,True,True,True
5928,cf_b,20,C,0.3333333333333333,0.7083333333333333,3,1,0,False,True,True,True
5929,cf_b,21,A,0.25,0.625,4,1,0,False,True,True,True
5930,cf_b,21,B,0.25,0.625,4,1,0,False,True,True,True
5931,cf_b,21,C,0.6666666666666666,0.875,3,2,0,False,True,True,True
5932,cf_b,22,A,0.25,0.5,4,1,0,False,True,True,True
5933,cf_b,22,B,0.25,0.5,4,1,0,False,True,True,True
5934,cf_b,22,C,0.5,0.625,2,1,0,False,True,True,True
5935,cf_b,23,A,0.0,0.4166666666666666,3,0,0,False,True,True,False
5936,cf_b,23,B,0.0,0.4166666666666666,3,0,0,False,True,True,False
5937,cf_b,23,C,0.5,0.5,2,1,0,False,False,True,True
5938,cf_b,24,A,0.3333333333333333,0.875,3,1,0,False,True,True,True
5939,cf_b,24,B,0.3333333333333333,0.875,3,1,0,False,True,True,True
5940,cf_b,24,C,1.0,0.875,2,2,0,False,True,True,True
5941,cf_b,25,A,0.6666666666666666,0.8333333333333333,3,2,0,True,True,True,True
5942,cf_b,25,B,0.6666666666666666,0.8333333333333333,3,2,0,True,True,True,True
5943,cf_b,25,C,0.5,0.875,2,1,0,False,True,True,True
5944,cf_b,26,A,1.0,0.875,3,3,0,False,True,True,True
5945,cf_b,26,B,1.0,0.875,3,3,0,False,True,True,True
5946,cf_b,26,C,1.0,0.875,2,2,0,False,True,True,True
5947,cf_b,27,A,1.0,0.75,4,4,0,False,False,True,True
5948,cf_b,27,B,1.0,0.75,4,4,0,False,False,True,True
5949,cf_b,27,C,1.0,0.75,2,2,0,False,False,True,True
5950,cf_b,28,A,0.75,0.75,4,3,0,True,False,True,True
5951,cf_b,28,B,0.75,0.75,4,3,0,True,False,True,True
5952,cf_b,28,C,0.5,0.75,4,2,0,True,False,True,True
5953,cf_b,29,A,1.0,0.75,3,3,0,False,False,True,True
5954,cf_b,29,B,1.0,0.75,3,3,0,False,False,True,True
5955,cf_b,29,C,1.0,0.75,2,2,0,False,False,True,True
5956,cf_b,30,A,1.0,0.875,2,2,0,True,False,True,True
5957,cf_b,30,B,1.0,0.875,2,2,0,True,False,True,True
5958,cf_b,30,C,1.0,0.875,2,2,0,True,False,True,True
5959,cf_b,1,A,0.6666666666666666,0.875,3,2,0,False,True,True,True
5960,cf_b,1,B,0.6666666666666666,0.875,3,2,0,False,True,True,True
5961,cf_b,1,C,0.6666666666666666,0.875,3,2,0,False,True,True,True
5962,cf_b,2,A,0.3333333333333333,0.4166666666666666,3,1,0,False,False,True,True
5963,cf_b,2,B,0.3333333333333333,0.4166666666666666,3,1,0,False,False,True,True
5964,cf_b,2,C,0.6666666666666666,1.0,3,2,0,True,True,True,True
5965,cf_b,3,A,0.3333333333333333,0.7083333333333333,3,1,0,False,True,True,True
5966,cf_b,3,B,0.3333333333333333,0.7083333333333333,3,1,0,False,True,True,True
5967,cf_b,3,C,0.6666666666666666,0.875,3,2,0,False,True,True,True
5968,cf_b,4,A,0.0,0.375,2,0,0,False,True,False,False
5969,cf_b,4,B,0.0,0.375,2,0,0,False,True,False,False
5970,cf_b,4,C,0.3333333333333333,0.4166666666666666,3,1,0,False,False,True,True
5971,cf_b,5,A,0.3333333333333333,0.5416666666666666,3,1,0,False,True,True,True
5972,cf_b,5,B,0.3333333333333333,0.5416666666666666,3,1,0,False,True,True,True
5973,cf_b,5,C,0.5,0.5,2,1,0,False,False,True,True
5974,cf_b,6,A,0.3333333333333333,0.875,3,1,0,False,True,True,True
5975,cf_b,6,B,0.3333333333333333,0.875,3,1,0,False,True,True,True
5976,cf_b,6,C,0.6666666666666666,0.875,3,2,0,False,True,True,True
5977,cf_b,7,A,0.5,0.875,2,1,0,False,True,True,True
5978,cf_b,7,B,0.5,0.875,2,1,0,False,True,True,True
5979,cf_b,7,C,1.0,0.875,2,2,0,False,True,True,True
5980,cf_b,8,A,0.0,0.4583333333333333,3,0,0,False,True,False,False
5981,cf_b,8,B,0.0,0.4583333333333333,3,0,0,False,True,False,False
5982,cf_b,8,C,0.5,0.875,2,1,0,False,True,True,True
5983,cf_b,9,A,0.0,0.625,4,0,0,False,True,False,False
5984,cf_b,9,B,0.0,0.625,4,0,0,False,True,False,False
5985,cf_b,9,C,0.5,0.875,2,1,0,False,True,True,True
5986,cf_b,10,A,0.5,0.875,2,1,0,False,True,True,True
5987,cf_b,10,B,0.5,0.875,2,1,0,False,True,True,True
5988,cf_b,10,C,0.5,0.875,2,1,0,False,True,True,True
5989,cf_b,11,A,0.5,0.875,2,1,0,False,True,True,True
5990,cf_b,11,B,0.5,0.875,2,1,0,False,True,True,True
5991,cf_b,11,C,0.5,0.875,2,1,0,False,True,True,True
5992,cf_b,12,A,0.3333333333333333,0.875,3,1,0,False,True,True,True
5993,cf_b,12,B,0.3333333333333333,0.875,3,1,0,False,True,True,True
5994,cf_b,12,C,0.5,0.875,2,1,0,False,True,True,True
5995,cf_b,13,A,1.0,0.75,2,2,0,False,False,True,True
5996,cf_b,13,B,1.0,0.75,2,2,0,False,False,True,True
5997,cf_b,13,C,1.0,0.75,2,2,0,False,False,True,True
5998,cf_b,14,A,0.3333333333333333,0.875,3,1,0,False,True,True,True
5999,cf_b,14,B,0.3333333333333333,0.875,3,1,0,False,True,True,True
6000,cf_b,14,C,1.0,0.875,2,2,0,False,True,True,True
6001,cf_b,15,A,0.0,0.0,3,0,0,False,False,False,False
6002,cf_b,15,B,0.0,0.0,3,0,0,False,False,False,False
6003,cf_b,15,C,0.3333333333333333,0.4166666666666666,3,1,0,False,False,True,True
6004,cf_b,16,A,0.5,0.875,2,1,0,False,True,True,True
6005,cf_b,16,B,0.5,0.875,2,1,0,False,True,True,True
6006,cf_b,16,C,0.5,0.875,2,1,0,False,True,True,True
6007,cf_b,17,A,0.3333333333333333,0.5416666666666666,3,1,0,False,True,True,True
6008,cf_b,17,B,0.3333333333333333,0.5416666666666666,3,1,0,False,True,True,True
6009,cf_b,17,C,0.5,0.625,2,1,0,False,True,True,True
6010,cf_b,18,A,0.0,0.0,2,0,0,False,False,False,False
6011,cf_b,18,B,0.0,0.0,2,0,0,False,False,False,False
6012,cf_b,18,C,0.5,0.5,2,1,0,False,False,True,True
6013,cf_b,19,A,0.0,0.2916666666666666,3,0,1,False,True,False,False
6014,cf_b,19,B,0.0,0.2916666666666666,3,0,1,False,True,False,False
6015,cf_b,19,C,0.0,0.625,2,1,1,True,False,True,True
6016,cf_b,20,A,0.6666666666666666,0.875,3,2,0,False,True,True,True
6017,cf_b,20,B,0.6666666666666666,0.875,3,2,0,False,True,True,True
6018,cf_b,20,C,0.3333333333333333,0.7083333333333333,3,1,0,False,True,True,True
6019,cf_b,21,A,0.25,0.625,4,1,0,False,True,True,True
6020,cf_b,21,B,0.25,0.625,4,1,0,False,True,True,True
6021,cf_b,21,C,0.6666666666666666,0.875,3,2,0,False,True,True,True
6022,cf_b,22,A,0.25,0.5,4,1,0,False,True,True,True
6023,cf_b,22,B,0.25,0.5,4,1,0,False,True,True,True
6024,cf_b,22,C,0.5,0.625,2,1,0,False,True,True,True
6025,cf_b,23,A,0.0,0.4166666666666666,3,0,0,False,True,True,False
6026,cf_b,23,B,0.0,0.4166666666666666,3,0,0,False,True,True,False
6027,cf_b,23,C,0.5,0.5,2,1,0,False,False,True,True
6028,cf_b,24,A,0.3333333333333333,0.875,3,1,0,False,True,True,True
6029,cf_b,24,B,0.3333333333333333,0.875,3,1,0,False,True,True,True
6030,cf_b,24,C,1.0,0.875,2,2,0,False,True,True,True
6031,cf_b,25,A,0.6666666666666666,0.8333333333333333,3,2,0,True,True,True,True
6032,cf_b,25,B,0.6666666666666666,0.8333333333333333,3,2,0,True,True,True,True
6033,cf_b,25,C,0.5,0.875,2,1,0,False,True,True,True
6034,cf_b,26,A,1.0,0.875,3,3,0,False,True,True,True
6035,cf_b,26,B,1.0,0.875,3,3,0,False,True,True,True
6036,cf_b,26,C,1.0,0.875,2,2,0,False,True,True,True
6037,cf_b,27,A,1.0,0.75,4,4,0,False,False,True,True
6038,cf_b,27,B,1.0,0.75,4,4,0,False,False,True,True
6039,cf_b,27,C,1.0,0.75,2,2,0,False,False,True,True
6040,cf_b,28,A,0.75,0.75,4,3,0,True,False,True,True
6041,cf_b,28,B,0.75,0.75,4,3,0,True,False,True,True
6042,cf_b,28,C,0.5,0.75,4,2,0,True,False,True,True
6043,cf_b,29,A,1.0,0.75,3,3,0,False,False,True,True
6044,cf_b,29,B,1.0,0.75,3,3,0,False,False,True,True
6045,cf_b,29,C,1.0,0.75,2,2,0,False,False,True,True
6046,cf_b,30,A,1.0,0.875,2,2,0,True,False,True,True
6047,cf_b,30,B,1.0,0.875,2,2,0,True,False,True,True
6048,cf_b,30,C,1.0,0.875,2,2,0,True,False,True,True
6049,cf_b,1,A,0.6666666666666666,0.875,3,2,0,False,True,True,True
6050,cf_b,1,B,0.6666666666666666,0.875,3,2,0,False,True,True,True
6051,cf_b,1,C,0.6666666666666666,0.875,3,2,0,False,True,True,True
6052,cf_b,2,A,0.3333333333333333,0.4166666666666666,3,1,0,False,False,True,True
6053,cf_b,2,B,0.3333333333333333,0.4166666666666666,3,1,0,False,False,True,True
6054,cf_b,2,C,0.6666666666666666,1.0,3,2,0,True,True,True,True
6055,cf_b,3,A,0.3333333333333333,0.7083333333333333,3,1,0,False,True,True,True
6056,cf_b,3,B,0.3333333333333333,0.7083333333333333,3,1,0,False,True,True,True
6057,cf_b,3,C,0.6666666666666666,0.875,3,2,0,False,True,True,True
6058,cf_b,4,A,0.0,0.375,2,0,0,False,True,False,False
6059,cf_b,4,B,0.0,0.375,2,0,0,False,True,False,False
6060,cf_b,4,C,0.3333333333333333,0.4166666666666666,3,1,0,False,False,True,True
6061,cf_b,5,A,0.3333333333333333,0.5416666666666666,3,1,0,False,True,True,True
6062,cf_b,5,B,0.3333333333333333,0.5416666666666666,3,1,0,False,True,True,True
6063,cf_b,5,C,0.5,0.5,2,1,0,False,False,True,True
6064,cf_b,6,A,0.3333333333333333,0.875,3,1,0,False,True,True,True
6065,cf_b,6,B,0.3333333333333333,0.875,3,1,0,False,True,True,True
6066,cf_b,6,C,0.6666666666666666,0.875,3,2,0,False,True,True,True
6067,cf_b,7,A,0.5,0.875,2,1,0,False,True,True,True
6068,cf_b,7,B,0.5,0.875,2,1,0,False,True,True,True
6069,cf_b,7,C,1.0,0.875,2,2,0,False,True,True,True
6070,cf_b,8,A,0.0,0.4583333333333333,3,0,0,False,True,False,False
6071,cf_b,8,B,0.0,0.4583333333333333,3,0,0,False,True,False,False
6072,cf_b,8,C,0.5,0.875,2,1,0,False,True,True,True
6073,cf_b,9,A,0.0,0.625,4,0,0,False,True,False,False
6074,cf_b,9,B,0.0,0.625,4,0,0,False,True,False,False
6075,cf_b,9,C,0.5,0.875,2,1,0,False,True,True,True
6076,cf_b,10,A,0.5,0.875,2,1,0,False,True,True,True
6077,cf_b,10,B,0.5,0.875,2,1,0,False,True,True,True
6078,cf_b,10,C,0.5,0.875,2,1,0,False,True,True,True
6079,cf_b,11,A,0.5,0.875,2,1,0,False,True,True,True
6080,cf_b,11,B,0.5,0.875,2,1,0,False,True,True,True
6081,cf_b,11,C,0.5,0.875,2,1,0,False,True,True,True
6082,cf_b,12,A,0.3333333333333333,0.875,3,1,0,False,True,True,True
6083,cf_b,12,B,0.3333333333333333,0.875,3,1,0,False,True,True,True
6084,cf_b,12,C,0.5,0.875,2,1,0,False,True,True,True
6085,cf_b,13,A,1.0,0.75,2,2,0,False,False,True,True
6086,cf_b,13,B,1.0,0.75,2,2,0,False,False,True,True
6087,cf_b,13,C,1.0,0.75,2,2,0,False,False,True,True
6088,cf_b,14,A,0.3333333333333333,0.875,3,1,0,False,True,True,True
6089,cf_b,14,B,0.3333333333333333,0.875,3,1,0,False,True,True,True
6090,cf_b,14,C,1.0,0.875,2,2,0,False,True,True,True
6091,cf_b,15,A,0.0,0.0,3,0,0,False,False,False,False
6092,cf_b,15,B,0.0,0.0,3,0,0,False,False,False,False
6093,cf_b,15,C,0.3333333333333333,0.4166666666666666,3,1,0,False,False,True,True
6094,cf_b,16,A,0.5,0.875,2,1,0,False,True,True,True
6095,cf_b,16,B,0.5,0.875,2,1,0,False,True,True,True
6096,cf_b,16,C,0.5,0.875,2,1,0,False,True,True,True
6097,cf_b,17,A,0.3333333333333333,0.5416666666666666,3,1,0,False,True,True,True
6098,cf_b,17,B,0.3333333333333333,0.5416666666666666,3,1,0,False,True,True,True
6099,cf_b,17,C,0.5,0.625,2,1,0,False,True,True,True
6100,cf_b,18,A,0.0,0.0,2,0,0,False,False,False,False
6101,cf_b,18,B,0.0,0.0,2,0,0,False,False,False,False
6102,cf_b,18,C,0.5,0.5,2,1,0,False,False,True,True
6103,cf_b,19,A,0.0,0.2916666666666666,3,0,1,False,True,False,False
6104,cf_b,19,B,0.0,0.2916666666666666,3,0,1,False,True,False,False
6105,cf_b,19,C,0.0,0.625,2,1,1,True,False,True,True
6106,cf_b,20,A,0.6666666666666666,0.875,3,2,0,False,True,True,True
6107,cf_b,20,B,0.6666666666666666,0.875,3,2,0,False,True,True,True
6108,cf_b,20,C,0.3333333333333333,0.7083333333333333,3,1,0,False,True,True,True
6109,cf_b,21,A,0.25,0.625,4,1,0,False,True,True,True
6110,cf_b,21,B,0.25,0.625,4,1,0,False,True,True,True
6111,cf_b,21,C,0.6666666666666666,0.875,3,2,0,False,True,True,True
6112,cf_b,22,A,0.25,0.5,4,1,0,False,True,True,True
6113,cf_b,22,B,0.25,0.5,4,1,0,False,True,True,True
6114,cf_b,22,C,0.5,0.625,2,1,0,False,True,True,True
6115,cf_b,23,A,0.0,0.4166666666666666,3,0,0,False,True,True,False
6116,cf_b,23,B,0.0,0.4166666666666666,3,0,0,False,True,True,False
6117,cf_b,23,C,0.5,0.5,2,1,0,False,False,True,True
6118,cf_b,24,A,0.3333333333333333,0.875,3,1,0,False,True,True,True
6119,cf_b,24,B,0.3333333333333333,0.875,3,1,0,False,True,True,True
6120,cf_b,24,C,1.0,0.875,2,2,0,False,True,True,True
6121,cf_b,25,A,0.6666666666666666,0.8333333333333333,3,2,0,True,True,True,True
6122,cf_b,25,B,0.6666666666666666,0.8333333333333333,3,2,0,True,True,True,True
6123,cf_b,25,C,0.5,0.875,2,1,0,False,True,True,True
6124,cf_b,26,A,1.0,0.875,3,3,0,False,True,True,True
6125,cf_b,26,B,1.0,0.875,3,3,0,False,True,True,True
6126,cf_b,26,C,1.0,0.875,2,2,0,False,True,True,True
6127,cf_b,27,A,1.0,0.75,4,4,0,False,False,True,True
6128,cf_b,27,B,1.0,0.75,4,4,0,False,False,True,True
6129,cf_b,27,C,1.0,0.75,2,2,0,False,False,True,True
6130,cf_b,28,A,0.75,0.75,4,3,0,True,False,True,True
6131,cf_b,28,B,0.75,0.75,4,3,0,True,False,True,True
6132,cf_b,28,C,0.5,0.75,4,2,0,True,False,True,True
6133,cf_b,29,A,1.0,0.75,3,3,0,False,False,True,True
6134,cf_b,29,B,1.0,0.75,3,3,0,False,False,True,True
6135,cf_b,29,C,1.0,0.75,2,2,0,False,False,True,True
6136,cf_b,30,A,1.0,0.875,2,2,0,True,False,True,True
6137,cf_b,30,B,1.0,0.875,2,2,0,True,False,True,True
6138,cf_b,30,C,1.0,0.875,2,2,0,True,False,True,True
6139,cf_b,1,A,0.6666666666666666,0.875,3,2,0,False,True,True,True
6140,cf_b,1,B,0.6666666666666666,0.875,3,2,0,False,True,True,True
6141,cf_b,1,C,0.6666666666666666,0.875,3,2,0,False,True,True,True
6142,cf_b,2,A,0.3333333333333333,0.4166666666666666,3,1,0,False,False,True,True
6143,cf_b,2,B,0.3333333333333333,0.4166666666666666,3,1,0,False,False,True,True
6144,cf_b,2,C,0.6666666666666666,1.0,3,2,0,True,True,True,True
6145,cf_b,3,A,0.3333333333333333,0.7083333333333333,3,1,0,False,True,True,True
6146,cf_b,3,B,0.3333333333333333,0.7083333333333333,3,1,0,False,True,True,True
6147,cf_b,3,C,0.6666666666666666,0.875,3,2,0,False,True,True,True
6148,cf_b,4,A,0.0,0.375,2,0,0,False,True,False,False
6149,cf_b,4,B,0.0,0.375,2,0,0,False,True,False,False
6150,cf_b,4,C,0.3333333333333333,0.4166666666666666,3,1,0,False,False,True,True
6151,cf_b,5,A,0.3333333333333333,0.5416666666666666,3,1,0,False,True,True,True
6152,cf_b,5,B,0.3333333333333333,0.5416666666666666,3,1,0,False,True,True,True
6153,cf_b,5,C,0.5,0.5,2,1,0,False,False,True,True
6154,cf_b,6,A,0.3333333333333333,0.875,3,1,0,False,True,True,True
6155,cf_b,6,B,0.3333333333333333,0.875,3,1,0,False,True,True,True
6156,cf_b,6,C,0.6666666666666666,0.875,3,2,0,False,True,True,True
6157,cf_b,7,A,0.5,0.875,2,1,0,False,True,True,True
6158,cf_b,7,B,0.5,0.875,2,1,0,False,True,True,True
6159,cf_b,7,C,1.0,0.875,2,2,0,False,True,True,True
6160,cf_b,8,A,0.0,0.4583333333333333,3,0,0,False,True,False,False
6161,cf_b,8,B,0.0,0.4583333333333333,3,0,0,False,True,False,False
6162,cf_b,8,C,0.5,0.875,2,1,0,False,True,True,True
6163,cf_b,9,A,0.0,0.625,4,0,0,False,True,False,False
6164,cf_b,9,B,0.0,0.625,4,0,0,False,True,False,False
6165,cf_b,9,C,0.5,0.875,2,1,0,False,True,True,True
6166,cf_b,10,A,0.5,0.875,2,1,0,False,True,True,True
6167,cf_b,10,B,0.5,0.875,2,1,0,False,True,True,True
6168,cf_b,10,C,0.5,0.875,2,1,0,False,True,True,True
6169,cf_b,11,A,0.5,0.875,2,1,0,False,True,True,True
6170,cf_b,11,B,0.5,0.875,2,1,0,False,True,True,True
6171,cf_b,11,C,0.5,0.875,2,1,0,False,True,True,True
6172,cf_b,12,A,0.3333333333333333,0.875,3,1,0,False,True,True,True
6173,cf_b,12,B,0.3333333333333333,0.875,3,1,0,False,True,True,True
6174,cf_b,12,C,0.5,0.875,2,1,0,False,True,True,True
6175,cf_b,13,A,1.0,0.75,2,2,0,False,False,True,True
6176,cf_b,13,B,1.0,0.75,2,2,0,False,False,True,True
6177,cf_b,13,C,1.0,0.75,2,2,0,False,False,True,True
6178,cf_b,14,A,0.3333333333333333,0.875,3,1,0,False,True,True,True
6179,cf_b,14,B,0.3333333333333333,0.875,3,1,0,False,True,True,True
6180,cf_b,14,C,1.0,0.875,2,2,0,False,True,True,True
6181,cf_b,15,A,0.0,0.0,3,0,0,False,False,False,False
6182,cf_b,15,B,0.0,0.0,3,0,0,False,False,False,False
6183,cf_b,15,C,0.3333333333333333,0.4166666666666666,3,1,0,False,False,True,True
6184,cf_b,16,A,0.5,0.875,2,1,0,False,True,True,True
6185,cf_b,16,B,0.5,0.875,2,1,0,False,True,True,True
6186,cf_b,16,C,0.5,0.875,2,1,0,False,True,True,True
6187,cf_b,17,A,0.3333333333333333,0.5416666666666666,3,1,0,False,True,True,True
6188,cf_b,17,B,0.3333333333333333,0.5416666666666666,3,1,0,False,True,True,True
6189,cf_b,17,C,0.5,0.625,2,1,0,False,True,True,True
6190,cf_b,18,A,0.0,0.0,2,0,0,False,False,False,False
6191,cf_b,18,B,0.0,0.0,2,0,0,False,False,False,False
6192,cf_b,18,C,0.5,0.5,2,1,0,False,False,True,True
6193,cf_b,19,A,0.0,0.2916666666666666,3,0,1,False,True,False,False
6194,cf_b,19,B,0.0,0.2916666666666666,3,0,1,False,True,False,False
6195,cf_b,19,C,0.0,0.625,2,1,1,True,False,True,True
6196,cf_b,20,A,0.6666666666666666,0.875,3,2,0,False,True,True,True
6197,cf_b,20,B,0.6666666666666666,0.875,3,2,0,False,True,True,True
6198,cf_b,20,C,0.3333333333333333,0.7083333333333333,3,1,0,False,True,True,True
6199,cf_b,21,A,0.25,0.625,4,1,0,False,True,True,True
6200,cf_b,21,B,0.25,0.625,4,1,0,False,True,True,True
6201,cf_b,21,C,0.6666666666666666,0.875,3,2,0,False,True,True,True
6202,cf_b,22,A,0.25,0.5,4,1,0,False,True,True,True
6203,cf_b,22,B,0.25,0.5,4,1,0,False,True,True,True
6204,cf_b,22,C,0.5,0.625,2,1,0,False,True,True,True
6205,cf_b,23,A,0.0,0.4166666666666666,3,0,0,False,True,True,False
6206,cf_b,23,B,0.0,0.4166666666666666,3,0,0,False,True,True,False
6207,cf_b,23,C,0.5,0.5,2,1,0,False,False,True,True
6208,cf_b,24,A,0.3333333333333333,0.875,3,1,0,False,True,True,True
6209,cf_b,24,B,0.3333333333333333,0.875,3,1,0,False,True,True,True
6210,cf_b,24,C,1.0,0.875,2,2,0,False,True,True,True
6211,cf_b,25,A,0.6666666666666666,0.8333333333333333,3,2,0,True,True,True,True
6212,cf_b,25,B,0.6666666666666666,0.8333333333333333,3,2,0,True,True,True,True
6213,cf_b,25,C,0.5,0.875,2,1,0,False,True,True,True
6214,cf_b,26,A,1.0,0.875,3,3,0,False,True,True,True
6215,cf_b,26,B,1.0,0.875,3,3,0,False,True,True,True
6216,cf_b,26,C,1.0,0.875,2,2,0,False,True,True,True
6217,cf_b,27,A,1.0,0.75,4,4,0,False,False,True,True
6218,cf_b,27,B,1.0,0.75,4,4,0,False,False,True,True
6219,cf_b,27,C,1.0,0.75,2,2,0,False,False,True,True
6220,cf_b,28,A,0.75,0.75,4,3,0,True,False,True,True
6221,cf_b,28,B,0.75,0.75,4,3,0,True,False,True,True
6222,cf_b,28,C,0.5,0.75,4,2,0,True,False,True,True
6223,cf_b,29,A,1.0,0.75,3,3,0,False,False,True,True
6224,cf_b,29,B,1.0,0.75,3,3,0,False,False,True,True
6225,cf_b,29,C,1.0,0.75,2,2,0,False,False,True,True
6226,cf_b,30,A,1.0,0.875,2,2,0,True,False,True,True
6227,cf_b,30,B,1.0,0.875,2,2,0,True,False,True,True
6228,cf_b,30,C,1.0,0.875,2,2,0,True,False,True,True
6229,cf_b,1,A,0.6666666666666666,0.875,3,2,0,False,True,True,True
6230,cf_b,1,B,0.6666666666666666,0.875,3,2,0,False,True,True,True
6231,cf_b,1,C,0.6666666666666666,0.875,3,2,0,False,True,True,True
6232,cf_b,2,A,0.3333333333333333,0.4166666666666666,3,1,0,False,False,True,True
6233,cf_b,2,B,0.3333333333333333,0.4166666666666666,3,1,0,False,False,True,True
6234,cf_b,2,C,0.6666666666666666,1.0,3,2,0,True,True,True,True
6235,cf_b,3,A,0.3333333333333333,0.7083333333333333,3,1,0,False,True,True,True
6236,cf_b,3,B,0.3333333333333333,0.7083333333333333,3,1,0,False,True,True,True
6237,cf_b,3,C,0.6666666666666666,0.875,3,2,0,False,True,True,True
6238,cf_b,4,A,0.0,0.375,2,0,0,False,True,False,False
6239,cf_b,4,B,0.0,0.375,2,0,0,False,True,False,False
6240,cf_b,4,C,0.3333333333333333,0.4166666666666666,3,1,0,False,False,True,True
6241,cf_b,5,A,0.3333333333333333,0.5416666666666666,3,1,0,False,True,True,True
6242,cf_b,5,B,0.3333333333333333,0.5416666666666666,3,1,0,False,True,True,True
6243,cf_b,5,C,0.5,0.5,2,1,0,False,False,True,True
6244,cf_b,6,A,0.3333333333333333,0.875,3,1,0,False,True,True,True
6245,cf_b,6,B,0.3333333333333333,0.875,3,1,0,False,True,True,True
6246,cf_b,6,C,0.6666666666666666,0.875,3,2,0,False,True,True,True
6247,cf_b,7,A,0.5,0.875,2,1,0,False,True,True,True
6248,cf_b,7,B,0.5,0.875,2,1,0,False,True,True,True
6249,cf_b,7,C,1.0,0.875,2,2,0,False,True,True,True
6250,cf_b,8,A,0.0,0.4583333333333333,3,0,0,False,True,False,False
6251,cf_b,8,B,0.0,0.4583333333333333,3,0,0,False,True,False,False
6252,cf_b,8,C,0.5,0.875,2,1,0,False,True,True,True
6253,cf_b,9,A,0.0,0.625,4,0,0,False,True,False,False
6254,cf_b,9,B,0.0,0.625,4,0,0,False,True,False,False
6255,cf_b,9,C,0.5,0.875,2,1,0,False,True,True,True
6256,cf_b,10,A,0.5,0.875,2,1,0,False,True,True,True
6257,cf_b,10,B,0.5,0.875,2,1,0,False,True,True,True
6258,cf_b,10,C,0.5,0.875,2,1,0,False,True,True,True
6259,cf_b,11,A,0.5,0.875,2,1,0,False,True,True,True
6260,cf_b,11,B,0.5,0.875,2,1,0,False,True,True,True
6261,cf_b,11,C,0.5,0.875,2,1,0,False,True,True,True
6262,cf_b,12,A,0.3333333333333333,0.875,3,1,0,False,True,True,True
6263,cf_b,12,B,0.3333333333333333,0.875,3,1,0,False,True,True,True
6264,cf_b,12,C,0.5,0.875,2,1,0,False,True,True,True
6265,cf_b,13,A,1.0,0.75,2,2,0,False,False,True,True
6266,cf_b,13,B,1.0,0.75,2,2,0,False,False,True,True
6267,cf_b,13,C,1.0,0.75,2,2,0,False,False,True,True
6268,cf_b,14,A,0.3333333333333333,0.875,3,1,0,False,True,True,True
6269,cf_b,14,B,0.3333333333333333,0.875,3,1,0,False,True,True,True
6270,cf_b,14,C,1.0,0.875,2,2,0,False,True,True,True
6271,cf_b,15,A,0.0,0.0,3,0,0,False,False,False,False
6272,cf_b,15,B,0.0,0.0,3,0,0,False,False,False,False
6273,cf_b,15,C,0.3333333333333333,0.4166666666666666,3,1,0,False,False,True,True
6274,cf_b,16,A,0.5,0.875,2,1,0,False,True,True,True
6275,cf_b,16,B,0.5,0.875,2,1,0,False,True,True,True
6276,cf_b,16,C,0.5,0.875,2,1,0,False,True,True,True
6277,cf_b,17,A,0.3333333333333333,0.5416666666666666,3,1,0,False,True,True,True
6278,cf_b,17,B,0.3333333333333333,0.5416666666666666,3,1,0,False,True,True,True
6279,cf_b,17,C,0.5,0.625,2,1,0,False,True,True,True
6280,cf_b,18,A,0.0,0.0,2,0,0,False,False,False,False
6281,cf_b,18,B,0.0,0.0,2,0,0,False,False,False,False
6282,cf_b,18,C,0.5,0.5,2,1,0,False,False,True,True
6283,cf_b,19,A,0.0,0.2916666666666666,3,0,1,False,True,False,False
6284,cf_b,19,B,0.0,0.2916666666666666,3,0,1,False,True,False,False
6285,cf_b,19,C,0.0,0.625,2,1,1,True,False,True,True
6286,cf_b,20,A,0.6666666666666666,0.875,3,2,0,False,True,True,True
6287,cf_b,20,B,0.6666666666666666,0.875,3,2,0,False,True,True,True
6288,cf_b,20,C,0.3333333333333333,0.7083333333333333,3,1,0,False,True,True,True
6289,cf_b,21,A,0.25,0.625,4,1,0,False,True,True,True
6290,cf_b,21,B,0.25,0.625,4,1,0,False,True,True,True
6291,cf_b,21,C,0.6666666666666666,0.875,3,2,0,False,True,True,True
6292,cf_b,22,A,0.25,0.5,4,1,0,False,True,True,True
6293,cf_b,22,B,0.25,0.5,4,1,0,False,True,True,True
6294,cf_b,22,C,0.5,0.625,2,1,0,False,True,True,True
6295,cf_b,23,A,0.0,0.4166666666666666,3,0,0,False,True,True,False
6296,cf_b,23,B,0.0,0.4166666666666666,3,0,0,False,True,True,False
6297,cf_b,23,C,0.5,0.5,2,1,0,False,False,True,True
6298,cf_b,24,A,0.3333333333333333,0.875,3,1,0,False,True,True,True
6299,cf_b,24,B,0.3333333333333333,0.875,3,1,0,False,True,True,True
6300,cf_b,24,C,1.0,0.875,2,2,0,False,True,True,True
6301,cf_b,25,A,0.6666666666666666,0.8333333333333333,3,2,0,True,True,True,True
6302,cf_b,25,B,0.6666666666666666,0.8333333333333333,3,2,0,True,True,True,True
6303,cf_b,25,C,0.5,0.875,2,1,0,False,True,True,True
6304,cf_b,26,A,1.0,0.875,3,3,0,False,True,True,True
6305,cf_b,26,B,1.0,0.875,3,3,0,False,True,True,True
6306,cf_b,26,C,1.0,0.875,2,2,0,False,True,True,True
6307,cf_b,27,A,1.0,0.75,4,4,0,False,False,True,True
6308,cf_b,27,B,1.0,0.75,4,4,0,False,False,True,True
6309,cf_b,27,C,1.0,0.75,2,2,0,False,False,True,True
6310,cf_b,28,A,0.75,0.75,4,3,0,True,False,True,True
6311,cf_b,28,B,0.75,0.75,4,3,0,True,False,True,True
6312,cf_b,28,C,0.5,0.75,4,2,0,True,False,True,True
6313,cf_b,29,A,1.0,0.75,3,3,0,False,False,True,True
6314,cf_b,29,B,1.0,0.75,3,3,0,False,False,True,True
6315,cf_b,29,C,1.0,0.75,2,2,0,False,False,True,True
6316,cf_b,30,A,1.0,0.875,2,2,0,True,False,True,True
6317,cf_b,30,B,1.0,0.875,2,2,0,True,False,True,True
6318,cf_b,30,C,1.0,0.875,2,2,0,True,False,True,True
6319,cf_c,1,A,0.75,1.0,4,3,0,True,True,True,True
6320,cf_c,1,B,0.6666666666666666,0.875,3,2,0,False,True,True,True
6321,cf_c,1,C,0.6666666666666666,0.875,3,2,0,False,True,True,True
6322,cf_c,2,A,0.5,0.625,4,2,0,False,True,True,True
6323,cf_c,2,B,0.6666666666666666,1.0,3,2,0,True,True,True,True
6324,cf_c,2,C,0.6666666666666666,1.0,3,2,0,True,True,True,True
6325,cf_c,3,A,0.6666666666666666,0.875,3,2,0,False,True,True,True
6326,cf_c,3,B,0.6666666666666666,0.875,3,2,0,False,True,True,True
6327,cf_c,3,C,0.6666666666666666,0.875,3,2,0,False,True,True,True
6328,cf_c,4,A,0.6666666666666666,0.875,3,2,0,True,False,True,True
6329,cf_c,4,B,0.3333333333333333,0.4166666666666666,3,1,0,False,False,True,True
6330,cf_c,4,C,0.3333333333333333,0.4166666666666666,3,1,0,False,False,True,True
6331,cf_c,5,A,0.5,0.875,2,1,0,False,True,True,True
6332,cf_c,5,B,0.5,0.5,2,1,0,False,False,True,True
6333,cf_c,5,C,0.5,0.5,2,1,0,False,False,True,True
6334,cf_c,6,A,0.3333333333333333,0.875,3,1,0,False,True,True,True
6335,cf_c,6,B,0.6666666666666666,0.875,3,2,0,False,True,True,True
6336,cf_c,6,C,0.6666666666666666,0.875,3,2,0,False,True,True,True
6337,cf_c,7,A,1.0,0.875,3,3,0,False,True,True,True
6338,cf_c,7,B,1.0,0.875,2,2,0,False,True,True,True
6339,cf_c,7,C,1.0,0.875,2,2,0,False,True,True,True
6340,cf_c,8,A,0.5,0.875,2,1,0,False,True,True,True
6341,cf_c,8,B,0.5,0.875,2,1,0,False,True,True,True
6342,cf_c,8,C,0.5,0.875,2,1,0,False,True,True,True
6343,cf_c,9,A,0.3333333333333333,0.875,3,1,0,False,True,True,True
6344,cf_c,9,B,0.5,0.875,2,1,0,False,True,True,True
6345,cf_c,9,C,0.5,0.875,2,1,0,False,True,True,True
6346,cf_c,10,A,0.3333333333333333,1.0,3,1,0,True,True,True,True
6347,cf_c,10,B,0.5,0.875,2,1,0,False,True,True,True
6348,cf_c,10,C,0.5,0.875,2,1,0,False,True,True,True
6349,cf_c,11,A,0.5,0.875,2,1,0,False,True,True,True
6350,cf_c,11,B,0.5,0.875,2,1,0,False,True,True,True
6351,cf_c,11,C,0.5,0.875,2,1,0,False,True,True,True
6352,cf_c,12,A,0.6666666666666666,0.875,3,2,0,False,True,True,True
6353,cf_c,12,B,0.5,0.875,2,1,0,False,True,True,True
6354,cf_c,12,C,0.5,0.875,2,1,0,False,True,True,True
6355,cf_c,13,A,1.0,0.75,3,3,0,False,False,True,True
6356,cf_c,13,B,1.0,0.75,2,2,0,False,False,True,True
6357,cf_c,13,C,1.0,0.75,2,2,0,False,False,True,True
6358,cf_c,14,A,0.5,0.875,2,1,0,False,True,True,True
6359,cf_c,14,B,1.0,0.875,2,2,0,False,True,True,True
6360,cf_c,14,C,1.0,0.875,2,2,0,False,True,True,True
6361,cf_c,15,A,0.5,0.5,2,1,0,False,False,True,True
6362,cf_c,15,B,0.3333333333333333,0.4166666666666666,3,1,0,False,False,True,True
6363,cf_c,15,C,0.3333333333333333,0.4166666666666666,3,1,0,False,False,True,True
6364,cf_c,16,A,0.5,0.875,2,1,0,False,True,True,True
6365,cf_c,16,B,0.5,0.875,2,1,0,False,True,True,True
6366,cf_c,16,C,0.5,0.875,2,1,0,False,True,True,True
6367,cf_c,17,A,0.5,0.625,2,1,0,False,True,True,True
6368,cf_c,17,B,0.5,0.625,2,1,0,False,True,True,True
6369,cf_c,17,C,0.5,0.625,2,1,0,False,True,True,True
6370,cf_c,18,A,0.5,0.5,2,1,0,False,False,True,True
6371,cf_c,18,B,0.5,0.5,2,1,0,False,False,True,True
6372,cf_c,18,C,0.5,0.5,2,1,0,False,False,True,True
6373,cf_c,19,A,0.0,0.625,2,1,1,True,False,True,True
6374,cf_c,19,B,0.0,0.625,2,1,1,True,False,True,True
6375,cf_c,19,C,0.0,0.625,2,1,1,True,False,True,True
6376,cf_c,20,A,1.0,0.875,2,2,0,False,True,True,True
6377,cf_c,20,B,0.3333333333333333,0.7083333333333333,3,1,0,False,True,True,True
6378,cf_c,20,C,0.3333333333333333,0.7083333333333333,3,1,0,False,True,True,True
6379,cf_c,21,A,0.3333333333333333,0.7083333333333333,3,1,0,False,True,True,True
6380,cf_c,21,B,0.6666666666666666,0.875,3,2,0,False,True,True,True
6381,cf_c,21,C,0.6666666666666666,0.875,3,2,0,False,True,True,True
6382,cf_c,22,A,0.25,0.75,4,1,0,False,True,True,True
6383,cf_c,22,B,0.5,0.625,2,1,0,False,True,True,True
6384,cf_c,22,C,0.5,0.625,2,1,0,False,True,True,True
6385,cf_c,23,A,0.5,0.875,2,1,0,False,True,True,True
6386,cf_c,23,B,0.5,0.5,2,1,0,False,False,True,True
6387,cf_c,23,C,0.5,0.5,2,1,0,False,False,True,True
6388,cf_c,24,A,0.5,0.625,2,1,0,False,True,True,True
6389,cf_c,24,B,1.0,0.875,2,2,0,False,True,True,True
6390,cf_c,24,C,1.0,0.875,2,2,0,False,True,True,True
6391,cf_c,25,A,0.75,0.625,4,3,0,False,False,True,True
6392,cf_c,25,B,0.5,0.875,2,1,0,False,True,True,True
6393,cf_c,25,C,0.5,0.875,2,1,0,False,True,True,True
6394,cf_c,26,A,1.0,0.875,2,2,0,False,True,True,True
6395,cf_c,26,B,1.0,0.875,2,2,0,False,True,True,True
6396,cf_c,26,C,1.0,0.875,2,2,0,False,True,True,True
6397,cf_c,27,A,1.0,0.75,2,2,0,False,False,True,True
6398,cf_c,27,B,1.0,0.75,2,2,0,False,False,True,True
6399,cf_c,27,C,1.0,0.75,2,2,0,False,False,True,True
6400,cf_c,28,A,1.0,0.875,2,2,0,True,False,True,True
6401,cf_c,28,B,0.5,0.75,4,2,0,True,False,True,True
6402,cf_c,28,C,0.5,0.75,4,2,0,True,False,True,True
6403,cf_c,29,A,1.0,0.875,2,2,0,True,False,True,True
6404,cf_c,29,B,1.0,0.75,2,2,0,False,False,True,True
6405,cf_c,29,C,1.0,0.75,2,2,0,False,False,True,True
6406,cf_c,30,A,1.0,1.0,3,3,0,True,True,True,True
6407,cf_c,30,B,1.0,0.875,2,2,0,True,False,True,True
6408,cf_c,30,C,1.0,0.875,2,2,0,True,False,True,True
6409,cf_c,1,A,0.75,1.0,4,3,0,True,True,True,True
6410,cf_c,1,B,0.6666666666666666,0.875,3,2,0,False,True,True,True
6411,cf_c,1,C,0.6666666666666666,0.875,3,2,0,False,True,True,True
6412,cf_c,2,A,0.5,0.625,4,2,0,False,True,True,True
6413,cf_c,2,B,0.6666666666666666,1.0,3,2,0,True,True,True,True
6414,cf_c,2,C,0.6666666666666666,1.0,3,2,0,True,True,True,True
6415,cf_c,3,A,0.6666666666666666,0.875,3,2,0,False,True,True,True
6416,cf_c,3,B,0.6666666666666666,0.875,3,2,0,False,True,True,True
6417,cf_c,3,C,0.6666666666666666,0.875,3,2,0,False,True,True,True
6418,cf_c,4,A,0.6666666666666666,0.875,3,2,0,True,False,True,True
6419,cf_c,4,B,0.3333333333333333,0.4166666666666666,3,1,0,False,False,True,True
6420,cf_c,4,C,0.3333333333333333,0.4166666666666666,3,1,0,False,False,True,True
6421,cf_c,5,A,0.5,0.875,2,1,0,False,True,True,True
6422,cf_c,5,B,0.5,0.5,2,1,0,False,False,True,True
6423,cf_c,5,C,0.5,0.5,2,1,0,False,False,True,True
6424,cf_c,6,A,0.3333333333333333,0.875,3,1,0,False,True,True,True
6425,cf_c,6,B,0.6666666666666666,0.875,3,2,0,False,True,True,True
6426,cf_c,6,C,0.6666666666666666,0.875,3,2,0,False,True,True,True
6427,cf_c,7,A,1.0,0.875,3,3,0,False,True,True,True
6428,cf_c,7,B,1.0,0.875,2,2,0,False,True,True,True
6429,cf_c,7,C,1.0,0.875,2,2,0,False,True,True,True
6430,cf_c,8,A,0.5,0.875,2,1,0,False,True,True,True
6431,cf_c,8,B,0.5,0.875,2,1,0,False,True,True,True
6432,cf_c,8,C,0.5,0.875,2,1,0,False,True,True,True
6433,cf_c,9,A,0.3333333333333333,0.875,3,1,0,False,True,True,True
6434,cf_c,9,B,0.5,0.875,2,1,0,False,True,True,True
6435,cf_c,9,C,0.5,0.875,2,1,0,False,True,True,True
6436,cf_c,10,A,0.3333333333333333,1.0,3,1,0,True,True,True,True
6437,cf_c,10,B,0.5,0.875,2,1,0,False,True,True,True
6438,cf_c,10,C,0.5,0.875,2,1,0,False,True,True,True
6439,cf_c,11,A,0.5,0.875,2,1,0,False,True,True,True
6440,cf_c,11,B,0.5,0.875,2,1,0,False,True,True,True
6441,cf_c,11,C,0.5,0.875,2,1,0,False,True,True,True
6442,cf_c,12,A,0.6666666666666666,0.875,3,2,0,False,True,True,True
6443,cf_c,12,B,0.5,0.875,2,1,0,False,True,True,True
6444,cf_c,12,C,0.5,0.875,2,1,0,False,True,True,True
6445,cf_c,13,A,1.0,0.75,3,3,0,False,False,True,True
6446,cf_c,13,B,1.0,0.75,2,2,0,False,False,True,True
6447,cf_c,13,C,1.0,0.75,2,2,0,False,False,True,True
6448,cf_c,14,A,0.5,0.875,2,1,0,False,True,True,True
6449,cf_c,14,B,1.0,0.875,2,2,0,False,True,True,True
6450,cf_c,14,C,1.0,0.875,2,2,0,False,True,True,True
6451,cf_c,15,A,0.5,0.5,2,1,0,False,False,True,True
6452,cf_c,15,B,0.3333333333333333,0.4166666666666666,3,1,0,False,False,True,True
6453,cf_c,15,C,0.3333333333333333,0.4166666666666666,3,1,0,False,False,True,True
6454,cf_c,16,A,0.5,0.875,2,1,0,False,True,True,True
6455,cf_c,16,B,0.5,0.875,2,1,0,False,True,True,True
6456,cf_c,16,C,0.5,0.875,2,1,0,False,True,True,True
6457,cf_c,17,A,0.5,0.625,2,1,0,False,True,True,True
6458,cf_c,17,B,0.5,0.625,2,1,0,False,True,True,True
6459,cf_c,17,C,0.5,0.625,2,1,0,False,True,True,True
6460,cf_c,18,A,0.5,0.5,2,1,0,False,False,True,True
6461,cf_c,18,B,0.5,0.5,2,1,0,False,False,True,True
6462,cf_c,18,C,0.5,0.5,2,1,0,False,False,True,True
6463,cf_c,19,A,0.0,0.625,2,1,1,True,False,True,True
6464,cf_c,19,B,0.0,0.625,2,1,1,True,False,True,True
6465,cf_c,19,C,0.0,0.625,2,1,1,True,False,True,True
6466,cf_c,20,A,1.0,0.875,2,2,0,False,True,True,True
6467,cf_c,20,B,0.3333333333333333,0.7083333333333333,3,1,0,False,True,True,True
6468,cf_c,20,C,0.3333333333333333,0.7083333333333333,3,1,0,False,True,True,True
6469,cf_c,21,A,0.3333333333333333,0.7083333333333333,3,1,0,False,True,True,True
6470,cf_c,21,B,0.6666666666666666,0.875,3,2,0,False,True,True,True
6471,cf_c,21,C,0.6666666666666666,0.875,3,2,0,False,True,True,True
6472,cf_c,22,A,0.25,0.75,4,1,0,False,True,True,True
6473,cf_c,22,B,0.5,0.625,2,1,0,False,True,True,True
6474,cf_c,22,C,0.5,0.625,2,1,0,False,True,True,True
6475,cf_c,23,A,0.5,0.875,2,1,0,False,True,True,True
6476,cf_c,23,B,0.5,0.5,2,1,0,False,False,True,True
6477,cf_c,23,C,0.5,0.5,2,1,0,False,False,True,True
6478,cf_c,24,A,0.5,0.625,2,1,0,False,True,True,True
6479,cf_c,24,B,1.0,0.875,2,2,0,False,True,True,True
6480,cf_c,24,C,1.0,0.875,2,2,0,False,True,True,True
6481,cf_c,25,A,0.75,0.625,4,3,0,False,False,True,True
6482,cf_c,25,B,0.5,0.875,2,1,0,False,True,True,True
6483,cf_c,25,C,0.5,0.875,2,1,0,False,True,True,True
6484,cf_c,26,A,1.0,0.875,2,2,0,False,True,True,True
6485,cf_c,26,B,1.0,0.875,2,2,0,False,True,True,True
6486,cf_c,26,C,1.0,0.875,2,2,0,False,True,True,True
6487,cf_c,27,A,1.0,0.75,2,2,0,False,False,True,True
6488,cf_c,27,B,1.0,0.75,2,2,0,False,False,True,True
6489,cf_c,27,C,1.0,0.75,2,2,0,False,False,True,True
6490,cf_c,28,A,1.0,0.875,2,2,0,True,False,True,True
6491,cf_c,28,B,0.5,0.75,4,2,0,True,False,True,True
6492,cf_c,28,C,0.5,0.75,4,2,0,True,False,True,True
6493,cf_c,29,A,1.0,0.875,2,2,0,True,False,True,True
6494,cf_c,29,B,1.0,0.75,2,2,0,False,False,True,True
6495,cf_c,29,C,1.0,0.75,2,2,0,False,False,True,True
6496,cf_c,30,A,1.0,1.0,3,3,0,True,True,True,True
6497,cf_c,30,B,1.0,0.875,2,2,0,True,False,True,True
6498,cf_c,30,C,1.0,0.875,2,2,0,True,False,True,True
6499,cf_c,1,A,0.75,1.0,4,3,0,True,True,True,True
6500,cf_c,1,B,0.6666666666666666,0.875,3,2,0,False,True,True,True
6501,cf_c,1,C,0.6666666666666666,0.875,3,2,0,False,True,True,True
6502,cf_c,2,A,0.5,0.625,4,2,0,False,True,True,True
6503,cf_c,2,B,0.6666666666666666,1.0,3,2,0,True,True,True,True
6504,cf_c,2,C,0.6666666666666666,1.0,3,2,0,True,True,True,True
6505,cf_c,3,A,0.6666666666666666,0.875,3,2,0,False,True,True,True
6506,cf_c,3,B,0.6666666666666666,0.875,3,2,0,False,True,True,True
6507,cf_c,3,C,0.6666666666666666,0.875,3,2,0,False,True,True,True
6508,cf_c,4,A,0.6666666666666666,0.875,3,2,0,True,False,True,True
6509,cf_c,4,B,0.3333333333333333,0.4166666666666666,3,1,0,False,False,True,True
6510,cf_c,4,C,0.3333333333333333,0.4166666666666666,3,1,0,False,False,True,True
6511,cf_c,5,A,0.5,0.875,2,1,0,False,True,True,True
6512,cf_c,5,B,0.5,0.5,2,1,0,False,False,True,True
6513,cf_c,5,C,0.5,0.5,2,1,0,False,False,True,True
6514,cf_c,6,A,0.3333333333333333,0.875,3,1,0,False,True,True,True
6515,cf_c,6,B,0.6666666666666666,0.875,3,2,0,False,True,True,True
6516,cf_c,6,C,0.6666666666666666,0.875,3,2,0,False,True,True,True
6517,cf_c,7,A,1.0,0.875,3,3,0,False,True,True,True
6518,cf_c,7,B,1.0,0.875,2,2,0,False,True,True,True
6519,cf_c,7,C,1.0,0.875,2,2,0,False,True,True,True
6520,cf_c,8,A,0.5,0.875,2,1,0,False,True,True,True
6521,cf_c,8,B,0.5,0.875,2,1,0,False,True,True,True
6522,cf_c,8,C,0.5,0.875,2,1,0,False,True,True,True
6523,cf_c,9,A,0.3333333333333333,0.875,3,1,0,False,True,True,True
6524,cf_c,9,B,0.5,0.875,2,1,0,False,True,True,True
6525,cf_c,9,C,0.5,0.875,2,1,0,False,True,True,True
6526,cf_c,10,A,0.3333333333333333,1.0,3,1,0,True,True,True,True
6527,cf_c,10,B,0.5,0.875,2,1,0,False,True,True,True
6528,cf_c,10,C,0.5,0.875,2,1,0,False,True,True,True
6529,cf_c,11,A,0.5,0.875,2,1,0,False,True,True,True
6530,cf_c,11,B,0.5,0.875,2,1,0,False,True,True,True
6531,cf_c,11,C,0.5,0.875,2,1,0,False,True,True,True
6532,cf_c,12,A,0.6666666666666666,0.875,3,2,0,False,True,True,True
6533,cf_c,12,B,0.5,0.875,2,1,0,False,True,True,True
6534,cf_c,12,C,0.5,0.875,2,1,0,False,True,True,True
6535,cf_c,13,A,1.0,0.75,3,3,0,False,False,True,True
6536,cf_c,13,B,1.0,0.75,2,2,0,False,False,True,True
6537,cf_c,13,C,1.0,0.75,2,2,0,False,False,True,True
6538,cf_c,14,A,0.5,0.875,2,1,0,False,True,True,True
6539,cf_c,14,B,1.0,0.875,2,2,0,False,True,True,True
6540,cf_c,14,C,1.0,0.875,2,2,0,False,True,True,True
6541,cf_c,15,A,0.5,0.5,2,1,0,False,False,True,True
6542,cf_c,15,B,0.3333333333333333,0.4166666666666666,3,1,0,False,False,True,True
6543,cf_c,15,C,0.3333333333333333,0.4166666666666666,3,1,0,False,False,True,True
6544,cf_c,16,A,0.5,0.875,2,1,0,False,True,True,True
6545,cf_c,16,B,0.5,0.875,2,1,0,False,True,True,True
6546,cf_c,16,C,0.5,0.875,2,1,0,False,True,True,True
6547,cf_c,17,A,0.5,0.625,2,1,0,False,True,True,True
6548,cf_c,17,B,0.5,0.625,2,1,0,False,True,True,True
6549,cf_c,17,C,0.5,0.625,2,1,0,False,True,True,True
6550,cf_c,18,A,0.5,0.5,2,1,0,False,False,True,True
6551,cf_c,18,B,0.5,0.5,2,1,0,False,False,True,True
6552,cf_c,18,C,0.5,0.5,2,1,0,False,False,True,True
6553,cf_c,19,A,0.0,0.625,2,1,1,True,False,True,True
6554,cf_c,19,B,0.0,0.625,2,1,1,True,False,True,True
6555,cf_c,19,C,0.0,0.625,2,1,1,True,False,True,True
6556,cf_c,20,A,1.0,0.875,2,2,0,False,True,True,True
6557,cf_c,20,B,0.3333333333333333,0.7083333333333333,3,1,0,False,True,True,True
6558,cf_c,20,C,0.3333333333333333,0.7083333333333333,3,1,0,False,True,True,True
6559,cf_c,21,A,0.3333333333333333,0.7083333333333333,3,1,0,False,True,True,True
6560,cf_c,21,B,0.6666666666666666,0.875,3,2,0,False,True,True,True
6561,cf_c,21,C,0.6666666666666666,0.875,3,2,0,False,True,True,True
6562,cf_c,22,A,0.25,0.75,4,1,0,False,True,True,True
6563,cf_c,22,B,0.5,0.625,2,1,0,False,True,True,True
6564,cf_c,22,C,0.5,0.625,2,1,0,False,True,True,True
6565,cf_c,23,A,0.5,0.875,2,1,0,False,True,True,True
6566,cf_c,23,B,0.5,0.5,2,1,0,False,False,True,True
6567,cf_c,23,C,0.5,0.5,2,1,0,False,False,True,True
6568,cf_c,24,A,0.5,0.625,2,1,0,False,True,True,True
6569,cf_c,24,B,1.0,0.875,2,2,0,False,True,True,True
6570,cf_c,24,C,1.0,0.875,2,2,0,False,True,True,True
6571,cf_c,25,A,0.75,0.625,4,3,0,False,False,True,True
6572,cf_c,25,B,0.5,0.875,2,1,0,False,True,True,True
6573,cf_c,25,C,0.5,0.875,2,1,0,False,True,True,True
6574,cf_c,26,A,1.0,0.875,2,2,0,False,True,True,True
6575,cf_c,26,B,1.0,0.875,2,2,0,False,True,True,True
6576,cf_c,26,C,1.0,0.875,2,2,0,False,True,True,True
6577,cf_c,27,A,1.0,0.75,2,2,0,False,False,True,True
6578,cf_c,27,B,1.0,0.75,2,2,0,False,False,True,True
6579,cf_c,27,C,1.0,0.75,2,2,0,False,False,True,True
6580,cf_c,28,A,1.0,0.875,2,2,0,True,False,True,True
6581,cf_c,28,B,0.5,0.75,4,2,0,True,False,True,True
6582,cf_c,28,C,0.5,0.75,4,2,0,True,False,True,True
6583,cf_c,29,A,1.0,0.875,2,2,0,True,False,True,True
6584,cf_c,29,B,1.0,0.75,2,2,0,False,False,True,True
6585,cf_c,29,C,1.0,0.75,2,2,0,False,False,True,True
6586,cf_c,30,A,1.0,1.0,3,3,0,True,True,True,True
6587,cf_c,30,B,1.0,0.875,2,2,0,True,False,True,True
6588,cf_c,30,C,1.0,0.875,2,2,0,True,False,True,True
6589,cf_c,1,A,0.75,1.0,4,3,0,True,True,True,True
6590,cf_c,1,B,0.6666666666666666,0.875,3,2,0,False,True,True,True
6591,cf_c,1,C,0.6666666666666666,0.875,3,2,0,False,True,True,True
6592,cf_c,2,A,0.5,0.625,4,2,0,False,True,True,True
6593,cf_c,2,B,0.6666666666666666,1.0,3,2,0,True,True,True,True
6594,cf_c,2,C,0.6666666666666666,1.0,3,2,0,True,True,True,True
6595,cf_c,3,A,0.6666666666666666,0.875,3,2,0,False,True,True,True
6596,cf_c,3,B,0.6666666666666666,0.875,3,2,0,False,True,True,True
6597,cf_c,3,C,0.6666666666666666,0.875,3,2,0,False,True,True,True
6598,cf_c,4,A,0.6666666666666666,0.875,3,2,0,True,False,True,True
6599,cf_c,4,B,0.3333333333333333,0.4166666666666666,3,1,0,False,False,True,True
6600,cf_c,4,C,0.3333333333333333,0.4166666666666666,3,1,0,False,False,True,True
6601,cf_c,5,A,0.5,0.875,2,1,0,False,True,True,True
6602,cf_c,5,B,0.5,0.5,2,1,0,False,False,True,True
6603,cf_c,5,C,0.5,0.5,2,1,0,False,False,True,True
6604,cf_c,6,A,0.3333333333333333,0.875,3,1,0,False,True,True,True
6605,cf_c,6,B,0.6666666666666666,0.875,3,2,0,False,True,True,True
6606,cf_c,6,C,0.6666666666666666,0.875,3,2,0,False,True,True,True
6607,cf_c,7,A,1.0,0.875,3,3,0,False,True,True,True
6608,cf_c,7,B,1.0,0.875,2,2,0,False,True,True,True
6609,cf_c,7,C,1.0,0.875,2,2,0,False,True,True,True
6610,cf_c,8,A,0.5,0.875,2,1,0,False,True,True,True
6611,cf_c,8,B,0.5,0.875,2,1,0,False,True,True,True
6612,cf_c,8,C,0.5,0.875,2,1,0,False,True,True,True
6613,cf_c,9,A,0.3333333333333333,0.875,3,1,0,False,True,True,True
6614,cf_c,9,B,0.5,0.875,2,1,0,False,True,True,True
6615,cf_c,9,C,0.5,0.875,2,1,0,False,True,True,True
6616,cf_c,10,A,0.3333333333333333,1.0,3,1,0,True,True,True,True
6617,cf_c,10,B,0.5,0.875,2,1,0,False,True,True,True
6618,cf_c,10,C,0.5,0.875,2,1,0,False,True,True,True
6619,cf_c,11,A,0.5,0.875,2,1,0,False,True,True,True
6620,cf_c,11,B,0.5,0.875,2,1,0,False,True,True,True
6621,cf_c,11,C,0.5,0.875,2,1,0,False,True,True,True
6622,cf_c,12,A,0.6666666666666666,0.875,3,2,0,False,True,True,True
6623,cf_c,12,B,0.5,0.875,2,1,0,False,True,True,True
6624,cf_c,12,C,0.5,0.875,2,1,0,False,True,True,True
6625,cf_c,13,A,1.0,0.75,3,3,0,False,False,True,True
6626,cf_c,13,B,1.0,0.75,2,2,0,False,False,True,True
6627,cf_c,13,C,1.0,0.75,2,2,0,False,False,True,True
6628,cf_c,14,A,0.5,0.875,2,1,0,False,True,True,True
6629,cf_c,14,B,1.0,0.875,2,2,0,False,True,True,True
6630,cf_c,14,C,1.0,0.875,2,2,0,False,True,True,True
6631,cf_c,15,A,0.5,0.5,2,1,0,False,False,True,True
6632,cf_c,15,B,0.3333333333333333,0.4166666666666666,3,1,0,False,False,True,True
6633,cf_c,15,C,0.3333333333333333,0.4166666666666666,3,1,0,False,False,True,True
6634,cf_c,16,A,0.5,0.875,2,1,0,False,True,True,True
6635,cf_c,16,B,0.5,0.875,2,1,0,False,True,True,True
6636,cf_c,16,C,0.5,0.875,2,1,0,False,True,True,True
6637,cf_c,17,A,0.5,0.625,2,1,0,False,True,True,True
6638,cf_c,17,B,0.5,0.625,2,1,0,False,True,True,True
6639,cf_c,17,C,0.5,0.625,2,1,0,False,True,True,True
6640,cf_c,18,A,0.5,0.5,2,1,0,False,False,True,True
6641,cf_c,18,B,0.5,0.5,2,1,0,False,False,True,True
6642,cf_c,18,C,0.5,0.5,2,1,0,False,False,True,True
6643,cf_c,19,A,0.0,0.625,2,1,1,True,False,True,True
6644,cf_c,19,B,0.0,0.625,2,1,1,True,False,True,True
6645,cf_c,19,C,0.0,0.625,2,1,1,True,False,True,True
6646,cf_c,20,A,1.0,0.875,2,2,0,False,True,True,True
6647,cf_c,20,B,0.3333333333333333,0.7083333333333333,3,1,0,False,True,True,True
6648,cf_c,20,C,0.3333333333333333,0.7083333333333333,3,1,0,False,True,True,True
6649,cf_c,21,A,0.3333333333333333,0.7083333333333333,3,1,0,False,True,True,True
6650,cf_c,21,B,0.6666666666666666,0.875,3,2,0,False,True,True,True
6651,cf_c,21,C,0.6666666666666666,0.875,3,2,0,False,True,True,True
6652,cf_c,22,A,0.25,0.75,4,1,0,False,True,True,True
6653,cf_c,22,B,0.5,0.625,2,1,0,False,True,True,True
6654,cf_c,22,C,0.5,0.625,2,1,0,False,True,True,True
6655,cf_c,23,A,0.5,0.875,2,1,0,False,True,True,True
6656,cf_c,23,B,0.5,0.5,2,1,0,False,False,True,True
6657,cf_c,23,C,0.5,0.5,2,1,0,False,False,True,True
6658,cf_c,24,A,0.5,0.625,2,1,0,False,True,True,True
6659,cf_c,24,B,1.0,0.875,2,2,0,False,True,True,True
6660,cf_c,24,C,1.0,0.875,2,2,0,False,True,True,True
6661,cf_c,25,A,0.75,0.625,4,3,0,False,False,True,True
6662,cf_c,25,B,0.5,0.875,2,1,0,False,True,True,True
6663,cf_c,25,C,0.5,0.875,2,1,0,False,True,True,True
6664,cf_c,26,A,1.0,0.875,2,2,0,False,True,True,True
6665,cf_c,26,B,1.0,0.875,2,2,0,False,True,True,True
6666,cf_c,26,C,1.0,0.875,2,2,0,False,True,True,True
6667,cf_c,27,A,1.0,0.75,2,2,0,False,False,True,True
6668,cf_c,27,B,1.0,0.75,2,2,0,False,False,True,True
6669,cf_c,27,C,1.0,0.75,2,2,0,False,False,True,True
6670,cf_c,28,A,1.0,0.875,2,2,0,True,False,True,True
6671,cf_c,28,B,0.5,0.75,4,2,0,True,False,True,True
6672,cf_c,28,C,0.5,0.75,4,2,0,True,False,True,True
6673,cf_c,29,A,1.0,0.875,2,2,0,True,False,True,True
6674,cf_c,29,B,1.0,0.75,2,2,0,False,False,True,True
6675,cf_c,29,C,1.0,0.75,2,2,0,False,False,True,True
6676,cf_c,30,A,1.0,1.0,3,3,0,True,True,True,True
6677,cf_c,30,B,1.0,0.875,2,2,0,True,False,True,True
6678,cf_c,30,C,1.0,0.875,2,2,0,True,False,True,True
6679,cf_c,1,A,0.75,1.0,4,3,0,True,True,True,True
6680,cf_c,1,B,0.6666666666666666,0.875,3,2,0,False,True,True,True
6681,cf_c,1,C,0.6666666666666666,0.875,3,2,0,False,True,True,True
6682,cf_c,2,A,0.5,0.625,4,2,0,False,True,True,True
6683,cf_c,2,B,0.6666666666666666,1.0,3,2,0,True,True,True,True
6684,cf_c,2,C,0.6666666666666666,1.0,3,2,0,True,True,True,True
6685,cf_c,3,A,0.6666666666666666,0.875,3,2,0,False,True,True,True
6686,cf_c,3,B,0.6666666666666666,0.875,3,2,0,False,True,True,True
6687,cf_c,3,C,0.6666666666666666,0.875,3,2,0,False,True,True,True
6688,cf_c,4,A,0.6666666666666666,0.875,3,2,0,True,False,True,True
6689,cf_c,4,B,0.3333333333333333,0.4166666666666666,3,1,0,False,False,True,True
6690,cf_c,4,C,0.3333333333333333,0.4166666666666666,3,1,0,False,False,True,True
6691,cf_c,5,A,0.5,0.875,2,1,0,False,True,True,True
6692,cf_c,5,B,0.5,0.5,2,1,0,False,False,True,True
6693,cf_c,5,C,0.5,0.5,2,1,0,False,False,True,True
6694,cf_c,6,A,0.3333333333333333,0.875,3,1,0,False,True,True,True
6695,cf_c,6,B,0.6666666666666666,0.875,3,2,0,False,True,True,True
6696,cf_c,6,C,0.6666666666666666,0.875,3,2,0,False,True,True,True
6697,cf_c,7,A,1.0,0.875,3,3,0,False,True,True,True
6698,cf_c,7,B,1.0,0.875,2,2,0,False,True,True,True
6699,cf_c,7,C,1.0,0.875,2,2,0,False,True,True,True
6700,cf_c,8,A,0.5,0.875,2,1,0,False,True,True,True
6701,cf_c,8,B,0.5,0.875,2,1,0,False,True,True,True
6702,cf_c,8,C,0.5,0.875,2,1,0,False,True,True,True
6703,cf_c,9,A,0.3333333333333333,0.875,3,1,0,False,True,True,True
6704,cf_c,9,B,0.5,0.875,2,1,0,False,True,True,True
6705,cf_c,9,C,0.5,0.875,2,1,0,False,True,True,True
6706,cf_c,10,A,0.3333333333333333,1.0,3,1,0,True,True,True,True
6707,cf_c,10,B,0.5,0.875,2,1,0,False,True,True,True
6708,cf_c,10,C,0.5,0.875,2,1,0,False,True,True,True
6709,cf_c,11,A,0.5,0.875,2,1,0,False,True,True,True
6710,cf_c,11,B,0.5,0.875,2,1,0,False,True,True,True
6711,cf_c,11,C,0.5,0.875,2,1,0,False,True,True,True
6712,cf_c,12,A,0.6666666666666666,0.875,3,2,0,False,True,True,True
6713,cf_c,12,B,0.5,0.875,2,1,0,False,True,True,True
6714,cf_c,12,C,0.5,0.875,2,1,0,False,True,True,True
6715,cf_c,13,A,1.0,0.75,3,3,0,False,False,True,True
6716,cf_c,13,B,1.0,0.75,2,2,0,False,False,True,True
6717,cf_c,13,C,1.0,0.75,2,2,0,False,False,True,True
6718,cf_c,14,A,0.5,0.875,2,1,0,False,True,True,True
6719,cf_c,14,B,1.0,0.875,2,2,0,False,True,True,True
6720,cf_c,14,C,1.0,0.875,2,2,0,False,True,True,True
6721,cf_c,15,A,0.5,0.5,2,1,0,False,False,True,True
6722,cf_c,15,B,0.3333333333333333,0.4166666666666666,3,1,0,False,False,True,True
6723,cf_c,15,C,0.3333333333333333,0.4166666666666666,3,1,0,False,False,True,True
6724,cf_c,16,A,0.5,0.875,2,1,0,False,True,True,True
6725,cf_c,16,B,0.5,0.875,2,1,0,False,True,True,True
6726,cf_c,16,C,0.5,0.875,2,1,0,False,True,True,True
6727,cf_c,17,A,0.5,0.625,2,1,0,False,True,True,True
6728,cf_c,17,B,0.5,0.625,2,1,0,False,True,True,True
6729,cf_c,17,C,0.5,0.625,2,1,0,False,True,True,True
6730,cf_c,18,A,0.5,0.5,2,1,0,False,False,True,True
6731,cf_c,18,B,0.5,0.5,2,1,0,False,False,True,True
6732,cf_c,18,C,0.5,0.5,2,1,0,False,False,True,True
6733,cf_c,19,A,0.0,0.625,2,1,1,True,False,True,True
6734,cf_c,19,B,0.0,0.625,2,1,1,True,False,True,True
6735,cf_c,19,C,0.0,0.625,2,1,1,True,False,True,True
6736,cf_c,20,A,1.0,0.875,2,2,0,False,True,True,True
6737,cf_c,20,B,0.3333333333333333,0.7083333333333333,3,1,0,False,True,True,True
6738,cf_c,20,C,0.3333333333333333,0.7083333333333333,3,1,0,False,True,True,True
6739,cf_c,21,A,0.3333333333333333,0.7083333333333333,3,1,0,False,True,True,True
6740,cf_c,21,B,0.6666666666666666,0.875,3,2,0,False,True,True,True
6741,cf_c,21,C,0.6666666666666666,0.875,3,2,0,False,True,True,True
6742,cf_c,22,A,0.25,0.75,4,1,0,False,True,True,True
6743,cf_c,22,B,0.5,0.625,2,1,0,False,True,True,True
6744,cf_c,22,C,0.5,0.625,2,1,0,False,True,True,True
6745,cf_c,23,A,0.5,0.875,2,1,0,False,True,True,True
6746,cf_c,23,B,0.5,0.5,2,1,0,False,False,True,True
6747,cf_c,23,C,0.5,0.5,2,1,0,False,False,True,True
6748,cf_c,24,A,0.5,0.625,2,1,0,False,True,True,True
6749,cf_c,24,B,1.0,0.875,2,2,0,False,True,True,True
6750,cf_c,24,C,1.0,0.875,2,2,0,False,True,True,True
6751,cf_c,25,A,0.75,0.625,4,3,0,False,False,True,True
6752,cf_c,25,B,0.5,0.875,2,1,0,False,True,True,True
6753,cf_c,25,C,0.5,0.875,2,1,0,False,True,True,True
6754,cf_c,26,A,1.0,0.875,2,2,0,False,True,True,True
6755,cf_c,26,B,1.0,0.875,2,2,0,False,True,True,True
6756,cf_c,26,C,1.0,0.875,2,2,0,False,True,True,True
6757,cf_c,27,A,1.0,0.75,2,2,0,False,False,True,True
6758,cf_c,27,B,1.0,0.75,2,2,0,False,False,True,True
6759,cf_c,27,C,1.0,0.75,2,2,0,False,False,True,True
6760,cf_c,28,A,1.0,0.875,2,2,0,True,False,True,True
6761,cf_c,28,B,0.5,0.75,4,2,0,True,False,True,True
6762,cf_c,28,C,0.5,0.75,4,2,0,True,False,True,True
6763,cf_c,29,A,1.0,0.875,2,2,0,True,False,True,True
6764,cf_c,29,B,1.0,0.75,2,2,0,False,False,True,True
6765,cf_c,29,C,1.0,0.75,2,2,0,False,False,True,True
6766,cf_c,30,A,1.0,1.0,3,3,0,True,True,True,True
6767,cf_c,30,B,1.0,0.875,2,2,0,True,False,True,True
6768,cf_c,30,C,1.0,0.875,2,2,0,True,False,True,True
6769,cf_d,1,A,0.6666666666666666,0.875,3,2,0,False,True,True,True
6770,cf_d,1,B,0.6666666666666666,0.875,3,2,0,False,True,True,True
6771,cf_d,1,C,0.6666666666666666,0.875,3,2,0,False,True,True,True
6772,cf_d,2,A,0.6666666666666666,1.0,3,2,0,True,True,True,True
6773,cf_d,2,B,0.6666666666666666,1.0,3,2,0,True,True,True,True
6774,cf_d,2,C,0.6666666666666666,1.0,3,2,0,True,True,True,True
6775,cf_d,3,A,0.6666666666666666,0.875,3,2,0,False,True,True,True
6776,cf_d,3,B,0.6666666666666666,0.875,3,2,0,False,True,True,True
6777,cf_d,3,C,0.6666666666666666,0.875,3,2,0,False,True,True,True
6778,cf_d,4,A,0.3333333333333333,0.4166666666666666,3,1,0,False,False,True,True
6779,cf_d,4,B,0.3333333333333333,0.4166666666666666,3,1,0,False,False,True,True
6780,cf_d,4,C,0.3333333333333333,0.4166666666666666,3,1,0,False,False,True,True
6781,cf_d,5,A,0.5,0.5,2,1,0,False,False,True,True
6782,cf_d,5,B,0.5,0.5,2,1,0,False,False,True,True
6783,cf_d,5,C,0.5,0.5,2,1,0,False,False,True,True
6784,cf_d,6,A,0.6666666666666666,0.875,3,2,0,False,True,True,True
6785,cf_d,6,B,0.6666666666666666,0.875,3,2,0,False,True,True,True
6786,cf_d,6,C,0.6666666666666666,0.875,3,2,0,False,True,True,True
6787,cf_d,7,A,1.0,0.875,2,2,0,False,True,True,True
6788,cf_d,7,B,1.0,0.875,2,2,0,False,True,True,True
6789,cf_d,7,C,1.0,0.875,2,2,0,False,True,True,True
6790,cf_d,8,A,0.5,0.875,2,1,0,False,True,True,True
6791,cf_d,8,B,0.5,0.875,2,1,0,False,True,True,True
6792,cf_d,8,C,0.5,0.875,2,1,0,False,True,True,True
6793,cf_d,9,A,0.5,0.875,2,1,0,False,True,True,True
6794,cf_d,9,B,0.5,0.875,2,1,0,False,True,True,True
6795,cf_d,9,C,0.5,0.875,2,1,0,False,True,True,True
6796,cf_d,10,A,0.5,0.875,2,1,0,False,True,True,True
6797,cf_d,10,B,0.5,0.875,2,1,0,False,True,True,True
6798,cf_d,10,C,0.5,0.875,2,1,0,False,True,True,True
6799,cf_d,11,A,0.5,0.875,2,1,0,False,True,True,True
6800,cf_d,11,B,0.5,0.875,2,1,0,False,True,True,True
6801,cf_d,11,C,0.5,0.875,2,1,0,False,True,True,True
6802,cf_d,12,A,0.5,0.875,2,1,0,False,True,True,True
6803,cf_d,12,B,0.5,0.875,2,1,0,False,True,True,True
6804,cf_d,12,C,0.5,0.875,2,1,0,False,True,True,True
6805,cf_d,13,A,1.0,0.75,2,2,0,False,False,True,True
6806,cf_d,13,B,1.0,0.75,2,2,0,False,False,True,True
6807,cf_d,13,C,1.0,0.75,2,2,0,False,False,True,True
6808,cf_d,14,A,0.3333333333333333,0.875,3,1,0,False,True,True,True
6809,cf_d,14,B,0.3333333333333333,0.875,3,1,0,False,True,True,True
6810,cf_d,14,C,1.0,0.875,2,2,0,False,True,True,True
6811,cf_d,15,A,0.5,0.5,2,1,0,False,False,True,True
6812,cf_d,15,B,0.5,0.5,2,1,0,False,False,True,True
6813,cf_d,15,C,0.3333333333333333,0.4166666666666666,3,1,0,False,False,True,True
6814,cf_d,16,A,0.5,0.875,2,1,0,False,True,True,True
6815,cf_d,16,B,0.5,0.875,2,1,0,False,True,True,True
6816,cf_d,16,C,0.5,0.875,2,1,0,False,True,True,True
6817,cf_d,17,A,0.5,0.5,2,1,0,False,False,True,True
6818,cf_d,17,B,0.5,0.5,2,1,0,False,False,True,True
6819,cf_d,17,C,0.5,0.625,2,1,0,False,True,True,True
6820,cf_d,18,A,0.5,0.5,2,1,0,False,False,True,True
6821,cf_d,18,B,0.5,0.5,2,1,0,False,False,True,True
6822,cf_d,18,C,0.5,0.5,2,1,0,False,False,True,True
6823,cf_d,19,A,0.0,0.5,2,1,1,False,False,True,True
6824,cf_d,19,B,0.0,0.5,2,1,1,False,False,True,True
6825,cf_d,19,C,0.0,0.625,2,1,1,True,False,True,True
6826,cf_d,20,A,1.0,1.0,2,2,0,True,True,True,True
6827,cf_d,20,B,1.0,1.0,2,2,0,True,True,True,True
6828,cf_d,20,C,0.3333333333333333,0.7083333333333333,3,1,0,False,True,True,True
6829,cf_d,21,A,1.0,0.75,2,2,0,False,False,True,True
6830,cf_d,21,B,1.0,0.75,2,2,0,False,False,True,True
6831,cf_d,21,C,0.6666666666666666,0.875,3,2,0,False,True,True,True
6832,cf_d,22,A,0.3333333333333333,0.5416666666666666,3,1,0,False,True,True,True
6833,cf_d,22,B,0.3333333333333333,0.5416666666666666,3,1,0,False,True,True,True
6834,cf_d,22,C,0.5,0.625,2,1,0,False,True,True,True
6835,cf_d,23,A,0.5,0.5,2,1,0,False,False,True,True
6836,cf_d,23,B,0.5,0.5,2,1,0,False,False,True,True
6837,cf_d,23,C,0.5,0.5,2,1,0,False,False,True,True
6838,cf_d,24,A,0.0,0.7083333333333333,3,1,1,False,True,True,True
6839,cf_d,24,B,0.0,0.7083333333333333,3,1,1,False,True,True,True
6840,cf_d,24,C,1.0,0.875,2,2,0,False,True,True,True
6841,cf_d,25,A,0.6666666666666666,0.5833333333333333,3,2,0,False,False,True,True
6842,cf_d,25,B,0.6666666666666666,0.5833333333333333,3,2,0,False,False,True,True
6843,cf_d,25,C,0.5,0.875,2,1,0,False,True,True,True
6844,cf_d,26,A,1.0,0.875,2,2,0,False,True,True,True
6845,cf_d,26,B,1.0,0.875,2,2,0,False,True,True,True
6846,cf_d,26,C,1.0,0.875,2,2,0,False,True,True,True
6847,cf_d,27,A,1.0,0.75,3,3,0,False,False,True,True
6848,cf_d,27,B,1.0,0.75,3,3,0,False,False,True,True
6849,cf_d,27,C,1.0,0.75,2,2,0,False,False,True,True
6850,cf_d,28,A,0.5,0.75,4,2,0,True,False,True,True
6851,cf_d,28,B,0.5,0.75,4,2,0,True,False,True,True
6852,cf_d,28,C,0.5,0.75,4,2,0,True,False,True,True
6853,cf_d,29,A,1.0,0.875,3,3,0,True,False,True,True
6854,cf_d,29,B,1.0,0.875,3,3,0,True,False,True,True
6855,cf_d,29,C,1.0,0.75,2,2,0,False,False,True,True
6856,cf_d,30,A,1.0,0.875,3,3,0,True,False,True,True
6857,cf_d,30,B,1.0,0.875,3,3,0,True,False,True,True
6858,cf_d,30,C,1.0,0.875,2,2,0,True,False,True,True
6859,cf_d,1,A,0.6666666666666666,0.875,3,2,0,False,True,True,True
6860,cf_d,1,B,0.6666666666666666,0.875,3,2,0,False,True,True,True
6861,cf_d,1,C,0.6666666666666666,0.875,3,2,0,False,True,True,True
6862,cf_d,2,A,0.6666666666666666,1.0,3,2,0,True,True,True,True
6863,cf_d,2,B,0.6666666666666666,1.0,3,2,0,True,True,True,True
6864,cf_d,2,C,0.6666666666666666,1.0,3,2,0,True,True,True,True
6865,cf_d,3,A,0.6666666666666666,0.875,3,2,0,False,True,True,True
6866,cf_d,3,B,0.6666666666666666,0.875,3,2,0,False,True,True,True
6867,cf_d,3,C,0.6666666666666666,0.875,3,2,0,False,True,True,True
6868,cf_d,4,A,0.3333333333333333,0.4166666666666666,3,1,0,False,False,True,True
6869,cf_d,4,B,0.3333333333333333,0.4166666666666666,3,1,0,False,False,True,True
6870,cf_d,4,C,0.3333333333333333,0.4166666666666666,3,1,0,False,False,True,True
6871,cf_d,5,A,0.5,0.5,2,1,0,False,False,True,True
6872,cf_d,5,B,0.5,0.5,2,1,0,False,False,True,True
6873,cf_d,5,C,0.5,0.5,2,1,0,False,False,True,True
6874,cf_d,6,A,0.6666666666666666,0.875,3,2,0,False,True,True,True
6875,cf_d,6,B,0.6666666666666666,0.875,3,2,0,False,True,True,True
6876,cf_d,6,C,0.6666666666666666,0.875,3,2,0,False,True,True,True
6877,cf_d,7,A,1.0,0.875,2,2,0,False,True,True,True
6878,cf_d,7,B,1.0,0.875,2,2,0,False,True,True,True
6879,cf_d,7,C,1.0,0.875,2,2,0,False,True,True,True
6880,cf_d,8,A,0.5,0.875,2,1,0,False,True,True,True
6881,cf_d,8,B,0.5,0.875,2,1,0,False,True,True,True
6882,cf_d,8,C,0.5,0.875,2,1,0,False,True,True,True
6883,cf_d,9,A,0.5,0.875,2,1,0,False,True,True,True
6884,cf_d,9,B,0.5,0.875,2,1,0,False,True,True,True
6885,cf_d,9,C,0.5,0.875,2,1,0,False,True,True,True
6886,cf_d,10,A,0.5,0.875,2,1,0,False,True,True,True
6887,cf_d,10,B,0.5,0.875,2,1,0,False,True,True,True
6888,cf_d,10,C,0.5,0.875,2,1,0,False,True,True,True
6889,cf_d,11,A,0.5,0.875,2,1,0,False,True,True,True
6890,cf_d,11,B,0.5,0.875,2,1,0,False,True,True,True
6891,cf_d,11,C,0.5,0.875,2,1,0,False,True,True,True
6892,cf_d,12,A,0.5,0.875,2,1,0,False,True,True,True
6893,cf_d,12,B,0.5,0.875,2,1,0,False,True,True,True
6894,cf_d,12,C,0.5,0.875,2,1,0,False,True,True,True
6895,cf_d,13,A,1.0,0.75,2,2,0,False,False,True,True
6896,cf_d,13,B,1.0,0.75,2,2,0,False,False,True,True
6897,cf_d,13,C,1.0,0.75,2,2,0,False,False,True,True
6898,cf_d,14,A,0.3333333333333333,0.875,3,1,0,False,True,True,True
6899,cf_d,14,B,0.3333333333333333,0.875,3,1,0,False,True,True,True
6900,cf_d,14,C,1.0,0.875,2,2,0,False,True,True,True
6901,cf_d,15,A,0.5,0.5,2,1,0,False,False,True,True
6902,cf_d,15,B,0.5,0.5,2,1,0,False,False,True,True
6903,cf_d,15,C,0.3333333333333333,0.4166666666666666,3,1,0,False,False,True,True
6904,cf_d,16,A,0.5,0.875,2,1,0,False,True,True,True
6905,cf_d,16,B,0.5,0.875,2,1,0,False,True,True,True
6906,cf_d,16,C,0.5,0.875,2,1,0,False,True,True,True
6907,cf_d,17,A,0.5,0.5,2,1,0,False,False,True,True
6908,cf_d,17,B,0.5,0.5,2,1,0,False,False,True,True
6909,cf_d,17,C,0.5,0.625,2,1,0,False,True,True,True
6910,cf_d,18,A,0.5,0.5,2,1,0,False,False,True,True
6911,cf_d,18,B,0.5,0.5,2,1,0,False,False,True,True
6912,cf_d,18,C,0.5,0.5,2,1,0,False,False,True,True
6913,cf_d,19,A,0.0,0.5,2,1,1,False,False,True,True
6914,cf_d,19,B,0.0,0.5,2,1,1,False,False,True,True
6915,cf_d,19,C,0.0,0.625,2,1,1,True,False,True,True
6916,cf_d,20,A,1.0,1.0,2,2,0,True,True,True,True
6917,cf_d,20,B,1.0,1.0,2,2,0,True,True,True,True
6918,cf_d,20,C,0.3333333333333333,0.7083333333333333,3,1,0,False,True,True,True
6919,cf_d,21,A,1.0,0.75,2,2,0,False,False,True,True
6920,cf_d,21,B,1.0,0.75,2,2,0,False,False,True,True
6921,cf_d,21,C,0.6666666666666666,0.875,3,2,0,False,True,True,True
6922,cf_d,22,A,0.3333333333333333,0.5416666666666666,3,1,0,False,True,True,True
6923,cf_d,22,B,0.3333333333333333,0.5416666666666666,3,1,0,False,True,True,True
6924,cf_d,22,C,0.5,0.625,2,1,0,False,True,True,True
6925,cf_d,23,A,0.5,0.5,2,1,0,False,False,True,True
6926,cf_d,23,B,0.5,0.5,2,1,0,False,False,True,True
6927,cf_d,23,C,0.5,0.5,2,1,0,False,False,True,True
6928,cf_d,24,A,0.0,0.7083333333333333,3,1,1,False,True,True,True
6929,cf_d,24,B,0.0,0.7083333333333333,3,1,1,False,True,True,True
6930,cf_d,24,C,1.0,0.875,2,2,0,False,True,True,True
6931,cf_d,25,A,0.6666666666666666,0.5833333333333333,3,2,0,False,False,True,True
6932,cf_d,25,B,0.6666666666666666,0.5833333333333333,3,2,0,False,False,True,True
6933,cf_d,25,C,0.5,0.875,2,1,0,False,True,True,True
6934,cf_d,26,A,1.0,0.875,2,2,0,False,True,True,True
6935,cf_d,26,B,1.0,0.875,2,2,0,False,True,True,True
6936,cf_d,26,C,1.0,0.875,2,2,0,False,True,True,True
6937,cf_d,27,A,1.0,0.75,3,3,0,False,False,True,True
6938,cf_d,27,B,1.0,0.75,3,3,0,False,False,True,True
6939,cf_d,27,C,1.0,0.75,2,2,0,False,False,True,True
6940,cf_d,28,A,0.5,0.75,4,2,0,True,False,True,True
6941,cf_d,28,B,0.5,0.75,4,2,0,True,False,True,True
6942,cf_d,28,C,0.5,0.75,4,2,0,True,False,True,True
6943,cf_d,29,A,1.0,0.875,3,3,0,True,False,True,True
6944,cf_d,29,B,1.0,0.875,3,3,0,True,False,True,True
6945,cf_d,29,C,1.0,0.75,2,2,0,False,False,True,True
6946,cf_d,30,A,1.0,0.875,3,3,0,True,False,True,True
6947,cf_d,30,B,1.0,0.875,3,3,0,True,False,True,True
6948,cf_d,30,C,1.0,0.875,2,2,0,True,False,True,True
6949,cf_d,1,A,0.6666666666666666,0.875,3,2,0,False,True,True,True
6950,cf_d,1,B,0.6666666666666666,0.875,3,2,0,False,True,True,True
6951,cf_d,1,C,0.6666666666666666,0.875,3,2,0,False,True,True,True
6952,cf_d,2,A,0.6666666666666666,1.0,3,2,0,True,True,True,True
6953,cf_d,2,B,0.6666666666666666,1.0,3,2,0,True,True,True,True
6954,cf_d,2,C,0.6666666666666666,1.0,3,2,0,True,True,True,True
6955,cf_d,3,A,0.6666666666666666,0.875,3,2,0,False,True,True,True
6956,cf_d,3,B,0.6666666666666666,0.875,3,2,0,False,True,True,True
6957,cf_d,3,C,0.6666666666666666,0.875,3,2,0,False,True,True,True
6958,cf_d,4,A,0.3333333333333333,0.4166666666666666,3,1,0,False,False,True,True
6959,cf_d,4,B,0.3333333333333333,0.4166666666666666,3,1,0,False,False,True,True
6960,cf_d,4,C,0.3333333333333333,0.4166666666666666,3,1,0,False,False,True,True
6961,cf_d,5,A,0.5,0.5,2,1,0,False,False,True,True
6962,cf_d,5,B,0.5,0.5,2,1,0,False,False,True,True
6963,cf_d,5,C,0.5,0.5,2,1,0,False,False,True,True
6964,cf_d,6,A,0.6666666666666666,0.875,3,2,0,False,True,True,True
6965,cf_d,6,B,0.6666666666666666,0.875,3,2,0,False,True,True,True
6966,cf_d,6,C,0.6666666666666666,0.875,3,2,0,False,True,True,True
6967,cf_d,7,A,1.0,0.875,2,2,0,False,True,True,True
6968,cf_d,7,B,1.0,0.875,2,2,0,False,True,True,True
6969,cf_d,7,C,1.0,0.875,2,2,0,False,True,True,True
6970,cf_d,8,A,0.5,0.875,2,1,0,False,True,True,True
6971,cf_d,8,B,0.5,0.875,2,1,0,False,True,True,True
6972,cf_d,8,C,0.5,0.875,2,1,0,False,True,True,True
6973,cf_d,9,A,0.5,0.875,2,1,0,False,True,True,True
6974,cf_d,9,B,0.5,0.875,2,1,0,False,True,True,True
6975,cf_d,9,C,0.5,0.875,2,1,0,False,True,True,True
6976,cf_d,10,A,0.5,0.875,2,1,0,False,True,True,True
6977,cf_d,10,B,0.5,0.875,2,1,0,False,True,True,True
6978,cf_d,10,C,0.5,0.875,2,1,0,False,True,True,True
6979,cf_d,11,A,0.5,0.875,2,1,0,False,True,True,True
6980,cf_d,11,B,0.5,0.875,2,1,0,False,True,True,True
6981,cf_d,11,C,0.5,0.875,2,1,0,False,True,True,True
6982,cf_d,12,A,0.5,0.875,2,1,0,False,True,True,True
6983,cf_d,12,B,0.5,0.875,2,1,0,False,True,True,True
6984,cf_d,12,C,0.5,0.875,2,1,0,False,True,True,True
6985,cf_d,13,A,1.0,0.75,2,2,0,False,False,True,True
6986,cf_d,13,B,1.0,0.75,2,2,0,False,False,True,True
6987,cf_d,13,C,1.0,0.75,2,2,0,False,False,True,True
6988,cf_d,14,A,0.3333333333333333,0.875,3,1,0,False,True,True,True
6989,cf_d,14,B,0.3333333333333333,0.875,3,1,0,False,True,True,True
6990,cf_d,14,C,1.0,0.875,2,2,0,False,True,True,True
6991,cf_d,15,A,0.5,0.5,2,1,0,False,False,True,True
6992,cf_d,15,B,0.5,0.5,2,1,0,False,False,True,True
6993,cf_d,15,C,0.3333333333333333,0.4166666666666666,3,1,0,False,False,True,True
6994,cf_d,16,A,0.5,0.875,2,1,0,False,True,True,True
6995,cf_d,16,B,0.5,0.875,2,1,0,False,True,True,True
6996,cf_d,16,C,0.5,0.875,2,1,0,False,True,True,True
6997,cf_d,17,A,0.5,0.5,2,1,0,False,False,True,True
6998,cf_d,17,B,0.5,0.5,2,1,0,False,False,True,True
6999,cf_d,17,C,0.5,0.625,2,1,0,False,True,True,True
7000,cf_d,18,A,0.5,0.5,2,1,0,False,False,True,True
7001,cf_d,18,B,0.5,0.5,2,1,0,False,False,True,True
7002,cf_d,18,C,0.5,0.5,2,1,0,False,False,True,True
7003,cf_d,19,A,0.0,0.5,2,1,1,False,False,True,True
7004,cf_d,19,B,0.0,0.5,2,1,1,False,False,True,True
7005,cf_d,19,C,0.0,0.625,2,1,1,True,False,True,True
7006,cf_d,20,A,1.0,1.0,2,2,0,True,True,True,True
7007,cf_d,20,B,1.0,1.0,2,2,0,True,True,True,True
7008,cf_d,20,C,0.3333333333333333,0.7083333333333333,3,1,0,False,True,True,True
7009,cf_d,21,A,1.0,0.75,2,2,0,False,False,True,True
7010,cf_d,21,B,1.0,0.75,2,2,0,False,False,True,True
7011,cf_d,21,C,0.6666666666666666,0.875,3,2,0,False,True,True,True
7012,cf_d,22,A,0.3333333333333333,0.5416666666666666,3,1,0,False,True,True,True
7013,cf_d,22,B,0.3333333333333333,0.5416666666666666,3,1,0,False,True,True,True
7014,cf_d,22,C,0.5,0.625,2,1,0,False,True,True,True
7015,cf_d,23,A,0.5,0.5,2,1,0,False,False,True,True
7016,cf_d,23,B,0.5,0.5,2,1,0,False,False,True,True
7017,cf_d,23,C,0.5,0.5,2,1,0,False,False,True,True
7018,cf_d,24,A,0.0,0.7083333333333333,3,1,1,False,True,True,True
7019,cf_d,24,B,0.0,0.7083333333333333,3,1,1,False,True,True,True
7020,cf_d,24,C,1.0,0.875,2,2,0,False,True,True,True
7021,cf_d,25,A,0.6666666666666666,0.5833333333333333,3,2,0,False,False,True,True
7022,cf_d,25,B,0.6666666666666666,0.5833333333333333,3,2,0,False,False,True,True
7023,cf_d,25,C,0.5,0.875,2,1,0,False,True,True,True
7024,cf_d,26,A,1.0,0.875,2,2,0,False,True,True,True
7025,cf_d,26,B,1.0,0.875,2,2,0,False,True,True,True
7026,cf_d,26,C,1.0,0.875,2,2,0,False,True,True,True
7027,cf_d,27,A,1.0,0.75,3,3,0,False,False,True,True
7028,cf_d,27,B,1.0,0.75,3,3,0,False,False,True,True
7029,cf_d,27,C,1.0,0.75,2,2,0,False,False,True,True
7030,cf_d,28,A,0.5,0.75,4,2,0,True,False,True,True
7031,cf_d,28,B,0.5,0.75,4,2,0,True,False,True,True
7032,cf_d,28,C,0.5,0.75,4,2,0,True,False,True,True
7033,cf_d,29,A,1.0,0.875,3,3,0,True,False,True,True
7034,cf_d,29,B,1.0,0.875,3,3,0,True,False,True,True
7035,cf_d,29,C,1.0,0.75,2,2,0,False,False,True,True
7036,cf_d,30,A,1.0,0.875,3,3,0,True,False,True,True
7037,cf_d,30,B,1.0,0.875,3,3,0,True,False,True,True
7038,cf_d,30,C,1.0,0.875,2,2,0,True,False,True,True
7039,cf_d,1,A,0.6666666666666666,0.875,3,2,0,False,True,True,True
7040,cf_d,1,B,0.6666666666666666,0.875,3,2,0,False,True,True,True
7041,cf_d,1,C,0.6666666666666666,0.875,3,2,0,False,True,True,True
7042,cf_d,2,A,0.6666666666666666,1.0,3,2,0,True,True,True,True
7043,cf_d,2,B,0.6666666666666666,1.0,3,2,0,True,True,True,True
7044,cf_d,2,C,0.6666666666666666,1.0,3,2,0,True,True,True,True
7045,cf_d,3,A,0.6666666666666666,0.875,3,2,0,False,True,True,True
7046,cf_d,3,B,0.6666666666666666,0.875,3,2,0,False,True,True,True
7047,cf_d,3,C,0.6666666666666666,0.875,3,2,0,False,True,True,True
7048,cf_d,4,A,0.3333333333333333,0.4166666666666666,3,1,0,False,False,True,True
7049,cf_d,4,B,0.3333333333333333,0.4166666666666666,3,1,0,False,False,True,True
7050,cf_d,4,C,0.3333333333333333,0.4166666666666666,3,1,0,False,False,True,True
7051,cf_d,5,A,0.5,0.5,2,1,0,False,False,True,True
7052,cf_d,5,B,0.5,0.5,2,1,0,False,False,True,True
7053,cf_d,5,C,0.5,0.5,2,1,0,False,False,True,True
7054,cf_d,6,A,0.6666666666666666,0.875,3,2,0,False,True,True,True
7055,cf_d,6,B,0.6666666666666666,0.875,3,2,0,False,True,True,True
7056,cf_d,6,C,0.6666666666666666,0.875,3,2,0,False,True,True,True
7057,cf_d,7,A,1.0,0.875,2,2,0,False,True,True,True
7058,cf_d,7,B,1.0,0.875,2,2,0,False,True,True,True
7059,cf_d,7,C,1.0,0.875,2,2,0,False,True,True,True
7060,cf_d,8,A,0.5,0.875,2,1,0,False,True,True,True
7061,cf_d,8,B,0.5,0.875,2,1,0,False,True,True,True
7062,cf_d,8,C,0.5,0.875,2,1,0,False,True,True,True
7063,cf_d,9,A,0.5,0.875,2,1,0,False,True,True,True
7064,cf_d,9,B,0.5,0.875,2,1,0,False,True,True,True
7065,cf_d,9,C,0.5,0.875,2,1,0,False,True,True,True
7066,cf_d,10,A,0.5,0.875,2,1,0,False,True,True,True
7067,cf_d,10,B,0.5,0.875,2,1,0,False,True,True,True
7068,cf_d,10,C,0.5,0.875,2,1,0,False,True,True,True
7069,cf_d,11,A,0.5,0.875,2,1,0,False,True,True,True
7070,cf_d,11,B,0.5,0.875,2,1,0,False,True,True,True
7071,cf_d,11,C,0.5,0.875,2,1,0,False,True,True,True
7072,cf_d,12,A,0.5,0.875,2,1,0,False,True,True,True
7073,cf_d,12,B,0.5,0.875,2,1,0,False,True,True,True
7074,cf_d,12,C,0.5,0.875,2,1,0,False,True,True,True
7075,cf_d,13,A,1.0,0.75,2,2,0,False,False,True,True
7076,cf_d,13,B,1.0,0.75,2,2,0,False,False,True,True
7077,cf_d,13,C,1.0,0.75,2,2,0,False,False,True,True
7078,cf_d,14,A,0.3333333333333333,0.875,3,1,0,False,True,True,True
7079,cf_d,14,B,0.3333333333333333,0.875,3,1,0,False,True,True,True
7080,cf_d,14,C,1.0,0.875,2,2,0,False,True,True,True
7081,cf_d,15,A,0.5,0.5,2,1,0,False,False,True,True
7082,cf_d,15,B,0.5,0.5,2,1,0,False,False,True,True
7083,cf_d,15,C,0.3333333333333333,0.4166666666666666,3,1,0,False,False,True,True
7084,cf_d,16,A,0.5,0.875,2,1,0,False,True,True,True
7085,cf_d,16,B,0.5,0.875,2,1,0,False,True,True,True
7086,cf_d,16,C,0.5,0.875,2,1,0,False,True,True,True
7087,cf_d,17,A,0.5,0.5,2,1,0,False,False,True,True
7088,cf_d,17,B,0.5,0.5,2,1,0,False,False,True,True
7089,cf_d,17,C,0.5,0.625,2,1,0,False,True,True,True
7090,cf_d,18,A,0.5,0.5,2,1,0,False,False,True,True
7091,cf_d,18,B,0.5,0.5,2,1,0,False,False,True,True
7092,cf_d,18,C,0.5,0.5,2,1,0,False,False,True,True
7093,cf_d,19,A,0.0,0.5,2,1,1,False,False,True,True
7094,cf_d,19,B,0.0,0.5,2,1,1,False,False,True,True
7095,cf_d,19,C,0.0,0.625,2,1,1,True,False,True,True
7096,cf_d,20,A,1.0,1.0,2,2,0,True,True,True,True
7097,cf_d,20,B,1.0,1.0,2,2,0,True,True,True,True
7098,cf_d,20,C,0.3333333333333333,0.7083333333333333,3,1,0,False,True,True,True
7099,cf_d,21,A,1.0,0.75,2,2,0,False,False,True,True
7100,cf_d,21,B,1.0,0.75,2,2,0,False,False,True,True
7101,cf_d,21,C,0.6666666666666666,0.875,3,2,0,False,True,True,True
7102,cf_d,22,A,0.3333333333333333,0.5416666666666666,3,1,0,False,True,True,True
7103,cf_d,22,B,0.3333333333333333,0.5416666666666666,3,1,0,False,True,True,True
7104,cf_d,22,C,0.5,0.625,2,1,0,False,True,True,True
7105,cf_d,23,A,0.5,0.5,2,1,0,False,False,True,True
7106,cf_d,23,B,0.5,0.5,2,1,0,False,False,True,True
7107,cf_d,23,C,0.5,0.5,2,1,0,False,False,True,True
7108,cf_d,24,A,0.0,0.7083333333333333,3,1,1,False,True,True,True
7109,cf_d,24,B,0.0,0.7083333333333333,3,1,1,False,True,True,True
7110,cf_d,24,C,1.0,0.875,2,2,0,False,True,True,True
7111,cf_d,25,A,0.6666666666666666,0.5833333333333333,3,2,0,False,False,True,True
7112,cf_d,25,B,0.6666666666666666,0.5833333333333333,3,2,0,False,False,True,True
7113,cf_d,25,C,0.5,0.875,2,1,0,False,True,True,True
7114,cf_d,26,A,1.0,0.875,2,2,0,False,True,True,True
7115,cf_d,26,B,1.0,0.875,2,2,0,False,True,True,True
7116,cf_d,26,C,1.0,0.875,2,2,0,False,True,True,True
7117,cf_d,27,A,1.0,0.75,3,3,0,False,False,True,True
7118,cf_d,27,B,1.0,0.75,3,3,0,False,False,True,True
7119,cf_d,27,C,1.0,0.75,2,2,0,False,False,True,True
7120,cf_d,28,A,0.5,0.75,4,2,0,True,False,True,True
7121,cf_d,28,B,0.5,0.75,4,2,0,True,False,True,True
7122,cf_d,28,C,0.5,0.75,4,2,0,True,False,True,True
7123,cf_d,29,A,1.0,0.875,3,3,0,True,False,True,True
7124,cf_d,29,B,1.0,0.875,3,3,0,True,False,True,True
7125,cf_d,29,C,1.0,0.75,2,2,0,False,False,True,True
7126,cf_d,30,A,1.0,0.875,3,3,0,True,False,True,True
7127,cf_d,30,B,1.0,0.875,3,3,0,True,False,True,True
7128,cf_d,30,C,1.0,0.875,2,2,0,True,False,True,True
7129,cf_d,1,A,0.6666666666666666,0.875,3,2,0,False,True,True,True
7130,cf_d,1,B,0.6666666666666666,0.875,3,2,0,False,True,True,True
7131,cf_d,1,C,0.6666666666666666,0.875,3,2,0,False,True,True,True
7132,cf_d,2,A,0.6666666666666666,1.0,3,2,0,True,True,True,True
7133,cf_d,2,B,0.6666666666666666,1.0,3,2,0,True,True,True,True
7134,cf_d,2,C,0.6666666666666666,1.0,3,2,0,True,True,True,True
7135,cf_d,3,A,0.6666666666666666,0.875,3,2,0,False,True,True,True
7136,cf_d,3,B,0.6666666666666666,0.875,3,2,0,False,True,True,True
7137,cf_d,3,C,0.6666666666666666,0.875,3,2,0,False,True,True,True
7138,cf_d,4,A,0.3333333333333333,0.4166666666666666,3,1,0,False,False,True,True
7139,cf_d,4,B,0.3333333333333333,0.4166666666666666,3,1,0,False,False,True,True
7140,cf_d,4,C,0.3333333333333333,0.4166666666666666,3,1,0,False,False,True,True
7141,cf_d,5,A,0.5,0.5,2,1,0,False,False,True,True
7142,cf_d,5,B,0.5,0.5,2,1,0,False,False,True,True
7143,cf_d,5,C,0.5,0.5,2,1,0,False,False,True,True
7144,cf_d,6,A,0.6666666666666666,0.875,3,2,0,False,True,True,True
7145,cf_d,6,B,0.6666666666666666,0.875,3,2,0,False,True,True,True
7146,cf_d,6,C,0.6666666666666666,0.875,3,2,0,False,True,True,True
7147,cf_d,7,A,1.0,0.875,2,2,0,False,True,True,True
7148,cf_d,7,B,1.0,0.875,2,2,0,False,True,True,True
7149,cf_d,7,C,1.0,0.875,2,2,0,False,True,True,True
7150,cf_d,8,A,0.5,0.875,2,1,0,False,True,True,True
7151,cf_d,8,B,0.5,0.875,2,1,0,False,True,True,True
7152,cf_d,8,C,0.5,0.875,2,1,0,False,True,True,True
7153,cf_d,9,A,0.5,0.875,2,1,0,False,True,True,True
7154,cf_d,9,B,0.5,0.875,2,1,0,False,True,True,True
7155,cf_d,9,C,0.5,0.875,2,1,0,False,True,True,True
7156,cf_d,10,A,0.5,0.875,2,1,0,False,True,True,True
7157,cf_d,10,B,0.5,0.875,2,1,0,False,True,True,True
7158,cf_d,10,C,0.5,0.875,2,1,0,False,True,True,True
7159,cf_d,11,A,0.5,0.875,2,1,0,False,True,True,True
7160,cf_d,11,B,0.5,0.875,2,1,0,False,True,True,True
7161,cf_d,11,C,0.5,0.875,2,1,0,False,True,True,True
7162,cf_d,12,A,0.5,0.875,2,1,0,False,True,True,True
7163,cf_d,12,B,0.5,0.875,2,1,0,False,True,True,True
7164,cf_d,12,C,0.5,0.875,2,1,0,False,True,True,True
7165,cf_d,13,A,1.0,0.75,2,2,0,False,False,True,True
7166,cf_d,13,B,1.0,0.75,2,2,0,False,False,True,True
7167,cf_d,13,C,1.0,0.75,2,2,0,False,False,True,True
7168,cf_d,14,A,0.3333333333333333,0.875,3,1,0,False,True,True,True
7169,cf_d,14,B,0.3333333333333333,0.875,3,1,0,False,True,True,True
7170,cf_d,14,C,1.0,0.875,2,2,0,False,True,True,True
7171,cf_d,15,A,0.5,0.5,2,1,0,False,False,True,True
7172,cf_d,15,B,0.5,0.5,2,1,0,False,False,True,True
7173,cf_d,15,C,0.3333333333333333,0.4166666666666666,3,1,0,False,False,True,True
7174,cf_d,16,A,0.5,0.875,2,1,0,False,True,True,True
7175,cf_d,16,B,0.5,0.875,2,1,0,False,True,True,True
7176,cf_d,16,C,0.5,0.875,2,1,0,False,True,True,True
7177,cf_d,17,A,0.5,0.5,2,1,0,False,False,True,True
7178,cf_d,17,B,0.5,0.5,2,1,0,False,False,True,True
7179,cf_d,17,C,0.5,0.625,2,1,0,False,True,True,True
7180,cf_d,18,A,0.5,0.5,2,1,0,False,False,True,True
7181,cf_d,18,B,0.5,0.5,2,1,0,False,False,True,True
7182,cf_d,18,C,0.5,0.5,2,1,0,False,False,True,True
7183,cf_d,19,A,0.0,0.5,2,1,1,False,False,True,True
7184,cf_d,19,B,0.0,0.5,2,1,1,False,False,True,True
7185,cf_d,19,C,0.0,0.625,2,1,1,True,False,True,True
7186,cf_d,20,A,1.0,1.0,2,2,0,True,True,True,True
7187,cf_d,20,B,1.0,1.0,2,2,0,True,True,True,True
7188,cf_d,20,C,0.3333333333333333,0.7083333333333333,3,1,0,False,True,True,True
7189,cf_d,21,A,1.0,0.75,2,2,0,False,False,True,True
7190,cf_d,21,B,1.0,0.75,2,2,0,False,False,True,True
7191,cf_d,21,C,0.6666666666666666,0.875,3,2,0,False,True,True,True
7192,cf_d,22,A,0.3333333333333333,0.5416666666666666,3,1,0,False,True,True,True
7193,cf_d,22,B,0.3333333333333333,0.5416666666666666,3,1,0,False,True,True,True
7194,cf_d,22,C,0.5,0.625,2,1,0,False,True,True,True
7195,cf_d,23,A,0.5,0.5,2,1,0,False,False,True,True
7196,cf_d,23,B,0.5,0.5,2,1,0,False,False,True,True
7197,cf_d,23,C,0.5,0.5,2,1,0,False,False,True,True
7198,cf_d,24,A,0.0,0.7083333333333333,3,1,1,False,True,True,True
7199,cf_d,24,B,0.0,0.7083333333333333,3,1,1,False,True,True,True
7200,cf_d,24,C,1.0,0.875,2,2,0,False,True,True,True
7201,cf_d,25,A,0.6666666666666666,0.5833333333333333,3,2,0,False,False,True,True
7202,cf_d,25,B,0.6666666666666666,0.5833333333333333,3,2,0,False,False,True,True
7203,cf_d,25,C,0.5,0.875,2,1,0,False,True,True,True
7204,cf_d,26,A,1.0,0.875,2,2,0,False,True,True,True
7205,cf_d,26,B,1.0,0.875,2,2,0,False,True,True,True
7206,cf_d,26,C,1.0,0.875,2,2,0,False,True,True,True
7207,cf_d,27,A,1.0,0.75,3,3,0,False,False,True,True
7208,cf_d,27,B,1.0,0.75,3,3,0,False,False,True,True
7209,cf_d,27,C,1.0,0.75,2,2,0,False,False,True,True
7210,cf_d,28,A,0.5,0.75,4,2,0,True,False,True,True
7211,cf_d,28,B,0.5,0.75,4,2,0,True,False,True,True
7212,cf_d,28,C,0.5,0.75,4,2,0,True,False,True,True
7213,cf_d,29,A,1.0,0.875,3,3,0,True,False,True,True
7214,cf_d,29,B,1.0,0.875,3,3,0,True,False,True,True
7215,cf_d,29,C,1.0,0.75,2,2,0,False,False,True,True
7216,cf_d,30,A,1.0,0.875,3,3,0,True,False,True,True
7217,cf_d,30,B,1.0,0.875,3,3,0,True,False,True,True
7218,cf_d,30,C,1.0,0.875,2,2,0,True,False,True,True
7219,cf_e,1,A,1.0,1.0,4,4,0,True,True,True,True
7220,cf_e,1,B,0.75,0.75,4,3,0,False,True,True,True
7221,cf_e,1,C,0.6666666666666666,0.875,3,2,0,False,True,True,True
7222,cf_e,2,A,0.6666666666666666,0.875,3,2,0,False,True,True,True
7223,cf_e,2,B,0.3333333333333333,1.0,3,1,0,True,True,True,True
7224,cf_e,2,C,0.6666666666666666,1.0,3,2,0,True,True,True,True
7225,cf_e,3,A,0.6666666666666666,0.875,3,2,0,False,True,True,True
7226,cf_e,3,B,0.0,0.2916666666666666,3,0,0,False,True,False,False
7227,cf_e,3,C,0.6666666666666666,0.875,3,2,0,False,True,True,True
7228,cf_e,4,A,0.0,0.2916666666666666,3,0,0,True,False,False,False
7229,cf_e,4,B,0.2,0.45,5,1,0,True,False,False,True
7230,cf_e,4,C,0.3333333333333333,0.4166666666666666,3,1,0,False,False,True,True
7231,cf_e,5,A,0.6666666666666666,0.8333333333333333,3,2,0,True,True,True,True
7232,cf_e,5,B,0.5,0.625,2,1,0,False,True,True,True
7233,cf_e,5,C,0.5,0.5,2,1,0,False,False,True,True
7234,cf_e,6,A,0.3333333333333333,0.875,3,1,0,False,True,True,True
7235,cf_e,6,B,0.0,0.875,3,1,1,False,True,True,True
7236,cf_e,6,C,0.6666666666666666,0.875,3,2,0,False,True,True,True
7237,cf_e,7,A,1.0,1.0,3,3,0,True,True,True,True
7238,cf_e,7,B,1.0,0.875,2,2,0,False,True,True,True
7239,cf_e,7,C,1.0,0.875,2,2,0,False,True,True,True
7240,cf_e,8,A,0.3333333333333333,0.7083333333333333,3,1,0,False,True,True,True
7241,cf_e,8,B,0.5,0.875,2,1,0,False,True,True,True
7242,cf_e,8,C,0.5,0.875,2,1,0,False,True,True,True
7243,cf_e,9,A,0.5,0.875,4,2,0,False,True,True,True
7244,cf_e,9,B,0.0,0.625,4,0,0,False,True,False,False
7245,cf_e,9,C,0.5,0.875,2,1,0,False,True,True,True
7246,cf_e,10,A,0.3333333333333333,0.7083333333333333,3,1,0,False,True,True,True
7247,cf_e,10,B,0.5,0.875,2,1,0,False,True,True,True
7248,cf_e,10,C,0.5,0.875,2,1,0,False,True,True,True
7249,cf_e,11,A,0.3333333333333333,0.875,3,1,0,False,True,True,True
7250,cf_e,11,B,0.3333333333333333,0.75,3,1,0,False,True,False,True
7251,cf_e,11,C,0.5,0.875,2,1,0,False,True,True,True
7252,cf_e,12,A,0.5,0.875,4,2,0,False,True,True,True
7253,cf_e,12,B,0.3333333333333333,0.875,3,1,0,False,True,True,True
7254,cf_e,12,C,0.5,0.875,2,1,0,False,True,True,True
7255,cf_e,13,A,1.0,0.75,3,3,0,False,False,True,True
7256,cf_e,13,B,1.0,0.75,2,2,0,False,False,True,True
7257,cf_e,13,C,1.0,0.75,2,2,0,False,False,True,True
7258,cf_e,14,A,0.3333333333333333,0.875,3,1,0,False,True,True,True
7259,cf_e,14,B,0.0,0.625,3,0,0,False,True,False,False
7260,cf_e,14,C,1.0,0.875,2,2,0,False,True,True,True
7261,cf_e,15,A,0.6666666666666666,0.5833333333333333,3,2,0,False,False,True,True
7262,cf_e,15,B,0.3333333333333333,0.4166666666666666,3,1,0,False,False,True,True
7263,cf_e,15,C,0.3333333333333333,0.4166666666666666,3,1,0,False,False,True,True
7264,cf_e,16,A,0.6666666666666666,0.875,3,2,0,False,True,True,True
7265,cf_e,16,B,0.5,0.875,2,1,0,False,True,True,True
7266,cf_e,16,C,0.5,0.875,2,1,0,False,True,True,True
7267,cf_e,17,A,0.3333333333333333,0.6666666666666666,3,1,0,True,True,True,True
7268,cf_e,17,B,0.3333333333333333,0.5416666666666666,3,1,0,False,True,True,True
7269,cf_e,17,C,0.5,0.625,2,1,0,False,True,True,True
7270,cf_e,18,A,0.5,0.5,2,1,0,False,False,True,True
7271,cf_e,18,B,0.3333333333333333,0.4166666666666666,3,1,0,False,False,True,True
7272,cf_e,18,C,0.5,0.5,2,1,0,False,False,True,True
7273,cf_e,19,A,0.0,0.625,2,1,1,False,True,True,True
7274,cf_e,19,B,0.3333333333333333,0.5833333333333333,3,2,1,False,False,True,True
7275,cf_e,19,C,0.0,0.625,2,1,1,True,False,True,True
7276,cf_e,20,A,0.6666666666666666,0.875,3,2,0,False,True,True,True
7277,cf_e,20,B,0.6666666666666666,0.875,3,2,0,False,True,True,True
7278,cf_e,20,C,0.3333333333333333,0.7083333333333333,3,1,0,False,True,True,True
7279,cf_e,21,A,0.3333333333333333,0.875,3,1,0,False,True,True,True
7280,cf_e,21,B,0.3333333333333333,0.875,3,1,0,False,True,True,True
7281,cf_e,21,C,0.6666666666666666,0.875,3,2,0,False,True,True,True
7282,cf_e,22,A,0.3333333333333333,0.5416666666666666,3,1,0,False,True,True,True
7283,cf_e,22,B,0.3333333333333333,0.5416666666666666,3,1,0,True,False,True,True
7284,cf_e,22,C,0.5,0.625,2,1,0,False,True,True,True
7285,cf_e,23,A,0.3333333333333333,0.4166666666666666,3,1,0,False,False,True,True
7286,cf_e,23,B,0.3333333333333333,0.4166666666666666,3,1,0,False,False,True,True
7287,cf_e,23,C,0.5,0.5,2,1,0,False,False,True,True
7288,cf_e,24,A,0.0,0.875,3,1,1,False,True,True,True
7289,cf_e,24,B,0.3333333333333333,0.875,3,1,0,False,True,True,True
7290,cf_e,24,C,1.0,0.875,2,2,0,False,True,True,True
7291,cf_e,25,A,0.5,0.875,4,2,0,True,True,True,True
7292,cf_e,25,B,0.6666666666666666,1.0,3,2,0,True,True,True,True
7293,cf_e,25,C,0.5,0.875,2,1,0,False,True,True,True
7294,cf_e,26,A,1.0,0.875,2,2,0,False,True,True,True
7295,cf_e,26,B,1.0,0.875,3,3,0,False,True,True,True
7296,cf_e,26,C,1.0,0.875,2,2,0,False,True,True,True
7297,cf_e,27,A,0.6666666666666666,0.875,3,3,1,False,True,True,True
7298,cf_e,27,B,0.6666666666666666,0.875,3,2,0,False,True,True,True
7299,cf_e,27,C,1.0,0.75,2,2,0,False,False,True,True
7300,cf_e,28,A,0.75,0.875,4,3,0,True,True,True,True
7301,cf_e,28,B,0.75,0.75,4,3,0,True,False,True,True
7302,cf_e,28,C,0.5,0.75,4,2,0,True,False,True,True
7303,cf_e,29,A,1.0,0.75,3,3,0,False,False,True,True
7304,cf_e,29,B,1.0,0.75,3,3,0,False,False,True,True
7305,cf_e,29,C,1.0,0.75,2,2,0,False,False,True,True
7306,cf_e,30,A,1.0,1.0,3,3,0,True,True,True,True
7307,cf_e,30,B,1.0,1.0,3,3,0,True,True,True,True
7308,cf_e,30,C,1.0,0.875,2,2,0,True,False,True,True
7309,cf_e,1,A,1.0,1.0,4,4,0,True,True,True,True
7310,cf_e,1,B,0.75,0.75,4,3,0,False,True,True,True
7311,cf_e,1,C,0.6666666666666666,0.875,3,2,0,False,True,True,True
7312,cf_e,2,A,0.6666666666666666,0.875,3,2,0,False,True,True,True
7313,cf_e,2,B,0.3333333333333333,1.0,3,1,0,True,True,True,True
7314,cf_e,2,C,0.6666666666666666,1.0,3,2,0,True,True,True,True
7315,cf_e,3,A,0.6666666666666666,0.875,3,2,0,False,True,True,True
7316,cf_e,3,B,0.0,0.2916666666666666,3,0,0,False,True,False,False
7317,cf_e,3,C,0.6666666666666666,0.875,3,2,0,False,True,True,True
7318,cf_e,4,A,0.0,0.2916666666666666,3,0,0,True,False,False,False
7319,cf_e,4,B,0.2,0.45,5,1,0,True,False,False,True
7320,cf_e,4,C,0.3333333333333333,0.4166666666666666,3,1,0,False,False,True,True
7321,cf_e,5,A,0.6666666666666666,0.8333333333333333,3,2,0,True,True,True,True
7322,cf_e,5,B,0.5,0.625,2,1,0,False,True,True,True
7323,cf_e,5,C,0.5,0.5,2,1,0,False,False,True,True
7324,cf_e,6,A,0.3333333333333333,0.875,3,1,0,False,True,True,True
7325,cf_e,6,B,0.0,0.875,3,1,1,False,True,True,True
7326,cf_e,6,C,0.6666666666666666,0.875,3,2,0,False,True,True,True
7327,cf_e,7,A,1.0,1.0,3,3,0,True,True,True,True
7328,cf_e,7,B,1.0,0.875,2,2,0,False,True,True,True
7329,cf_e,7,C,1.0,0.875,2,2,0,False,True,True,True
7330,cf_e,8,A,0.3333333333333333,0.7083333333333333,3,1,0,False,True,True,True
7331,cf_e,8,B,0.5,0.875,2,1,0,False,True,True,True
7332,cf_e,8,C,0.5,0.875,2,1,0,False,True,True,True
7333,cf_e,9,A,0.5,0.875,4,2,0,False,True,True,True
7334,cf_e,9,B,0.0,0.625,4,0,0,False,True,False,False
7335,cf_e,9,C,0.5,0.875,2,1,0,False,True,True,True
7336,cf_e,10,A,0.3333333333333333,0.7083333333333333,3,1,0,False,True,True,True
7337,cf_e,10,B,0.5,0.875,2,1,0,False,True,True,True
7338,cf_e,10,C,0.5,0.875,2,1,0,False,True,True,True
7339,cf_e,11,A,0.3333333333333333,0.875,3,1,0,False,True,True,True
7340,cf_e,11,B,0.3333333333333333,0.75,3,1,0,False,True,False,True
7341,cf_e,11,C,0.5,0.875,2,1,0,False,True,True,True
7342,cf_e,12,A,0.5,0.875,4,2,0,False,True,True,True
7343,cf_e,12,B,0.3333333333333333,0.875,3,1,0,False,True,True,True
7344,cf_e,12,C,0.5,0.875,2,1,0,False,True,True,True
7345,cf_e,13,A,1.0,0.75,3,3,0,False,False,True,True
7346,cf_e,13,B,1.0,0.75,2,2,0,False,False,True,True
7347,cf_e,13,C,1.0,0.75,2,2,0,False,False,True,True
7348,cf_e,14,A,0.3333333333333333,0.875,3,1,0,False,True,True,True
7349,cf_e,14,B,0.0,0.625,3,0,0,False,True,False,False
7350,cf_e,14,C,1.0,0.875,2,2,0,False,True,True,True
7351,cf_e,15,A,0.6666666666666666,0.5833333333333333,3,2,0,False,False,True,True
7352,cf_e,15,B,0.3333333333333333,0.4166666666666666,3,1,0,False,False,True,True
7353,cf_e,15,C,0.3333333333333333,0.4166666666666666,3,1,0,False,False,True,True
7354,cf_e,16,A,0.6666666666666666,0.875,3,2,0,False,True,True,True
7355,cf_e,16,B,0.5,0.875,2,1,0,False,True,True,True
7356,cf_e,16,C,0.5,0.875,2,1,0,False,True,True,True
7357,cf_e,17,A,0.3333333333333333,0.6666666666666666,3,1,0,True,True,True,True
7358,cf_e,17,B,0.3333333333333333,0.5416666666666666,3,1,0,False,True,True,True
7359,cf_e,17,C,0.5,0.625,2,1,0,False,True,True,True
7360,cf_e,18,A,0.5,0.5,2,1,0,False,False,True,True
7361,cf_e,18,B,0.3333333333333333,0.4166666666666666,3,1,0,False,False,True,True
7362,cf_e,18,C,0.5,0.5,2,1,0,False,False,True,True
7363,cf_e,19,A,0.0,0.625,2,1,1,False,True,True,True
7364,cf_e,19,B,0.3333333333333333,0.5833333333333333,3,2,1,False,False,True,True
7365,cf_e,19,C,0.0,0.625,2,1,1,True,False,True,True
7366,cf_e,20,A,0.6666666666666666,0.875,3,2,0,False,True,True,True
7367,cf_e,20,B,0.6666666666666666,0.875,3,2,0,False,True,True,True
7368,cf_e,20,C,0.3333333333333333,0.7083333333333333,3,1,0,False,True,True,True
7369,cf_e,21,A,0.3333333333333333,0.875,3,1,0,False,True,True,True
7370,cf_e,21,B,0.3333333333333333,0.875,3,1,0,False,True,True,True
7371,cf_e,21,C,0.6666666666666666,0.875,3,2,0,False,True,True,True
7372,cf_e,22,A,0.3333333333333333,0.5416666666666666,3,1,0,False,True,True,True
7373,cf_e,22,B,0.3333333333333333,0.5416666666666666,3,1,0,True,False,True,True
7374,cf_e,22,C,0.5,0.625,2,1,0,False,True,True,True
7375,cf_e,23,A,0.3333333333333333,0.4166666666666666,3,1,0,False,False,True,True
7376,cf_e,23,B,0.3333333333333333,0.4166666666666666,3,1,0,False,False,True,True
7377,cf_e,23,C,0.5,0.5,2,1,0,False,False,True,True
7378,cf_e,24,A,0.0,0.875,3,1,1,False,True,True,True
7379,cf_e,24,B,0.3333333333333333,0.875,3,1,0,False,True,True,True
7380,cf_e,24,C,1.0,0.875,2,2,0,False,True,True,True
7381,cf_e,25,A,0.5,0.875,4,2,0,True,True,True,True
7382,cf_e,25,B,0.6666666666666666,1.0,3,2,0,True,True,True,True
7383,cf_e,25,C,0.5,0.875,2,1,0,False,True,True,True
7384,cf_e,26,A,1.0,0.875,2,2,0,False,True,True,True
7385,cf_e,26,B,1.0,0.875,3,3,0,False,True,True,True
7386,cf_e,26,C,1.0,0.875,2,2,0,False,True,True,True
7387,cf_e,27,A,0.6666666666666666,0.875,3,3,1,False,True,True,True
7388,cf_e,27,B,0.6666666666666666,0.875,3,2,0,False,True,True,True
7389,cf_e,27,C,1.0,0.75,2,2,0,False,False,True,True
7390,cf_e,28,A,0.75,0.875,4,3,0,True,True,True,True
7391,cf_e,28,B,0.75,0.75,4,3,0,True,False,True,True
7392,cf_e,28,C,0.5,0.75,4,2,0,True,False,True,True
7393,cf_e,29,A,1.0,0.75,3,3,0,False,False,True,True
7394,cf_e,29,B,1.0,0.75,3,3,0,False,False,True,True
7395,cf_e,29,C,1.0,0.75,2,2,0,False,False,True,True
7396,cf_e,30,A,1.0,1.0,3,3,0,True,True,True,True
7397,cf_e,30,B,1.0,1.0,3,3,0,True,True,True,True
7398,cf_e,30,C,1.0,0.875,2,2,0,True,False,True,True
7399,cf_e,1,A,1.0,1.0,4,4,0,True,True,True,True
7400,cf_e,1,B,0.75,0.75,4,3,0,False,True,True,True
7401,cf_e,1,C,0.6666666666666666,0.875,3,2,0,False,True,True,True
7402,cf_e,2,A,0.6666666666666666,0.875,3,2,0,False,True,True,True
7403,cf_e,2,B,0.3333333333333333,1.0,3,1,0,True,True,True,True
7404,cf_e,2,C,0.6666666666666666,1.0,3,2,0,True,True,True,True
7405,cf_e,3,A,0.6666666666666666,0.875,3,2,0,False,True,True,True
7406,cf_e,3,B,0.0,0.2916666666666666,3,0,0,False,True,False,False
7407,cf_e,3,C,0.6666666666666666,0.875,3,2,0,False,True,True,True
7408,cf_e,4,A,0.0,0.2916666666666666,3,0,0,True,False,False,False
7409,cf_e,4,B,0.2,0.45,5,1,0,True,False,False,True
7410,cf_e,4,C,0.3333333333333333,0.4166666666666666,3,1,0,False,False,True,True
7411,cf_e,5,A,0.6666666666666666,0.8333333333333333,3,2,0,True,True,True,True
7412,cf_e,5,B,0.5,0.625,2,1,0,False,True,True,True
7413,cf_e,5,C,0.5,0.5,2,1,0,False,False,True,True
7414,cf_e,6,A,0.3333333333333333,0.875,3,1,0,False,True,True,True
7415,cf_e,6,B,0.0,0.875,3,1,1,False,True,True,True
7416,cf_e,6,C,0.6666666666666666,0.875,3,2,0,False,True,True,True
7417,cf_e,7,A,1.0,1.0,3,3,0,True,True,True,True
7418,cf_e,7,B,1.0,0.875,2,2,0,False,True,True,True
7419,cf_e,7,C,1.0,0.875,2,2,0,False,True,True,True
7420,cf_e,8,A,0.3333333333333333,0.7083333333333333,3,1,0,False,True,True,True
7421,cf_e,8,B,0.5,0.875,2,1,0,False,True,True,True
7422,cf_e,8,C,0.5,0.875,2,1,0,False,True,True,True
7423,cf_e,9,A,0.5,0.875,4,2,0,False,True,True,True
7424,cf_e,9,B,0.0,0.625,4,0,0,False,True,False,False
7425,cf_e,9,C,0.5,0.875,2,1,0,False,True,True,True
7426,cf_e,10,A,0.3333333333333333,0.7083333333333333,3,1,0,False,True,True,True
7427,cf_e,10,B,0.5,0.875,2,1,0,False,True,True,True
7428,cf_e,10,C,0.5,0.875,2,1,0,False,True,True,True
7429,cf_e,11,A,0.3333333333333333,0.875,3,1,0,False,True,True,True
7430,cf_e,11,B,0.3333333333333333,0.75,3,1,0,False,True,False,True
7431,cf_e,11,C,0.5,0.875,2,1,0,False,True,True,True
7432,cf_e,12,A,0.5,0.875,4,2,0,False,True,True,True
7433,cf_e,12,B,0.3333333333333333,0.875,3,1,0,False,True,True,True
7434,cf_e,12,C,0.5,0.875,2,1,0,False,True,True,True
7435,cf_e,13,A,1.0,0.75,3,3,0,False,False,True,True
7436,cf_e,13,B,1.0,0.75,2,2,0,False,False,True,True
7437,cf_e,13,C,1.0,0.75,2,2,0,False,False,True,True
7438,cf_e,14,A,0.3333333333333333,0.875,3,1,0,False,True,True,True
7439,cf_e,14,B,0.0,0.625,3,0,0,False,True,False,False
7440,cf_e,14,C,1.0,0.875,2,2,0,False,True,True,True
7441,cf_e,15,A,0.6666666666666666,0.5833333333333333,3,2,0,False,False,True,True
7442,cf_e,15,B,0.3333333333333333,0.4166666666666666,3,1,0,False,False,True,True
7443,cf_e,15,C,0.3333333333333333,0.4166666666666666,3,1,0,False,False,True,True
7444,cf_e,16,A,0.6666666666666666,0.875,3,2,0,False,True,True,True
7445,cf_e,16,B,0.5,0.875,2,1,0,False,True,True,True
7446,cf_e,16,C,0.5,0.875,2,1,0,False,True,True,True
7447,cf_e,17,A,0.3333333333333333,0.6666666666666666,3,1,0,True,True,True,True
7448,cf_e,17,B,0.3333333333333333,0.5416666666666666,3,1,0,False,True,True,True
7449,cf_e,17,C,0.5,0.625,2,1,0,False,True,True,True
7450,cf_e,18,A,0.5,0.5,2,1,0,False,False,True,True
7451,cf_e,18,B,0.3333333333333333,0.4166666666666666,3,1,0,False,False,True,True
7452,cf_e,18,C,0.5,0.5,2,1,0,False,False,True,True
7453,cf_e,19,A,0.0,0.625,2,1,1,False,True,True,True
7454,cf_e,19,B,0.3333333333333333,0.5833333333333333,3,2,1,False,False,True,True
7455,cf_e,19,C,0.0,0.625,2,1,1,True,False,True,True
7456,cf_e,20,A,0.6666666666666666,0.875,3,2,0,False,True,True,True
7457,cf_e,20,B,0.6666666666666666,0.875,3,2,0,False,True,True,True
7458,cf_e,20,C,0.3333333333333333,0.7083333333333333,3,1,0,False,True,True,True
7459,cf_e,21,A,0.3333333333333333,0.875,3,1,0,False,True,True,True
7460,cf_e,21,B,0.3333333333333333,0.875,3,1,0,False,True,True,True
7461,cf_e,21,C,0.6666666666666666,0.875,3,2,0,False,True,True,True
7462,cf_e,22,A,0.3333333333333333,0.5416666666666666,3,1,0,False,True,True,True
7463,cf_e,22,B,0.3333333333333333,0.5416666666666666,3,1,0,True,False,True,True
7464,cf_e,22,C,0.5,0.625,2,1,0,False,True,True,True
7465,cf_e,23,A,0.3333333333333333,0.4166666666666666,3,1,0,False,False,True,True
7466,cf_e,23,B,0.3333333333333333,0.4166666666666666,3,1,0,False,False,True,True
7467,cf_e,23,C,0.5,0.5,2,1,0,False,False,True,True
7468,cf_e,24,A,0.0,0.875,3,1,1,False,True,True,True
7469,cf_e,24,B,0.3333333333333333,0.875,3,1,0,False,True,True,True
7470,cf_e,24,C,1.0,0.875,2,2,0,False,True,True,True
7471,cf_e,25,A,0.5,0.875,4,2,0,True,True,True,True
7472,cf_e,25,B,0.6666666666666666,1.0,3,2,0,True,True,True,True
7473,cf_e,25,C,0.5,0.875,2,1,0,False,True,True,True
7474,cf_e,26,A,1.0,0.875,2,2,0,False,True,True,True
7475,cf_e,26,B,1.0,0.875,3,3,0,False,True,True,True
7476,cf_e,26,C,1.0,0.875,2,2,0,False,True,True,True
7477,cf_e,27,A,0.6666666666666666,0.875,3,3,1,False,True,True,True
7478,cf_e,27,B,0.6666666666666666,0.875,3,2,0,False,True,True,True
7479,cf_e,27,C,1.0,0.75,2,2,0,False,False,True,True
7480,cf_e,28,A,0.75,0.875,4,3,0,True,True,True,True
7481,cf_e,28,B,0.75,0.75,4,3,0,True,False,True,True
7482,cf_e,28,C,0.5,0.75,4,2,0,True,False,True,True
7483,cf_e,29,A,1.0,0.75,3,3,0,False,False,True,True
7484,cf_e,29,B,1.0,0.75,3,3,0,False,False,True,True
7485,cf_e,29,C,1.0,0.75,2,2,0,False,False,True,True
7486,cf_e,30,A,1.0,1.0,3,3,0,True,True,True,True
7487,cf_e,30,B,1.0,1.0,3,3,0,True,True,True,True
7488,cf_e,30,C,1.0,0.875,2,2,0,True,False,True,True
7489,cf_e,1,A,1.0,1.0,4,4,0,True,True,True,True
7490,cf_e,1,B,0.75,0.75,4,3,0,False,True,True,True
7491,cf_e,1,C,0.6666666666666666,0.875,3,2,0,False,True,True,True
7492,cf_e,2,A,0.6666666666666666,0.875,3,2,0,False,True,True,True
7493,cf_e,2,B,0.3333333333333333,1.0,3,1,0,True,True,True,True
7494,cf_e,2,C,0.6666666666666666,1.0,3,2,0,True,True,True,True
7495,cf_e,3,A,0.6666666666666666,0.875,3,2,0,False,True,True,True
7496,cf_e,3,B,0.0,0.2916666666666666,3,0,0,False,True,False,False
7497,cf_e,3,C,0.6666666666666666,0.875,3,2,0,False,True,True,True
7498,cf_e,4,A,0.0,0.2916666666666666,3,0,0,True,False,False,False
7499,cf_e,4,B,0.2,0.45,5,1,0,True,False,False,True
7500,cf_e,4,C,0.3333333333333333,0.4166666666666666,3,1,0,False,False,True,True
7501,cf_e,5,A,0.6666666666666666,0.8333333333333333,3,2,0,True,True,True,True
7502,cf_e,5,B,0.5,0.625,2,1,0,False,True,True,True
7503,cf_e,5,C,0.5,0.5,2,1,0,False,False,True,True
7504,cf_e,6,A,0.3333333333333333,0.875,3,1,0,False,True,True,True
7505,cf_e,6,B,0.0,0.875,3,1,1,False,True,True,True
7506,cf_e,6,C,0.6666666666666666,0.875,3,2,0,False,True,True,True
7507,cf_e,7,A,1.0,1.0,3,3,0,True,True,True,True
7508,cf_e,7,B,1.0,0.875,2,2,0,False,True,True,True
7509,cf_e,7,C,1.0,0.875,2,2,0,False,True,True,True
7510,cf_e,8,A,0.3333333333333333,0.7083333333333333,3,1,0,False,True,True,True
7511,cf_e,8,B,0.5,0.875,2,1,0,False,True,True,True
7512,cf_e,8,C,0.5,0.875,2,1,0,False,True,True,True
7513,cf_e,9,A,0.5,0.875,4,2,0,False,True,True,True
7514,cf_e,9,B,0.0,0.625,4,0,0,False,True,False,False
7515,cf_e,9,C,0.5,0.875,2,1,0,False,True,True,True
7516,cf_e,10,A,0.3333333333333333,0.7083333333333333,3,1,0,False,True,True,True
7517,cf_e,10,B,0.5,0.875,2,1,0,False,True,True,True
7518,cf_e,10,C,0.5,0.875,2,1,0,False,True,True,True
7519,cf_e,11,A,0.3333333333333333,0.875,3,1,0,False,True,True,True
7520,cf_e,11,B,0.3333333333333333,0.75,3,1,0,False,True,False,True
7521,cf_e,11,C,0.5,0.875,2,1,0,False,True,True,True
7522,cf_e,12,A,0.5,0.875,4,2,0,False,True,True,True
7523,cf_e,12,B,0.3333333333333333,0.875,3,1,0,False,True,True,True
7524,cf_e,12,C,0.5,0.875,2,1,0,False,True,True,True
7525,cf_e,13,A,1.0,0.75,3,3,0,False,False,True,True
7526,cf_e,13,B,1.0,0.75,2,2,0,False,False,True,True
7527,cf_e,13,C,1.0,0.75,2,2,0,False,False,True,True
7528,cf_e,14,A,0.3333333333333333,0.875,3,1,0,False,True,True,True
7529,cf_e,14,B,0.0,0.625,3,0,0,False,True,False,False
7530,cf_e,14,C,1.0,0.875,2,2,0,False,True,True,True
7531,cf_e,15,A,0.6666666666666666,0.5833333333333333,3,2,0,False,False,True,True
7532,cf_e,15,B,0.3333333333333333,0.4166666666666666,3,1,0,False,False,True,True
7533,cf_e,15,C,0.3333333333333333,0.4166666666666666,3,1,0,False,False,True,True
7534,cf_e,16,A,0.6666666666666666,0.875,3,2,0,False,True,True,True
7535,cf_e,16,B,0.5,0.875,2,1,0,False,True,True,True
7536,cf_e,16,C,0.5,0.875,2,1,0,False,True,True,True
7537,cf_e,17,A,0.3333333333333333,0.6666666666666666,3,1,0,True,True,True,True
7538,cf_e,17,B,0.3333333333333333,0.5416666666666666,3,1,0,False,True,True,True
7539,cf_e,17,C,0.5,0.625,2,1,0,False,True,True,True
7540,cf_e,18,A,0.5,0.5,2,1,0,False,False,True,True
7541,cf_e,18,B,0.3333333333333333,0.4166666666666666,3,1,0,False,False,True,True
7542,cf_e,18,C,0.5,0.5,2,1,0,False,False,True,True
7543,cf_e,19,A,0.0,0.625,2,1,1,False,True,True,True
7544,cf_e,19,B,0.3333333333333333,0.5833333333333333,3,2,1,False,False,True,True
7545,cf_e,19,C,0.0,0.625,2,1,1,True,False,True,True
7546,cf_e,20,A,0.6666666666666666,0.875,3,2,0,False,True,True,True
7547,cf_e,20,B,0.6666666666666666,0.875,3,2,0,False,True,True,True
7548,cf_e,20,C,0.3333333333333333,0.7083333333333333,3,1,0,False,True,True,True
7549,cf_e,21,A,0.3333333333333333,0.875,3,1,0,False,True,True,True
7550,cf_e,21,B,0.3333333333333333,0.875,3,1,0,False,True,True,True
7551,cf_e,21,C,0.6666666666666666,0.875,3,2,0,False,True,True,True
7552,cf_e,22,A,0.3333333333333333,0.5416666666666666,3,1,0,False,True,True,True
7553,cf_e,22,B,0.3333333333333333,0.5416666666666666,3,1,0,True,False,True,True
7554,cf_e,22,C,0.5,0.625,2,1,0,False,True,True,True
7555,cf_e,23,A,0.3333333333333333,0.4166666666666666,3,1,0,False,False,True,True
7556,cf_e,23,B,0.3333333333333333,0.4166666666666666,3,1,0,False,False,True,True
7557,cf_e,23,C,0.5,0.5,2,1,0,False,False,True,True
7558,cf_e,24,A,0.0,0.875,3,1,1,False,True,True,True
7559,cf_e,24,B,0.3333333333333333,0.875,3,1,0,False,True,True,True
7560,cf_e,24,C,1.0,0.875,2,2,0,False,True,True,True
7561,cf_e,25,A,0.5,0.875,4,2,0,True,True,True,True
7562,cf_e,25,B,0.6666666666666666,1.0,3,2,0,True,True,True,True
7563,cf_e,25,C,0.5,0.875,2,1,0,False,True,True,True
7564,cf_e,26,A,1.0,0.875,2,2,0,False,True,True,True
7565,cf_e,26,B,1.0,0.875,3,3,0,False,True,True,True
7566,cf_e,26,C,1.0,0.875,2,2,0,False,True,True,True
7567,cf_e,27,A,0.6666666666666666,0.875,3,3,1,False,True,True,True
7568,cf_e,27,B,0.6666666666666666,0.875,3,2,0,False,True,True,True
7569,cf_e,27,C,1.0,0.75,2,2,0,False,False,True,True
7570,cf_e,28,A,0.75,0.875,4,3,0,True,True,True,True
7571,cf_e,28,B,0.75,0.75,4,3,0,True,False,True,True
7572,cf_e,28,C,0.5,0.75,4,2,0,True,False,True,True
7573,cf_e,29,A,1.0,0.75,3,3,0,False,False,True,True
7574,cf_e,29,B,1.0,0.75,3,3,0,False,False,True,True
7575,cf_e,29,C,1.0,0.75,2,2,0,False,False,True,True
7576,cf_e,30,A,1.0,1.0,3,3,0,True,True,True,True
7577,cf_e,30,B,1.0,1.0,3,3,0,True,True,True,True
7578,cf_e,30,C,1.0,0.875,2,2,0,True,False,True,True
7579,cf_e,1,A,1.0,1.0,4,4,0,True,True,True,True
7580,cf_e,1,B,0.75,0.75,4,3,0,False,True,True,True
7581,cf_e,1,C,0.6666666666666666,0.875,3,2,0,False,True,True,True
7582,cf_e,2,A,0.6666666666666666,0.875,3,2,0,False,True,True,True
7583,cf_e,2,B,0.3333333333333333,1.0,3,1,0,True,True,True,True
7584,cf_e,2,C,0.6666666666666666,1.0,3,2,0,True,True,True,True
7585,cf_e,3,A,0.6666666666666666,0.875,3,2,0,False,True,True,True
7586,cf_e,3,B,0.0,0.2916666666666666,3,0,0,False,True,False,False
7587,cf_e,3,C,0.6666666666666666,0.875,3,2,0,False,True,True,True
7588,cf_e,4,A,0.0,0.2916666666666666,3,0,0,True,False,False,False
7589,cf_e,4,B,0.2,0.45,5,1,0,True,False,False,True
7590,cf_e,4,C,0.3333333333333333,0.4166666666666666,3,1,0,False,False,True,True
7591,cf_e,5,A,0.6666666666666666,0.8333333333333333,3,2,0,True,True,True,True
7592,cf_e,5,B,0.5,0.625,2,1,0,False,True,True,True
7593,cf_e,5,C,0.5,0.5,2,1,0,False,False,True,True
7594,cf_e,6,A,0.3333333333333333,0.875,3,1,0,False,True,True,True
7595,cf_e,6,B,0.0,0.875,3,1,1,False,True,True,True
7596,cf_e,6,C,0.6666666666666666,0.875,3,2,0,False,True,True,True
7597,cf_e,7,A,1.0,1.0,3,3,0,True,True,True,True
7598,cf_e,7,B,1.0,0.875,2,2,0,False,True,True,True
7599,cf_e,7,C,1.0,0.875,2,2,0,False,True,True,True
7600,cf_e,8,A,0.3333333333333333,0.7083333333333333,3,1,0,False,True,True,True
7601,cf_e,8,B,0.5,0.875,2,1,0,False,True,True,True
7602,cf_e,8,C,0.5,0.875,2,1,0,False,True,True,True
7603,cf_e,9,A,0.5,0.875,4,2,0,False,True,True,True
7604,cf_e,9,B,0.0,0.625,4,0,0,False,True,False,False
7605,cf_e,9,C,0.5,0.875,2,1,0,False,True,True,True
7606,cf_e,10,A,0.3333333333333333,0.7083333333333333,3,1,0,False,True,True,True
7607,cf_e,10,B,0.5,0.875,2,1,0,False,True,True,True
7608,cf_e,10,C,0.5,0.875,2,1,0,False,True,True,True
7609,cf_e,11,A,0.3333333333333333,0.875,3,1,0,False,True,True,True
7610,cf_e,11,B,0.3333333333333333,0.75,3,1,0,False,True,False,True
7611,cf_e,11,C,0.5,0.875,2,1,0,False,True,True,True
7612,cf_e,12,A,0.5,0.875,4,2,0,False,True,True,True
7613,cf_e,12,B,0.3333333333333333,0.875,3,1,0,False,True,True,True
7614,cf_e,12,C,0.5,0.875,2,1,0,False,True,True,True
7615,cf_e,13,A,1.0,0.75,3,3,0,False,False,True,True
7616,cf_e,13,B,1.0,0.75,2,2,0,False,False,True,True
7617,cf_e,13,C,1.0,0.75,2,2,0,False,False,True,True
7618,cf_e,14,A,0.3333333333333333,0.875,3,1,0,False,True,True,True
7619,cf_e,14,B,0.0,0.625,3,0,0,False,True,False,False
7620,cf_e,14,C,1.0,0.875,2,2,0,False,True,True,True
7621,cf_e,15,A,0.6666666666666666,0.5833333333333333,3,2,0,False,False,True,True
7622,cf_e,15,B,0.3333333333333333,0.4166666666666666,3,1,0,False,False,True,True
7623,cf_e,15,C,0.3333333333333333,0.4166666666666666,3,1,0,False,False,True,True
7624,cf_e,16,A,0.6666666666666666,0.875,3,2,0,False,True,True,True
7625,cf_e,16,B,0.5,0.875,2,1,0,False,True,True,True
7626,cf_e,16,C,0.5,0.875,2,1,0,False,True,True,True
7627,cf_e,17,A,0.3333333333333333,0.6666666666666666,3,1,0,True,True,True,True
7628,cf_e,17,B,0.3333333333333333,0.5416666666666666,3,1,0,False,True,True,True
7629,cf_e,17,C,0.5,0.625,2,1,0,False,True,True,True
7630,cf_e,18,A,0.5,0.5,2,1,0,False,False,True,True
7631,cf_e,18,B,0.3333333333333333,0.4166666666666666,3,1,0,False,False,True,True
7632,cf_e,18,C,0.5,0.5,2,1,0,False,False,True,True
7633,cf_e,19,A,0.0,0.625,2,1,1,False,True,True,True
7634,cf_e,19,B,0.3333333333333333,0.5833333333333333,3,2,1,False,False,True,True
7635,cf_e,19,C,0.0,0.625,2,1,1,True,False,True,True
7636,cf_e,20,A,0.6666666666666666,0.875,3,2,0,False,True,True,True
7637,cf_e,20,B,0.6666666666666666,0.875,3,2,0,False,True,True,True
7638,cf_e,20,C,0.3333333333333333,0.7083333333333333,3,1,0,False,True,True,True
7639,cf_e,21,A,0.3333333333333333,0.875,3,1,0,False,True,True,True
7640,cf_e,21,B,0.3333333333333333,0.875,3,1,0,False,True,True,True
7641,cf_e,21,C,0.6666666666666666,0.875,3,2,0,False,True,True,True
7642,cf_e,22,A,0.3333333333333333,0.5416666666666666,3,1,0,False,True,True,True
7643,cf_e,22,B,0.3333333333333333,0.5416666666666666,3,1,0,True,False,True,True
7644,cf_e,22,C,0.5,0.625,2,1,0,False,True,True,True
7645,cf_e,23,A,0.3333333333333333,0.4166666666666666,3,1,0,False,False,True,True
7646,cf_e,23,B,0.3333333333333333,0.4166666666666666,3,1,0,False,False,True,True
7647,cf_e,23,C,0.5,0.5,2,1,0,False,False,True,True
7648,cf_e,24,A,0.0,0.875,3,1,1,False,True,True,True
7649,cf_e,24,B,0.3333333333333333,0.875,3,1,0,False,True,True,True
7650,cf_e,24,C,1.0,0.875,2,2,0,False,True,True,True
7651,cf_e,25,A,0.5,0.875,4,2,0,True,True,True,True
7652,cf_e,25,B,0.6666666666666666,1.0,3,2,0,True,True,True,True
7653,cf_e,25,C,0.5,0.875,2,1,0,False,True,True,True
7654,cf_e,26,A,1.0,0.875,2,2,0,False,True,True,True
7655,cf_e,26,B,1.0,0.875,3,3,0,False,True,True,True
7656,cf_e,26,C,1.0,0.875,2,2,0,False,True,True,True
7657,cf_e,27,A,0.6666666666666666,0.875,3,3,1,False,True,True,True
7658,cf_e,27,B,0.6666666666666666,0.875,3,2,0,False,True,True,True
7659,cf_e,27,C,1.0,0.75,2,2,0,False,False,True,True
7660,cf_e,28,A,0.75,0.875,4,3,0,True,True,True,True
7661,cf_e,28,B,0.75,0.75,4,3,0,True,False,True,True
7662,cf_e,28,C,0.5,0.75,4,2,0,True,False,True,True
7663,cf_e,29,A,1.0,0.75,3,3,0,False,False,True,True
7664,cf_e,29,B,1.0,0.75,3,3,0,False,False,True,True
7665,cf_e,29,C,1.0,0.75,2,2,0,False,False,True,True
7666,cf_e,30,A,1.0,1.0,3,3,0,True,True,True,True
7667,cf_e,30,B,1.0,1.0,3,3,0,True,True,True,True
7668,cf_e,30,C,1.0,0.875,2,2,0,True,False,True,True
7669,cf_f,1,A,1.0,1.0,4,4,0,True,True,True,True
7670,cf_f,1,B,1.0,1.0,4,4,0,True,True,True,True
7671,cf_f,1,C,1.0,1.0,4,4,0,True,True,True,True
7672,cf_f,2,A,0.6666666666666666,0.875,3,2,0,False,True,True,True
7673,cf_f,2,B,0.6666666666666666,0.875,3,2,0,False,True,True,True
7674,cf_f,2,C,0.6666666666666666,0.875,3,2,0,False,True,True,True
7675,cf_f,3,A,0.3333333333333333,0.7083333333333333,3,1,0,False,True,True,True
7676,cf_f,3,B,0.3333333333333333,0.7083333333333333,3,1,0,False,True,True,True
7677,cf_f,3,C,0.6666666666666666,0.875,3,2,0,False,True,True,True
7678,cf_f,4,A,0.4,0.575,5,2,0,False,True,True,True
7679,cf_f,4,B,0.0,0.0,4,0,0,False,False,False,False
7680,cf_f,4,C,0.3333333333333333,0.8333333333333333,6,2,0,True,True,True,True
7681,cf_f,5,A,0.3333333333333333,0.5416666666666666,3,1,0,False,True,True,True
7682,cf_f,5,B,0.0,0.4166666666666666,3,1,1,False,False,True,True
7683,cf_f,5,C,0.3333333333333333,1.0,3,1,0,True,True,True,True
7684,cf_f,6,A,0.3333333333333333,0.875,3,1,0,False,True,True,True
7685,cf_f,6,B,0.25,0.875,4,1,0,False,True,True,True
7686,cf_f,6,C,0.3333333333333333,0.875,3,1,0,False,True,True,True
7687,cf_f,7,A,1.0,1.0,2,2,0,True,True,True,True
7688,cf_f,7,B,0.6666666666666666,0.875,3,2,0,False,True,True,True
7689,cf_f,7,C,1.0,0.875,3,3,0,False,True,True,True
7690,cf_f,8,A,0.0,0.75,3,0,0,False,True,True,False
7691,cf_f,8,B,0.3333333333333333,0.7083333333333333,3,1,0,False,True,True,True
7692,cf_f,8,C,0.5,0.875,2,1,0,False,True,True,True
7693,cf_f,9,A,0.0,0.75,2,0,0,False,True,True,False
7694,cf_f,9,B,0.3333333333333333,0.875,3,1,0,False,True,True,True
7695,cf_f,9,C,0.3333333333333333,0.875,3,1,0,False,True,True,True
7696,cf_f,10,A,0.0,0.75,2,0,0,False,True,True,False
7697,cf_f,10,B,0.3333333333333333,1.0,3,1,0,True,True,True,True
7698,cf_f,10,C,0.0,0.875,3,0,0,True,True,True,False
7699,cf_f,11,A,0.5,0.875,2,1,0,False,True,True,True
7700,cf_f,11,B,0.3333333333333333,0.875,3,1,0,False,True,True,True
7701,cf_f,11,C,0.3333333333333333,0.875,3,1,0,False,True,True,True
7702,cf_f,12,A,0.3333333333333333,0.875,3,1,0,False,True,True,True
7703,cf_f,12,B,0.6666666666666666,0.875,3,2,0,False,True,True,True
7704,cf_f,12,C,0.6666666666666666,0.875,3,2,0,False,True,True,True
7705,cf_f,13,A,1.0,0.75,2,2,0,False,False,True,True
7706,cf_f,13,B,1.0,0.75,2,2,0,False,False,True,True
7707,cf_f,13,C,1.0,0.75,2,2,0,False,False,True,True
7708,cf_f,14,A,0.5,0.875,2,1,0,False,True,True,True
7709,cf_f,14,B,0.3333333333333333,0.875,3,1,0,False,True,True,True
7710,cf_f,14,C,0.0,0.75,2,0,0,False,True,True,False
7711,cf_f,15,A,0.5,0.625,2,1,0,False,True,True,True
7712,cf_f,15,B,0.5,0.5,2,1,0,False,False,True,True
7713,cf_f,15,C,0.5,0.625,2,1,0,False,True,True,True
7714,cf_f,16,A,0.5,0.875,2,1,0,False,True,True,True
7715,cf_f,16,B,0.5,0.875,2,1,0,False,True,True,True
7716,cf_f,16,C,0.5,0.875,2,1,0,False,True,True,True
7717,cf_f,17,A,0.0,0.0,2,0,0,False,False,False,False
7718,cf_f,17,B,0.5,0.625,2,1,0,False,True,True,True
7719,cf_f,17,C,0.0,0.0,2,0,0,False,False,False,False
7720,cf_f,18,A,0.0,0.0,2,0,0,False,False,False,False
7721,cf_f,18,B,0.3333333333333333,0.4166666666666666,3,1,0,False,False,True,True
7722,cf_f,18,C,0.0,0.0,2,0,0,False,False,False,False
7723,cf_f,19,A,0.0,0.7083333333333333,3,1,1,False,True,True,True
7724,cf_f,19,B,0.0,0.7083333333333333,3,1,1,False,True,True,True
7725,cf_f,19,C,0.0,0.2916666666666666,3,0,1,False,True,False,False
7726,cf_f,20,A,0.3333333333333333,0.875,3,1,0,False,True,True,True
7727,cf_f,20,B,0.5,0.875,2,1,0,False,True,True,True
7728,cf_f,20,C,0.3333333333333333,0.875,3,1,0,False,True,True,True
7729,cf_f,21,A,0.6666666666666666,0.875,3,2,0,False,True,True,True
7730,cf_f,21,B,0.3333333333333333,0.4166666666666666,3,1,0,False,False,True,True
7731,cf_f,21,C,0.6666666666666666,0.875,3,2,0,False,True,True,True
7732,cf_f,22,A,0.3333333333333333,0.5416666666666666,3,1,0,False,True,True,True
7733,cf_f,22,B,0.3333333333333333,0.5416666666666666,3,1,0,True,False,True,True
7734,cf_f,22,C,0.3333333333333333,0.6666666666666666,3,1,0,True,True,True,True
7735,cf_f,23,A,0.3333333333333333,0.5833333333333333,3,1,0,False,False,True,True
7736,cf_f,23,B,0.0,0.2916666666666666,3,0,0,False,False,True,False
7737,cf_f,23,C,0.3333333333333333,0.4166666666666666,3,1,0,False,False,True,True
7738,cf_f,24,A,0.6666666666666666,0.875,3,2,0,False,True,True,True
7739,cf_f,24,B,0.3333333333333333,0.7083333333333333,3,1,0,False,True,True,True
7740,cf_f,24,C,0.0,0.75,4,1,1,False,True,True,True
7741,cf_f,25,A,0.3333333333333333,0.7083333333333333,3,1,0,True,False,True,True
7742,cf_f,25,B,0.6666666666666666,1.0,3,2,0,True,True,True,True
7743,cf_f,25,C,0.25,0.625,4,1,0,False,True,True,True
7744,cf_f,26,A,1.0,0.875,2,2,0,False,True,True,True
7745,cf_f,26,B,1.0,0.875,3,3,0,False,True,True,True
7746,cf_f,26,C,1.0,0.875,2,2,0,False,True,True,True
7747,cf_f,27,A,1.0,0.875,3,3,0,False,True,True,True
7748,cf_f,27,B,1.0,0.875,3,3,0,False,True,True,True
7749,cf_f,27,C,1.0,0.75,3,3,0,False,False,True,True
7750,cf_f,28,A,0.5,0.75,4,2,0,True,False,True,True
7751,cf_f,28,B,0.5,0.75,4,2,0,True,False,True,True
7752,cf_f,28,C,0.5,0.75,4,2,0,True,False,True,True
7753,cf_f,29,A,1.0,0.75,3,3,0,False,False,True,True
7754,cf_f,29,B,1.0,0.75,3,3,0,False,False,True,True
7755,cf_f,29,C,1.0,0.75,3,3,0,False,False,True,True
7756,cf_f,30,A,1.0,0.875,3,3,0,True,False,True,True
7757,cf_f,30,B,1.0,0.75,3,3,0,False,False,True,True
7758,cf_f,30,C,1.0,0.875,3,3,0,True,False,True,True
7759,cf_f,1,A,1.0,1.0,4,4,0,True,True,True,True
7760,cf_f,1,B,1.0,1.0,4,4,0,True,True,True,True
7761,cf_f,1,C,1.0,1.0,4,4,0,True,True,True,True
7762,cf_f,2,A,0.6666666666666666,0.875,3,2,0,False,True,True,True
7763,cf_f,2,B,0.6666666666666666,0.875,3,2,0,False,True,True,True
7764,cf_f,2,C,0.6666666666666666,0.875,3,2,0,False,True,True,True
7765,cf_f,3,A,0.3333333333333333,0.7083333333333333,3,1,0,False,True,True,True
7766,cf_f,3,B,0.3333333333333333,0.7083333333333333,3,1,0,False,True,True,True
7767,cf_f,3,C,0.6666666666666666,0.875,3,2,0,False,True,True,True
7768,cf_f,4,A,0.4,0.575,5,2,0,False,True,True,True
7769,cf_f,4,B,0.0,0.0,4,0,0,False,False,False,False
7770,cf_f,4,C,0.3333333333333333,0.8333333333333333,6,2,0,True,True,True,True
7771,cf_f,5,A,0.3333333333333333,0.5416666666666666,3,1,0,False,True,True,True
7772,cf_f,5,B,0.0,0.4166666666666666,3,1,1,False,False,True,True
7773,cf_f,5,C,0.3333333333333333,1.0,3,1,0,True,True,True,True
7774,cf_f,6,A,0.3333333333333333,0.875,3,1,0,False,True,True,True
7775,cf_f,6,B,0.25,0.875,4,1,0,False,True,True,True
7776,cf_f,6,C,0.3333333333333333,0.875,3,1,0,False,True,True,True
7777,cf_f,7,A,1.0,1.0,2,2,0,True,True,True,True
7778,cf_f,7,B,0.6666666666666666,0.875,3,2,0,False,True,True,True
7779,cf_f,7,C,1.0,0.875,3,3,0,False,True,True,True
7780,cf_f,8,A,0.0,0.75,3,0,0,False,True,True,False
7781,cf_f,8,B,0.3333333333333333,0.7083333333333333,3,1,0,False,True,True,True
7782,cf_f,8,C,0.5,0.875,2,1,0,False,True,True,True
7783,cf_f,9,A,0.0,0.75,2,0,0,False,True,True,False
7784,cf_f,9,B,0.3333333333333333,0.875,3,1,0,False,True,True,True
7785,cf_f,9,C,0.3333333333333333,0.875,3,1,0,False,True,True,True
7786,cf_f,10,A,0.0,0.75,2,0,0,False,True,True,False
7787,cf_f,10,B,0.3333333333333333,1.0,3,1,0,True,True,True,True
7788,cf_f,10,C,0.0,0.875,3,0,0,True,True,True,False
7789,cf_f,11,A,0.5,0.875,2,1,0,False,True,True,True
7790,cf_f,11,B,0.3333333333333333,0.875,3,1,0,False,True,True,True
7791,cf_f,11,C,0.3333333333333333,0.875,3,1,0,False,True,True,True
7792,cf_f,12,A,0.3333333333333333,0.875,3,1,0,False,True,True,True
7793,cf_f,12,B,0.6666666666666666,0.875,3,2,0,False,True,True,True
7794,cf_f,12,C,0.6666666666666666,0.875,3,2,0,False,True,True,True
7795,cf_f,13,A,1.0,0.75,2,2,0,False,False,True,True
7796,cf_f,13,B,1.0,0.75,2,2,0,False,False,True,True
7797,cf_f,13,C,1.0,0.75,2,2,0,False,False,True,True
7798,cf_f,14,A,0.5,0.875,2,1,0,False,True,True,True
7799,cf_f,14,B,0.3333333333333333,0.875,3,1,0,False,True,True,True
7800,cf_f,14,C,0.0,0.75,2,0,0,False,True,True,False
7801,cf_f,15,A,0.5,0.625,2,1,0,False,True,True,True
7802,cf_f,15,B,0.5,0.5,2,1,0,False,False,True,True
7803,cf_f,15,C,0.5,0.625,2,1,0,False,True,True,True
7804,cf_f,16,A,0.5,0.875,2,1,0,False,True,True,True
7805,cf_f,16,B,0.5,0.875,2,1,0,False,True,True,True
7806,cf_f,16,C,0.5,0.875,2,1,0,False,True,True,True
7807,cf_f,17,A,0.0,0.0,2,0,0,False,False,False,False
7808,cf_f,17,B,0.5,0.625,2,1,0,False,True,True,True
7809,cf_f,17,C,0.0,0.0,2,0,0,False,False,False,False
7810,cf_f,18,A,0.0,0.0,2,0,0,False,False,False,False
7811,cf_f,18,B,0.3333333333333333,0.4166666666666666,3,1,0,False,False,True,True
7812,cf_f,18,C,0.0,0.0,2,0,0,False,False,False,False
7813,cf_f,19,A,0.0,0.7083333333333333,3,1,1,False,True,True,True
7814,cf_f,19,B,0.0,0.7083333333333333,3,1,1,False,True,True,True
7815,cf_f,19,C,0.0,0.2916666666666666,3,0,1,False,True,False,False
7816,cf_f,20,A,0.3333333333333333,0.875,3,1,0,False,True,True,True
7817,cf_f,20,B,0.5,0.875,2,1,0,False,True,True,True
7818,cf_f,20,C,0.3333333333333333,0.875,3,1,0,False,True,True,True
7819,cf_f,21,A,0.6666666666666666,0.875,3,2,0,False,True,True,True
7820,cf_f,21,B,0.3333333333333333,0.4166666666666666,3,1,0,False,False,True,True
7821,cf_f,21,C,0.6666666666666666,0.875,3,2,0,False,True,True,True
7822,cf_f,22,A,0.3333333333333333,0.5416666666666666,3,1,0,False,True,True,True
7823,cf_f,22,B,0.3333333333333333,0.5416666666666666,3,1,0,True,False,True,True
7824,cf_f,22,C,0.3333333333333333,0.6666666666666666,3,1,0,True,True,True,True
7825,cf_f,23,A,0.3333333333333333,0.5833333333333333,3,1,0,False,False,True,True
7826,cf_f,23,B,0.0,0.2916666666666666,3,0,0,False,False,True,False
7827,cf_f,23,C,0.3333333333333333,0.4166666666666666,3,1,0,False,False,True,True
7828,cf_f,24,A,0.6666666666666666,0.875,3,2,0,False,True,True,True
7829,cf_f,24,B,0.3333333333333333,0.7083333333333333,3,1,0,False,True,True,True
7830,cf_f,24,C,0.0,0.75,4,1,1,False,True,True,True
7831,cf_f,25,A,0.3333333333333333,0.7083333333333333,3,1,0,True,False,True,True
7832,cf_f,25,B,0.6666666666666666,1.0,3,2,0,True,True,True,True
7833,cf_f,25,C,0.25,0.625,4,1,0,False,True,True,True
7834,cf_f,26,A,1.0,0.875,2,2,0,False,True,True,True
7835,cf_f,26,B,1.0,0.875,3,3,0,False,True,True,True
7836,cf_f,26,C,1.0,0.875,2,2,0,False,True,True,True
7837,cf_f,27,A,1.0,0.875,3,3,0,False,True,True,True
7838,cf_f,27,B,1.0,0.875,3,3,0,False,True,True,True
7839,cf_f,27,C,1.0,0.75,3,3,0,False,False,True,True
7840,cf_f,28,A,0.5,0.75,4,2,0,True,False,True,True
7841,cf_f,28,B,0.5,0.75,4,2,0,True,False,True,True
7842,cf_f,28,C,0.5,0.75,4,2,0,True,False,True,True
7843,cf_f,29,A,1.0,0.75,3,3,0,False,False,True,True
7844,cf_f,29,B,1.0,0.75,3,3,0,False,False,True,True
7845,cf_f,29,C,1.0,0.75,3,3,0,False,False,True,True
7846,cf_f,30,A,1.0,0.875,3,3,0,True,False,True,True
7847,cf_f,30,B,1.0,0.75,3,3,0,False,False,True,True
7848,cf_f,30,C,1.0,0.875,3,3,0,True,False,True,True
7849,cf_f,1,A,1.0,1.0,4,4,0,True,True,True,True
7850,cf_f,1,B,1.0,1.0,4,4,0,True,True,True,True
7851,cf_f,1,C,1.0,1.0,4,4,0,True,True,True,True
7852,cf_f,2,A,0.6666666666666666,0.875,3,2,0,False,True,True,True
7853,cf_f,2,B,0.6666666666666666,0.875,3,2,0,False,True,True,True
7854,cf_f,2,C,0.6666666666666666,0.875,3,2,0,False,True,True,True
7855,cf_f,3,A,0.3333333333333333,0.7083333333333333,3,1,0,False,True,True,True
7856,cf_f,3,B,0.3333333333333333,0.7083333333333333,3,1,0,False,True,True,True
7857,cf_f,3,C,0.6666666666666666,0.875,3,2,0,False,True,True,True
7858,cf_f,4,A,0.4,0.575,5,2,0,False,True,True,True
7859,cf_f,4,B,0.0,0.0,4,0,0,False,False,False,False
7860,cf_f,4,C,0.3333333333333333,0.8333333333333333,6,2,0,True,True,True,True
7861,cf_f,5,A,0.3333333333333333,0.5416666666666666,3,1,0,False,True,True,True
7862,cf_f,5,B,0.0,0.4166666666666666,3,1,1,False,False,True,True
7863,cf_f,5,C,0.3333333333333333,1.0,3,1,0,True,True,True,True
7864,cf_f,6,A,0.3333333333333333,0.875,3,1,0,False,True,True,True
7865,cf_f,6,B,0.25,0.875,4,1,0,False,True,True,True
7866,cf_f,6,C,0.3333333333333333,0.875,3,1,0,False,True,True,True
7867,cf_f,7,A,1.0,1.0,2,2,0,True,True,True,True
7868,cf_f,7,B,0.6666666666666666,0.875,3,2,0,False,True,True,True
7869,cf_f,7,C,1.0,0.875,3,3,0,False,True,True,True
7870,cf_f,8,A,0.0,0.75,3,0,0,False,True,True,False
7871,cf_f,8,B,0.3333333333333333,0.7083333333333333,3,1,0,False,True,True,True
7872,cf_f,8,C,0.5,0.875,2,1,0,False,True,True,True
7873,cf_f,9,A,0.0,0.75,2,0,0,False,True,True,False
7874,cf_f,9,B,0.3333333333333333,0.875,3,1,0,False,True,True,True
7875,cf_f,9,C,0.3333333333333333,0.875,3,1,0,False,True,True,True
7876,cf_f,10,A,0.0,0.75,2,0,0,False,True,True,False
7877,cf_f,10,B,0.3333333333333333,1.0,3,1,0,True,True,True,True
7878,cf_f,10,C,0.0,0.875,3,0,0,True,True,True,False
7879,cf_f,11,A,0.5,0.875,2,1,0,False,True,True,True
7880,cf_f,11,B,0.3333333333333333,0.875,3,1,0,False,True,True,True
7881,cf_f,11,C,0.3333333333333333,0.875,3,1,0,False,True,True,True
7882,cf_f,12,A,0.3333333333333333,0.875,3,1,0,False,True,True,True
7883,cf_f,12,B,0.6666666666666666,0.875,3,2,0,False,True,True,True
7884,cf_f,12,C,0.6666666666666666,0.875,3,2,0,False,True,True,True
7885,cf_f,13,A,1.0,0.75,2,2,0,False,False,True,True
7886,cf_f,13,B,1.0,0.75,2,2,0,False,False,True,True
7887,cf_f,13,C,1.0,0.75,2,2,0,False,False,True,True
7888,cf_f,14,A,0.5,0.875,2,1,0,False,True,True,True
7889,cf_f,14,B,0.3333333333333333,0.875,3,1,0,False,True,True,True
7890,cf_f,14,C,0.0,0.75,2,0,0,False,True,True,False
7891,cf_f,15,A,0.5,0.625,2,1,0,False,True,True,True
7892,cf_f,15,B,0.5,0.5,2,1,0,False,False,True,True
7893,cf_f,15,C,0.5,0.625,2,1,0,False,True,True,True
7894,cf_f,16,A,0.5,0.875,2,1,0,False,True,True,True
7895,cf_f,16,B,0.5,0.875,2,1,0,False,True,True,True
7896,cf_f,16,C,0.5,0.875,2,1,0,False,True,True,True
7897,cf_f,17,A,0.0,0.0,2,0,0,False,False,False,False
7898,cf_f,17,B,0.5,0.625,2,1,0,False,True,True,True
7899,cf_f,17,C,0.0,0.0,2,0,0,False,False,False,False
7900,cf_f,18,A,0.0,0.0,2,0,0,False,False,False,False
7901,cf_f,18,B,0.3333333333333333,0.4166666666666666,3,1,0,False,False,True,True
7902,cf_f,18,C,0.0,0.0,2,0,0,False,False,False,False
7903,cf_f,19,A,0.0,0.7083333333333333,3,1,1,False,True,True,True
7904,cf_f,19,B,0.0,0.7083333333333333,3,1,1,False,True,True,True
7905,cf_f,19,C,0.0,0.2916666666666666,3,0,1,False,True,False,False
7906,cf_f,20,A,0.3333333333333333,0.875,3,1,0,False,True,True,True
7907,cf_f,20,B,0.5,0.875,2,1,0,False,True,True,True
7908,cf_f,20,C,0.3333333333333333,0.875,3,1,0,False,True,True,True
7909,cf_f,21,A,0.6666666666666666,0.875,3,2,0,False,True,True,True
7910,cf_f,21,B,0.3333333333333333,0.4166666666666666,3,1,0,False,False,True,True
7911,cf_f,21,C,0.6666666666666666,0.875,3,2,0,False,True,True,True
7912,cf_f,22,A,0.3333333333333333,0.5416666666666666,3,1,0,False,True,True,True
7913,cf_f,22,B,0.3333333333333333,0.5416666666666666,3,1,0,True,False,True,True
7914,cf_f,22,C,0.3333333333333333,0.6666666666666666,3,1,0,True,True,True,True
7915,cf_f,23,A,0.3333333333333333,0.5833333333333333,3,1,0,False,False,True,True
7916,cf_f,23,B,0.0,0.2916666666666666,3,0,0,False,False,True,False
7917,cf_f,23,C,0.3333333333333333,0.4166666666666666,3,1,0,False,False,True,True
7918,cf_f,24,A,0.6666666666666666,0.875,3,2,0,False,True,True,True
7919,cf_f,24,B,0.3333333333333333,0.7083333333333333,3,1,0,False,True,True,True
7920,cf_f,24,C,0.0,0.75,4,1,1,False,True,True,True
7921,cf_f,25,A,0.3333333333333333,0.7083333333333333,3,1,0,True,False,True,True
7922,cf_f,25,B,0.6666666666666666,1.0,3,2,0,True,True,True,True
7923,cf_f,25,C,0.25,0.625,4,1,0,False,True,True,True
7924,cf_f,26,A,1.0,0.875,2,2,0,False,True,True,True
7925,cf_f,26,B,1.0,0.875,3,3,0,False,True,True,True
7926,cf_f,26,C,1.0,0.875,2,2,0,False,True,True,True
7927,cf_f,27,A,1.0,0.875,3,3,0,False,True,True,True
7928,cf_f,27,B,1.0,0.875,3,3,0,False,True,True,True
7929,cf_f,27,C,1.0,0.75,3,3,0,False,False,True,True
7930,cf_f,28,A,0.5,0.75,4,2,0,True,False,True,True
7931,cf_f,28,B,0.5,0.75,4,2,0,True,False,True,True
7932,cf_f,28,C,0.5,0.75,4,2,0,True,False,True,True
7933,cf_f,29,A,1.0,0.75,3,3,0,False,False,True,True
7934,cf_f,29,B,1.0,0.75,3,3,0,False,False,True,True
7935,cf_f,29,C,1.0,0.75,3,3,0,False,False,True,True
7936,cf_f,30,A,1.0,0.875,3,3,0,True,False,True,True
7937,cf_f,30,B,1.0,0.75,3,3,0,False,False,True,True
7938,cf_f,30,C,1.0,0.875,3,3,0,True,False,True,True
7939,cf_f,1,A,1.0,1.0,4,4,0,True,True,True,True
7940,cf_f,1,B,1.0,1.0,4,4,0,True,True,True,True
7941,cf_f,1,C,1.0,1.0,4,4,0,True,True,True,True
7942,cf_f,2,A,0.6666666666666666,0.875,3,2,0,False,True,True,True
7943,cf_f,2,B,0.6666666666666666,0.875,3,2,0,False,True,True,True
7944,cf_f,2,C,0.6666666666666666,0.875,3,2,0,False,True,True,True
7945,cf_f,3,A,0.3333333333333333,0.7083333333333333,3,1,0,False,True,True,True
7946,cf_f,3,B,0.3333333333333333,0.7083333333333333,3,1,0,False,True,True,True
7947,cf_f,3,C,0.6666666666666666,0.875,3,2,0,False,True,True,True
7948,cf_f,4,A,0.4,0.575,5,2,0,False,True,True,True
7949,cf_f,4,B,0.0,0.0,4,0,0,False,False,False,False
7950,cf_f,4,C,0.3333333333333333,0.8333333333333333,6,2,0,True,True,True,True
7951,cf_f,5,A,0.3333333333333333,0.5416666666666666,3,1,0,False,True,True,True
7952,cf_f,5,B,0.0,0.4166666666666666,3,1,1,False,False,True,True
7953,cf_f,5,C,0.3333333333333333,1.0,3,1,0,True,True,True,True
7954,cf_f,6,A,0.3333333333333333,0.875,3,1,0,False,True,True,True
7955,cf_f,6,B,0.25,0.875,4,1,0,False,True,True,True
7956,cf_f,6,C,0.3333333333333333,0.875,3,1,0,False,True,True,True
7957,cf_f,7,A,1.0,1.0,2,2,0,True,True,True,True
7958,cf_f,7,B,0.6666666666666666,0.875,3,2,0,False,True,True,True
7959,cf_f,7,C,1.0,0.875,3,3,0,False,True,True,True
7960,cf_f,8,A,0.0,0.75,3,0,0,False,True,True,False
7961,cf_f,8,B,0.3333333333333333,0.7083333333333333,3,1,0,False,True,True,True
7962,cf_f,8,C,0.5,0.875,2,1,0,False,True,True,True
7963,cf_f,9,A,0.0,0.75,2,0,0,False,True,True,False
7964,cf_f,9,B,0.3333333333333333,0.875,3,1,0,False,True,True,True
7965,cf_f,9,C,0.3333333333333333,0.875,3,1,0,False,True,True,True
7966,cf_f,10,A,0.0,0.75,2,0,0,False,True,True,False
7967,cf_f,10,B,0.3333333333333333,1.0,3,1,0,True,True,True,True
7968,cf_f,10,C,0.0,0.875,3,0,0,True,True,True,False
7969,cf_f,11,A,0.5,0.875,2,1,0,False,True,True,True
7970,cf_f,11,B,0.3333333333333333,0.875,3,1,0,False,True,True,True
7971,cf_f,11,C,0.3333333333333333,0.875,3,1,0,False,True,True,True
7972,cf_f,12,A,0.3333333333333333,0.875,3,1,0,False,True,True,True
7973,cf_f,12,B,0.6666666666666666,0.875,3,2,0,False,True,True,True
7974,cf_f,12,C,0.6666666666666666,0.875,3,2,0,False,True,True,True
7975,cf_f,13,A,1.0,0.75,2,2,0,False,False,True,True
7976,cf_f,13,B,1.0,0.75,2,2,0,False,False,True,True
7977,cf_f,13,C,1.0,0.75,2,2,0,False,False,True,True
7978,cf_f,14,A,0.5,0.875,2,1,0,False,True,True,True
7979,cf_f,14,B,0.3333333333333333,0.875,3,1,0,False,True,True,True
7980,cf_f,14,C,0.0,0.75,2,0,0,False,True,True,False
7981,cf_f,15,A,0.5,0.625,2,1,0,False,True,True,True
7982,cf_f,15,B,0.5,0.5,2,1,0,False,False,True,True
7983,cf_f,15,C,0.5,0.625,2,1,0,False,True,True,True
7984,cf_f,16,A,0.5,0.875,2,1,0,False,True,True,True
7985,cf_f,16,B,0.5,0.875,2,1,0,False,True,True,True
7986,cf_f,16,C,0.5,0.875,2,1,0,False,True,True,True
7987,cf_f,17,A,0.0,0.0,2,0,0,False,False,False,False
7988,cf_f,17,B,0.5,0.625,2,1,0,False,True,True,True
7989,cf_f,17,C,0.0,0.0,2,0,0,False,False,False,False
7990,cf_f,18,A,0.0,0.0,2,0,0,False,False,False,False
7991,cf_f,18,B,0.3333333333333333,0.4166666666666666,3,1,0,False,False,True,True
7992,cf_f,18,C,0.0,0.0,2,0,0,False,False,False,False
7993,cf_f,19,A,0.0,0.7083333333333333,3,1,1,False,True,True,True
7994,cf_f,19,B,0.0,0.7083333333333333,3,1,1,False,True,True,True
7995,cf_f,19,C,0.0,0.2916666666666666,3,0,1,False,True,False,False
7996,cf_f,20,A,0.3333333333333333,0.875,3,1,0,False,True,True,True
7997,cf_f,20,B,0.5,0.875,2,1,0,False,True,True,True
7998,cf_f,20,C,0.3333333333333333,0.875,3,1,0,False,True,True,True
7999,cf_f,21,A,0.6666666666666666,0.875,3,2,0,False,True,True,True
8000,cf_f,21,B,0.3333333333333333,0.4166666666666666,3,1,0,False,False,True,True
8001,cf_f,21,C,0.6666666666666666,0.875,3,2,0,False,True,True,True
8002,cf_f,22,A,0.3333333333333333,0.5416666666666666,3,1,0,False,True,True,True
8003,cf_f,22,B,0.3333333333333333,0.5416666666666666,3,1,0,True,False,True,True
8004,cf_f,22,C,0.3333333333333333,0.6666666666666666,3,1,0,True,True,True,True
8005,cf_f,23,A,0.3333333333333333,0.5833333333333333,3,1,0,False,False,True,True
8006,cf_f,23,B,0.0,0.2916666666666666,3,0,0,False,False,True,False
8007,cf_f,23,C,0.3333333333333333,0.4166666666666666,3,1,0,False,False,True,True
8008,cf_f,24,A,0.6666666666666666,0.875,3,2,0,False,True,True,True
8009,cf_f,24,B,0.3333333333333333,0.7083333333333333,3,1,0,False,True,True,True
8010,cf_f,24,C,0.0,0.75,4,1,1,False,True,True,True
8011,cf_f,25,A,0.3333333333333333,0.7083333333333333,3,1,0,True,False,True,True
8012,cf_f,25,B,0.6666666666666666,1.0,3,2,0,True,True,True,True
8013,cf_f,25,C,0.25,0.625,4,1,0,False,True,True,True
8014,cf_f,26,A,1.0,0.875,2,2,0,False,True,True,True
8015,cf_f,26,B,1.0,0.875,3,3,0,False,True,True,True
8016,cf_f,26,C,1.0,0.875,2,2,0,False,True,True,True
8017,cf_f,27,A,1.0,0.875,3,3,0,False,True,True,True
8018,cf_f,27,B,1.0,0.875,3,3,0,False,True,True,True
8019,cf_f,27,C,1.0,0.75,3,3,0,False,False,True,True
8020,cf_f,28,A,0.5,0.75,4,2,0,True,False,True,True
8021,cf_f,28,B,0.5,0.75,4,2,0,True,False,True,True
8022,cf_f,28,C,0.5,0.75,4,2,0,True,False,True,True
8023,cf_f,29,A,1.0,0.75,3,3,0,False,False,True,True
8024,cf_f,29,B,1.0,0.75,3,3,0,False,False,True,True
8025,cf_f,29,C,1.0,0.75,3,3,0,False,False,True,True
8026,cf_f,30,A,1.0,0.875,3,3,0,True,False,True,True
8027,cf_f,30,B,1.0,0.75,3,3,0,False,False,True,True
8028,cf_f,30,C,1.0,0.875,3,3,0,True,False,True,True
8029,cf_f,1,A,1.0,1.0,4,4,0,True,True,True,True
8030,cf_f,1,B,1.0,1.0,4,4,0,True,True,True,True
8031,cf_f,1,C,1.0,1.0,4,4,0,True,True,True,True
8032,cf_f,2,A,0.6666666666666666,0.875,3,2,0,False,True,True,True
8033,cf_f,2,B,0.6666666666666666,0.875,3,2,0,False,True,True,True
8034,cf_f,2,C,0.6666666666666666,0.875,3,2,0,False,True,True,True
8035,cf_f,3,A,0.3333333333333333,0.7083333333333333,3,1,0,False,True,True,True
8036,cf_f,3,B,0.3333333333333333,0.7083333333333333,3,1,0,False,True,True,True
8037,cf_f,3,C,0.6666666666666666,0.875,3,2,0,False,True,True,True
8038,cf_f,4,A,0.4,0.575,5,2,0,False,True,True,True
8039,cf_f,4,B,0.0,0.0,4,0,0,False,False,False,False
8040,cf_f,4,C,0.3333333333333333,0.8333333333333333,6,2,0,True,True,True,True
8041,cf_f,5,A,0.3333333333333333,0.5416666666666666,3,1,0,False,True,True,True
8042,cf_f,5,B,0.0,0.4166666666666666,3,1,1,False,False,True,True
8043,cf_f,5,C,0.3333333333333333,1.0,3,1,0,True,True,True,True
8044,cf_f,6,A,0.3333333333333333,0.875,3,1,0,False,True,True,True
8045,cf_f,6,B,0.25,0.875,4,1,0,False,True,True,True
8046,cf_f,6,C,0.3333333333333333,0.875,3,1,0,False,True,True,True
8047,cf_f,7,A,1.0,1.0,2,2,0,True,True,True,True
8048,cf_f,7,B,0.6666666666666666,0.875,3,2,0,False,True,True,True
8049,cf_f,7,C,1.0,0.875,3,3,0,False,True,True,True
8050,cf_f,8,A,0.0,0.75,3,0,0,False,True,True,False
8051,cf_f,8,B,0.3333333333333333,0.7083333333333333,3,1,0,False,True,True,True
8052,cf_f,8,C,0.5,0.875,2,1,0,False,True,True,True
8053,cf_f,9,A,0.0,0.75,2,0,0,False,True,True,False
8054,cf_f,9,B,0.3333333333333333,0.875,3,1,0,False,True,True,True
8055,cf_f,9,C,0.3333333333333333,0.875,3,1,0,False,True,True,True
8056,cf_f,10,A,0.0,0.75,2,0,0,False,True,True,False
8057,cf_f,10,B,0.3333333333333333,1.0,3,1,0,True,True,True,True
8058,cf_f,10,C,0.0,0.875,3,0,0,True,True,True,False
8059,cf_f,11,A,0.5,0.875,2,1,0,False,True,True,True
8060,cf_f,11,B,0.3333333333333333,0.875,3,1,0,False,True,True,True
8061,cf_f,11,C,0.3333333333333333,0.875,3,1,0,False,True,True,True
8062,cf_f,12,A,0.3333333333333333,0.875,3,1,0,False,True,True,True
8063,cf_f,12,B,0.6666666666666666,0.875,3,2,0,False,True,True,True
8064,cf_f,12,C,0.6666666666666666,0.875,3,2,0,False,True,True,True
8065,cf_f,13,A,1.0,0.75,2,2,0,False,False,True,True
8066,cf_f,13,B,1.0,0.75,2,2,0,False,False,True,True
8067,cf_f,13,C,1.0,0.75,2,2,0,False,False,True,True
8068,cf_f,14,A,0.5,0.875,2,1,0,False,True,True,True
8069,cf_f,14,B,0.3333333333333333,0.875,3,1,0,False,True,True,True
8070,cf_f,14,C,0.0,0.75,2,0,0,False,True,True,False
8071,cf_f,15,A,0.5,0.625,2,1,0,False,True,True,True
8072,cf_f,15,B,0.5,0.5,2,1,0,False,False,True,True
8073,cf_f,15,C,0.5,0.625,2,1,0,False,True,True,True
8074,cf_f,16,A,0.5,0.875,2,1,0,False,True,True,True
8075,cf_f,16,B,0.5,0.875,2,1,0,False,True,True,True
8076,cf_f,16,C,0.5,0.875,2,1,0,False,True,True,True
8077,cf_f,17,A,0.0,0.0,2,0,0,False,False,False,False
8078,cf_f,17,B,0.5,0.625,2,1,0,False,True,True,True
8079,cf_f,17,C,0.0,0.0,2,0,0,False,False,False,False
8080,cf_f,18,A,0.0,0.0,2,0,0,False,False,False,False
8081,cf_f,18,B,0.3333333333333333,0.4166666666666666,3,1,0,False,False,True,True
8082,cf_f,18,C,0.0,0.0,2,0,0,False,False,False,False
8083,cf_f,19,A,0.0,0.7083333333333333,3,1,1,False,True,True,True
8084,cf_f,19,B,0.0,0.7083333333333333,3,1,1,False,True,True,True
8085,cf_f,19,C,0.0,0.2916666666666666,3,0,1,False,True,False,False
8086,cf_f,20,A,0.3333333333333333,0.875,3,1,0,False,True,True,True
8087,cf_f,20,B,0.5,0.875,2,1,0,False,True,True,True
8088,cf_f,20,C,0.3333333333333333,0.875,3,1,0,False,True,True,True
8089,cf_f,21,A,0.6666666666666666,0.875,3,2,0,False,True,True,True
8090,cf_f,21,B,0.3333333333333333,0.4166666666666666,3,1,0,False,False,True,True
8091,cf_f,21,C,0.6666666666666666,0.875,3,2,0,False,True,True,True
8092,cf_f,22,A,0.3333333333333333,0.5416666666666666,3,1,0,False,True,True,True
8093,cf_f,22,B,0.3333333333333333,0.5416666666666666,3,1,0,True,False,True,True
8094,cf_f,22,C,0.3333333333333333,0.6666666666666666,3,1,0,True,True,True,True
8095,cf_f,23,A,0.3333333333333333,0.5833333333333333,3,1,0,False,False,True,True
8096,cf_f,23,B,0.0,0.2916666666666666,3,0,0,False,False,True,False
8097,cf_f,23,C,0.3333333333333333,0.4166666666666666,3,1,0,False,False,True,True
8098,cf_f,24,A,0.6666666666666666,0.875,3,2,0,False,True,True,True
8099,cf_f,24,B,0.3333333333333333,0.7083333333333333,3,1,0,False,True,True,True
8100,cf_f,24,C,0.0,0.75,4,1,1,False,True,True,True
8101,cf_f,25,A,0.3333333333333333,0.7083333333333333,3,1,0,True,False,True,True
8102,cf_f,25,B,0.6666666666666666,1.0,3,2,0,True,True,True,True
8103,cf_f,25,C,0.25,0.625,4,1,0,False,True,True,True
8104,cf_f,26,A,1.0,0.875,2,2,0,False,True,True,True
8105,cf_f,26,B,1.0,0.875,3,3,0,False,True,True,True
8106,cf_f,26,C,1.0,0.875,2,2,0,False,True,True,True
8107,cf_f,27,A,1.0,0.875,3,3,0,False,True,True,True
8108,cf_f,27,B,1.0,0.875,3,3,0,False,True,True,True
8109,cf_f,27,C,1.0,0.75,3,3,0,False,False,True,True
8110,cf_f,28,A,0.5,0.75,4,2,0,True,False,True,True
8111,cf_f,28,B,0.5,0.75,4,2,0,True,False,True,True
8112,cf_f,28,C,0.5,0.75,4,2,0,True,False,True,True
8113,cf_f,29,A,1.0,0.75,3,3,0,False,False,True,True
8114,cf_f,29,B,1.0,0.75,3,3,0,False,False,True,True
8115,cf_f,29,C,1.0,0.75,3,3,0,False,False,True,True
8116,cf_f,30,A,1.0,0.875,3,3,0,True,False,True,True
8117,cf_f,30,B,1.0,0.75,3,3,0,False,False,True,True
8118,cf_f,30,C,1.0,0.875,3,3,0,True,False,True,True
8119,cf_f,1,A,1.0,1.0,4,4,0,True,True,True,True
8120,cf_f,1,B,1.0,1.0,4,4,0,True,True,True,True
8121,cf_f,1,C,1.0,1.0,4,4,0,True,True,True,True
8122,cf_f,2,A,0.6666666666666666,0.875,3,2,0,False,True,True,True
8123,cf_f,2,B,0.6666666666666666,0.875,3,2,0,False,True,True,True
8124,cf_f,2,C,0.6666666666666666,0.875,3,2,0,False,True,True,True
8125,cf_f,3,A,0.3333333333333333,0.7083333333333333,3,1,0,False,True,True,True
8126,cf_f,3,B,0.3333333333333333,0.7083333333333333,3,1,0,False,True,True,True
8127,cf_f,3,C,0.6666666666666666,0.875,3,2,0,False,True,True,True
8128,cf_f,4,A,0.4,0.575,5,2,0,False,True,True,True
8129,cf_f,4,B,0.0,0.0,4,0,0,False,False,False,False
8130,cf_f,4,C,0.3333333333333333,0.8333333333333333,6,2,0,True,True,True,True
8131,cf_f,5,A,0.3333333333333333,0.5416666666666666,3,1,0,False,True,True,True
8132,cf_f,5,B,0.0,0.4166666666666666,3,1,1,False,False,True,True
8133,cf_f,5,C,0.3333333333333333,1.0,3,1,0,True,True,True,True
8134,cf_f,6,A,0.3333333333333333,0.875,3,1,0,False,True,True,True
8135,cf_f,6,B,0.25,0.875,4,1,0,False,True,True,True
8136,cf_f,6,C,0.3333333333333333,0.875,3,1,0,False,True,True,True
8137,cf_f,7,A,1.0,1.0,2,2,0,True,True,True,True
8138,cf_f,7,B,0.6666666666666666,0.875,3,2,0,False,True,True,True
8139,cf_f,7,C,1.0,0.875,3,3,0,False,True,True,True
8140,cf_f,8,A,0.0,0.75,3,0,0,False,True,True,False
8141,cf_f,8,B,0.3333333333333333,0.7083333333333333,3,1,0,False,True,True,True
8142,cf_f,8,C,0.5,0.875,2,1,0,False,True,True,True
8143,cf_f,9,A,0.0,0.75,2,0,0,False,True,True,False
8144,cf_f,9,B,0.3333333333333333,0.875,3,1,0,False,True,True,True
8145,cf_f,9,C,0.3333333333333333,0.875,3,1,0,False,True,True,True
8146,cf_f,10,A,0.0,0.75,2,0,0,False,True,True,False
8147,cf_f,10,B,0.3333333333333333,1.0,3,1,0,True,True,True,True
8148,cf_f,10,C,0.0,0.875,3,0,0,True,True,True,False
8149,cf_f,11,A,0.5,0.875,2,1,0,False,True,True,True
8150,cf_f,11,B,0.3333333333333333,0.875,3,1,0,False,True,True,True
8151,cf_f,11,C,0.3333333333333333,0.875,3,1,0,False,True,True,True
8152,cf_f,12,A,0.3333333333333333,0.875,3,1,0,False,True,True,True
8153,cf_f,12,B,0.6666666666666666,0.875,3,2,0,False,True,True,True
8154,cf_f,12,C,0.6666666666666666,0.875,3,2,0,False,True,True,True
8155,cf_f,13,A,1.0,0.75,2,2,0,False,False,True,True
8156,cf_f,13,B,1.0,0.75,2,2,0,False,False,True,True
8157,cf_f,13,C,1.0,0.75,2,2,0,False,False,True,True
8158,cf_f,14,A,0.5,0.875,2,1,0,False,True,True,True
8159,cf_f,14,B,0.3333333333333333,0.875,3,1,0,False,True,True,True
8160,cf_f,14,C,0.0,0.75,2,0,0,False,True,True,False
8161,cf_f,15,A,0.5,0.625,2,1,0,False,True,True,True
8162,cf_f,15,B,0.5,0.5,2,1,0,False,False,True,True
8163,cf_f,15,C,0.5,0.625,2,1,0,False,True,True,True
8164,cf_f,16,A,0.5,0.875,2,1,0,False,True,True,True
8165,cf_f,16,B,0.5,0.875,2,1,0,False,True,True,True
8166,cf_f,16,C,0.5,0.875,2,1,0,False,True,True,True
8167,cf_f,17,A,0.0,0.0,2,0,0,False,False,False,False
8168,cf_f,17,B,0.5,0.625,2,1,0,False,True,True,True
8169,cf_f,17,C,0.0,0.0,2,0,0,False,False,False,False
8170,cf_f,18,A,0.0,0.0,2,0,0,False,False,False,False
8171,cf_f,18,B,0.3333333333333333,0.4166666666666666,3,1,0,False,False,True,True
8172,cf_f,18,C,0.0,0.0,2,0,0,False,False,False,False
8173,cf_f,19,A,0.0,0.7083333333333333,3,1,1,False,True,True,True
8174,cf_f,19,B,0.0,0.7083333333333333,3,1,1,False,True,True,True
8175,cf_f,19,C,0.0,0.2916666666666666,3,0,1,False,True,False,False
8176,cf_f,20,A,0.3333333333333333,0.875,3,1,0,False,True,True,True
8177,cf_f,20,B,0.5,0.875,2,1,0,False,True,True,True
8178,cf_f,20,C,0.3333333333333333,0.875,3,1,0,False,True,True,True
8179,cf_f,21,A,0.6666666666666666,0.875,3,2,0,False,True,True,True
8180,cf_f,21,B,0.3333333333333333,0.4166666666666666,3,1,0,False,False,True,True
8181,cf_f,21,C,0.6666666666666666,0.875,3,2,0,False,True,True,True
8182,cf_f,22,A,0.3333333333333333,0.5416666666666666,3,1,0,False,True,True,True
8183,cf_f,22,B,0.3333333333333333,0.5416666666666666,3,1,0,True,False,True,True
8184,cf_f,22,C,0.3333333333333333,0.6666666666666666,3,1,0,True,True,True,True
8185,cf_f,23,A,0.3333333333333333,0.5833333333333333,3,1,0,False,False,True,True
8186,cf_f,23,B,0.0,0.2916666666666666,3,0,0,False,False,True,False
8187,cf_f,23,C,0.3333333333333333,0.4166666666666666,3,1,0,False,False,True,True
8188,cf_f,24,A,0.6666666666666666,0.875,3,2,0,False,True,True,True
8189,cf_f,24,B,0.3333333333333333,0.7083333333333333,3,1,0,False,True,True,True
8190,cf_f,24,C,0.0,0.75,4,1,1,False,True,True,True
8191,cf_f,25,A,0.3333333333333333,0.7083333333333333,3,1,0,True,False,True,True
8192,cf_f,25,B,0.6666666666666666,1.0,3,2,0,True,True,True,True
8193,cf_f,25,C,0.25,0.625,4,1,0,False,True,True,True
8194,cf_f,26,A,1.0,0.875,2,2,0,False,True,True,True
8195,cf_f,26,B,1.0,0.875,3,3,0,False,True,True,True
8196,cf_f,26,C,1.0,0.875,2,2,0,False,True,True,True
8197,cf_f,27,A,1.0,0.875,3,3,0,False,True,True,True
8198,cf_f,27,B,1.0,0.875,3,3,0,False,True,True,True
8199,cf_f,27,C,1.0,0.75,3,3,0,False,False,True,True
8200,cf_f,28,A,0.5,0.75,4,2,0,True,False,True,True
8201,cf_f,28,B,0.5,0.75,4,2,0,True,False,True,True
8202,cf_f,28,C,0.5,0.75,4,2,0,True,False,True,True
8203,cf_f,29,A,1.0,0.75,3,3,0,False,False,True,True
8204,cf_f,29,B,1.0,0.75,3,3,0,False,False,True,True
8205,cf_f,29,C,1.0,0.75,3,3,0,False,False,True,True
8206,cf_f,30,A,1.0,0.875,3,3,0,True,False,True,True
8207,cf_f,30,B,1.0,0.75,3,3,0,False,False,True,True
8208,cf_f,30,C,1.0,0.875,3,3,0,True,False,True,True
8209,cf_f,1,A,1.0,1.0,4,4,0,True,True,True,True
8210,cf_f,1,B,1.0,1.0,4,4,0,True,True,True,True
8211,cf_f,1,C,1.0,1.0,4,4,0,True,True,True,True
8212,cf_f,2,A,0.6666666666666666,0.875,3,2,0,False,True,True,True
8213,cf_f,2,B,0.6666666666666666,0.875,3,2,0,False,True,True,True
8214,cf_f,2,C,0.6666666666666666,0.875,3,2,0,False,True,True,True
8215,cf_f,3,A,0.3333333333333333,0.7083333333333333,3,1,0,False,True,True,True
8216,cf_f,3,B,0.3333333333333333,0.7083333333333333,3,1,0,False,True,True,True
8217,cf_f,3,C,0.6666666666666666,0.875,3,2,0,False,True,True,True
8218,cf_f,4,A,0.4,0.575,5,2,0,False,True,True,True
8219,cf_f,4,B,0.0,0.0,4,0,0,False,False,False,False
8220,cf_f,4,C,0.3333333333333333,0.8333333333333333,6,2,0,True,True,True,True
8221,cf_f,5,A,0.3333333333333333,0.5416666666666666,3,1,0,False,True,True,True
8222,cf_f,5,B,0.0,0.4166666666666666,3,1,1,False,False,True,True
8223,cf_f,5,C,0.3333333333333333,1.0,3,1,0,True,True,True,True
8224,cf_f,6,A,0.3333333333333333,0.875,3,1,0,False,True,True,True
8225,cf_f,6,B,0.25,0.875,4,1,0,False,True,True,True
8226,cf_f,6,C,0.3333333333333333,0.875,3,1,0,False,True,True,True
8227,cf_f,7,A,1.0,1.0,2,2,0,True,True,True,True
8228,cf_f,7,B,0.6666666666666666,0.875,3,2,0,False,True,True,True
8229,cf_f,7,C,1.0,0.875,3,3,0,False,True,True,True
8230,cf_f,8,A,0.0,0.75,3,0,0,False,True,True,False
8231,cf_f,8,B,0.3333333333333333,0.7083333333333333,3,1,0,False,True,True,True
8232,cf_f,8,C,0.5,0.875,2,1,0,False,True,True,True
8233,cf_f,9,A,0.0,0.75,2,0,0,False,True,True,False
8234,cf_f,9,B,0.3333333333333333,0.875,3,1,0,False,True,True,True
8235,cf_f,9,C,0.3333333333333333,0.875,3,1,0,False,True,True,True
8236,cf_f,10,A,0.0,0.75,2,0,0,False,True,True,False
8237,cf_f,10,B,0.3333333333333333,1.0,3,1,0,True,True,True,True
8238,cf_f,10,C,0.0,0.875,3,0,0,True,True,True,False
8239,cf_f,11,A,0.5,0.875,2,1,0,False,True,True,True
8240,cf_f,11,B,0.3333333333333333,0.875,3,1,0,False,True,True,True
8241,cf_f,11,C,0.3333333333333333,0.875,3,1,0,False,True,True,True
8242,cf_f,12,A,0.3333333333333333,0.875,3,1,0,False,True,True,True
8243,cf_f,12,B,0.6666666666666666,0.875,3,2,0,False,True,True,True
8244,cf_f,12,C,0.6666666666666666,0.875,3,2,0,False,True,True,True
8245,cf_f,13,A,1.0,0.75,2,2,0,False,False,True,True
8246,cf_f,13,B,1.0,0.75,2,2,0,False,False,True,True
8247,cf_f,13,C,1.0,0.75,2,2,0,False,False,True,True
8248,cf_f,14,A,0.5,0.875,2,1,0,False,True,True,True
8249,cf_f,14,B,0.3333333333333333,0.875,3,1,0,False,True,True,True
8250,cf_f,14,C,0.0,0.75,2,0,0,False,True,True,False
8251,cf_f,15,A,0.5,0.625,2,1,0,False,True,True,True
8252,cf_f,15,B,0.5,0.5,2,1,0,False,False,True,True
8253,cf_f,15,C,0.5,0.625,2,1,0,False,True,True,True
8254,cf_f,16,A,0.5,0.875,2,1,0,False,True,True,True
8255,cf_f,16,B,0.5,0.875,2,1,0,False,True,True,True
8256,cf_f,16,C,0.5,0.875,2,1,0,False,True,True,True
8257,cf_f,17,A,0.0,0.0,2,0,0,False,False,False,False
8258,cf_f,17,B,0.5,0.625,2,1,0,False,True,True,True
8259,cf_f,17,C,0.0,0.0,2,0,0,False,False,False,False
8260,cf_f,18,A,0.0,0.0,2,0,0,False,False,False,False
8261,cf_f,18,B,0.3333333333333333,0.4166666666666666,3,1,0,False,False,True,True
8262,cf_f,18,C,0.0,0.0,2,0,0,False,False,False,False
8263,cf_f,19,A,0.0,0.7083333333333333,3,1,1,False,True,True,True
8264,cf_f,19,B,0.0,0.7083333333333333,3,1,1,False,True,True,True
8265,cf_f,19,C,0.0,0.2916666666666666,3,0,1,False,True,False,False
8266,cf_f,20,A,0.3333333333333333,0.875,3,1,0,False,True,True,True
8267,cf_f,20,B,0.5,0.875,2,1,0,False,True,True,True
8268,cf_f,20,C,0.3333333333333333,0.875,3,1,0,False,True,True,True
8269,cf_f,21,A,0.6666666666666666,0.875,3,2,0,False,True,True,True
8270,cf_f,21,B,0.3333333333333333,0.4166666666666666,3,1,0,False,False,True,True
8271,cf_f,21,C,0.6666666666666666,0.875,3,2,0,False,True,True,True
8272,cf_f,22,A,0.3333333333333333,0.5416666666666666,3,1,0,False,True,True,True
8273,cf_f,22,B,0.3333333333333333,0.5416666666666666,3,1,0,True,False,True,True
8274,cf_f,22,C,0.3333333333333333,0.6666666666666666,3,1,0,True,True,True,True
8275,cf_f,23,A,0.3333333333333333,0.5833333333333333,3,1,0,False,False,True,True
8276,cf_f,23,B,0.0,0.2916666666666666,3,0,0,False,False,True,False
8277,cf_f,23,C,0.3333333333333333,0.4166666666666666,3,1,0,False,False,True,True
8278,cf_f,24,A,0.6666666666666666,0.875,3,2,0,False,True,True,True
8279,cf_f,24,B,0.3333333333333333,0.7083333333333333,3,1,0,False,True,True,True
8280,cf_f,24,C,0.0,0.75,4,1,1,False,True,True,True
8281,cf_f,25,A,0.3333333333333333,0.7083333333333333,3,1,0,True,False,True,True
8282,cf_f,25,B,0.6666666666666666,1.0,3,2,0,True,True,True,True
8283,cf_f,25,C,0.25,0.625,4,1,0,False,True,True,True
8284,cf_f,26,A,1.0,0.875,2,2,0,False,True,True,True
8285,cf_f,26,B,1.0,0.875,3,3,0,False,True,True,True
8286,cf_f,26,C,1.0,0.875,2,2,0,False,True,True,True
8287,cf_f,27,A,1.0,0.875,3,3,0,False,True,True,True
8288,cf_f,27,B,1.0,0.875,3,3,0,False,True,True,True
8289,cf_f,27,C,1.0,0.75,3,3,0,False,False,True,True
8290,cf_f,28,A,0.5,0.75,4,2,0,True,False,True,True
8291,cf_f,28,B,0.5,0.75,4,2,0,True,False,True,True
8292,cf_f,28,C,0.5,0.75,4,2,0,True,False,True,True
8293,cf_f,29,A,1.0,0.75,3,3,0,False,False,True,True
8294,cf_f,29,B,1.0,0.75,3,3,0,False,False,True,True
8295,cf_f,29,C,1.0,0.75,3,3,0,False,False,True,True
8296,cf_f,30,A,1.0,0.875,3,3,0,True,False,True,True
8297,cf_f,30,B,1.0,0.75,3,3,0,False,False,True,True
8298,cf_f,30,C,1.0,0.875,3,3,0,True,False,True,True
8299,cf_f,1,A,1.0,1.0,4,4,0,True,True,True,True
8300,cf_f,1,B,1.0,1.0,4,4,0,True,True,True,True
8301,cf_f,1,C,1.0,1.0,4,4,0,True,True,True,True
8302,cf_f,2,A,0.6666666666666666,0.875,3,2,0,False,True,True,True
8303,cf_f,2,B,0.6666666666666666,0.875,3,2,0,False,True,True,True
8304,cf_f,2,C,0.6666666666666666,0.875,3,2,0,False,True,True,True
8305,cf_f,3,A,0.3333333333333333,0.7083333333333333,3,1,0,False,True,True,True
8306,cf_f,3,B,0.3333333333333333,0.7083333333333333,3,1,0,False,True,True,True
8307,cf_f,3,C,0.6666666666666666,0.875,3,2,0,False,True,True,True
8308,cf_f,4,A,0.4,0.575,5,2,0,False,True,True,True
8309,cf_f,4,B,0.0,0.0,4,0,0,False,False,False,False
8310,cf_f,4,C,0.3333333333333333,0.8333333333333333,6,2,0,True,True,True,True
8311,cf_f,5,A,0.3333333333333333,0.5416666666666666,3,1,0,False,True,True,True
8312,cf_f,5,B,0.0,0.4166666666666666,3,1,1,False,False,True,True
8313,cf_f,5,C,0.3333333333333333,1.0,3,1,0,True,True,True,True
8314,cf_f,6,A,0.3333333333333333,0.875,3,1,0,False,True,True,True
8315,cf_f,6,B,0.25,0.875,4,1,0,False,True,True,True
8316,cf_f,6,C,0.3333333333333333,0.875,3,1,0,False,True,True,True
8317,cf_f,7,A,1.0,1.0,2,2,0,True,True,True,True
8318,cf_f,7,B,0.6666666666666666,0.875,3,2,0,False,True,True,True
8319,cf_f,7,C,1.0,0.875,3,3,0,False,True,True,True
8320,cf_f,8,A,0.0,0.75,3,0,0,False,True,True,False
8321,cf_f,8,B,0.3333333333333333,0.7083333333333333,3,1,0,False,True,True,True
8322,cf_f,8,C,0.5,0.875,2,1,0,False,True,True,True
8323,cf_f,9,A,0.0,0.75,2,0,0,False,True,True,False
8324,cf_f,9,B,0.3333333333333333,0.875,3,1,0,False,True,True,True
8325,cf_f,9,C,0.3333333333333333,0.875,3,1,0,False,True,True,True
8326,cf_f,10,A,0.0,0.75,2,0,0,False,True,True,False
8327,cf_f,10,B,0.3333333333333333,1.0,3,1,0,True,True,True,True
8328,cf_f,10,C,0.0,0.875,3,0,0,True,True,True,False
8329,cf_f,11,A,0.5,0.875,2,1,0,False,True,True,True
8330,cf_f,11,B,0.3333333333333333,0.875,3,1,0,False,True,True,True
8331,cf_f,11,C,0.3333333333333333,0.875,3,1,0,False,True,True,True
8332,cf_f,12,A,0.3333333333333333,0.875,3,1,0,False,True,True,True
8333,cf_f,12,B,0.6666666666666666,0.875,3,2,0,False,True,True,True
8334,cf_f,12,C,0.6666666666666666,0.875,3,2,0,False,True,True,True
8335,cf_f,13,A,1.0,0.75,2,2,0,False,False,True,True
8336,cf_f,13,B,1.0,0.75,2,2,0,False,False,True,True
8337,cf_f,13,C,1.0,0.75,2,2,0,False,False,True,True
8338,cf_f,14,A,0.5,0.875,2,1,0,False,True,True,True
8339,cf_f,14,B,0.3333333333333333,0.875,3,1,0,False,True,True,True
8340,cf_f,14,C,0.0,0.75,2,0,0,False,True,True,False
8341,cf_f,15,A,0.5,0.625,2,1,0,False,True,True,True
8342,cf_f,15,B,0.5,0.5,2,1,0,False,False,True,True
8343,cf_f,15,C,0.5,0.625,2,1,0,False,True,True,True
8344,cf_f,16,A,0.5,0.875,2,1,0,False,True,True,True
8345,cf_f,16,B,0.5,0.875,2,1,0,False,True,True,True
8346,cf_f,16,C,0.5,0.875,2,1,0,False,True,True,True
8347,cf_f,17,A,0.0,0.0,2,0,0,False,False,False,False
8348,cf_f,17,B,0.5,0.625,2,1,0,False,True,True,True
8349,cf_f,17,C,0.0,0.0,2,0,0,False,False,False,False
8350,cf_f,18,A,0.0,0.0,2,0,0,False,False,False,False
8351,cf_f,18,B,0.3333333333333333,0.4166666666666666,3,1,0,False,False,True,True
8352,cf_f,18,C,0.0,0.0,2,0,0,False,False,False,False
8353,cf_f,19,A,0.0,0.7083333333333333,3,1,1,False,True,True,True
8354,cf_f,19,B,0.0,0.7083333333333333,3,1,1,False,True,True,True
8355,cf_f,19,C,0.0,0.2916666666666666,3,0,1,False,True,False,False
8356,cf_f,20,A,0.3333333333333333,0.875,3,1,0,False,True,True,True
8357,cf_f,20,B,0.5,0.875,2,1,0,False,True,True,True
8358,cf_f,20,C,0.3333333333333333,0.875,3,1,0,False,True,True,True
8359,cf_f,21,A,0.6666666666666666,0.875,3,2,0,False,True,True,True
8360,cf_f,21,B,0.3333333333333333,0.4166666666666666,3,1,0,False,False,True,True
8361,cf_f,21,C,0.6666666666666666,0.875,3,2,0,False,True,True,True
8362,cf_f,22,A,0.3333333333333333,0.5416666666666666,3,1,0,False,True,True,True
8363,cf_f,22,B,0.3333333333333333,0.5416666666666666,3,1,0,True,False,True,True
8364,cf_f,22,C,0.3333333333333333,0.6666666666666666,3,1,0,True,True,True,True
8365,cf_f,23,A,0.3333333333333333,0.5833333333333333,3,1,0,False,False,True,True
8366,cf_f,23,B,0.0,0.2916666666666666,3,0,0,False,False,True,False
8367,cf_f,23,C,0.3333333333333333,0.4166666666666666,3,1,0,False,False,True,True
8368,cf_f,24,A,0.6666666666666666,0.875,3,2,0,False,True,True,True
8369,cf_f,24,B,0.3333333333333333,0.7083333333333333,3,1,0,False,True,True,True
8370,cf_f,24,C,0.0,0.75,4,1,1,False,True,True,True
8371,cf_f,25,A,0.3333333333333333,0.7083333333333333,3,1,0,True,False,True,True
8372,cf_f,25,B,0.6666666666666666,1.0,3,2,0,True,True,True,True
8373,cf_f,25,C,0.25,0.625,4,1,0,False,True,True,True
8374,cf_f,26,A,1.0,0.875,2,2,0,False,True,True,True
8375,cf_f,26,B,1.0,0.875,3,3,0,False,True,True,True
8376,cf_f,26,C,1.0,0.875,2,2,0,False,True,True,True
8377,cf_f,27,A,1.0,0.875,3,3,0,False,True,True,True
8378,cf_f,27,B,1.0,0.875,3,3,0,False,True,True,True
8379,cf_f,27,C,1.0,0.75,3,3,0,False,False,True,True
8380,cf_f,28,A,0.5,0.75,4,2,0,True,False,True,True
8381,cf_f,28,B,0.5,0.75,4,2,0,True,False,True,True
8382,cf_f,28,C,0.5,0.75,4,2,0,True,False,True,True
8383,cf_f,29,A,1.0,0.75,3,3,0,False,False,True,True
8384,cf_f,29,B,1.0,0.75,3,3,0,False,False,True,True
8385,cf_f,29,C,1.0,0.75,3,3,0,False,False,True,True
8386,cf_f,30,A,1.0,0.875,3,3,0,True,False,True,True
8387,cf_f,30,B,1.0,0.75,3,3,0,False,False,True,True
8388,cf_f,30,C,1.0,0.875,3,3,0,True,False,True,True
8389,cf_f,1,A,1.0,1.0,4,4,0,True,True,True,True
8390,cf_f,1,B,1.0,1.0,4,4,0,True,True,True,True
8391,cf_f,1,C,1.0,1.0,4,4,0,True,True,True,True
8392,cf_f,2,A,0.6666666666666666,0.875,3,2,0,False,True,True,True
8393,cf_f,2,B,0.6666666666666666,0.875,3,2,0,False,True,True,True
8394,cf_f,2,C,0.6666666666666666,0.875,3,2,0,False,True,True,True
8395,cf_f,3,A,0.3333333333333333,0.7083333333333333,3,1,0,False,True,True,True
8396,cf_f,3,B,0.3333333333333333,0.7083333333333333,3,1,0,False,True,True,True
8397,cf_f,3,C,0.6666666666666666,0.875,3,2,0,False,True,True,True
8398,cf_f,4,A,0.4,0.575,5,2,0,False,True,True,True
8399,cf_f,4,B,0.0,0.0,4,0,0,False,False,False,False
8400,cf_f,4,C,0.3333333333333333,0.8333333333333333,6,2,0,True,True,True,True
8401,cf_f,5,A,0.3333333333333333,0.5416666666666666,3,1,0,False,True,True,True
8402,cf_f,5,B,0.0,0.4166666666666666,3,1,1,False,False,True,True
8403,cf_f,5,C,0.3333333333333333,1.0,3,1,0,True,True,True,True
8404,cf_f,6,A,0.3333333333333333,0.875,3,1,0,False,True,True,True
8405,cf_f,6,B,0.25,0.875,4,1,0,False,True,True,True
8406,cf_f,6,C,0.3333333333333333,0.875,3,1,0,False,True,True,True
8407,cf_f,7,A,1.0,1.0,2,2,0,True,True,True,True
8408,cf_f,7,B,0.6666666666666666,0.875,3,2,0,False,True,True,True
8409,cf_f,7,C,1.0,0.875,3,3,0,False,True,True,True
8410,cf_f,8,A,0.0,0.75,3,0,0,False,True,True,False
8411,cf_f,8,B,0.3333333333333333,0.7083333333333333,3,1,0,False,True,True,True
8412,cf_f,8,C,0.5,0.875,2,1,0,False,True,True,True
8413,cf_f,9,A,0.0,0.75,2,0,0,False,True,True,False
8414,cf_f,9,B,0.3333333333333333,0.875,3,1,0,False,True,True,True
8415,cf_f,9,C,0.3333333333333333,0.875,3,1,0,False,True,True,True
8416,cf_f,10,A,0.0,0.75,2,0,0,False,True,True,False
8417,cf_f,10,B,0.3333333333333333,1.0,3,1,0,True,True,True,True
8418,cf_f,10,C,0.0,0.875,3,0,0,True,True,True,False
8419,cf_f,11,A,0.5,0.875,2,1,0,False,True,True,True
8420,cf_f,11,B,0.3333333333333333,0.875,3,1,0,False,True,True,True
8421,cf_f,11,C,0.3333333333333333,0.875,3,1,0,False,True,True,True
8422,cf_f,12,A,0.3333333333333333,0.875,3,1,0,False,True,True,True
8423,cf_f,12,B,0.6666666666666666,0.875,3,2,0,False,True,True,True
8424,cf_f,12,C,0.6666666666666666,0.875,3,2,0,False,True,True,True
8425,cf_f,13,A,1.0,0.75,2,2,0,False,False,True,True
8426,cf_f,13,B,1.0,0.75,2,2,0,False,False,True,True
8427,cf_f,13,C,1.0,0.75,2,2,0,False,False,True,True
8428,cf_f,14,A,0.5,0.875,2,1,0,False,True,True,True
8429,cf_f,14,B,0.3333333333333333,0.875,3,1,0,False,True,True,True
8430,cf_f,14,C,0.0,0.75,2,0,0,False,True,True,False
8431,cf_f,15,A,0.5,0.625,2,1,0,False,True,True,True
8432,cf_f,15,B,0.5,0.5,2,1,0,False,False,True,True
8433,cf_f,15,C,0.5,0.625,2,1,0,False,True,True,True
8434,cf_f,16,A,0.5,0.875,2,1,0,False,True,True,True
8435,cf_f,16,B,0.5,0.875,2,1,0,False,True,True,True
8436,cf_f,16,C,0.5,0.875,2,1,0,False,True,True,True
8437,cf_f,17,A,0.0,0.0,2,0,0,False,False,False,False
8438,cf_f,17,B,0.5,0.625,2,1,0,False,True,True,True
8439,cf_f,17,C,0.0,0.0,2,0,0,False,False,False,False
8440,cf_f,18,A,0.0,0.0,2,0,0,False,False,False,False
8441,cf_f,18,B,0.3333333333333333,0.4166666666666666,3,1,0,False,False,True,True
8442,cf_f,18,C,0.0,0.0,2,0,0,False,False,False,False
8443,cf_f,19,A,0.0,0.7083333333333333,3,1,1,False,True,True,True
8444,cf_f,19,B,0.0,0.7083333333333333,3,1,1,False,True,True,True
8445,cf_f,19,C,0.0,0.2916666666666666,3,0,1,False,True,False,False
8446,cf_f,20,A,0.3333333333333333,0.875,3,1,0,False,True,True,True
8447,cf_f,20,B,0.5,0.875,2,1,0,False,True,True,True
8448,cf_f,20,C,0.3333333333333333,0.875,3,1,0,False,True,True,True
8449,cf_f,21,A,0.6666666666666666,0.875,3,2,0,False,True,True,True
8450,cf_f,21,B,0.3333333333333333,0.4166666666666666,3,1,0,False,False,True,True
8451,cf_f,21,C,0.6666666666666666,0.875,3,2,0,False,True,True,True
8452,cf_f,22,A,0.3333333333333333,0.5416666666666666,3,1,0,False,True,True,True
8453,cf_f,22,B,0.3333333333333333,0.5416666666666666,3,1,0,True,False,True,True
8454,cf_f,22,C,0.3333333333333333,0.6666666666666666,3,1,0,True,True,True,True
8455,cf_f,23,A,0.3333333333333333,0.5833333333333333,3,1,0,False,False,True,True
8456,cf_f,23,B,0.0,0.2916666666666666,3,0,0,False,False,True,False
8457,cf_f,23,C,0.3333333333333333,0.4166666666666666,3,1,0,False,False,True,True
8458,cf_f,24,A,0.6666666666666666,0.875,3,2,0,False,True,True,True
8459,cf_f,24,B,0.3333333333333333,0.7083333333333333,3,1,0,False,True,True,True
8460,cf_f,24,C,0.0,0.75,4,1,1,False,True,True,True
8461,cf_f,25,A,0.3333333333333333,0.7083333333333333,3,1,0,True,False,True,True
8462,cf_f,25,B,0.6666666666666666,1.0,3,2,0,True,True,True,True
8463,cf_f,25,C,0.25,0.625,4,1,0,False,True,True,True
8464,cf_f,26,A,1.0,0.875,2,2,0,False,True,True,True
8465,cf_f,26,B,1.0,0.875,3,3,0,False,True,True,True
8466,cf_f,26,C,1.0,0.875,2,2,0,False,True,True,True
8467,cf_f,27,A,1.0,0.875,3,3,0,False,True,True,True
8468,cf_f,27,B,1.0,0.875,3,3,0,False,True,True,True
8469,cf_f,27,C,1.0,0.75,3,3,0,False,False,True,True
8470,cf_f,28,A,0.5,0.75,4,2,0,True,False,True,True
8471,cf_f,28,B,0.5,0.75,4,2,0,True,False,True,True
8472,cf_f,28,C,0.5,0.75,4,2,0,True,False,True,True
8473,cf_f,29,A,1.0,0.75,3,3,0,False,False,True,True
8474,cf_f,29,B,1.0,0.75,3,3,0,False,False,True,True
8475,cf_f,29,C,1.0,0.75,3,3,0,False,False,True,True
8476,cf_f,30,A,1.0,0.875,3,3,0,True,False,True,True
8477,cf_f,30,B,1.0,0.75,3,3,0,False,False,True,True
8478,cf_f,30,C,1.0,0.875,3,3,0,True,False,True,True
8479,cf_f,1,A,1.0,1.0,4,4,0,True,True,True,True
8480,cf_f,1,B,1.0,1.0,4,4,0,True,True,True,True
8481,cf_f,1,C,1.0,1.0,4,4,0,True,True,True,True
8482,cf_f,2,A,0.6666666666666666,0.875,3,2,0,False,True,True,True
8483,cf_f,2,B,0.6666666666666666,0.875,3,2,0,False,True,True,True
8484,cf_f,2,C,0.6666666666666666,0.875,3,2,0,False,True,True,True
8485,cf_f,3,A,0.3333333333333333,0.7083333333333333,3,1,0,False,True,True,True
8486,cf_f,3,B,0.3333333333333333,0.7083333333333333,3,1,0,False,True,True,True
8487,cf_f,3,C,0.6666666666666666,0.875,3,2,0,False,True,True,True
8488,cf_f,4,A,0.4,0.575,5,2,0,False,True,True,True
8489,cf_f,4,B,0.0,0.0,4,0,0,False,False,False,False
8490,cf_f,4,C,0.3333333333333333,0.8333333333333333,6,2,0,True,True,True,True
8491,cf_f,5,A,0.3333333333333333,0.5416666666666666,3,1,0,False,True,True,True
8492,cf_f,5,B,0.0,0.4166666666666666,3,1,1,False,False,True,True
8493,cf_f,5,C,0.3333333333333333,1.0,3,1,0,True,True,True,True
8494,cf_f,6,A,0.3333333333333333,0.875,3,1,0,False,True,True,True
8495,cf_f,6,B,0.25,0.875,4,1,0,False,True,True,True
8496,cf_f,6,C,0.3333333333333333,0.875,3,1,0,False,True,True,True
8497,cf_f,7,A,1.0,1.0,2,2,0,True,True,True,True
8498,cf_f,7,B,0.6666666666666666,0.875,3,2,0,False,True,True,True
8499,cf_f,7,C,1.0,0.875,3,3,0,False,True,True,True
8500,cf_f,8,A,0.0,0.75,3,0,0,False,True,True,False
8501,cf_f,8,B,0.3333333333333333,0.7083333333333333,3,1,0,False,True,True,True
8502,cf_f,8,C,0.5,0.875,2,1,0,False,True,True,True
8503,cf_f,9,A,0.0,0.75,2,0,0,False,True,True,False
8504,cf_f,9,B,0.3333333333333333,0.875,3,1,0,False,True,True,True
8505,cf_f,9,C,0.3333333333333333,0.875,3,1,0,False,True,True,True
8506,cf_f,10,A,0.0,0.75,2,0,0,False,True,True,False
8507,cf_f,10,B,0.3333333333333333,1.0,3,1,0,True,True,True,True
8508,cf_f,10,C,0.0,0.875,3,0,0,True,True,True,False
8509,cf_f,11,A,0.5,0.875,2,1,0,False,True,True,True
8510,cf_f,11,B,0.3333333333333333,0.875,3,1,0,False,True,True,True
8511,cf_f,11,C,0.3333333333333333,0.875,3,1,0,False,True,True,True
8512,cf_f,12,A,0.3333333333333333,0.875,3,1,0,False,True,True,True
8513,cf_f,12,B,0.6666666666666666,0.875,3,2,0,False,True,True,True
8514,cf_f,12,C,0.6666666666666666,0.875,3,2,0,False,True,True,True
8515,cf_f,13,A,1.0,0.75,2,2,0,False,False,True,True
8516,cf_f,13,B,1.0,0.75,2,2,0,False,False,True,True
8517,cf_f,13,C,1.0,0.75,2,2,0,False,False,True,True
8518,cf_f,14,A,0.5,0.875,2,1,0,False,True,True,True
8519,cf_f,14,B,0.3333333333333333,0.875,3,1,0,False,True,True,True
8520,cf_f,14,C,0.0,0.75,2,0,0,False,True,True,False
8521,cf_f,15,A,0.5,0.625,2,1,0,False,True,True,True
8522,cf_f,15,B,0.5,0.5,2,1,0,False,False,True,True
8523,cf_f,15,C,0.5,0.625,2,1,0,False,True,True,True
8524,cf_f,16,A,0.5,0.875,2,1,0,False,True,True,True
8525,cf_f,16,B,0.5,0.875,2,1,0,False,True,True,True
8526,cf_f,16,C,0.5,0.875,2,1,0,False,True,True,True
8527,cf_f,17,A,0.0,0.0,2,0,0,False,False,False,False
8528,cf_f,17,B,0.5,0.625,2,1,0,False,True,True,True
8529,cf_f,17,C,0.0,0.0,2,0,0,False,False,False,False
8530,cf_f,18,A,0.0,0.0,2,0,0,False,False,False,False
8531,cf_f,18,B,0.3333333333333333,0.4166666666666666,3,1,0,False,False,True,True
8532,cf_f,18,C,0.0,0.0,2,0,0,False,False,False,False
8533,cf_f,19,A,0.0,0.7083333333333333,3,1,1,False,True,True,True
8534,cf_f,19,B,0.0,0.7083333333333333,3,1,1,False,True,True,True
8535,cf_f,19,C,0.0,0.2916666666666666,3,0,1,False,True,False,False
8536,cf_f,20,A,0.3333333333333333,0.875,3,1,0,False,True,True,True
8537,cf_f,20,B,0.5,0.875,2,1,0,False,True,True,True
8538,cf_f,20,C,0.3333333333333333,0.875,3,1,0,False,True,True,True
8539,cf_f,21,A,0.6666666666666666,0.875,3,2,0,False,True,True,True
8540,cf_f,21,B,0.3333333333333333,0.4166666666666666,3,1,0,False,False,True,True
8541,cf_f,21,C,0.6666666666666666,0.875,3,2,0,False,True,True,True
8542,cf_f,22,A,0.3333333333333333,0.5416666666666666,3,1,0,False,True,True,True
8543,cf_f,22,B,0.3333333333333333,0.5416666666666666,3,1,0,True,False,True,True
8544,cf_f,22,C,0.3333333333333333,0.6666666666666666,3,1,0,True,True,True,True
8545,cf_f,23,A,0.3333333333333333,0.5833333333333333,3,1,0,False,False,True,True
8546,cf_f,23,B,0.0,0.2916666666666666,3,0,0,False,False,True,False
8547,cf_f,23,C,0.3333333333333333,0.4166666666666666,3,1,0,False,False,True,True
8548,cf_f,24,A,0.6666666666666666,0.875,3,2,0,False,True,True,True
8549,cf_f,24,B,0.3333333333333333,0.7083333333333333,3,1,0,False,True,True,True
8550,cf_f,24,C,0.0,0.75,4,1,1,False,True,True,True
8551,cf_f,25,A,0.3333333333333333,0.7083333333333333,3,1,0,True,False,True,True
8552,cf_f,25,B,0.6666666666666666,1.0,3,2,0,True,True,True,True
8553,cf_f,25,C,0.25,0.625,4,1,0,False,True,True,True
8554,cf_f,26,A,1.0,0.875,2,2,0,False,True,True,True
8555,cf_f,26,B,1.0,0.875,3,3,0,False,True,True,True
8556,cf_f,26,C,1.0,0.875,2,2,0,False,True,True,True
8557,cf_f,27,A,1.0,0.875,3,3,0,False,True,True,True
8558,cf_f,27,B,1.0,0.875,3,3,0,False,True,True,True
8559,cf_f,27,C,1.0,0.75,3,3,0,False,False,True,True
8560,cf_f,28,A,0.5,0.75,4,2,0,True,False,True,True
8561,cf_f,28,B,0.5,0.75,4,2,0,True,False,True,True
8562,cf_f,28,C,0.5,0.75,4,2,0,True,False,True,True
8563,cf_f,29,A,1.0,0.75,3,3,0,False,False,True,True
8564,cf_f,29,B,1.0,0.75,3,3,0,False,False,True,True
8565,cf_f,29,C,1.0,0.75,3,3,0,False,False,True,True
8566,cf_f,30,A,1.0,0.875,3,3,0,True,False,True,True
8567,cf_f,30,B,1.0,0.75,3,3,0,False,False,True,True
8568,cf_f,30,C,1.0,0.875,3,3,0,True,False,True,True
