id,response_hash,cds,cds_replay,abs_error
181,7c230f4a86999a8e9785a34d6aed9a585c8c5a7e0fd36f49cbedd77d193dea68,0.4992444515228271,0.49924445152282715,5.551115123125783e-17
182,7c230f4a86999a8e9785a34d6aed9a585c8c5a7e0fd36f49cbedd77d193dea68,0.4992444515228271,0.49924445152282715,5.551115123125783e-17
183,7c230f4a86999a8e9785a34d6aed9a585c8c5a7e0fd36f49cbedd77d193dea68,0.4992444515228271,0.49924445152282715,5.551115123125783e-17
184,f43b59f6a3884231723c320e2033c5984bc48d3749c9a3a6eac097c736c26bf7,0.5048875510692596,0.5048875510692596,0.0
185,f43b59f6a3884231723c320e2033c5984bc48d3749c9a3a6eac097c736c26bf7,0.5048875510692596,0.5048875510692596,0.0
186,f43b59f6a3884231723c320e2033c5984bc48d3749c9a3a6eac097c736c26bf7,0.5048875510692596,0.5048875510692596,0.0
187,5b3b9d28f77eb18048d573e2709f048f7c1dc8f79fcd039faa62fee994ae7c97,0.5708537399768829,0.5708537399768829,0.0
188,5b3b9d28f77eb18048d573e2709f048f7c1dc8f79fcd039faa62fee994ae7c97,0.5708537399768829,0.5708537399768829,0.0
189,5b3b9d28f77eb18048d573e2709f048f7c1dc8f79fcd039faa62fee994ae7c97,0.5708537399768829,0.5708537399768829,0.0
190,c2b6b86f328b992b0911e618685e51ac716c863df62949e99285e0fc3d0b1541,0.7321097254753113,0.7321097254753113,0.0
191,c2b6b86f328b992b0911e618685e51ac716c863df62949e99285e0fc3d0b1541,0.7321097254753113,0.7321097254753113,0.0
192,c2b6b86f328b992b0911e618685e51ac716c863df62949e99285e0fc3d0b1541,0.7321097254753113,0.7321097254753113,0.0
193,687b80e526e5223e6b556d770cf28be791bb188203d5c9d6dd54b58f9f66042b,0.6245249509811401,0.6245249509811401,0.0
194,687b80e526e5223e6b556d770cf28be791bb188203d5c9d6dd54b58f9f66042b,0.6245249509811401,0.6245249509811401,0.0
195,687b80e526e5223e6b556d770cf28be791bb188203d5c9d6dd54b58f9f66042b,0.6245249509811401,0.6245249509811401,0.0
196,4c3895a76c51e4464751cf1c95077db7ef2486b72c80d1f519191e68c9a6eb2f,0.633470356464386,0.633470356464386,0.0
197,4c3895a76c51e4464751cf1c95077db7ef2486b72c80d1f519191e68c9a6eb2f,0.633470356464386,0.633470356464386,0.0
198,4c3895a76c51e4464751cf1c95077db7ef2486b72c80d1f519191e68c9a6eb2f,0.633470356464386,0.633470356464386,0.0
199,b121bd7530093c275b588afd8b9a3c10ab587aa32878e2c11195d18de8c82f7f,0.7728477120399475,0.7728477120399475,0.0
200,b121bd7530093c275b588afd8b9a3c10ab587aa32878e2c11195d18de8c82f7f,0.7728477120399475,0.7728477120399475,0.0
201,b121bd7530093c275b588afd8b9a3c10ab587aa32878e2c11195d18de8c82f7f,0.7728477120399475,0.7728477120399475,0.0
202,f220652d3f0d1c0d55fe0402e772652dd84ac81a5ca7599d524d41bb51e0700c,0.7157778441905975,0.7157778441905975,0.0
203,f220652d3f0d1c0d55fe0402e772652dd84ac81a5ca7599d524d41bb51e0700c,0.7157778441905975,0.7157778441905975,0.0
204,f220652d3f0d1c0d55fe0402e772652dd84ac81a5ca7599d524d41bb51e0700c,0.7157778441905975,0.7157778441905975,0.0
205,3fd913da9d61773b687db752bc7ac5ac0b1408bfb669eac6ec57bedc76120540,0.4009608030319214,0.4009608030319214,0.0
206,3fd913da9d61773b687db752bc7ac5ac0b1408bfb669eac6ec57bedc76120540,0.4009608030319214,0.4009608030319214,0.0
207,3fd913da9d61773b687db752bc7ac5ac0b1408bfb669eac6ec57bedc76120540,0.4009608030319214,0.4009608030319214,0.0
208,431800953a926879b41a843c589ca9dd45e21cd6eb1e2ed8f7897f0c4e83883b,0.5700287818908691,0.5700287818908691,0.0
209,431800953a926879b41a843c589ca9dd45e21cd6eb1e2ed8f7897f0c4e83883b,0.5700287818908691,0.5700287818908691,0.0
210,431800953a926879b41a843c589ca9dd45e21cd6eb1e2ed8f7897f0c4e83883b,0.5700287818908691,0.5700287818908691,0.0
211,f7643325e73c38274a0dd3ffb8aa89a905b7bdd4db4a071b7565daf864a57e35,0.4906048774719238,0.49060487747192383,5.551115123125783e-17
212,f7643325e73c38274a0dd3ffb8aa89a905b7bdd4db4a071b7565daf864a57e35,0.4906048774719238,0.49060487747192383,5.551115123125783e-17
213,f7643325e73c38274a0dd3ffb8aa89a905b7bdd4db4a071b7565daf864a57e35,0.4906048774719238,0.49060487747192383,5.551115123125783e-17
214,131e12eb4f9bbbf4f0482e5fd976a9609bfcce62aaf1356129c19a7996d37a70,0.4820117950439453,0.4820117950439453,0.0
215,131e12eb4f9bbbf4f0482e5fd976a9609bfcce62aaf1356129c19a7996d37a70,0.4820117950439453,0.4820117950439453,0.0
216,131e12eb4f9bbbf4f0482e5fd976a9609bfcce62aaf1356129c19a7996d37a70,0.4820117950439453,0.4820117950439453,0.0
217,9d94db9236d7fb0b554eea3232836e981e3733e9b241941dd8e8e66c59ad3cd8,0.4809057712554931,0.48090577125549316,5.551115123125783e-17
218,9d94db9236d7fb0b554eea3232836e981e3733e9b241941dd8e8e66c59ad3cd8,0.4809057712554931,0.48090577125549316,5.551115123125783e-17
219,9d94db9236d7fb0b554eea3232836e981e3733e9b241941dd8e8e66c59ad3cd8,0.4809057712554931,0.48090577125549316,5.551115123125783e-17
220,cce8f513665e7f115b390ce0c8013d625e543cc3ca9175ca808ba225ddde1746,0.374599814414978,0.374599814414978,0.0
221,cce8f513665e7f115b390ce0c8013d625e543cc3ca9175ca808ba225ddde1746,0.374599814414978,0.374599814414978,0.0
222,cce8f513665e7f115b390ce0c8013d625e543cc3ca9175ca808ba225ddde1746,0.374599814414978,0.374599814414978,0.0
223,9a4f43cfbc8fd31952ee723e8a0a78d9298282aa85f91bcf0bd50e04c21dbc21,0.6073699295520782,0.6073699295520782,0.0
224,9a4f43cfbc8fd31952ee723e8a0a78d9298282aa85f91bcf0bd50e04c21dbc21,0.6073699295520782,0.6073699295520782,0.0
225,9a4f43cfbc8fd31952ee723e8a0a78d9298282aa85f91bcf0bd50e04c21dbc21,0.6073699295520782,0.6073699295520782,0.0
226,1fa77c5e70c321ad771758405ed4cf5e0b04cce36c3d5e2a3a2cefb9f08bfa02,0.4275696873664856,0.4275696873664856,0.0
227,1fa77c5e70c321ad771758405ed4cf5e0b04cce36c3d5e2a3a2cefb9f08bfa02,0.4275696873664856,0.4275696873664856,0.0
228,1fa77c5e70c321ad771758405ed4cf5e0b04cce36c3d5e2a3a2cefb9f08bfa02,0.4275696873664856,0.4275696873664856,0.0
229,665b3217ca883d32d13ee4e8f651edd8cedab6272eb8c1c504b68f81181299ee,0.6321543753147125,0.6321543753147125,0.0
230,665b3217ca883d32d13ee4e8f651edd8cedab6272eb8c1c504b68f81181299ee,0.6321543753147125,0.6321543753147125,0.0
231,665b3217ca883d32d13ee4e8f651edd8cedab6272eb8c1c504b68f81181299ee,0.6321543753147125,0.6321543753147125,0.0
232,301e9503013a7e363347273bedce67be436a0b2c54c03ac719ba197579944496,0.5095917880535126,0.5095917880535126,0.0
233,301e9503013a7e363347273bedce67be436a0b2c54c03ac719ba197579944496,0.5095917880535126,0.5095917880535126,0.0
234,301e9503013a7e363347273bedce67be436a0b2c54c03ac719ba197579944496,0.5095917880535126,0.5095917880535126,0.0
235,5fe74624b23052d146f42c9071b11af3e07eba4c0f8b24c4fe28d3e23310b3f1,0.5690854489803314,0.5690854489803314,0.0
236,5fe74624b23052d146f42c9071b11af3e07eba4c0f8b24c4fe28d3e23310b3f1,0.5690854489803314,0.5690854489803314,0.0
237,5fe74624b23052d146f42c9071b11af3e07eba4c0f8b24c4fe28d3e23310b3f1,0.5690854489803314,0.5690854489803314,0.0
238,40ff37d612ece7781822d347748be911272a892da7a65f821ba5e84310dcdd8c,0.4601587057113647,0.46015870571136475,5.551115123125783e-17
239,40ff37d612ece7781822d347748be911272a892da7a65f821ba5e84310dcdd8c,0.4601587057113647,0.46015870571136475,5.551115123125783e-17
240,40ff37d612ece7781822d347748be911272a892da7a65f821ba5e84310dcdd8c,0.4601587057113647,0.46015870571136475,5.551115123125783e-17
241,38581e7f455acd1a0cc09628c9f175ee5d0d3459e080e06568bfc74d373ef479,0.4642252922058105,0.46422529220581055,5.551115123125783e-17
242,38581e7f455acd1a0cc09628c9f175ee5d0d3459e080e06568bfc74d373ef479,0.4642252922058105,0.46422529220581055,5.551115123125783e-17
243,38581e7f455acd1a0cc09628c9f175ee5d0d3459e080e06568bfc74d373ef479,0.4642252922058105,0.46422529220581055,5.551115123125783e-17
244,5bd693a997ceb24fbb304d8729e61d64c6cdeecc1a3e2565f07d74adb44fdbdd,0.553149551153183,0.553149551153183,0.0
245,5bd693a997ceb24fbb304d8729e61d64c6cdeecc1a3e2565f07d74adb44fdbdd,0.553149551153183,0.553149551153183,0.0
246,5bd693a997ceb24fbb304d8729e61d64c6cdeecc1a3e2565f07d74adb44fdbdd,0.553149551153183,0.553149551153183,0.0
247,5fd4d39b393483dfbcefa8d9bb1bc56d5d39e40bc0e737e99c517247a095fece,0.547448456287384,0.547448456287384,0.0
248,5fd4d39b393483dfbcefa8d9bb1bc56d5d39e40bc0e737e99c517247a095fece,0.547448456287384,0.547448456287384,0.0
249,5fd4d39b393483dfbcefa8d9bb1bc56d5d39e40bc0e737e99c517247a095fece,0.547448456287384,0.547448456287384,0.0
250,98599fedf59e7c2eea25ffbf4e3459e6a381eae42a68da392b684c1c80d097e0,0.653132975101471,0.653132975101471,0.0
251,98599fedf59e7c2eea25ffbf4e3459e6a381eae42a68da392b684c1c80d097e0,0.653132975101471,0.653132975101471,0.0
252,98599fedf59e7c2eea25ffbf4e3459e6a381eae42a68da392b684c1c80d097e0,0.653132975101471,0.653132975101471,0.0
253,13fe6c97315670f1c119048138f7afcbf6ee2147b9ce89bf33c72a80729160d4,0.5526178777217865,0.5526178777217865,0.0
254,13fe6c97315670f1c119048138f7afcbf6ee2147b9ce89bf33c72a80729160d4,0.5526178777217865,0.5526178777217865,0.0
255,13fe6c97315670f1c119048138f7afcbf6ee2147b9ce89bf33c72a80729160d4,0.5526178777217865,0.5526178777217865,0.0
256,62af7fd153f77aec3a347f5a0ca33549f7f9b2c6fadc0d36f854f0d87ebe4402,0.5448702573776245,0.5448702573776245,0.0
257,62af7fd153f77aec3a347f5a0ca33549f7f9b2c6fadc0d36f854f0d87ebe4402,0.5448702573776245,0.5448702573776245,0.0
258,62af7fd153f77aec3a347f5a0ca33549f7f9b2c6fadc0d36f854f0d87ebe4402,0.5448702573776245,0.5448702573776245,0.0
259,e9477814f0f26886b973e432e8ff6c97668082d0b9fb9162827a1d1f9983626b,0.5849125683307648,0.5849125683307648,0.0
260,e9477814f0f26886b973e432e8ff6c97668082d0b9fb9162827a1d1f9983626b,0.5849125683307648,0.5849125683307648,0.0
261,e9477814f0f26886b973e432e8ff6c97668082d0b9fb9162827a1d1f9983626b,0.5849125683307648,0.5849125683307648,0.0
262,6f2b20bd4c31c3933f8dda9eaef71a32e5d50b4a26f86bf18997b2c1d2ead1c8,0.4691104292869568,0.4691104292869568,0.0
263,6f2b20bd4c31c3933f8dda9eaef71a32e5d50b4a26f86bf18997b2c1d2ead1c8,0.4691104292869568,0.4691104292869568,0.0
264,6f2b20bd4c31c3933f8dda9eaef71a32e5d50b4a26f86bf18997b2c1d2ead1c8,0.4691104292869568,0.4691104292869568,0.0
265,5261317cdd1655d566f5dbaf107e5f832cbe05d243181c4006eb13cb52eee7d6,0.5666052997112274,0.5666052997112274,0.0
266,5261317cdd1655d566f5dbaf107e5f832cbe05d243181c4006eb13cb52eee7d6,0.5666052997112274,0.5666052997112274,0.0
267,5261317cdd1655d566f5dbaf107e5f832cbe05d243181c4006eb13cb52eee7d6,0.5666052997112274,0.5666052997112274,0.0
268,be7d354df185b168b63e063f737bb89ce620ef503397261484f48022589381f1,0.5838177800178528,0.5838177800178528,0.0
269,be7d354df185b168b63e063f737bb89ce620ef503397261484f48022589381f1,0.5838177800178528,0.5838177800178528,0.0
270,be7d354df185b168b63e063f737bb89ce620ef503397261484f48022589381f1,0.5838177800178528,0.5838177800178528,0.0
271,7c230f4a86999a8e9785a34d6aed9a585c8c5a7e0fd36f49cbedd77d193dea68,0.4992444515228271,0.49924445152282715,5.551115123125783e-17
272,7c230f4a86999a8e9785a34d6aed9a585c8c5a7e0fd36f49cbedd77d193dea68,0.4992444515228271,0.49924445152282715,5.551115123125783e-17
273,7c230f4a86999a8e9785a34d6aed9a585c8c5a7e0fd36f49cbedd77d193dea68,0.4992444515228271,0.49924445152282715,5.551115123125783e-17
274,f43b59f6a3884231723c320e2033c5984bc48d3749c9a3a6eac097c736c26bf7,0.5048875510692596,0.5048875510692596,0.0
275,f43b59f6a3884231723c320e2033c5984bc48d3749c9a3a6eac097c736c26bf7,0.5048875510692596,0.5048875510692596,0.0
276,f43b59f6a3884231723c320e2033c5984bc48d3749c9a3a6eac097c736c26bf7,0.5048875510692596,0.5048875510692596,0.0
277,5b3b9d28f77eb18048d573e2709f048f7c1dc8f79fcd039faa62fee994ae7c97,0.5708537399768829,0.5708537399768829,0.0
278,5b3b9d28f77eb18048d573e2709f048f7c1dc8f79fcd039faa62fee994ae7c97,0.5708537399768829,0.5708537399768829,0.0
279,5b3b9d28f77eb18048d573e2709f048f7c1dc8f79fcd039faa62fee994ae7c97,0.5708537399768829,0.5708537399768829,0.0
280,c2b6b86f328b992b0911e618685e51ac716c863df62949e99285e0fc3d0b1541,0.7321097254753113,0.7321097254753113,0.0
281,c2b6b86f328b992b0911e618685e51ac716c863df62949e99285e0fc3d0b1541,0.7321097254753113,0.7321097254753113,0.0
282,c2b6b86f328b992b0911e618685e51ac716c863df62949e99285e0fc3d0b1541,0.7321097254753113,0.7321097254753113,0.0
283,687b80e526e5223e6b556d770cf28be791bb188203d5c9d6dd54b58f9f66042b,0.6245249509811401,0.6245249509811401,0.0
284,687b80e526e5223e6b556d770cf28be791bb188203d5c9d6dd54b58f9f66042b,0.6245249509811401,0.6245249509811401,0.0
285,687b80e526e5223e6b556d770cf28be791bb188203d5c9d6dd54b58f9f66042b,0.6245249509811401,0.6245249509811401,0.0
286,4c3895a76c51e4464751cf1c95077db7ef2486b72c80d1f519191e68c9a6eb2f,0.633470356464386,0.633470356464386,0.0
287,4c3895a76c51e4464751cf1c95077db7ef2486b72c80d1f519191e68c9a6eb2f,0.633470356464386,0.633470356464386,0.0
288,4c3895a76c51e4464751cf1c95077db7ef2486b72c80d1f519191e68c9a6eb2f,0.633470356464386,0.633470356464386,0.0
289,b121bd7530093c275b588afd8b9a3c10ab587aa32878e2c11195d18de8c82f7f,0.7728477120399475,0.7728477120399475,0.0
290,b121bd7530093c275b588afd8b9a3c10ab587aa32878e2c11195d18de8c82f7f,0.7728477120399475,0.7728477120399475,0.0
291,b121bd7530093c275b588afd8b9a3c10ab587aa32878e2c11195d18de8c82f7f,0.7728477120399475,0.7728477120399475,0.0
292,f220652d3f0d1c0d55fe0402e772652dd84ac81a5ca7599d524d41bb51e0700c,0.7157778441905975,0.7157778441905975,0.0
293,f220652d3f0d1c0d55fe0402e772652dd84ac81a5ca7599d524d41bb51e0700c,0.7157778441905975,0.7157778441905975,0.0
294,f220652d3f0d1c0d55fe0402e772652dd84ac81a5ca7599d524d41bb51e0700c,0.7157778441905975,0.7157778441905975,0.0
295,3fd913da9d61773b687db752bc7ac5ac0b1408bfb669eac6ec57bedc76120540,0.4009608030319214,0.4009608030319214,0.0
296,3fd913da9d61773b687db752bc7ac5ac0b1408bfb669eac6ec57bedc76120540,0.4009608030319214,0.4009608030319214,0.0
297,3fd913da9d61773b687db752bc7ac5ac0b1408bfb669eac6ec57bedc76120540,0.4009608030319214,0.4009608030319214,0.0
298,431800953a926879b41a843c589ca9dd45e21cd6eb1e2ed8f7897f0c4e83883b,0.5700287818908691,0.5700287818908691,0.0
299,431800953a926879b41a843c589ca9dd45e21cd6eb1e2ed8f7897f0c4e83883b,0.5700287818908691,0.5700287818908691,0.0
300,431800953a926879b41a843c589ca9dd45e21cd6eb1e2ed8f7897f0c4e83883b,0.5700287818908691,0.5700287818908691,0.0
301,f7643325e73c38274a0dd3ffb8aa89a905b7bdd4db4a071b7565daf864a57e35,0.4906048774719238,0.49060487747192383,5.551115123125783e-17
302,f7643325e73c38274a0dd3ffb8aa89a905b7bdd4db4a071b7565daf864a57e35,0.4906048774719238,0.49060487747192383,5.551115123125783e-17
303,f7643325e73c38274a0dd3ffb8aa89a905b7bdd4db4a071b7565daf864a57e35,0.4906048774719238,0.49060487747192383,5.551115123125783e-17
304,131e12eb4f9bbbf4f0482e5fd976a9609bfcce62aaf1356129c19a7996d37a70,0.4820117950439453,0.4820117950439453,0.0
305,131e12eb4f9bbbf4f0482e5fd976a9609bfcce62aaf1356129c19a7996d37a70,0.4820117950439453,0.4820117950439453,0.0
306,131e12eb4f9bbbf4f0482e5fd976a9609bfcce62aaf1356129c19a7996d37a70,0.4820117950439453,0.4820117950439453,0.0
307,9d94db9236d7fb0b554eea3232836e981e3733e9b241941dd8e8e66c59ad3cd8,0.4809057712554931,0.48090577125549316,5.551115123125783e-17
308,9d94db9236d7fb0b554eea3232836e981e3733e9b241941dd8e8e66c59ad3cd8,0.4809057712554931,0.48090577125549316,5.551115123125783e-17
309,9d94db9236d7fb0b554eea3232836e981e3733e9b241941dd8e8e66c59ad3cd8,0.4809057712554931,0.48090577125549316,5.551115123125783e-17
310,cce8f513665e7f115b390ce0c8013d625e543cc3ca9175ca808ba225ddde1746,0.374599814414978,0.374599814414978,0.0
311,cce8f513665e7f115b390ce0c8013d625e543cc3ca9175ca808ba225ddde1746,0.374599814414978,0.374599814414978,0.0
312,cce8f513665e7f115b390ce0c8013d625e543cc3ca9175ca808ba225ddde1746,0.374599814414978,0.374599814414978,0.0
313,9a4f43cfbc8fd31952ee723e8a0a78d9298282aa85f91bcf0bd50e04c21dbc21,0.6073699295520782,0.6073699295520782,0.0
314,9a4f43cfbc8fd31952ee723e8a0a78d9298282aa85f91bcf0bd50e04c21dbc21,0.6073699295520782,0.6073699295520782,0.0
315,9a4f43cfbc8fd31952ee723e8a0a78d9298282aa85f91bcf0bd50e04c21dbc21,0.6073699295520782,0.6073699295520782,0.0
316,1fa77c5e70c321ad771758405ed4cf5e0b04cce36c3d5e2a3a2cefb9f08bfa02,0.4275696873664856,0.4275696873664856,0.0
317,1fa77c5e70c321ad771758405ed4cf5e0b04cce36c3d5e2a3a2cefb9f08bfa02,0.4275696873664856,0.4275696873664856,0.0
318,1fa77c5e70c321ad771758405ed4cf5e0b04cce36c3d5e2a3a2cefb9f08bfa02,0.4275696873664856,0.4275696873664856,0.0
319,665b3217ca883d32d13ee4e8f651edd8cedab6272eb8c1c504b68f81181299ee,0.6321543753147125,0.6321543753147125,0.0
320,665b3217ca883d32d13ee4e8f651edd8cedab6272eb8c1c504b68f81181299ee,0.6321543753147125,0.6321543753147125,0.0
321,665b3217ca883d32d13ee4e8f651edd8cedab6272eb8c1c504b68f81181299ee,0.6321543753147125,0.6321543753147125,0.0
322,301e9503013a7e363347273bedce67be436a0b2c54c03ac719ba197579944496,0.5095917880535126,0.5095917880535126,0.0
323,301e9503013a7e363347273bedce67be436a0b2c54c03ac719ba197579944496,0.5095917880535126,0.5095917880535126,0.0
324,301e9503013a7e363347273bedce67be436a0b2c54c03ac719ba197579944496,0.5095917880535126,0.5095917880535126,0.0
325,5fe74624b23052d146f42c9071b11af3e07eba4c0f8b24c4fe28d3e23310b3f1,0.5690854489803314,0.5690854489803314,0.0
326,5fe74624b23052d146f42c9071b11af3e07eba4c0f8b24c4fe28d3e23310b3f1,0.5690854489803314,0.5690854489803314,0.0
327,5fe74624b23052d146f42c9071b11af3e07eba4c0f8b24c4fe28d3e23310b3f1,0.5690854489803314,0.5690854489803314,0.0
328,40ff37d612ece7781822d347748be911272a892da7a65f821ba5e84310dcdd8c,0.4601587057113647,0.46015870571136475,5.551115123125783e-17
329,40ff37d612ece7781822d347748be911272a892da7a65f821ba5e84310dcdd8c,0.4601587057113647,0.46015870571136475,5.551115123125783e-17
330,40ff37d612ece7781822d347748be911272a892da7a65f821ba5e84310dcdd8c,0.4601587057113647,0.46015870571136475,5.551115123125783e-17
331,38581e7f455acd1a0cc09628c9f175ee5d0d3459e080e06568bfc74d373ef479,0.4642252922058105,0.46422529220581055,5.551115123125783e-17
332,38581e7f455acd1a0cc09628c9f175ee5d0d3459e080e06568bfc74d373ef479,0.4642252922058105,0.46422529220581055,5.551115123125783e-17
333,38581e7f455acd1a0cc09628c9f175ee5d0d3459e080e06568bfc74d373ef479,0.4642252922058105,0.46422529220581055,5.551115123125783e-17
334,5bd693a997ceb24fbb304d8729e61d64c6cdeecc1a3e2565f07d74adb44fdbdd,0.553149551153183,0.553149551153183,0.0
335,5bd693a997ceb24fbb304d8729e61d64c6cdeecc1a3e2565f07d74adb44fdbdd,0.553149551153183,0.553149551153183,0.0
336,5bd693a997ceb24fbb304d8729e61d64c6cdeecc1a3e2565f07d74adb44fdbdd,0.553149551153183,0.553149551153183,0.0
337,5fd4d39b393483dfbcefa8d9bb1bc56d5d39e40bc0e737e99c517247a095fece,0.547448456287384,0.547448456287384,0.0
338,5fd4d39b393483dfbcefa8d9bb1bc56d5d39e40bc0e737e99c517247a095fece,0.547448456287384,0.547448456287384,0.0
339,5fd4d39b393483dfbcefa8d9bb1bc56d5d39e40bc0e737e99c517247a095fece,0.547448456287384,0.547448456287384,0.0
340,98599fedf59e7c2eea25ffbf4e3459e6a381eae42a68da392b684c1c80d097e0,0.653132975101471,0.653132975101471,0.0
341,98599fedf59e7c2eea25ffbf4e3459e6a381eae42a68da392b684c1c80d097e0,0.653132975101471,0.653132975101471,0.0
342,98599fedf59e7c2eea25ffbf4e3459e6a381eae42a68da392b684c1c80d097e0,0.653132975101471,0.653132975101471,0.0
343,13fe6c97315670f1c119048138f7afcbf6ee2147b9ce89bf33c72a80729160d4,0.5526178777217865,0.5526178777217865,0.0
344,13fe6c97315670f1c119048138f7afcbf6ee2147b9ce89bf33c72a80729160d4,0.5526178777217865,0.5526178777217865,0.0
345,13fe6c97315670f1c119048138f7afcbf6ee2147b9ce89bf33c72a80729160d4,0.5526178777217865,0.5526178777217865,0.0
346,62af7fd153f77aec3a347f5a0ca33549f7f9b2c6fadc0d36f854f0d87ebe4402,0.5448702573776245,0.5448702573776245,0.0
347,62af7fd153f77aec3a347f5a0ca33549f7f9b2c6fadc0d36f854f0d87ebe4402,0.5448702573776245,0.5448702573776245,0.0
348,62af7fd153f77aec3a347f5a0ca33549f7f9b2c6fadc0d36f854f0d87ebe4402,0.5448702573776245,0.5448702573776245,0.0
349,e9477814f0f26886b973e432e8ff6c97668082d0b9fb9162827a1d1f9983626b,0.5849125683307648,0.5849125683307648,0.0
350,e9477814f0f26886b973e432e8ff6c97668082d0b9fb9162827a1d1f9983626b,0.5849125683307648,0.5849125683307648,0.0
351,e9477814f0f26886b973e432e8ff6c97668082d0b9fb9162827a1d1f9983626b,0.5849125683307648,0.5849125683307648,0.0
352,6f2b20bd4c31c3933f8dda9eaef71a32e5d50b4a26f86bf18997b2c1d2ead1c8,0.4691104292869568,0.4691104292869568,0.0
353,6f2b20bd4c31c3933f8dda9eaef71a32e5d50b4a26f86bf18997b2c1d2ead1c8,0.4691104292869568,0.4691104292869568,0.0
354,6f2b20bd4c31c3933f8dda9eaef71a32e5d50b4a26f86bf18997b2c1d2ead1c8,0.4691104292869568,0.4691104292869568,0.0
355,5261317cdd1655d566f5dbaf107e5f832cbe05d243181c4006eb13cb52eee7d6,0.5666052997112274,0.5666052997112274,0.0
356,5261317cdd1655d566f5dbaf107e5f832cbe05d243181c4006eb13cb52eee7d6,0.5666052997112274,0.5666052997112274,0.0
357,5261317cdd1655d566f5dbaf107e5f832cbe05d243181c4006eb13cb52eee7d6,0.5666052997112274,0.5666052997112274,0.0
358,be7d354df185b168b63e063f737bb89ce620ef503397261484f48022589381f1,0.5838177800178528,0.5838177800178528,0.0
359,be7d354df185b168b63e063f737bb89ce620ef503397261484f48022589381f1,0.5838177800178528,0.5838177800178528,0.0
360,be7d354df185b168b63e063f737bb89ce620ef503397261484f48022589381f1,0.5838177800178528,0.5838177800178528,0.0
361,7c230f4a86999a8e9785a34d6aed9a585c8c5a7e0fd36f49cbedd77d193dea68,0.4992444515228271,0.49924445152282715,5.551115123125783e-17
362,7c230f4a86999a8e9785a34d6aed9a585c8c5a7e0fd36f49cbedd77d193dea68,0.4992444515228271,0.49924445152282715,5.551115123125783e-17
363,7c230f4a86999a8e9785a34d6aed9a585c8c5a7e0fd36f49cbedd77d193dea68,0.4992444515228271,0.49924445152282715,5.551115123125783e-17
364,f43b59f6a3884231723c320e2033c5984bc48d3749c9a3a6eac097c736c26bf7,0.5048875510692596,0.5048875510692596,0.0
365,f43b59f6a3884231723c320e2033c5984bc48d3749c9a3a6eac097c736c26bf7,0.5048875510692596,0.5048875510692596,0.0
366,f43b59f6a3884231723c320e2033c5984bc48d3749c9a3a6eac097c736c26bf7,0.5048875510692596,0.5048875510692596,0.0
367,5b3b9d28f77eb18048d573e2709f048f7c1dc8f79fcd039faa62fee994ae7c97,0.5708537399768829,0.5708537399768829,0.0
368,5b3b9d28f77eb18048d573e2709f048f7c1dc8f79fcd039faa62fee994ae7c97,0.5708537399768829,0.5708537399768829,0.0
369,5b3b9d28f77eb18048d573e2709f048f7c1dc8f79fcd039faa62fee994ae7c97,0.5708537399768829,0.5708537399768829,0.0
370,c2b6b86f328b992b0911e618685e51ac716c863df62949e99285e0fc3d0b1541,0.7321097254753113,0.7321097254753113,0.0
371,c2b6b86f328b992b0911e618685e51ac716c863df62949e99285e0fc3d0b1541,0.7321097254753113,0.7321097254753113,0.0
372,c2b6b86f328b992b0911e618685e51ac716c863df62949e99285e0fc3d0b1541,0.7321097254753113,0.7321097254753113,0.0
373,687b80e526e5223e6b556d770cf28be791bb188203d5c9d6dd54b58f9f66042b,0.6245249509811401,0.6245249509811401,0.0
374,687b80e526e5223e6b556d770cf28be791bb188203d5c9d6dd54b58f9f66042b,0.6245249509811401,0.6245249509811401,0.0
375,687b80e526e5223e6b556d770cf28be791bb188203d5c9d6dd54b58f9f66042b,0.6245249509811401,0.6245249509811401,0.0
376,4c3895a76c51e4464751cf1c95077db7ef2486b72c80d1f519191e68c9a6eb2f,0.633470356464386,0.633470356464386,0.0
377,4c3895a76c51e4464751cf1c95077db7ef2486b72c80d1f519191e68c9a6eb2f,0.633470356464386,0.633470356464386,0.0
378,4c3895a76c51e4464751cf1c95077db7ef2486b72c80d1f519191e68c9a6eb2f,0.633470356464386,0.633470356464386,0.0
379,b121bd7530093c275b588afd8b9a3c10ab587aa32878e2c11195d18de8c82f7f,0.7728477120399475,0.7728477120399475,0.0
380,b121bd7530093c275b588afd8b9a3c10ab587aa32878e2c11195d18de8c82f7f,0.7728477120399475,0.7728477120399475,0.0
381,b121bd7530093c275b588afd8b9a3c10ab587aa32878e2c11195d18de8c82f7f,0.7728477120399475,0.7728477120399475,0.0
382,f220652d3f0d1c0d55fe0402e772652dd84ac81a5ca7599d524d41bb51e0700c,0.7157778441905975,0.7157778441905975,0.0
383,f220652d3f0d1c0d55fe0402e772652dd84ac81a5ca7599d524d41bb51e0700c,0.7157778441905975,0.7157778441905975,0.0
384,f220652d3f0d1c0d55fe0402e772652dd84ac81a5ca7599d524d41bb51e0700c,0.7157778441905975,0.7157778441905975,0.0
385,3fd913da9d61773b687db752bc7ac5ac0b1408bfb669eac6ec57bedc76120540,0.4009608030319214,0.4009608030319214,0.0
386,3fd913da9d61773b687db752bc7ac5ac0b1408bfb669eac6ec57bedc76120540,0.4009608030319214,0.4009608030319214,0.0
387,3fd913da9d61773b687db752bc7ac5ac0b1408bfb669eac6ec57bedc76120540,0.4009608030319214,0.4009608030319214,0.0
388,431800953a926879b41a843c589ca9dd45e21cd6eb1e2ed8f7897f0c4e83883b,0.5700287818908691,0.5700287818908691,0.0
389,431800953a926879b41a843c589ca9dd45e21cd6eb1e2ed8f7897f0c4e83883b,0.5700287818908691,0.5700287818908691,0.0
390,431800953a926879b41a843c589ca9dd45e21cd6eb1e2ed8f7897f0c4e83883b,0.5700287818908691,0.5700287818908691,0.0
391,f7643325e73c38274a0dd3ffb8aa89a905b7bdd4db4a071b7565daf864a57e35,0.4906048774719238,0.49060487747192383,5.551115123125783e-17
392,f7643325e73c38274a0dd3ffb8aa89a905b7bdd4db4a071b7565daf864a57e35,0.4906048774719238,0.49060487747192383,5.551115123125783e-17
393,f7643325e73c38274a0dd3ffb8aa89a905b7bdd4db4a071b7565daf864a57e35,0.4906048774719238,0.49060487747192383,5.551115123125783e-17
394,131e12eb4f9bbbf4f0482e5fd976a9609bfcce62aaf1356129c19a7996d37a70,0.4820117950439453,0.4820117950439453,0.0
395,131e12eb4f9bbbf4f0482e5fd976a9609bfcce62aaf1356129c19a7996d37a70,0.4820117950439453,0.4820117950439453,0.0
396,131e12eb4f9bbbf4f0482e5fd976a9609bfcce62aaf1356129c19a7996d37a70,0.4820117950439453,0.4820117950439453,0.0
397,9d94db9236d7fb0b554eea3232836e981e3733e9b241941dd8e8e66c59ad3cd8,0.4809057712554931,0.48090577125549316,5.551115123125783e-17
398,9d94db9236d7fb0b554eea3232836e981e3733e9b241941dd8e8e66c59ad3cd8,0.4809057712554931,0.48090577125549316,5.551115123125783e-17
399,9d94db9236d7fb0b554eea3232836e981e3733e9b241941dd8e8e66c59ad3cd8,0.4809057712554931,0.48090577125549316,5.551115123125783e-17
400,cce8f513665e7f115b390ce0c8013d625e543cc3ca9175ca808ba225ddde1746,0.374599814414978,0.374599814414978,0.0
401,cce8f513665e7f115b390ce0c8013d625e543cc3ca9175ca808ba225ddde1746,0.374599814414978,0.374599814414978,0.0
402,cce8f513665e7f115b390ce0c8013d625e543cc3ca9175ca808ba225ddde1746,0.374599814414978,0.374599814414978,0.0
403,9a4f43cfbc8fd31952ee723e8a0a78d9298282aa85f91bcf0bd50e04c21dbc21,0.6073699295520782,0.6073699295520782,0.0
404,9a4f43cfbc8fd31952ee723e8a0a78d9298282aa85f91bcf0bd50e04c21dbc21,0.6073699295520782,0.6073699295520782,0.0
405,9a4f43cfbc8fd31952ee723e8a0a78d9298282aa85f91bcf0bd50e04c21dbc21,0.6073699295520782,0.6073699295520782,0.0
406,1fa77c5e70c321ad771758405ed4cf5e0b04cce36c3d5e2a3a2cefb9f08bfa02,0.4275696873664856,0.4275696873664856,0.0
407,1fa77c5e70c321ad771758405ed4cf5e0b04cce36c3d5e2a3a2cefb9f08bfa02,0.4275696873664856,0.4275696873664856,0.0
408,1fa77c5e70c321ad771758405ed4cf5e0b04cce36c3d5e2a3a2cefb9f08bfa02,0.4275696873664856,0.4275696873664856,0.0
409,665b3217ca883d32d13ee4e8f651edd8cedab6272eb8c1c504b68f81181299ee,0.6321543753147125,0.6321543753147125,0.0
410,665b3217ca883d32d13ee4e8f651edd8cedab6272eb8c1c504b68f81181299ee,0.6321543753147125,0.6321543753147125,0.0
411,665b3217ca883d32d13ee4e8f651edd8cedab6272eb8c1c504b68f81181299ee,0.6321543753147125,0.6321543753147125,0.0
412,301e9503013a7e363347273bedce67be436a0b2c54c03ac719ba197579944496,0.5095917880535126,0.5095917880535126,0.0
413,301e9503013a7e363347273bedce67be436a0b2c54c03ac719ba197579944496,0.5095917880535126,0.5095917880535126,0.0
414,301e9503013a7e363347273bedce67be436a0b2c54c03ac719ba197579944496,0.5095917880535126,0.5095917880535126,0.0
415,5fe74624b23052d146f42c9071b11af3e07eba4c0f8b24c4fe28d3e23310b3f1,0.5690854489803314,0.5690854489803314,0.0
416,5fe74624b23052d146f42c9071b11af3e07eba4c0f8b24c4fe28d3e23310b3f1,0.5690854489803314,0.5690854489803314,0.0
417,5fe74624b23052d146f42c9071b11af3e07eba4c0f8b24c4fe28d3e23310b3f1,0.5690854489803314,0.5690854489803314,0.0
418,40ff37d612ece7781822d347748be911272a892da7a65f821ba5e84310dcdd8c,0.4601587057113647,0.46015870571136475,5.551115123125783e-17
419,40ff37d612ece7781822d347748be911272a892da7a65f821ba5e84310dcdd8c,0.4601587057113647,0.46015870571136475,5.551115123125783e-17
420,40ff37d612ece7781822d347748be911272a892da7a65f821ba5e84310dcdd8c,0.4601587057113647,0.46015870571136475,5.551115123125783e-17
421,38581e7f455acd1a0cc09628c9f175ee5d0d3459e080e06568bfc74d373ef479,0.4642252922058105,0.46422529220581055,5.551115123125783e-17
422,38581e7f455acd1a0cc09628c9f175ee5d0d3459e080e06568bfc74d373ef479,0.4642252922058105,0.46422529220581055,5.551115123125783e-17
423,38581e7f455acd1a0cc09628c9f175ee5d0d3459e080e06568bfc74d373ef479,0.4642252922058105,0.46422529220581055,5.551115123125783e-17
424,5bd693a997ceb24fbb304d8729e61d64c6cdeecc1a3e2565f07d74adb44fdbdd,0.553149551153183,0.553149551153183,0.0
425,5bd693a997ceb24fbb304d8729e61d64c6cdeecc1a3e2565f07d74adb44fdbdd,0.553149551153183,0.553149551153183,0.0
426,5bd693a997ceb24fbb304d8729e61d64c6cdeecc1a3e2565f07d74adb44fdbdd,0.553149551153183,0.553149551153183,0.0
427,5fd4d39b393483dfbcefa8d9bb1bc56d5d39e40bc0e737e99c517247a095fece,0.547448456287384,0.547448456287384,0.0
428,5fd4d39b393483dfbcefa8d9bb1bc56d5d39e40bc0e737e99c517247a095fece,0.547448456287384,0.547448456287384,0.0
429,5fd4d39b393483dfbcefa8d9bb1bc56d5d39e40bc0e737e99c517247a095fece,0.547448456287384,0.547448456287384,0.0
430,98599fedf59e7c2eea25ffbf4e3459e6a381eae42a68da392b684c1c80d097e0,0.653132975101471,0.653132975101471,0.0
431,98599fedf59e7c2eea25ffbf4e3459e6a381eae42a68da392b684c1c80d097e0,0.653132975101471,0.653132975101471,0.0
432,98599fedf59e7c2eea25ffbf4e3459e6a381eae42a68da392b684c1c80d097e0,0.653132975101471,0.653132975101471,0.0
433,13fe6c97315670f1c119048138f7afcbf6ee2147b9ce89bf33c72a80729160d4,0.5526178777217865,0.5526178777217865,0.0
434,13fe6c97315670f1c119048138f7afcbf6ee2147b9ce89bf33c72a80729160d4,0.5526178777217865,0.5526178777217865,0.0
435,13fe6c97315670f1c119048138f7afcbf6ee2147b9ce89bf33c72a80729160d4,0.5526178777217865,0.5526178777217865,0.0
436,62af7fd153f77aec3a347f5a0ca33549f7f9b2c6fadc0d36f854f0d87ebe4402,0.5448702573776245,0.5448702573776245,0.0
437,62af7fd153f77aec3a347f5a0ca33549f7f9b2c6fadc0d36f854f0d87ebe4402,0.5448702573776245,0.5448702573776245,0.0
438,62af7fd153f77aec3a347f5a0ca33549f7f9b2c6fadc0d36f854f0d87ebe4402,0.5448702573776245,0.5448702573776245,0.0
439,e9477814f0f26886b973e432e8ff6c97668082d0b9fb9162827a1d1f9983626b,0.5849125683307648,0.5849125683307648,0.0
440,e9477814f0f26886b973e432e8ff6c97668082d0b9fb9162827a1d1f9983626b,0.5849125683307648,0.5849125683307648,0.0
441,e9477814f0f26886b973e432e8ff6c97668082d0b9fb9162827a1d1f9983626b,0.5849125683307648,0.5849125683307648,0.0
442,6f2b20bd4c31c3933f8dda9eaef71a32e5d50b4a26f86bf18997b2c1d2ead1c8,0.4691104292869568,0.4691104292869568,0.0
443,6f2b20bd4c31c3933f8dda9eaef71a32e5d50b4a26f86bf18997b2c1d2ead1c8,0.4691104292869568,0.4691104292869568,0.0
444,6f2b20bd4c31c3933f8dda9eaef71a32e5d50b4a26f86bf18997b2c1d2ead1c8,0.4691104292869568,0.4691104292869568,0.0
445,5261317cdd1655d566f5dbaf107e5f832cbe05d243181c4006eb13cb52eee7d6,0.5666052997112274,0.5666052997112274,0.0
446,5261317cdd1655d566f5dbaf107e5f832cbe05d243181c4006eb13cb52eee7d6,0.5666052997112274,0.5666052997112274,0.0
447,5261317cdd1655d566f5dbaf107e5f832cbe05d243181c4006eb13cb52eee7d6,0.5666052997112274,0.5666052997112274,0.0
448,be7d354df185b168b63e063f737bb89ce620ef503397261484f48022589381f1,0.5838177800178528,0.5838177800178528,0.0
449,be7d354df185b168b63e063f737bb89ce620ef503397261484f48022589381f1,0.5838177800178528,0.5838177800178528,0.0
450,be7d354df185b168b63e063f737bb89ce620ef503397261484f48022589381f1,0.5838177800178528,0.5838177800178528,0.0
451,7c230f4a86999a8e9785a34d6aed9a585c8c5a7e0fd36f49cbedd77d193dea68,0.4992444515228271,0.49924445152282715,5.551115123125783e-17
452,7c230f4a86999a8e9785a34d6aed9a585c8c5a7e0fd36f49cbedd77d193dea68,0.4992444515228271,0.49924445152282715,5.551115123125783e-17
453,7c230f4a86999a8e9785a34d6aed9a585c8c5a7e0fd36f49cbedd77d193dea68,0.4992444515228271,0.49924445152282715,5.551115123125783e-17
454,f43b59f6a3884231723c320e2033c5984bc48d3749c9a3a6eac097c736c26bf7,0.5048875510692596,0.5048875510692596,0.0
455,f43b59f6a3884231723c320e2033c5984bc48d3749c9a3a6eac097c736c26bf7,0.5048875510692596,0.5048875510692596,0.0
456,f43b59f6a3884231723c320e2033c5984bc48d3749c9a3a6eac097c736c26bf7,0.5048875510692596,0.5048875510692596,0.0
457,5b3b9d28f77eb18048d573e2709f048f7c1dc8f79fcd039faa62fee994ae7c97,0.5708537399768829,0.5708537399768829,0.0
458,5b3b9d28f77eb18048d573e2709f048f7c1dc8f79fcd039faa62fee994ae7c97,0.5708537399768829,0.5708537399768829,0.0
459,5b3b9d28f77eb18048d573e2709f048f7c1dc8f79fcd039faa62fee994ae7c97,0.5708537399768829,0.5708537399768829,0.0
460,c2b6b86f328b992b0911e618685e51ac716c863df62949e99285e0fc3d0b1541,0.7321097254753113,0.7321097254753113,0.0
461,c2b6b86f328b992b0911e618685e51ac716c863df62949e99285e0fc3d0b1541,0.7321097254753113,0.7321097254753113,0.0
462,c2b6b86f328b992b0911e618685e51ac716c863df62949e99285e0fc3d0b1541,0.7321097254753113,0.7321097254753113,0.0
463,687b80e526e5223e6b556d770cf28be791bb188203d5c9d6dd54b58f9f66042b,0.6245249509811401,0.6245249509811401,0.0
464,687b80e526e5223e6b556d770cf28be791bb188203d5c9d6dd54b58f9f66042b,0.6245249509811401,0.6245249509811401,0.0
465,687b80e526e5223e6b556d770cf28be791bb188203d5c9d6dd54b58f9f66042b,0.6245249509811401,0.6245249509811401,0.0
466,4c3895a76c51e4464751cf1c95077db7ef2486b72c80d1f519191e68c9a6eb2f,0.633470356464386,0.633470356464386,0.0
467,4c3895a76c51e4464751cf1c95077db7ef2486b72c80d1f519191e68c9a6eb2f,0.633470356464386,0.633470356464386,0.0
468,4c3895a76c51e4464751cf1c95077db7ef2486b72c80d1f519191e68c9a6eb2f,0.633470356464386,0.633470356464386,0.0
469,b121bd7530093c275b588afd8b9a3c10ab587aa32878e2c11195d18de8c82f7f,0.7728477120399475,0.7728477120399475,0.0
470,b121bd7530093c275b588afd8b9a3c10ab587aa32878e2c11195d18de8c82f7f,0.7728477120399475,0.7728477120399475,0.0
471,b121bd7530093c275b588afd8b9a3c10ab587aa32878e2c11195d18de8c82f7f,0.7728477120399475,0.7728477120399475,0.0
472,f220652d3f0d1c0d55fe0402e772652dd84ac81a5ca7599d524d41bb51e0700c,0.7157778441905975,0.7157778441905975,0.0
473,f220652d3f0d1c0d55fe0402e772652dd84ac81a5ca7599d524d41bb51e0700c,0.7157778441905975,0.7157778441905975,0.0
474,f220652d3f0d1c0d55fe0402e772652dd84ac81a5ca7599d524d41bb51e0700c,0.7157778441905975,0.7157778441905975,0.0
475,3fd913da9d61773b687db752bc7ac5ac0b1408bfb669eac6ec57bedc76120540,0.4009608030319214,0.4009608030319214,0.0
476,3fd913da9d61773b687db752bc7ac5ac0b1408bfb669eac6ec57bedc76120540,0.4009608030319214,0.4009608030319214,0.0
477,3fd913da9d61773b687db752bc7ac5ac0b1408bfb669eac6ec57bedc76120540,0.4009608030319214,0.4009608030319214,0.0
478,431800953a926879b41a843c589ca9dd45e21cd6eb1e2ed8f7897f0c4e83883b,0.5700287818908691,0.5700287818908691,0.0
479,431800953a926879b41a843c589ca9dd45e21cd6eb1e2ed8f7897f0c4e83883b,0.5700287818908691,0.5700287818908691,0.0
480,431800953a926879b41a843c589ca9dd45e21cd6eb1e2ed8f7897f0c4e83883b,0.5700287818908691,0.5700287818908691,0.0
481,f7643325e73c38274a0dd3ffb8aa89a905b7bdd4db4a071b7565daf864a57e35,0.4906048774719238,0.49060487747192383,5.551115123125783e-17
482,f7643325e73c38274a0dd3ffb8aa89a905b7bdd4db4a071b7565daf864a57e35,0.4906048774719238,0.49060487747192383,5.551115123125783e-17
483,f7643325e73c38274a0dd3ffb8aa89a905b7bdd4db4a071b7565daf864a57e35,0.4906048774719238,0.49060487747192383,5.551115123125783e-17
484,131e12eb4f9bbbf4f0482e5fd976a9609bfcce62aaf1356129c19a7996d37a70,0.4820117950439453,0.4820117950439453,0.0
485,131e12eb4f9bbbf4f0482e5fd976a9609bfcce62aaf1356129c19a7996d37a70,0.4820117950439453,0.4820117950439453,0.0
486,131e12eb4f9bbbf4f0482e5fd976a9609bfcce62aaf1356129c19a7996d37a70,0.4820117950439453,0.4820117950439453,0.0
487,9d94db9236d7fb0b554eea3232836e981e3733e9b241941dd8e8e66c59ad3cd8,0.4809057712554931,0.48090577125549316,5.551115123125783e-17
488,9d94db9236d7fb0b554eea3232836e981e3733e9b241941dd8e8e66c59ad3cd8,0.4809057712554931,0.48090577125549316,5.551115123125783e-17
489,9d94db9236d7fb0b554eea3232836e981e3733e9b241941dd8e8e66c59ad3cd8,0.4809057712554931,0.48090577125549316,5.551115123125783e-17
490,cce8f513665e7f115b390ce0c8013d625e543cc3ca9175ca808ba225ddde1746,0.374599814414978,0.374599814414978,0.0
491,cce8f513665e7f115b390ce0c8013d625e543cc3ca9175ca808ba225ddde1746,0.374599814414978,0.374599814414978,0.0
492,cce8f513665e7f115b390ce0c8013d625e543cc3ca9175ca808ba225ddde1746,0.374599814414978,0.374599814414978,0.0
493,9a4f43cfbc8fd31952ee723e8a0a78d9298282aa85f91bcf0bd50e04c21dbc21,0.6073699295520782,0.6073699295520782,0.0
494,9a4f43cfbc8fd31952ee723e8a0a78d9298282aa85f91bcf0bd50e04c21dbc21,0.6073699295520782,0.6073699295520782,0.0
495,9a4f43cfbc8fd31952ee723e8a0a78d9298282aa85f91bcf0bd50e04c21dbc21,0.6073699295520782,0.6073699295520782,0.0
496,1fa77c5e70c321ad771758405ed4cf5e0b04cce36c3d5e2a3a2cefb9f08bfa02,0.4275696873664856,0.4275696873664856,0.0
497,1fa77c5e70c321ad771758405ed4cf5e0b04cce36c3d5e2a3a2cefb9f08bfa02,0.4275696873664856,0.4275696873664856,0.0
498,1fa77c5e70c321ad771758405ed4cf5e0b04cce36c3d5e2a3a2cefb9f08bfa02,0.4275696873664856,0.4275696873664856,0.0
499,665b3217ca883d32d13ee4e8f651edd8cedab6272eb8c1c504b68f81181299ee,0.6321543753147125,0.6321543753147125,0.0
500,665b3217ca883d32d13ee4e8f651edd8cedab6272eb8c1c504b68f81181299ee,0.6321543753147125,0.6321543753147125,0.0
501,665b3217ca883d32d13ee4e8f651edd8cedab6272eb8c1c504b68f81181299ee,0.6321543753147125,0.6321543753147125,0.0
502,301e9503013a7e363347273bedce67be436a0b2c54c03ac719ba197579944496,0.5095917880535126,0.5095917880535126,0.0
503,301e9503013a7e363347273bedce67be436a0b2c54c03ac719ba197579944496,0.5095917880535126,0.5095917880535126,0.0
504,301e9503013a7e363347273bedce67be436a0b2c54c03ac719ba197579944496,0.5095917880535126,0.5095917880535126,0.0
505,5fe74624b23052d146f42c9071b11af3e07eba4c0f8b24c4fe28d3e23310b3f1,0.5690854489803314,0.5690854489803314,0.0
506,5fe74624b23052d146f42c9071b11af3e07eba4c0f8b24c4fe28d3e23310b3f1,0.5690854489803314,0.5690854489803314,0.0
507,5fe74624b23052d146f42c9071b11af3e07eba4c0f8b24c4fe28d3e23310b3f1,0.5690854489803314,0.5690854489803314,0.0
508,40ff37d612ece7781822d347748be911272a892da7a65f821ba5e84310dcdd8c,0.4601587057113647,0.46015870571136475,5.551115123125783e-17
509,40ff37d612ece7781822d347748be911272a892da7a65f821ba5e84310dcdd8c,0.4601587057113647,0.46015870571136475,5.551115123125783e-17
510,40ff37d612ece7781822d347748be911272a892da7a65f821ba5e84310dcdd8c,0.4601587057113647,0.46015870571136475,5.551115123125783e-17
511,38581e7f455acd1a0cc09628c9f175ee5d0d3459e080e06568bfc74d373ef479,0.4642252922058105,0.46422529220581055,5.551115123125783e-17
512,38581e7f455acd1a0cc09628c9f175ee5d0d3459e080e06568bfc74d373ef479,0.4642252922058105,0.46422529220581055,5.551115123125783e-17
513,38581e7f455acd1a0cc09628c9f175ee5d0d3459e080e06568bfc74d373ef479,0.4642252922058105,0.46422529220581055,5.551115123125783e-17
514,5bd693a997ceb24fbb304d8729e61d64c6cdeecc1a3e2565f07d74adb44fdbdd,0.553149551153183,0.553149551153183,0.0
515,5bd693a997ceb24fbb304d8729e61d64c6cdeecc1a3e2565f07d74adb44fdbdd,0.553149551153183,0.553149551153183,0.0
516,5bd693a997ceb24fbb304d8729e61d64c6cdeecc1a3e2565f07d74adb44fdbdd,0.553149551153183,0.553149551153183,0.0
517,5fd4d39b393483dfbcefa8d9bb1bc56d5d39e40bc0e737e99c517247a095fece,0.547448456287384,0.547448456287384,0.0
518,5fd4d39b393483dfbcefa8d9bb1bc56d5d39e40bc0e737e99c517247a095fece,0.547448456287384,0.547448456287384,0.0
519,5fd4d39b393483dfbcefa8d9bb1bc56d5d39e40bc0e737e99c517247a095fece,0.547448456287384,0.547448456287384,0.0
520,98599fedf59e7c2eea25ffbf4e3459e6a381eae42a68da392b684c1c80d097e0,0.653132975101471,0.653132975101471,0.0
521,98599fedf59e7c2eea25ffbf4e3459e6a381eae42a68da392b684c1c80d097e0,0.653132975101471,0.653132975101471,0.0
522,98599fedf59e7c2eea25ffbf4e3459e6a381eae42a68da392b684c1c80d097e0,0.653132975101471,0.653132975101471,0.0
523,13fe6c97315670f1c119048138f7afcbf6ee2147b9ce89bf33c72a80729160d4,0.5526178777217865,0.5526178777217865,0.0
524,13fe6c97315670f1c119048138f7afcbf6ee2147b9ce89bf33c72a80729160d4,0.5526178777217865,0.5526178777217865,0.0
525,13fe6c97315670f1c119048138f7afcbf6ee2147b9ce89bf33c72a80729160d4,0.5526178777217865,0.5526178777217865,0.0
526,62af7fd153f77aec3a347f5a0ca33549f7f9b2c6fadc0d36f854f0d87ebe4402,0.5448702573776245,0.5448702573776245,0.0
527,62af7fd153f77aec3a347f5a0ca33549f7f9b2c6fadc0d36f854f0d87ebe4402,0.5448702573776245,0.5448702573776245,0.0
528,62af7fd153f77aec3a347f5a0ca33549f7f9b2c6fadc0d36f854f0d87ebe4402,0.5448702573776245,0.5448702573776245,0.0
529,e9477814f0f26886b973e432e8ff6c97668082d0b9fb9162827a1d1f9983626b,0.5849125683307648,0.5849125683307648,0.0
530,e9477814f0f26886b973e432e8ff6c97668082d0b9fb9162827a1d1f9983626b,0.5849125683307648,0.5849125683307648,0.0
531,e9477814f0f26886b973e432e8ff6c97668082d0b9fb9162827a1d1f9983626b,0.5849125683307648,0.5849125683307648,0.0
532,6f2b20bd4c31c3933f8dda9eaef71a32e5d50b4a26f86bf18997b2c1d2ead1c8,0.4691104292869568,0.4691104292869568,0.0
533,6f2b20bd4c31c3933f8dda9eaef71a32e5d50b4a26f86bf18997b2c1d2ead1c8,0.4691104292869568,0.4691104292869568,0.0
534,6f2b20bd4c31c3933f8dda9eaef71a32e5d50b4a26f86bf18997b2c1d2ead1c8,0.4691104292869568,0.4691104292869568,0.0
535,5261317cdd1655d566f5dbaf107e5f832cbe05d243181c4006eb13cb52eee7d6,0.5666052997112274,0.5666052997112274,0.0
536,5261317cdd1655d566f5dbaf107e5f832cbe05d243181c4006eb13cb52eee7d6,0.5666052997112274,0.5666052997112274,0.0
537,5261317cdd1655d566f5dbaf107e5f832cbe05d243181c4006eb13cb52eee7d6,0.5666052997112274,0.5666052997112274,0.0
538,be7d354df185b168b63e063f737bb89ce620ef503397261484f48022589381f1,0.5838177800178528,0.5838177800178528,0.0
539,be7d354df185b168b63e063f737bb89ce620ef503397261484f48022589381f1,0.5838177800178528,0.5838177800178528,0.0
540,be7d354df185b168b63e063f737bb89ce620ef503397261484f48022589381f1,0.5838177800178528,0.5838177800178528,0.0
541,7c230f4a86999a8e9785a34d6aed9a585c8c5a7e0fd36f49cbedd77d193dea68,0.4992444515228271,0.49924445152282715,5.551115123125783e-17
542,7c230f4a86999a8e9785a34d6aed9a585c8c5a7e0fd36f49cbedd77d193dea68,0.4992444515228271,0.49924445152282715,5.551115123125783e-17
543,7c230f4a86999a8e9785a34d6aed9a585c8c5a7e0fd36f49cbedd77d193dea68,0.4992444515228271,0.49924445152282715,5.551115123125783e-17
544,f43b59f6a3884231723c320e2033c5984bc48d3749c9a3a6eac097c736c26bf7,0.5048875510692596,0.5048875510692596,0.0
545,f43b59f6a3884231723c320e2033c5984bc48d3749c9a3a6eac097c736c26bf7,0.5048875510692596,0.5048875510692596,0.0
546,f43b59f6a3884231723c320e2033c5984bc48d3749c9a3a6eac097c736c26bf7,0.5048875510692596,0.5048875510692596,0.0
547,5b3b9d28f77eb18048d573e2709f048f7c1dc8f79fcd039faa62fee994ae7c97,0.5708537399768829,0.5708537399768829,0.0
548,5b3b9d28f77eb18048d573e2709f048f7c1dc8f79fcd039faa62fee994ae7c97,0.5708537399768829,0.5708537399768829,0.0
549,5b3b9d28f77eb18048d573e2709f048f7c1dc8f79fcd039faa62fee994ae7c97,0.5708537399768829,0.5708537399768829,0.0
550,c2b6b86f328b992b0911e618685e51ac716c863df62949e99285e0fc3d0b1541,0.7321097254753113,0.7321097254753113,0.0
551,c2b6b86f328b992b0911e618685e51ac716c863df62949e99285e0fc3d0b1541,0.7321097254753113,0.7321097254753113,0.0
552,c2b6b86f328b992b0911e618685e51ac716c863df62949e99285e0fc3d0b1541,0.7321097254753113,0.7321097254753113,0.0
553,687b80e526e5223e6b556d770cf28be791bb188203d5c9d6dd54b58f9f66042b,0.6245249509811401,0.6245249509811401,0.0
554,687b80e526e5223e6b556d770cf28be791bb188203d5c9d6dd54b58f9f66042b,0.6245249509811401,0.6245249509811401,0.0
555,687b80e526e5223e6b556d770cf28be791bb188203d5c9d6dd54b58f9f66042b,0.6245249509811401,0.6245249509811401,0.0
556,4c3895a76c51e4464751cf1c95077db7ef2486b72c80d1f519191e68c9a6eb2f,0.633470356464386,0.633470356464386,0.0
557,4c3895a76c51e4464751cf1c95077db7ef2486b72c80d1f519191e68c9a6eb2f,0.633470356464386,0.633470356464386,0.0
558,4c3895a76c51e4464751cf1c95077db7ef2486b72c80d1f519191e68c9a6eb2f,0.633470356464386,0.633470356464386,0.0
559,b121bd7530093c275b588afd8b9a3c10ab587aa32878e2c11195d18de8c82f7f,0.7728477120399475,0.7728477120399475,0.0
560,b121bd7530093c275b588afd8b9a3c10ab587aa32878e2c11195d18de8c82f7f,0.7728477120399475,0.7728477120399475,0.0
561,b121bd7530093c275b588afd8b9a3c10ab587aa32878e2c11195d18de8c82f7f,0.7728477120399475,0.7728477120399475,0.0
562,f220652d3f0d1c0d55fe0402e772652dd84ac81a5ca7599d524d41bb51e0700c,0.7157778441905975,0.7157778441905975,0.0
563,f220652d3f0d1c0d55fe0402e772652dd84ac81a5ca7599d524d41bb51e0700c,0.7157778441905975,0.7157778441905975,0.0
564,f220652d3f0d1c0d55fe0402e772652dd84ac81a5ca7599d524d41bb51e0700c,0.7157778441905975,0.7157778441905975,0.0
565,3fd913da9d61773b687db752bc7ac5ac0b1408bfb669eac6ec57bedc76120540,0.4009608030319214,0.4009608030319214,0.0
566,3fd913da9d61773b687db752bc7ac5ac0b1408bfb669eac6ec57bedc76120540,0.4009608030319214,0.4009608030319214,0.0
567,3fd913da9d61773b687db752bc7ac5ac0b1408bfb669eac6ec57bedc76120540,0.4009608030319214,0.4009608030319214,0.0
568,431800953a926879b41a843c589ca9dd45e21cd6eb1e2ed8f7897f0c4e83883b,0.5700287818908691,0.5700287818908691,0.0
569,431800953a926879b41a843c589ca9dd45e21cd6eb1e2ed8f7897f0c4e83883b,0.5700287818908691,0.5700287818908691,0.0
570,431800953a926879b41a843c589ca9dd45e21cd6eb1e2ed8f7897f0c4e83883b,0.5700287818908691,0.5700287818908691,0.0
571,f7643325e73c38274a0dd3ffb8aa89a905b7bdd4db4a071b7565daf864a57e35,0.4906048774719238,0.49060487747192383,5.551115123125783e-17
572,f7643325e73c38274a0dd3ffb8aa89a905b7bdd4db4a071b7565daf864a57e35,0.4906048774719238,0.49060487747192383,5.551115123125783e-17
573,f7643325e73c38274a0dd3ffb8aa89a905b7bdd4db4a071b7565daf864a57e35,0.4906048774719238,0.49060487747192383,5.551115123125783e-17
574,131e12eb4f9bbbf4f0482e5fd976a9609bfcce62aaf1356129c19a7996d37a70,0.4820117950439453,0.4820117950439453,0.0
575,131e12eb4f9bbbf4f0482e5fd976a9609bfcce62aaf1356129c19a7996d37a70,0.4820117950439453,0.4820117950439453,0.0
576,131e12eb4f9bbbf4f0482e5fd976a9609bfcce62aaf1356129c19a7996d37a70,0.4820117950439453,0.4820117950439453,0.0
577,9d94db9236d7fb0b554eea3232836e981e3733e9b241941dd8e8e66c59ad3cd8,0.4809057712554931,0.48090577125549316,5.551115123125783e-17
578,9d94db9236d7fb0b554eea3232836e981e3733e9b241941dd8e8e66c59ad3cd8,0.4809057712554931,0.48090577125549316,5.551115123125783e-17
579,9d94db9236d7fb0b554eea3232836e981e3733e9b241941dd8e8e66c59ad3cd8,0.4809057712554931,0.48090577125549316,5.551115123125783e-17
580,cce8f513665e7f115b390ce0c8013d625e543cc3ca9175ca808ba225ddde1746,0.374599814414978,0.374599814414978,0.0
581,cce8f513665e7f115b390ce0c8013d625e543cc3ca9175ca808ba225ddde1746,0.374599814414978,0.374599814414978,0.0
582,cce8f513665e7f115b390ce0c8013d625e543cc3ca9175ca808ba225ddde1746,0.374599814414978,0.374599814414978,0.0
583,9a4f43cfbc8fd31952ee723e8a0a78d9298282aa85f91bcf0bd50e04c21dbc21,0.6073699295520782,0.6073699295520782,0.0
584,9a4f43cfbc8fd31952ee723e8a0a78d9298282aa85f91bcf0bd50e04c21dbc21,0.6073699295520782,0.6073699295520782,0.0
585,9a4f43cfbc8fd31952ee723e8a0a78d9298282aa85f91bcf0bd50e04c21dbc21,0.6073699295520782,0.6073699295520782,0.0
586,1fa77c5e70c321ad771758405ed4cf5e0b04cce36c3d5e2a3a2cefb9f08bfa02,0.4275696873664856,0.4275696873664856,0.0
587,1fa77c5e70c321ad771758405ed4cf5e0b04cce36c3d5e2a3a2cefb9f08bfa02,0.4275696873664856,0.4275696873664856,0.0
588,1fa77c5e70c321ad771758405ed4cf5e0b04cce36c3d5e2a3a2cefb9f08bfa02,0.4275696873664856,0.4275696873664856,0.0
589,665b3217ca883d32d13ee4e8f651edd8cedab6272eb8c1c504b68f81181299ee,0.6321543753147125,0.6321543753147125,0.0
590,665b3217ca883d32d13ee4e8f651edd8cedab6272eb8c1c504b68f81181299ee,0.6321543753147125,0.6321543753147125,0.0
591,665b3217ca883d32d13ee4e8f651edd8cedab6272eb8c1c504b68f81181299ee,0.6321543753147125,0.6321543753147125,0.0
592,301e9503013a7e363347273bedce67be436a0b2c54c03ac719ba197579944496,0.5095917880535126,0.5095917880535126,0.0
593,301e9503013a7e363347273bedce67be436a0b2c54c03ac719ba197579944496,0.5095917880535126,0.5095917880535126,0.0
594,301e9503013a7e363347273bedce67be436a0b2c54c03ac719ba197579944496,0.5095917880535126,0.5095917880535126,0.0
595,5fe74624b23052d146f42c9071b11af3e07eba4c0f8b24c4fe28d3e23310b3f1,0.5690854489803314,0.5690854489803314,0.0
596,5fe74624b23052d146f42c9071b11af3e07eba4c0f8b24c4fe28d3e23310b3f1,0.5690854489803314,0.5690854489803314,0.0
597,5fe74624b23052d146f42c9071b11af3e07eba4c0f8b24c4fe28d3e23310b3f1,0.5690854489803314,0.5690854489803314,0.0
598,40ff37d612ece7781822d347748be911272a892da7a65f821ba5e84310dcdd8c,0.4601587057113647,0.46015870571136475,5.551115123125783e-17
599,40ff37d612ece7781822d347748be911272a892da7a65f821ba5e84310dcdd8c,0.4601587057113647,0.46015870571136475,5.551115123125783e-17
600,40ff37d612ece7781822d347748be911272a892da7a65f821ba5e84310dcdd8c,0.4601587057113647,0.46015870571136475,5.551115123125783e-17
601,38581e7f455acd1a0cc09628c9f175ee5d0d3459e080e06568bfc74d373ef479,0.4642252922058105,0.46422529220581055,5.551115123125783e-17
602,38581e7f455acd1a0cc09628c9f175ee5d0d3459e080e06568bfc74d373ef479,0.4642252922058105,0.46422529220581055,5.551115123125783e-17
603,38581e7f455acd1a0cc09628c9f175ee5d0d3459e080e06568bfc74d373ef479,0.4642252922058105,0.46422529220581055,5.551115123125783e-17
604,5bd693a997ceb24fbb304d8729e61d64c6cdeecc1a3e2565f07d74adb44fdbdd,0.553149551153183,0.553149551153183,0.0
605,5bd693a997ceb24fbb304d8729e61d64c6cdeecc1a3e2565f07d74adb44fdbdd,0.553149551153183,0.553149551153183,0.0
606,5bd693a997ceb24fbb304d8729e61d64c6cdeecc1a3e2565f07d74adb44fdbdd,0.553149551153183,0.553149551153183,0.0
607,5fd4d39b393483dfbcefa8d9bb1bc56d5d39e40bc0e737e99c517247a095fece,0.547448456287384,0.547448456287384,0.0
608,5fd4d39b393483dfbcefa8d9bb1bc56d5d39e40bc0e737e99c517247a095fece,0.547448456287384,0.547448456287384,0.0
609,5fd4d39b393483dfbcefa8d9bb1bc56d5d39e40bc0e737e99c517247a095fece,0.547448456287384,0.547448456287384,0.0
610,98599fedf59e7c2eea25ffbf4e3459e6a381eae42a68da392b684c1c80d097e0,0.653132975101471,0.653132975101471,0.0
611,98599fedf59e7c2eea25ffbf4e3459e6a381eae42a68da392b684c1c80d097e0,0.653132975101471,0.653132975101471,0.0
612,98599fedf59e7c2eea25ffbf4e3459e6a381eae42a68da392b684c1c80d097e0,0.653132975101471,0.653132975101471,0.0
613,13fe6c97315670f1c119048138f7afcbf6ee2147b9ce89bf33c72a80729160d4,0.5526178777217865,0.5526178777217865,0.0
614,13fe6c97315670f1c119048138f7afcbf6ee2147b9ce89bf33c72a80729160d4,0.5526178777217865,0.5526178777217865,0.0
615,13fe6c97315670f1c119048138f7afcbf6ee2147b9ce89bf33c72a80729160d4,0.5526178777217865,0.5526178777217865,0.0
616,62af7fd153f77aec3a347f5a0ca33549f7f9b2c6fadc0d36f854f0d87ebe4402,0.5448702573776245,0.5448702573776245,0.0
617,62af7fd153f77aec3a347f5a0ca33549f7f9b2c6fadc0d36f854f0d87ebe4402,0.5448702573776245,0.5448702573776245,0.0
618,62af7fd153f77aec3a347f5a0ca33549f7f9b2c6fadc0d36f854f0d87ebe4402,0.5448702573776245,0.5448702573776245,0.0
619,e9477814f0f26886b973e432e8ff6c97668082d0b9fb9162827a1d1f9983626b,0.5849125683307648,0.5849125683307648,0.0
620,e9477814f0f26886b973e432e8ff6c97668082d0b9fb9162827a1d1f9983626b,0.5849125683307648,0.5849125683307648,0.0
621,e9477814f0f26886b973e432e8ff6c97668082d0b9fb9162827a1d1f9983626b,0.5849125683307648,0.5849125683307648,0.0
622,6f2b20bd4c31c3933f8dda9eaef71a32e5d50b4a26f86bf18997b2c1d2ead1c8,0.4691104292869568,0.4691104292869568,0.0
623,6f2b20bd4c31c3933f8dda9eaef71a32e5d50b4a26f86bf18997b2c1d2ead1c8,0.4691104292869568,0.4691104292869568,0.0
624,6f2b20bd4c31c3933f8dda9eaef71a32e5d50b4a26f86bf18997b2c1d2ead1c8,0.4691104292869568,0.4691104292869568,0.0
625,5261317cdd1655d566f5dbaf107e5f832cbe05d243181c4006eb13cb52eee7d6,0.5666052997112274,0.5666052997112274,0.0
626,5261317cdd1655d566f5dbaf107e5f832cbe05d243181c4006eb13cb52eee7d6,0.5666052997112274,0.5666052997112274,0.0
627,5261317cdd1655d566f5dbaf107e5f832cbe05d243181c4006eb13cb52eee7d6,0.5666052997112274,0.5666052997112274,0.0
628,be7d354df185b168b63e063f737bb89ce620ef503397261484f48022589381f1,0.5838177800178528,0.5838177800178528,0.0
629,be7d354df185b168b63e063f737bb89ce620ef503397261484f48022589381f1,0.5838177800178528,0.5838177800178528,0.0
630,be7d354df185b168b63e063f737bb89ce620ef503397261484f48022589381f1,0.5838177800178528,0.5838177800178528,0.0
631,7c230f4a86999a8e9785a34d6aed9a585c8c5a7e0fd36f49cbedd77d193dea68,0.4992444515228271,0.49924445152282715,5.551115123125783e-17
632,7c230f4a86999a8e9785a34d6aed9a585c8c5a7e0fd36f49cbedd77d193dea68,0.4992444515228271,0.49924445152282715,5.551115123125783e-17
633,7c230f4a86999a8e9785a34d6aed9a585c8c5a7e0fd36f49cbedd77d193dea68,0.4992444515228271,0.49924445152282715,5.551115123125783e-17
634,f43b59f6a3884231723c320e2033c5984bc48d3749c9a3a6eac097c736c26bf7,0.5048875510692596,0.5048875510692596,0.0
635,f43b59f6a3884231723c320e2033c5984bc48d3749c9a3a6eac097c736c26bf7,0.5048875510692596,0.5048875510692596,0.0
636,f43b59f6a3884231723c320e2033c5984bc48d3749c9a3a6eac097c736c26bf7,0.5048875510692596,0.5048875510692596,0.0
637,5b3b9d28f77eb18048d573e2709f048f7c1dc8f79fcd039faa62fee994ae7c97,0.5708537399768829,0.5708537399768829,0.0
638,5b3b9d28f77eb18048d573e2709f048f7c1dc8f79fcd039faa62fee994ae7c97,0.5708537399768829,0.5708537399768829,0.0
639,5b3b9d28f77eb18048d573e2709f048f7c1dc8f79fcd039faa62fee994ae7c97,0.5708537399768829,0.5708537399768829,0.0
640,c2b6b86f328b992b0911e618685e51ac716c863df62949e99285e0fc3d0b1541,0.7321097254753113,0.7321097254753113,0.0
641,c2b6b86f328b992b0911e618685e51ac716c863df62949e99285e0fc3d0b1541,0.7321097254753113,0.7321097254753113,0.0
642,c2b6b86f328b992b0911e618685e51ac716c863df62949e99285e0fc3d0b1541,0.7321097254753113,0.7321097254753113,0.0
643,687b80e526e5223e6b556d770cf28be791bb188203d5c9d6dd54b58f9f66042b,0.6245249509811401,0.6245249509811401,0.0
644,687b80e526e5223e6b556d770cf28be791bb188203d5c9d6dd54b58f9f66042b,0.6245249509811401,0.6245249509811401,0.0
645,687b80e526e5223e6b556d770cf28be791bb188203d5c9d6dd54b58f9f66042b,0.6245249509811401,0.6245249509811401,0.0
646,4c3895a76c51e4464751cf1c95077db7ef2486b72c80d1f519191e68c9a6eb2f,0.633470356464386,0.633470356464386,0.0
647,4c3895a76c51e4464751cf1c95077db7ef2486b72c80d1f519191e68c9a6eb2f,0.633470356464386,0.633470356464386,0.0
648,4c3895a76c51e4464751cf1c95077db7ef2486b72c80d1f519191e68c9a6eb2f,0.633470356464386,0.633470356464386,0.0
649,b121bd7530093c275b588afd8b9a3c10ab587aa32878e2c11195d18de8c82f7f,0.7728477120399475,0.7728477120399475,0.0
650,b121bd7530093c275b588afd8b9a3c10ab587aa32878e2c11195d18de8c82f7f,0.7728477120399475,0.7728477120399475,0.0
651,b121bd7530093c275b588afd8b9a3c10ab587aa32878e2c11195d18de8c82f7f,0.7728477120399475,0.7728477120399475,0.0
652,f220652d3f0d1c0d55fe0402e772652dd84ac81a5ca7599d524d41bb51e0700c,0.7157778441905975,0.7157778441905975,0.0
653,f220652d3f0d1c0d55fe0402e772652dd84ac81a5ca7599d524d41bb51e0700c,0.7157778441905975,0.7157778441905975,0.0
654,f220652d3f0d1c0d55fe0402e772652dd84ac81a5ca7599d524d41bb51e0700c,0.7157778441905975,0.7157778441905975,0.0
655,3fd913da9d61773b687db752bc7ac5ac0b1408bfb669eac6ec57bedc76120540,0.4009608030319214,0.4009608030319214,0.0
656,3fd913da9d61773b687db752bc7ac5ac0b1408bfb669eac6ec57bedc76120540,0.4009608030319214,0.4009608030319214,0.0
657,3fd913da9d61773b687db752bc7ac5ac0b1408bfb669eac6ec57bedc76120540,0.4009608030319214,0.4009608030319214,0.0
658,431800953a926879b41a843c589ca9dd45e21cd6eb1e2ed8f7897f0c4e83883b,0.5700287818908691,0.5700287818908691,0.0
659,431800953a926879b41a843c589ca9dd45e21cd6eb1e2ed8f7897f0c4e83883b,0.5700287818908691,0.5700287818908691,0.0
660,431800953a926879b41a843c589ca9dd45e21cd6eb1e2ed8f7897f0c4e83883b,0.5700287818908691,0.5700287818908691,0.0
661,f7643325e73c38274a0dd3ffb8aa89a905b7bdd4db4a071b7565daf864a57e35,0.4906048774719238,0.49060487747192383,5.551115123125783e-17
662,f7643325e73c38274a0dd3ffb8aa89a905b7bdd4db4a071b7565daf864a57e35,0.4906048774719238,0.49060487747192383,5.551115123125783e-17
663,f7643325e73c38274a0dd3ffb8aa89a905b7bdd4db4a071b7565daf864a57e35,0.4906048774719238,0.49060487747192383,5.551115123125783e-17
664,131e12eb4f9bbbf4f0482e5fd976a9609bfcce62aaf1356129c19a7996d37a70,0.4820117950439453,0.4820117950439453,0.0
665,131e12eb4f9bbbf4f0482e5fd976a9609bfcce62aaf1356129c19a7996d37a70,0.4820117950439453,0.4820117950439453,0.0
666,131e12eb4f9bbbf4f0482e5fd976a9609bfcce62aaf1356129c19a7996d37a70,0.4820117950439453,0.4820117950439453,0.0
667,9d94db9236d7fb0b554eea3232836e981e3733e9b241941dd8e8e66c59ad3cd8,0.4809057712554931,0.48090577125549316,5.551115123125783e-17
668,9d94db9236d7fb0b554eea3232836e981e3733e9b241941dd8e8e66c59ad3cd8,0.4809057712554931,0.48090577125549316,5.551115123125783e-17
669,9d94db9236d7fb0b554eea3232836e981e3733e9b241941dd8e8e66c59ad3cd8,0.4809057712554931,0.48090577125549316,5.551115123125783e-17
670,cce8f513665e7f115b390ce0c8013d625e543cc3ca9175ca808ba225ddde1746,0.374599814414978,0.374599814414978,0.0
671,cce8f513665e7f115b390ce0c8013d625e543cc3ca9175ca808ba225ddde1746,0.374599814414978,0.374599814414978,0.0
672,cce8f513665e7f115b390ce0c8013d625e543cc3ca9175ca808ba225ddde1746,0.374599814414978,0.374599814414978,0.0
673,9a4f43cfbc8fd31952ee723e8a0a78d9298282aa85f91bcf0bd50e04c21dbc21,0.6073699295520782,0.6073699295520782,0.0
674,9a4f43cfbc8fd31952ee723e8a0a78d9298282aa85f91bcf0bd50e04c21dbc21,0.6073699295520782,0.6073699295520782,0.0
675,9a4f43cfbc8fd31952ee723e8a0a78d9298282aa85f91bcf0bd50e04c21dbc21,0.6073699295520782,0.6073699295520782,0.0
676,1fa77c5e70c321ad771758405ed4cf5e0b04cce36c3d5e2a3a2cefb9f08bfa02,0.4275696873664856,0.4275696873664856,0.0
677,1fa77c5e70c321ad771758405ed4cf5e0b04cce36c3d5e2a3a2cefb9f08bfa02,0.4275696873664856,0.4275696873664856,0.0
678,1fa77c5e70c321ad771758405ed4cf5e0b04cce36c3d5e2a3a2cefb9f08bfa02,0.4275696873664856,0.4275696873664856,0.0
679,665b3217ca883d32d13ee4e8f651edd8cedab6272eb8c1c504b68f81181299ee,0.6321543753147125,0.6321543753147125,0.0
680,665b3217ca883d32d13ee4e8f651edd8cedab6272eb8c1c504b68f81181299ee,0.6321543753147125,0.6321543753147125,0.0
681,665b3217ca883d32d13ee4e8f651edd8cedab6272eb8c1c504b68f81181299ee,0.6321543753147125,0.6321543753147125,0.0
682,301e9503013a7e363347273bedce67be436a0b2c54c03ac719ba197579944496,0.5095917880535126,0.5095917880535126,0.0
683,301e9503013a7e363347273bedce67be436a0b2c54c03ac719ba197579944496,0.5095917880535126,0.5095917880535126,0.0
684,301e9503013a7e363347273bedce67be436a0b2c54c03ac719ba197579944496,0.5095917880535126,0.5095917880535126,0.0
685,5fe74624b23052d146f42c9071b11af3e07eba4c0f8b24c4fe28d3e23310b3f1,0.5690854489803314,0.5690854489803314,0.0
686,5fe74624b23052d146f42c9071b11af3e07eba4c0f8b24c4fe28d3e23310b3f1,0.5690854489803314,0.5690854489803314,0.0
687,5fe74624b23052d146f42c9071b11af3e07eba4c0f8b24c4fe28d3e23310b3f1,0.5690854489803314,0.5690854489803314,0.0
688,40ff37d612ece7781822d347748be911272a892da7a65f821ba5e84310dcdd8c,0.4601587057113647,0.46015870571136475,5.551115123125783e-17
689,40ff37d612ece7781822d347748be911272a892da7a65f821ba5e84310dcdd8c,0.4601587057113647,0.46015870571136475,5.551115123125783e-17
690,40ff37d612ece7781822d347748be911272a892da7a65f821ba5e84310dcdd8c,0.4601587057113647,0.46015870571136475,5.551115123125783e-17
691,38581e7f455acd1a0cc09628c9f175ee5d0d3459e080e06568bfc74d373ef479,0.4642252922058105,0.46422529220581055,5.551115123125783e-17
692,38581e7f455acd1a0cc09628c9f175ee5d0d3459e080e06568bfc74d373ef479,0.4642252922058105,0.46422529220581055,5.551115123125783e-17
693,38581e7f455acd1a0cc09628c9f175ee5d0d3459e080e06568bfc74d373ef479,0.4642252922058105,0.46422529220581055,5.551115123125783e-17
694,5bd693a997ceb24fbb304d8729e61d64c6cdeecc1a3e2565f07d74adb44fdbdd,0.553149551153183,0.553149551153183,0.0
695,5bd693a997ceb24fbb304d8729e61d64c6cdeecc1a3e2565f07d74adb44fdbdd,0.553149551153183,0.553149551153183,0.0
696,5bd693a997ceb24fbb304d8729e61d64c6cdeecc1a3e2565f07d74adb44fdbdd,0.553149551153183,0.553149551153183,0.0
697,5fd4d39b393483dfbcefa8d9bb1bc56d5d39e40bc0e737e99c517247a095fece,0.547448456287384,0.547448456287384,0.0
698,5fd4d39b393483dfbcefa8d9bb1bc56d5d39e40bc0e737e99c517247a095fece,0.547448456287384,0.547448456287384,0.0
699,5fd4d39b393483dfbcefa8d9bb1bc56d5d39e40bc0e737e99c517247a095fece,0.547448456287384,0.547448456287384,0.0
700,98599fedf59e7c2eea25ffbf4e3459e6a381eae42a68da392b684c1c80d097e0,0.653132975101471,0.653132975101471,0.0
701,98599fedf59e7c2eea25ffbf4e3459e6a381eae42a68da392b684c1c80d097e0,0.653132975101471,0.653132975101471,0.0
702,98599fedf59e7c2eea25ffbf4e3459e6a381eae42a68da392b684c1c80d097e0,0.653132975101471,0.653132975101471,0.0
703,13fe6c97315670f1c119048138f7afcbf6ee2147b9ce89bf33c72a80729160d4,0.5526178777217865,0.5526178777217865,0.0
704,13fe6c97315670f1c119048138f7afcbf6ee2147b9ce89bf33c72a80729160d4,0.5526178777217865,0.5526178777217865,0.0
705,13fe6c97315670f1c119048138f7afcbf6ee2147b9ce89bf33c72a80729160d4,0.5526178777217865,0.5526178777217865,0.0
706,62af7fd153f77aec3a347f5a0ca33549f7f9b2c6fadc0d36f854f0d87ebe4402,0.5448702573776245,0.5448702573776245,0.0
707,62af7fd153f77aec3a347f5a0ca33549f7f9b2c6fadc0d36f854f0d87ebe4402,0.5448702573776245,0.5448702573776245,0.0
708,62af7fd153f77aec3a347f5a0ca33549f7f9b2c6fadc0d36f854f0d87ebe4402,0.5448702573776245,0.5448702573776245,0.0
709,e9477814f0f26886b973e432e8ff6c97668082d0b9fb9162827a1d1f9983626b,0.5849125683307648,0.5849125683307648,0.0
710,e9477814f0f26886b973e432e8ff6c97668082d0b9fb9162827a1d1f9983626b,0.5849125683307648,0.5849125683307648,0.0
711,e9477814f0f26886b973e432e8ff6c97668082d0b9fb9162827a1d1f9983626b,0.5849125683307648,0.5849125683307648,0.0
712,6f2b20bd4c31c3933f8dda9eaef71a32e5d50b4a26f86bf18997b2c1d2ead1c8,0.4691104292869568,0.4691104292869568,0.0
713,6f2b20bd4c31c3933f8dda9eaef71a32e5d50b4a26f86bf18997b2c1d2ead1c8,0.4691104292869568,0.4691104292869568,0.0
714,6f2b20bd4c31c3933f8dda9eaef71a32e5d50b4a26f86bf18997b2c1d2ead1c8,0.4691104292869568,0.4691104292869568,0.0
715,5261317cdd1655d566f5dbaf107e5f832cbe05d243181c4006eb13cb52eee7d6,0.5666052997112274,0.5666052997112274,0.0
716,5261317cdd1655d566f5dbaf107e5f832cbe05d243181c4006eb13cb52eee7d6,0.5666052997112274,0.5666052997112274,0.0
717,5261317cdd1655d566f5dbaf107e5f832cbe05d243181c4006eb13cb52eee7d6,0.5666052997112274,0.5666052997112274,0.0
718,be7d354df185b168b63e063f737bb89ce620ef503397261484f48022589381f1,0.5838177800178528,0.5838177800178528,0.0
719,be7d354df185b168b63e063f737bb89ce620ef503397261484f48022589381f1,0.5838177800178528,0.5838177800178528,0.0
720,be7d354df185b168b63e063f737bb89ce620ef503397261484f48022589381f1,0.5838177800178528,0.5838177800178528,0.0
721,7c230f4a86999a8e9785a34d6aed9a585c8c5a7e0fd36f49cbedd77d193dea68,0.4992444515228271,0.49924445152282715,5.551115123125783e-17
722,7c230f4a86999a8e9785a34d6aed9a585c8c5a7e0fd36f49cbedd77d193dea68,0.4992444515228271,0.49924445152282715,5.551115123125783e-17
723,7c230f4a86999a8e9785a34d6aed9a585c8c5a7e0fd36f49cbedd77d193dea68,0.4992444515228271,0.49924445152282715,5.551115123125783e-17
724,f43b59f6a3884231723c320e2033c5984bc48d3749c9a3a6eac097c736c26bf7,0.5048875510692596,0.5048875510692596,0.0
725,f43b59f6a3884231723c320e2033c5984bc48d3749c9a3a6eac097c736c26bf7,0.5048875510692596,0.5048875510692596,0.0
726,f43b59f6a3884231723c320e2033c5984bc48d3749c9a3a6eac097c736c26bf7,0.5048875510692596,0.5048875510692596,0.0
727,5b3b9d28f77eb18048d573e2709f048f7c1dc8f79fcd039faa62fee994ae7c97,0.5708537399768829,0.5708537399768829,0.0
728,5b3b9d28f77eb18048d573e2709f048f7c1dc8f79fcd039faa62fee994ae7c97,0.5708537399768829,0.5708537399768829,0.0
729,5b3b9d28f77eb18048d573e2709f048f7c1dc8f79fcd039faa62fee994ae7c97,0.5708537399768829,0.5708537399768829,0.0
730,c2b6b86f328b992b0911e618685e51ac716c863df62949e99285e0fc3d0b1541,0.7321097254753113,0.7321097254753113,0.0
731,c2b6b86f328b992b0911e618685e51ac716c863df62949e99285e0fc3d0b1541,0.7321097254753113,0.7321097254753113,0.0
732,c2b6b86f328b992b0911e618685e51ac716c863df62949e99285e0fc3d0b1541,0.7321097254753113,0.7321097254753113,0.0
733,687b80e526e5223e6b556d770cf28be791bb188203d5c9d6dd54b58f9f66042b,0.6245249509811401,0.6245249509811401,0.0
734,687b80e526e5223e6b556d770cf28be791bb188203d5c9d6dd54b58f9f66042b,0.6245249509811401,0.6245249509811401,0.0
735,687b80e526e5223e6b556d770cf28be791bb188203d5c9d6dd54b58f9f66042b,0.6245249509811401,0.6245249509811401,0.0
736,4c3895a76c51e4464751cf1c95077db7ef2486b72c80d1f519191e68c9a6eb2f,0.633470356464386,0.633470356464386,0.0
737,4c3895a76c51e4464751cf1c95077db7ef2486b72c80d1f519191e68c9a6eb2f,0.633470356464386,0.633470356464386,0.0
738,4c3895a76c51e4464751cf1c95077db7ef2486b72c80d1f519191e68c9a6eb2f,0.633470356464386,0.633470356464386,0.0
739,b121bd7530093c275b588afd8b9a3c10ab587aa32878e2c11195d18de8c82f7f,0.7728477120399475,0.7728477120399475,0.0
740,b121bd7530093c275b588afd8b9a3c10ab587aa32878e2c11195d18de8c82f7f,0.7728477120399475,0.7728477120399475,0.0
741,b121bd7530093c275b588afd8b9a3c10ab587aa32878e2c11195d18de8c82f7f,0.7728477120399475,0.7728477120399475,0.0
742,f220652d3f0d1c0d55fe0402e772652dd84ac81a5ca7599d524d41bb51e0700c,0.7157778441905975,0.7157778441905975,0.0
743,f220652d3f0d1c0d55fe0402e772652dd84ac81a5ca7599d524d41bb51e0700c,0.7157778441905975,0.7157778441905975,0.0
744,f220652d3f0d1c0d55fe0402e772652dd84ac81a5ca7599d524d41bb51e0700c,0.7157778441905975,0.7157778441905975,0.0
745,3fd913da9d61773b687db752bc7ac5ac0b1408bfb669eac6ec57bedc76120540,0.4009608030319214,0.4009608030319214,0.0
746,3fd913da9d61773b687db752bc7ac5ac0b1408bfb669eac6ec57bedc76120540,0.4009608030319214,0.4009608030319214,0.0
747,3fd913da9d61773b687db752bc7ac5ac0b1408bfb669eac6ec57bedc76120540,0.4009608030319214,0.4009608030319214,0.0
748,431800953a926879b41a843c589ca9dd45e21cd6eb1e2ed8f7897f0c4e83883b,0.5700287818908691,0.5700287818908691,0.0
749,431800953a926879b41a843c589ca9dd45e21cd6eb1e2ed8f7897f0c4e83883b,0.5700287818908691,0.5700287818908691,0.0
750,431800953a926879b41a843c589ca9dd45e21cd6eb1e2ed8f7897f0c4e83883b,0.5700287818908691,0.5700287818908691,0.0
751,f7643325e73c38274a0dd3ffb8aa89a905b7bdd4db4a071b7565daf864a57e35,0.4906048774719238,0.49060487747192383,5.551115123125783e-17
752,f7643325e73c38274a0dd3ffb8aa89a905b7bdd4db4a071b7565daf864a57e35,0.4906048774719238,0.49060487747192383,5.551115123125783e-17
753,f7643325e73c38274a0dd3ffb8aa89a905b7bdd4db4a071b7565daf864a57e35,0.4906048774719238,0.49060487747192383,5.551115123125783e-17
754,131e12eb4f9bbbf4f0482e5fd976a9609bfcce62aaf1356129c19a7996d37a70,0.4820117950439453,0.4820117950439453,0.0
755,131e12eb4f9bbbf4f0482e5fd976a9609bfcce62aaf1356129c19a7996d37a70,0.4820117950439453,0.4820117950439453,0.0
756,131e12eb4f9bbbf4f0482e5fd976a9609bfcce62aaf1356129c19a7996d37a70,0.4820117950439453,0.4820117950439453,0.0
757,9d94db9236d7fb0b554eea3232836e981e3733e9b241941dd8e8e66c59ad3cd8,0.4809057712554931,0.48090577125549316,5.551115123125783e-17
758,9d94db9236d7fb0b554eea3232836e981e3733e9b241941dd8e8e66c59ad3cd8,0.4809057712554931,0.48090577125549316,5.551115123125783e-17
759,9d94db9236d7fb0b554eea3232836e981e3733e9b241941dd8e8e66c59ad3cd8,0.4809057712554931,0.48090577125549316,5.551115123125783e-17
760,cce8f513665e7f115b390ce0c8013d625e543cc3ca9175ca808ba225ddde1746,0.374599814414978,0.374599814414978,0.0
761,cce8f513665e7f115b390ce0c8013d625e543cc3ca9175ca808ba225ddde1746,0.374599814414978,0.374599814414978,0.0
762,cce8f513665e7f115b390ce0c8013d625e543cc3ca9175ca808ba225ddde1746,0.374599814414978,0.374599814414978,0.0
763,9a4f43cfbc8fd31952ee723e8a0a78d9298282aa85f91bcf0bd50e04c21dbc21,0.6073699295520782,0.6073699295520782,0.0
764,9a4f43cfbc8fd31952ee723e8a0a78d9298282aa85f91bcf0bd50e04c21dbc21,0.6073699295520782,0.6073699295520782,0.0
765,9a4f43cfbc8fd31952ee723e8a0a78d9298282aa85f91bcf0bd50e04c21dbc21,0.6073699295520782,0.6073699295520782,0.0
766,1fa77c5e70c321ad771758405ed4cf5e0b04cce36c3d5e2a3a2cefb9f08bfa02,0.4275696873664856,0.4275696873664856,0.0
767,1fa77c5e70c321ad771758405ed4cf5e0b04cce36c3d5e2a3a2cefb9f08bfa02,0.4275696873664856,0.4275696873664856,0.0
768,1fa77c5e70c321ad771758405ed4cf5e0b04cce36c3d5e2a3a2cefb9f08bfa02,0.4275696873664856,0.4275696873664856,0.0
769,665b3217ca883d32d13ee4e8f651edd8cedab6272eb8c1c504b68f81181299ee,0.6321543753147125,0.6321543753147125,0.0
770,665b3217ca883d32d13ee4e8f651edd8cedab6272eb8c1c504b68f81181299ee,0.6321543753147125,0.6321543753147125,0.0
771,665b3217ca883d32d13ee4e8f651edd8cedab6272eb8c1c504b68f81181299ee,0.6321543753147125,0.6321543753147125,0.0
772,301e9503013a7e363347273bedce67be436a0b2c54c03ac719ba197579944496,0.5095917880535126,0.5095917880535126,0.0
773,301e9503013a7e363347273bedce67be436a0b2c54c03ac719ba197579944496,0.5095917880535126,0.5095917880535126,0.0
774,301e9503013a7e363347273bedce67be436a0b2c54c03ac719ba197579944496,0.5095917880535126,0.5095917880535126,0.0
775,5fe74624b23052d146f42c9071b11af3e07eba4c0f8b24c4fe28d3e23310b3f1,0.5690854489803314,0.5690854489803314,0.0
776,5fe74624b23052d146f42c9071b11af3e07eba4c0f8b24c4fe28d3e23310b3f1,0.5690854489803314,0.5690854489803314,0.0
777,5fe74624b23052d146f42c9071b11af3e07eba4c0f8b24c4fe28d3e23310b3f1,0.5690854489803314,0.5690854489803314,0.0
778,40ff37d612ece7781822d347748be911272a892da7a65f821ba5e84310dcdd8c,0.4601587057113647,0.46015870571136475,5.551115123125783e-17
779,40ff37d612ece7781822d347748be911272a892da7a65f821ba5e84310dcdd8c,0.4601587057113647,0.46015870571136475,5.551115123125783e-17
780,40ff37d612ece7781822d347748be911272a892da7a65f821ba5e84310dcdd8c,0.4601587057113647,0.46015870571136475,5.551115123125783e-17
781,38581e7f455acd1a0cc09628c9f175ee5d0d3459e080e06568bfc74d373ef479,0.4642252922058105,0.46422529220581055,5.551115123125783e-17
782,38581e7f455acd1a0cc09628c9f175ee5d0d3459e080e06568bfc74d373ef479,0.4642252922058105,0.46422529220581055,5.551115123125783e-17
783,38581e7f455acd1a0cc09628c9f175ee5d0d3459e080e06568bfc74d373ef479,0.4642252922058105,0.46422529220581055,5.551115123125783e-17
784,5bd693a997ceb24fbb304d8729e61d64c6cdeecc1a3e2565f07d74adb44fdbdd,0.553149551153183,0.553149551153183,0.0
785,5bd693a997ceb24fbb304d8729e61d64c6cdeecc1a3e2565f07d74adb44fdbdd,0.553149551153183,0.553149551153183,0.0
786,5bd693a997ceb24fbb304d8729e61d64c6cdeecc1a3e2565f07d74adb44fdbdd,0.553149551153183,0.553149551153183,0.0
787,5fd4d39b393483dfbcefa8d9bb1bc56d5d39e40bc0e737e99c517247a095fece,0.547448456287384,0.547448456287384,0.0
788,5fd4d39b393483dfbcefa8d9bb1bc56d5d39e40bc0e737e99c517247a095fece,0.547448456287384,0.547448456287384,0.0
789,5fd4d39b393483dfbcefa8d9bb1bc56d5d39e40bc0e737e99c517247a095fece,0.547448456287384,0.547448456287384,0.0
790,98599fedf59e7c2eea25ffbf4e3459e6a381eae42a68da392b684c1c80d097e0,0.653132975101471,0.653132975101471,0.0
791,98599fedf59e7c2eea25ffbf4e3459e6a381eae42a68da392b684c1c80d097e0,0.653132975101471,0.653132975101471,0.0
792,98599fedf59e7c2eea25ffbf4e3459e6a381eae42a68da392b684c1c80d097e0,0.653132975101471,0.653132975101471,0.0
793,13fe6c97315670f1c119048138f7afcbf6ee2147b9ce89bf33c72a80729160d4,0.5526178777217865,0.5526178777217865,0.0
794,13fe6c97315670f1c119048138f7afcbf6ee2147b9ce89bf33c72a80729160d4,0.5526178777217865,0.5526178777217865,0.0
795,13fe6c97315670f1c119048138f7afcbf6ee2147b9ce89bf33c72a80729160d4,0.5526178777217865,0.5526178777217865,0.0
796,62af7fd153f77aec3a347f5a0ca33549f7f9b2c6fadc0d36f854f0d87ebe4402,0.5448702573776245,0.5448702573776245,0.0
797,62af7fd153f77aec3a347f5a0ca33549f7f9b2c6fadc0d36f854f0d87ebe4402,0.5448702573776245,0.5448702573776245,0.0
798,62af7fd153f77aec3a347f5a0ca33549f7f9b2c6fadc0d36f854f0d87ebe4402,0.5448702573776245,0.5448702573776245,0.0
799,e9477814f0f26886b973e432e8ff6c97668082d0b9fb9162827a1d1f9983626b,0.5849125683307648,0.5849125683307648,0.0
800,e9477814f0f26886b973e432e8ff6c97668082d0b9fb9162827a1d1f9983626b,0.5849125683307648,0.5849125683307648,0.0
801,e9477814f0f26886b973e432e8ff6c97668082d0b9fb9162827a1d1f9983626b,0.5849125683307648,0.5849125683307648,0.0
802,6f2b20bd4c31c3933f8dda9eaef71a32e5d50b4a26f86bf18997b2c1d2ead1c8,0.4691104292869568,0.4691104292869568,0.0
803,6f2b20bd4c31c3933f8dda9eaef71a32e5d50b4a26f86bf18997b2c1d2ead1c8,0.4691104292869568,0.4691104292869568,0.0
804,6f2b20bd4c31c3933f8dda9eaef71a32e5d50b4a26f86bf18997b2c1d2ead1c8,0.4691104292869568,0.4691104292869568,0.0
805,5261317cdd1655d566f5dbaf107e5f832cbe05d243181c4006eb13cb52eee7d6,0.5666052997112274,0.5666052997112274,0.0
806,5261317cdd1655d566f5dbaf107e5f832cbe05d243181c4006eb13cb52eee7d6,0.5666052997112274,0.5666052997112274,0.0
807,5261317cdd1655d566f5dbaf107e5f832cbe05d243181c4006eb13cb52eee7d6,0.5666052997112274,0.5666052997112274,0.0
808,be7d354df185b168b63e063f737bb89ce620ef503397261484f48022589381f1,0.5838177800178528,0.5838177800178528,0.0
809,be7d354df185b168b63e063f737bb89ce620ef503397261484f48022589381f1,0.5838177800178528,0.5838177800178528,0.0
810,be7d354df185b168b63e063f737bb89ce620ef503397261484f48022589381f1,0.5838177800178528,0.5838177800178528,0.0
811,7c230f4a86999a8e9785a34d6aed9a585c8c5a7e0fd36f49cbedd77d193dea68,0.4992444515228271,0.49924445152282715,5.551115123125783e-17
812,7c230f4a86999a8e9785a34d6aed9a585c8c5a7e0fd36f49cbedd77d193dea68,0.4992444515228271,0.49924445152282715,5.551115123125783e-17
813,7c230f4a86999a8e9785a34d6aed9a585c8c5a7e0fd36f49cbedd77d193dea68,0.4992444515228271,0.49924445152282715,5.551115123125783e-17
814,f43b59f6a3884231723c320e2033c5984bc48d3749c9a3a6eac097c736c26bf7,0.5048875510692596,0.5048875510692596,0.0
815,f43b59f6a3884231723c320e2033c5984bc48d3749c9a3a6eac097c736c26bf7,0.5048875510692596,0.5048875510692596,0.0
816,f43b59f6a3884231723c320e2033c5984bc48d3749c9a3a6eac097c736c26bf7,0.5048875510692596,0.5048875510692596,0.0
817,5b3b9d28f77eb18048d573e2709f048f7c1dc8f79fcd039faa62fee994ae7c97,0.5708537399768829,0.5708537399768829,0.0
818,5b3b9d28f77eb18048d573e2709f048f7c1dc8f79fcd039faa62fee994ae7c97,0.5708537399768829,0.5708537399768829,0.0
819,5b3b9d28f77eb18048d573e2709f048f7c1dc8f79fcd039faa62fee994ae7c97,0.5708537399768829,0.5708537399768829,0.0
820,c2b6b86f328b992b0911e618685e51ac716c863df62949e99285e0fc3d0b1541,0.7321097254753113,0.7321097254753113,0.0
821,c2b6b86f328b992b0911e618685e51ac716c863df62949e99285e0fc3d0b1541,0.7321097254753113,0.7321097254753113,0.0
822,c2b6b86f328b992b0911e618685e51ac716c863df62949e99285e0fc3d0b1541,0.7321097254753113,0.7321097254753113,0.0
823,687b80e526e5223e6b556d770cf28be791bb188203d5c9d6dd54b58f9f66042b,0.6245249509811401,0.6245249509811401,0.0
824,687b80e526e5223e6b556d770cf28be791bb188203d5c9d6dd54b58f9f66042b,0.6245249509811401,0.6245249509811401,0.0
825,687b80e526e5223e6b556d770cf28be791bb188203d5c9d6dd54b58f9f66042b,0.6245249509811401,0.6245249509811401,0.0
826,4c3895a76c51e4464751cf1c95077db7ef2486b72c80d1f519191e68c9a6eb2f,0.633470356464386,0.633470356464386,0.0
827,4c3895a76c51e4464751cf1c95077db7ef2486b72c80d1f519191e68c9a6eb2f,0.633470356464386,0.633470356464386,0.0
828,4c3895a76c51e4464751cf1c95077db7ef2486b72c80d1f519191e68c9a6eb2f,0.633470356464386,0.633470356464386,0.0
829,b121bd7530093c275b588afd8b9a3c10ab587aa32878e2c11195d18de8c82f7f,0.7728477120399475,0.7728477120399475,0.0
830,b121bd7530093c275b588afd8b9a3c10ab587aa32878e2c11195d18de8c82f7f,0.7728477120399475,0.7728477120399475,0.0
831,b121bd7530093c275b588afd8b9a3c10ab587aa32878e2c11195d18de8c82f7f,0.7728477120399475,0.7728477120399475,0.0
832,f220652d3f0d1c0d55fe0402e772652dd84ac81a5ca7599d524d41bb51e0700c,0.7157778441905975,0.7157778441905975,0.0
833,f220652d3f0d1c0d55fe0402e772652dd84ac81a5ca7599d524d41bb51e0700c,0.7157778441905975,0.7157778441905975,0.0
834,f220652d3f0d1c0d55fe0402e772652dd84ac81a5ca7599d524d41bb51e0700c,0.7157778441905975,0.7157778441905975,0.0
835,3fd913da9d61773b687db752bc7ac5ac0b1408bfb669eac6ec57bedc76120540,0.4009608030319214,0.4009608030319214,0.0
836,3fd913da9d61773b687db752bc7ac5ac0b1408bfb669eac6ec57bedc76120540,0.4009608030319214,0.4009608030319214,0.0
837,3fd913da9d61773b687db752bc7ac5ac0b1408bfb669eac6ec57bedc76120540,0.4009608030319214,0.4009608030319214,0.0
838,431800953a926879b41a843c589ca9dd45e21cd6eb1e2ed8f7897f0c4e83883b,0.5700287818908691,0.5700287818908691,0.0
839,431800953a926879b41a843c589ca9dd45e21cd6eb1e2ed8f7897f0c4e83883b,0.5700287818908691,0.5700287818908691,0.0
840,431800953a926879b41a843c589ca9dd45e21cd6eb1e2ed8f7897f0c4e83883b,0.5700287818908691,0.5700287818908691,0.0
841,f7643325e73c38274a0dd3ffb8aa89a905b7bdd4db4a071b7565daf864a57e35,0.4906048774719238,0.49060487747192383,5.551115123125783e-17
842,f7643325e73c38274a0dd3ffb8aa89a905b7bdd4db4a071b7565daf864a57e35,0.4906048774719238,0.49060487747192383,5.551115123125783e-17
843,f7643325e73c38274a0dd3ffb8aa89a905b7bdd4db4a071b7565daf864a57e35,0.4906048774719238,0.49060487747192383,5.551115123125783e-17
844,131e12eb4f9bbbf4f0482e5fd976a9609bfcce62aaf1356129c19a7996d37a70,0.4820117950439453,0.4820117950439453,0.0
845,131e12eb4f9bbbf4f0482e5fd976a9609bfcce62aaf1356129c19a7996d37a70,0.4820117950439453,0.4820117950439453,0.0
846,131e12eb4f9bbbf4f0482e5fd976a9609bfcce62aaf1356129c19a7996d37a70,0.4820117950439453,0.4820117950439453,0.0
847,9d94db9236d7fb0b554eea3232836e981e3733e9b241941dd8e8e66c59ad3cd8,0.4809057712554931,0.48090577125549316,5.551115123125783e-17
848,9d94db9236d7fb0b554eea3232836e981e3733e9b241941dd8e8e66c59ad3cd8,0.4809057712554931,0.48090577125549316,5.551115123125783e-17
849,9d94db9236d7fb0b554eea3232836e981e3733e9b241941dd8e8e66c59ad3cd8,0.4809057712554931,0.48090577125549316,5.551115123125783e-17
850,cce8f513665e7f115b390ce0c8013d625e543cc3ca9175ca808ba225ddde1746,0.374599814414978,0.374599814414978,0.0
851,cce8f513665e7f115b390ce0c8013d625e543cc3ca9175ca808ba225ddde1746,0.374599814414978,0.374599814414978,0.0
852,cce8f513665e7f115b390ce0c8013d625e543cc3ca9175ca808ba225ddde1746,0.374599814414978,0.374599814414978,0.0
853,9a4f43cfbc8fd31952ee723e8a0a78d9298282aa85f91bcf0bd50e04c21dbc21,0.6073699295520782,0.6073699295520782,0.0
854,9a4f43cfbc8fd31952ee723e8a0a78d9298282aa85f91bcf0bd50e04c21dbc21,0.6073699295520782,0.6073699295520782,0.0
855,9a4f43cfbc8fd31952ee723e8a0a78d9298282aa85f91bcf0bd50e04c21dbc21,0.6073699295520782,0.6073699295520782,0.0
856,1fa77c5e70c321ad771758405ed4cf5e0b04cce36c3d5e2a3a2cefb9f08bfa02,0.4275696873664856,0.4275696873664856,0.0
857,1fa77c5e70c321ad771758405ed4cf5e0b04cce36c3d5e2a3a2cefb9f08bfa02,0.4275696873664856,0.4275696873664856,0.0
858,1fa77c5e70c321ad771758405ed4cf5e0b04cce36c3d5e2a3a2cefb9f08bfa02,0.4275696873664856,0.4275696873664856,0.0
859,665b3217ca883d32d13ee4e8f651edd8cedab6272eb8c1c504b68f81181299ee,0.6321543753147125,0.6321543753147125,0.0
860,665b3217ca883d32d13ee4e8f651edd8cedab6272eb8c1c504b68f81181299ee,0.6321543753147125,0.6321543753147125,0.0
861,665b3217ca883d32d13ee4e8f651edd8cedab6272eb8c1c504b68f81181299ee,0.6321543753147125,0.6321543753147125,0.0
862,301e9503013a7e363347273bedce67be436a0b2c54c03ac719ba197579944496,0.5095917880535126,0.5095917880535126,0.0
863,301e9503013a7e363347273bedce67be436a0b2c54c03ac719ba197579944496,0.5095917880535126,0.5095917880535126,0.0
864,301e9503013a7e363347273bedce67be436a0b2c54c03ac719ba197579944496,0.5095917880535126,0.5095917880535126,0.0
865,5fe74624b23052d146f42c9071b11af3e07eba4c0f8b24c4fe28d3e23310b3f1,0.5690854489803314,0.5690854489803314,0.0
866,5fe74624b23052d146f42c9071b11af3e07eba4c0f8b24c4fe28d3e23310b3f1,0.5690854489803314,0.5690854489803314,0.0
867,5fe74624b23052d146f42c9071b11af3e07eba4c0f8b24c4fe28d3e23310b3f1,0.5690854489803314,0.5690854489803314,0.0
868,40ff37d612ece7781822d347748be911272a892da7a65f821ba5e84310dcdd8c,0.4601587057113647,0.46015870571136475,5.551115123125783e-17
869,40ff37d612ece7781822d347748be911272a892da7a65f821ba5e84310dcdd8c,0.4601587057113647,0.46015870571136475,5.551115123125783e-17
870,40ff37d612ece7781822d347748be911272a892da7a65f821ba5e84310dcdd8c,0.4601587057113647,0.46015870571136475,5.551115123125783e-17
871,38581e7f455acd1a0cc09628c9f175ee5d0d3459e080e06568bfc74d373ef479,0.4642252922058105,0.46422529220581055,5.551115123125783e-17
872,38581e7f455acd1a0cc09628c9f175ee5d0d3459e080e06568bfc74d373ef479,0.4642252922058105,0.46422529220581055,5.551115123125783e-17
873,38581e7f455acd1a0cc09628c9f175ee5d0d3459e080e06568bfc74d373ef479,0.4642252922058105,0.46422529220581055,5.551115123125783e-17
874,5bd693a997ceb24fbb304d8729e61d64c6cdeecc1a3e2565f07d74adb44fdbdd,0.553149551153183,0.553149551153183,0.0
875,5bd693a997ceb24fbb304d8729e61d64c6cdeecc1a3e2565f07d74adb44fdbdd,0.553149551153183,0.553149551153183,0.0
876,5bd693a997ceb24fbb304d8729e61d64c6cdeecc1a3e2565f07d74adb44fdbdd,0.553149551153183,0.553149551153183,0.0
877,5fd4d39b393483dfbcefa8d9bb1bc56d5d39e40bc0e737e99c517247a095fece,0.547448456287384,0.547448456287384,0.0
878,5fd4d39b393483dfbcefa8d9bb1bc56d5d39e40bc0e737e99c517247a095fece,0.547448456287384,0.547448456287384,0.0
879,5fd4d39b393483dfbcefa8d9bb1bc56d5d39e40bc0e737e99c517247a095fece,0.547448456287384,0.547448456287384,0.0
880,98599fedf59e7c2eea25ffbf4e3459e6a381eae42a68da392b684c1c80d097e0,0.653132975101471,0.653132975101471,0.0
881,98599fedf59e7c2eea25ffbf4e3459e6a381eae42a68da392b684c1c80d097e0,0.653132975101471,0.653132975101471,0.0
882,98599fedf59e7c2eea25ffbf4e3459e6a381eae42a68da392b684c1c80d097e0,0.653132975101471,0.653132975101471,0.0
883,13fe6c97315670f1c119048138f7afcbf6ee2147b9ce89bf33c72a80729160d4,0.5526178777217865,0.5526178777217865,0.0
884,13fe6c97315670f1c119048138f7afcbf6ee2147b9ce89bf33c72a80729160d4,0.5526178777217865,0.5526178777217865,0.0
885,13fe6c97315670f1c119048138f7afcbf6ee2147b9ce89bf33c72a80729160d4,0.5526178777217865,0.5526178777217865,0.0
886,62af7fd153f77aec3a347f5a0ca33549f7f9b2c6fadc0d36f854f0d87ebe4402,0.5448702573776245,0.5448702573776245,0.0
887,62af7fd153f77aec3a347f5a0ca33549f7f9b2c6fadc0d36f854f0d87ebe4402,0.5448702573776245,0.5448702573776245,0.0
888,62af7fd153f77aec3a347f5a0ca33549f7f9b2c6fadc0d36f854f0d87ebe4402,0.5448702573776245,0.5448702573776245,0.0
889,e9477814f0f26886b973e432e8ff6c97668082d0b9fb9162827a1d1f9983626b,0.5849125683307648,0.5849125683307648,0.0
890,e9477814f0f26886b973e432e8ff6c97668082d0b9fb9162827a1d1f9983626b,0.5849125683307648,0.5849125683307648,0.0
891,e9477814f0f26886b973e432e8ff6c97668082d0b9fb9162827a1d1f9983626b,0.5849125683307648,0.5849125683307648,0.0
892,6f2b20bd4c31c3933f8dda9eaef71a32e5d50b4a26f86bf18997b2c1d2ead1c8,0.4691104292869568,0.4691104292869568,0.0
893,6f2b20bd4c31c3933f8dda9eaef71a32e5d50b4a26f86bf18997b2c1d2ead1c8,0.4691104292869568,0.4691104292869568,0.0
894,6f2b20bd4c31c3933f8dda9eaef71a32e5d50b4a26f86bf18997b2c1d2ead1c8,0.4691104292869568,0.4691104292869568,0.0
895,5261317cdd1655d566f5dbaf107e5f832cbe05d243181c4006eb13cb52eee7d6,0.5666052997112274,0.5666052997112274,0.0
896,5261317cdd1655d566f5dbaf107e5f832cbe05d243181c4006eb13cb52eee7d6,0.5666052997112274,0.5666052997112274,0.0
897,5261317cdd1655d566f5dbaf107e5f832cbe05d243181c4006eb13cb52eee7d6,0.5666052997112274,0.5666052997112274,0.0
898,be7d354df185b168b63e063f737bb89ce620ef503397261484f48022589381f1,0.5838177800178528,0.5838177800178528,0.0
899,be7d354df185b168b63e063f737bb89ce620ef503397261484f48022589381f1,0.5838177800178528,0.5838177800178528,0.0
900,be7d354df185b168b63e063f737bb89ce620ef503397261484f48022589381f1,0.5838177800178528,0.5838177800178528,0.0
901,7c230f4a86999a8e9785a34d6aed9a585c8c5a7e0fd36f49cbedd77d193dea68,0.4992444515228271,0.49924445152282715,5.551115123125783e-17
902,7c230f4a86999a8e9785a34d6aed9a585c8c5a7e0fd36f49cbedd77d193dea68,0.4992444515228271,0.49924445152282715,5.551115123125783e-17
903,7c230f4a86999a8e9785a34d6aed9a585c8c5a7e0fd36f49cbedd77d193dea68,0.4992444515228271,0.49924445152282715,5.551115123125783e-17
904,f43b59f6a3884231723c320e2033c5984bc48d3749c9a3a6eac097c736c26bf7,0.5048875510692596,0.5048875510692596,0.0
905,f43b59f6a3884231723c320e2033c5984bc48d3749c9a3a6eac097c736c26bf7,0.5048875510692596,0.5048875510692596,0.0
906,f43b59f6a3884231723c320e2033c5984bc48d3749c9a3a6eac097c736c26bf7,0.5048875510692596,0.5048875510692596,0.0
907,5b3b9d28f77eb18048d573e2709f048f7c1dc8f79fcd039faa62fee994ae7c97,0.5708537399768829,0.5708537399768829,0.0
908,5b3b9d28f77eb18048d573e2709f048f7c1dc8f79fcd039faa62fee994ae7c97,0.5708537399768829,0.5708537399768829,0.0
909,5b3b9d28f77eb18048d573e2709f048f7c1dc8f79fcd039faa62fee994ae7c97,0.5708537399768829,0.5708537399768829,0.0
910,c2b6b86f328b992b0911e618685e51ac716c863df62949e99285e0fc3d0b1541,0.7321097254753113,0.7321097254753113,0.0
911,c2b6b86f328b992b0911e618685e51ac716c863df62949e99285e0fc3d0b1541,0.7321097254753113,0.7321097254753113,0.0
912,c2b6b86f328b992b0911e618685e51ac716c863df62949e99285e0fc3d0b1541,0.7321097254753113,0.7321097254753113,0.0
913,687b80e526e5223e6b556d770cf28be791bb188203d5c9d6dd54b58f9f66042b,0.6245249509811401,0.6245249509811401,0.0
914,687b80e526e5223e6b556d770cf28be791bb188203d5c9d6dd54b58f9f66042b,0.6245249509811401,0.6245249509811401,0.0
915,687b80e526e5223e6b556d770cf28be791bb188203d5c9d6dd54b58f9f66042b,0.6245249509811401,0.6245249509811401,0.0
916,4c3895a76c51e4464751cf1c95077db7ef2486b72c80d1f519191e68c9a6eb2f,0.633470356464386,0.633470356464386,0.0
917,4c3895a76c51e4464751cf1c95077db7ef2486b72c80d1f519191e68c9a6eb2f,0.633470356464386,0.633470356464386,0.0
918,4c3895a76c51e4464751cf1c95077db7ef2486b72c80d1f519191e68c9a6eb2f,0.633470356464386,0.633470356464386,0.0
919,b121bd7530093c275b588afd8b9a3c10ab587aa32878e2c11195d18de8c82f7f,0.7728477120399475,0.7728477120399475,0.0
920,b121bd7530093c275b588afd8b9a3c10ab587aa32878e2c11195d18de8c82f7f,0.7728477120399475,0.7728477120399475,0.0
921,b121bd7530093c275b588afd8b9a3c10ab587aa32878e2c11195d18de8c82f7f,0.7728477120399475,0.7728477120399475,0.0
922,f220652d3f0d1c0d55fe0402e772652dd84ac81a5ca7599d524d41bb51e0700c,0.7157778441905975,0.7157778441905975,0.0
923,f220652d3f0d1c0d55fe0402e772652dd84ac81a5ca7599d524d41bb51e0700c,0.7157778441905975,0.7157778441905975,0.0
924,f220652d3f0d1c0d55fe0402e772652dd84ac81a5ca7599d524d41bb51e0700c,0.7157778441905975,0.7157778441905975,0.0
925,3fd913da9d61773b687db752bc7ac5ac0b1408bfb669eac6ec57bedc76120540,0.4009608030319214,0.4009608030319214,0.0
926,3fd913da9d61773b687db752bc7ac5ac0b1408bfb669eac6ec57bedc76120540,0.4009608030319214,0.4009608030319214,0.0
927,3fd913da9d61773b687db752bc7ac5ac0b1408bfb669eac6ec57bedc76120540,0.4009608030319214,0.4009608030319214,0.0
928,431800953a926879b41a843c589ca9dd45e21cd6eb1e2ed8f7897f0c4e83883b,0.5700287818908691,0.5700287818908691,0.0
929,431800953a926879b41a843c589ca9dd45e21cd6eb1e2ed8f7897f0c4e83883b,0.5700287818908691,0.5700287818908691,0.0
930,431800953a926879b41a843c589ca9dd45e21cd6eb1e2ed8f7897f0c4e83883b,0.5700287818908691,0.5700287818908691,0.0
931,f7643325e73c38274a0dd3ffb8aa89a905b7bdd4db4a071b7565daf864a57e35,0.4906048774719238,0.49060487747192383,5.551115123125783e-17
932,f7643325e73c38274a0dd3ffb8aa89a905b7bdd4db4a071b7565daf864a57e35,0.4906048774719238,0.49060487747192383,5.551115123125783e-17
933,f7643325e73c38274a0dd3ffb8aa89a905b7bdd4db4a071b7565daf864a57e35,0.4906048774719238,0.49060487747192383,5.551115123125783e-17
934,131e12eb4f9bbbf4f0482e5fd976a9609bfcce62aaf1356129c19a7996d37a70,0.4820117950439453,0.4820117950439453,0.0
935,131e12eb4f9bbbf4f0482e5fd976a9609bfcce62aaf1356129c19a7996d37a70,0.4820117950439453,0.4820117950439453,0.0
936,131e12eb4f9bbbf4f0482e5fd976a9609bfcce62aaf1356129c19a7996d37a70,0.4820117950439453,0.4820117950439453,0.0
937,9d94db9236d7fb0b554eea3232836e981e3733e9b241941dd8e8e66c59ad3cd8,0.4809057712554931,0.48090577125549316,5.551115123125783e-17
938,9d94db9236d7fb0b554eea3232836e981e3733e9b241941dd8e8e66c59ad3cd8,0.4809057712554931,0.48090577125549316,5.551115123125783e-17
939,9d94db9236d7fb0b554eea3232836e981e3733e9b241941dd8e8e66c59ad3cd8,0.4809057712554931,0.48090577125549316,5.551115123125783e-17
940,cce8f513665e7f115b390ce0c8013d625e543cc3ca9175ca808ba225ddde1746,0.374599814414978,0.374599814414978,0.0
941,cce8f513665e7f115b390ce0c8013d625e543cc3ca9175ca808ba225ddde1746,0.374599814414978,0.374599814414978,0.0
942,cce8f513665e7f115b390ce0c8013d625e543cc3ca9175ca808ba225ddde1746,0.374599814414978,0.374599814414978,0.0
943,9a4f43cfbc8fd31952ee723e8a0a78d9298282aa85f91bcf0bd50e04c21dbc21,0.6073699295520782,0.6073699295520782,0.0
944,9a4f43cfbc8fd31952ee723e8a0a78d9298282aa85f91bcf0bd50e04c21dbc21,0.6073699295520782,0.6073699295520782,0.0
945,9a4f43cfbc8fd31952ee723e8a0a78d9298282aa85f91bcf0bd50e04c21dbc21,0.6073699295520782,0.6073699295520782,0.0
946,1fa77c5e70c321ad771758405ed4cf5e0b04cce36c3d5e2a3a2cefb9f08bfa02,0.4275696873664856,0.4275696873664856,0.0
947,1fa77c5e70c321ad771758405ed4cf5e0b04cce36c3d5e2a3a2cefb9f08bfa02,0.4275696873664856,0.4275696873664856,0.0
948,1fa77c5e70c321ad771758405ed4cf5e0b04cce36c3d5e2a3a2cefb9f08bfa02,0.4275696873664856,0.4275696873664856,0.0
949,665b3217ca883d32d13ee4e8f651edd8cedab6272eb8c1c504b68f81181299ee,0.6321543753147125,0.6321543753147125,0.0
950,665b3217ca883d32d13ee4e8f651edd8cedab6272eb8c1c504b68f81181299ee,0.6321543753147125,0.6321543753147125,0.0
951,665b3217ca883d32d13ee4e8f651edd8cedab6272eb8c1c504b68f81181299ee,0.6321543753147125,0.6321543753147125,0.0
952,301e9503013a7e363347273bedce67be436a0b2c54c03ac719ba197579944496,0.5095917880535126,0.5095917880535126,0.0
953,301e9503013a7e363347273bedce67be436a0b2c54c03ac719ba197579944496,0.5095917880535126,0.5095917880535126,0.0
954,301e9503013a7e363347273bedce67be436a0b2c54c03ac719ba197579944496,0.5095917880535126,0.5095917880535126,0.0
955,5fe74624b23052d146f42c9071b11af3e07eba4c0f8b24c4fe28d3e23310b3f1,0.5690854489803314,0.5690854489803314,0.0
956,5fe74624b23052d146f42c9071b11af3e07eba4c0f8b24c4fe28d3e23310b3f1,0.5690854489803314,0.5690854489803314,0.0
957,5fe74624b23052d146f42c9071b11af3e07eba4c0f8b24c4fe28d3e23310b3f1,0.5690854489803314,0.5690854489803314,0.0
958,40ff37d612ece7781822d347748be911272a892da7a65f821ba5e84310dcdd8c,0.4601587057113647,0.46015870571136475,5.551115123125783e-17
959,40ff37d612ece7781822d347748be911272a892da7a65f821ba5e84310dcdd8c,0.4601587057113647,0.46015870571136475,5.551115123125783e-17
960,40ff37d612ece7781822d347748be911272a892da7a65f821ba5e84310dcdd8c,0.4601587057113647,0.46015870571136475,5.551115123125783e-17
961,38581e7f455acd1a0cc09628c9f175ee5d0d3459e080e06568bfc74d373ef479,0.4642252922058105,0.46422529220581055,5.551115123125783e-17
962,38581e7f455acd1a0cc09628c9f175ee5d0d3459e080e06568bfc74d373ef479,0.4642252922058105,0.46422529220581055,5.551115123125783e-17
963,38581e7f455acd1a0cc09628c9f175ee5d0d3459e080e06568bfc74d373ef479,0.4642252922058105,0.46422529220581055,5.551115123125783e-17
964,5bd693a997ceb24fbb304d8729e61d64c6cdeecc1a3e2565f07d74adb44fdbdd,0.553149551153183,0.553149551153183,0.0
965,5bd693a997ceb24fbb304d8729e61d64c6cdeecc1a3e2565f07d74adb44fdbdd,0.553149551153183,0.553149551153183,0.0
966,5bd693a997ceb24fbb304d8729e61d64c6cdeecc1a3e2565f07d74adb44fdbdd,0.553149551153183,0.553149551153183,0.0
967,5fd4d39b393483dfbcefa8d9bb1bc56d5d39e40bc0e737e99c517247a095fece,0.547448456287384,0.547448456287384,0.0
968,5fd4d39b393483dfbcefa8d9bb1bc56d5d39e40bc0e737e99c517247a095fece,0.547448456287384,0.547448456287384,0.0
969,5fd4d39b393483dfbcefa8d9bb1bc56d5d39e40bc0e737e99c517247a095fece,0.547448456287384,0.547448456287384,0.0
970,98599fedf59e7c2eea25ffbf4e3459e6a381eae42a68da392b684c1c80d097e0,0.653132975101471,0.653132975101471,0.0
971,98599fedf59e7c2eea25ffbf4e3459e6a381eae42a68da392b684c1c80d097e0,0.653132975101471,0.653132975101471,0.0
972,98599fedf59e7c2eea25ffbf4e3459e6a381eae42a68da392b684c1c80d097e0,0.653132975101471,0.653132975101471,0.0
973,13fe6c97315670f1c119048138f7afcbf6ee2147b9ce89bf33c72a80729160d4,0.5526178777217865,0.5526178777217865,0.0
974,13fe6c97315670f1c119048138f7afcbf6ee2147b9ce89bf33c72a80729160d4,0.5526178777217865,0.5526178777217865,0.0
975,13fe6c97315670f1c119048138f7afcbf6ee2147b9ce89bf33c72a80729160d4,0.5526178777217865,0.5526178777217865,0.0
976,62af7fd153f77aec3a347f5a0ca33549f7f9b2c6fadc0d36f854f0d87ebe4402,0.5448702573776245,0.5448702573776245,0.0
977,62af7fd153f77aec3a347f5a0ca33549f7f9b2c6fadc0d36f854f0d87ebe4402,0.5448702573776245,0.5448702573776245,0.0
978,62af7fd153f77aec3a347f5a0ca33549f7f9b2c6fadc0d36f854f0d87ebe4402,0.5448702573776245,0.5448702573776245,0.0
979,e9477814f0f26886b973e432e8ff6c97668082d0b9fb9162827a1d1f9983626b,0.5849125683307648,0.5849125683307648,0.0
980,e9477814f0f26886b973e432e8ff6c97668082d0b9fb9162827a1d1f9983626b,0.5849125683307648,0.5849125683307648,0.0
981,e9477814f0f26886b973e432e8ff6c97668082d0b9fb9162827a1d1f9983626b,0.5849125683307648,0.5849125683307648,0.0
982,6f2b20bd4c31c3933f8dda9eaef71a32e5d50b4a26f86bf18997b2c1d2ead1c8,0.4691104292869568,0.4691104292869568,0.0
983,6f2b20bd4c31c3933f8dda9eaef71a32e5d50b4a26f86bf18997b2c1d2ead1c8,0.4691104292869568,0.4691104292869568,0.0
984,6f2b20bd4c31c3933f8dda9eaef71a32e5d50b4a26f86bf18997b2c1d2ead1c8,0.4691104292869568,0.4691104292869568,0.0
985,5261317cdd1655d566f5dbaf107e5f832cbe05d243181c4006eb13cb52eee7d6,0.5666052997112274,0.5666052997112274,0.0
986,5261317cdd1655d566f5dbaf107e5f832cbe05d243181c4006eb13cb52eee7d6,0.5666052997112274,0.5666052997112274,0.0
987,5261317cdd1655d566f5dbaf107e5f832cbe05d243181c4006eb13cb52eee7d6,0.5666052997112274,0.5666052997112274,0.0
988,be7d354df185b168b63e063f737bb89ce620ef503397261484f48022589381f1,0.5838177800178528,0.5838177800178528,0.0
989,be7d354df185b168b63e063f737bb89ce620ef503397261484f48022589381f1,0.5838177800178528,0.5838177800178528,0.0
990,be7d354df185b168b63e063f737bb89ce620ef503397261484f48022589381f1,0.5838177800178528,0.5838177800178528,0.0
991,7c230f4a86999a8e9785a34d6aed9a585c8c5a7e0fd36f49cbedd77d193dea68,0.4992444515228271,0.49924445152282715,5.551115123125783e-17
992,7c230f4a86999a8e9785a34d6aed9a585c8c5a7e0fd36f49cbedd77d193dea68,0.4992444515228271,0.49924445152282715,5.551115123125783e-17
993,7c230f4a86999a8e9785a34d6aed9a585c8c5a7e0fd36f49cbedd77d193dea68,0.4992444515228271,0.49924445152282715,5.551115123125783e-17
994,f43b59f6a3884231723c320e2033c5984bc48d3749c9a3a6eac097c736c26bf7,0.5048875510692596,0.5048875510692596,0.0
995,f43b59f6a3884231723c320e2033c5984bc48d3749c9a3a6eac097c736c26bf7,0.5048875510692596,0.5048875510692596,0.0
996,f43b59f6a3884231723c320e2033c5984bc48d3749c9a3a6eac097c736c26bf7,0.5048875510692596,0.5048875510692596,0.0
997,5b3b9d28f77eb18048d573e2709f048f7c1dc8f79fcd039faa62fee994ae7c97,0.5708537399768829,0.5708537399768829,0.0
998,5b3b9d28f77eb18048d573e2709f048f7c1dc8f79fcd039faa62fee994ae7c97,0.5708537399768829,0.5708537399768829,0.0
999,5b3b9d28f77eb18048d573e2709f048f7c1dc8f79fcd039faa62fee994ae7c97,0.5708537399768829,0.5708537399768829,0.0
1000,c2b6b86f328b992b0911e618685e51ac716c863df62949e99285e0fc3d0b1541,0.7321097254753113,0.7321097254753113,0.0
1001,c2b6b86f328b992b0911e618685e51ac716c863df62949e99285e0fc3d0b1541,0.7321097254753113,0.7321097254753113,0.0
1002,c2b6b86f328b992b0911e618685e51ac716c863df62949e99285e0fc3d0b1541,0.7321097254753113,0.7321097254753113,0.0
1003,687b80e526e5223e6b556d770cf28be791bb188203d5c9d6dd54b58f9f66042b,0.6245249509811401,0.6245249509811401,0.0
1004,687b80e526e5223e6b556d770cf28be791bb188203d5c9d6dd54b58f9f66042b,0.6245249509811401,0.6245249509811401,0.0
1005,687b80e526e5223e6b556d770cf28be791bb188203d5c9d6dd54b58f9f66042b,0.6245249509811401,0.6245249509811401,0.0
1006,4c3895a76c51e4464751cf1c95077db7ef2486b72c80d1f519191e68c9a6eb2f,0.633470356464386,0.633470356464386,0.0
1007,4c3895a76c51e4464751cf1c95077db7ef2486b72c80d1f519191e68c9a6eb2f,0.633470356464386,0.633470356464386,0.0
1008,4c3895a76c51e4464751cf1c95077db7ef2486b72c80d1f519191e68c9a6eb2f,0.633470356464386,0.633470356464386,0.0
1009,b121bd7530093c275b588afd8b9a3c10ab587aa32878e2c11195d18de8c82f7f,0.7728477120399475,0.7728477120399475,0.0
1010,b121bd7530093c275b588afd8b9a3c10ab587aa32878e2c11195d18de8c82f7f,0.7728477120399475,0.7728477120399475,0.0
1011,b121bd7530093c275b588afd8b9a3c10ab587aa32878e2c11195d18de8c82f7f,0.7728477120399475,0.7728477120399475,0.0
1012,f220652d3f0d1c0d55fe0402e772652dd84ac81a5ca7599d524d41bb51e0700c,0.7157778441905975,0.7157778441905975,0.0
1013,f220652d3f0d1c0d55fe0402e772652dd84ac81a5ca7599d524d41bb51e0700c,0.7157778441905975,0.7157778441905975,0.0
1014,f220652d3f0d1c0d55fe0402e772652dd84ac81a5ca7599d524d41bb51e0700c,0.7157778441905975,0.7157778441905975,0.0
1015,3fd913da9d61773b687db752bc7ac5ac0b1408bfb669eac6ec57bedc76120540,0.4009608030319214,0.4009608030319214,0.0
1016,3fd913da9d61773b687db752bc7ac5ac0b1408bfb669eac6ec57bedc76120540,0.4009608030319214,0.4009608030319214,0.0
1017,3fd913da9d61773b687db752bc7ac5ac0b1408bfb669eac6ec57bedc76120540,0.4009608030319214,0.4009608030319214,0.0
1018,431800953a926879b41a843c589ca9dd45e21cd6eb1e2ed8f7897f0c4e83883b,0.5700287818908691,0.5700287818908691,0.0
1019,431800953a926879b41a843c589ca9dd45e21cd6eb1e2ed8f7897f0c4e83883b,0.5700287818908691,0.5700287818908691,0.0
1020,431800953a926879b41a843c589ca9dd45e21cd6eb1e2ed8f7897f0c4e83883b,0.5700287818908691,0.5700287818908691,0.0
1021,f7643325e73c38274a0dd3ffb8aa89a905b7bdd4db4a071b7565daf864a57e35,0.4906048774719238,0.49060487747192383,5.551115123125783e-17
1022,f7643325e73c38274a0dd3ffb8aa89a905b7bdd4db4a071b7565daf864a57e35,0.4906048774719238,0.49060487747192383,5.551115123125783e-17
1023,f7643325e73c38274a0dd3ffb8aa89a905b7bdd4db4a071b7565daf864a57e35,0.4906048774719238,0.49060487747192383,5.551115123125783e-17
1024,131e12eb4f9bbbf4f0482e5fd976a9609bfcce62aaf1356129c19a7996d37a70,0.4820117950439453,0.4820117950439453,0.0
1025,131e12eb4f9bbbf4f0482e5fd976a9609bfcce62aaf1356129c19a7996d37a70,0.4820117950439453,0.4820117950439453,0.0
1026,131e12eb4f9bbbf4f0482e5fd976a9609bfcce62aaf1356129c19a7996d37a70,0.4820117950439453,0.4820117950439453,0.0
1027,9d94db9236d7fb0b554eea3232836e981e3733e9b241941dd8e8e66c59ad3cd8,0.4809057712554931,0.48090577125549316,5.551115123125783e-17
1028,9d94db9236d7fb0b554eea3232836e981e3733e9b241941dd8e8e66c59ad3cd8,0.4809057712554931,0.48090577125549316,5.551115123125783e-17
1029,9d94db9236d7fb0b554eea3232836e981e3733e9b241941dd8e8e66c59ad3cd8,0.4809057712554931,0.48090577125549316,5.551115123125783e-17
1030,cce8f513665e7f115b390ce0c8013d625e543cc3ca9175ca808ba225ddde1746,0.374599814414978,0.374599814414978,0.0
1031,cce8f513665e7f115b390ce0c8013d625e543cc3ca9175ca808ba225ddde1746,0.374599814414978,0.374599814414978,0.0
1032,cce8f513665e7f115b390ce0c8013d625e543cc3ca9175ca808ba225ddde1746,0.374599814414978,0.374599814414978,0.0
1033,9a4f43cfbc8fd31952ee723e8a0a78d9298282aa85f91bcf0bd50e04c21dbc21,0.6073699295520782,0.6073699295520782,0.0
1034,9a4f43cfbc8fd31952ee723e8a0a78d9298282aa85f91bcf0bd50e04c21dbc21,0.6073699295520782,0.6073699295520782,0.0
1035,9a4f43cfbc8fd31952ee723e8a0a78d9298282aa85f91bcf0bd50e04c21dbc21,0.6073699295520782,0.6073699295520782,0.0
1036,1fa77c5e70c321ad771758405ed4cf5e0b04cce36c3d5e2a3a2cefb9f08bfa02,0.4275696873664856,0.4275696873664856,0.0
1037,1fa77c5e70c321ad771758405ed4cf5e0b04cce36c3d5e2a3a2cefb9f08bfa02,0.4275696873664856,0.4275696873664856,0.0
1038,1fa77c5e70c321ad771758405ed4cf5e0b04cce36c3d5e2a3a2cefb9f08bfa02,0.4275696873664856,0.4275696873664856,0.0
1039,665b3217ca883d32d13ee4e8f651edd8cedab6272eb8c1c504b68f81181299ee,0.6321543753147125,0.6321543753147125,0.0
1040,665b3217ca883d32d13ee4e8f651edd8cedab6272eb8c1c504b68f81181299ee,0.6321543753147125,0.6321543753147125,0.0
1041,665b3217ca883d32d13ee4e8f651edd8cedab6272eb8c1c504b68f81181299ee,0.6321543753147125,0.6321543753147125,0.0
1042,301e9503013a7e363347273bedce67be436a0b2c54c03ac719ba197579944496,0.5095917880535126,0.5095917880535126,0.0
1043,301e9503013a7e363347273bedce67be436a0b2c54c03ac719ba197579944496,0.5095917880535126,0.5095917880535126,0.0
1044,301e9503013a7e363347273bedce67be436a0b2c54c03ac719ba197579944496,0.5095917880535126,0.5095917880535126,0.0
1045,5fe74624b23052d146f42c9071b11af3e07eba4c0f8b24c4fe28d3e23310b3f1,0.5690854489803314,0.5690854489803314,0.0
1046,5fe74624b23052d146f42c9071b11af3e07eba4c0f8b24c4fe28d3e23310b3f1,0.5690854489803314,0.5690854489803314,0.0
1047,5fe74624b23052d146f42c9071b11af3e07eba4c0f8b24c4fe28d3e23310b3f1,0.5690854489803314,0.5690854489803314,0.0
1048,40ff37d612ece7781822d347748be911272a892da7a65f821ba5e84310dcdd8c,0.4601587057113647,0.46015870571136475,5.551115123125783e-17
1049,40ff37d612ece7781822d347748be911272a892da7a65f821ba5e84310dcdd8c,0.4601587057113647,0.46015870571136475,5.551115123125783e-17
1050,40ff37d612ece7781822d347748be911272a892da7a65f821ba5e84310dcdd8c,0.4601587057113647,0.46015870571136475,5.551115123125783e-17
1051,38581e7f455acd1a0cc09628c9f175ee5d0d3459e080e06568bfc74d373ef479,0.4642252922058105,0.46422529220581055,5.551115123125783e-17
1052,38581e7f455acd1a0cc09628c9f175ee5d0d3459e080e06568bfc74d373ef479,0.4642252922058105,0.46422529220581055,5.551115123125783e-17
1053,38581e7f455acd1a0cc09628c9f175ee5d0d3459e080e06568bfc74d373ef479,0.4642252922058105,0.46422529220581055,5.551115123125783e-17
1054,5bd693a997ceb24fbb304d8729e61d64c6cdeecc1a3e2565f07d74adb44fdbdd,0.553149551153183,0.553149551153183,0.0
1055,5bd693a997ceb24fbb304d8729e61d64c6cdeecc1a3e2565f07d74adb44fdbdd,0.553149551153183,0.553149551153183,0.0
1056,5bd693a997ceb24fbb304d8729e61d64c6cdeecc1a3e2565f07d74adb44fdbdd,0.553149551153183,0.553149551153183,0.0
1057,5fd4d39b393483dfbcefa8d9bb1bc56d5d39e40bc0e737e99c517247a095fece,0.547448456287384,0.547448456287384,0.0
1058,5fd4d39b393483dfbcefa8d9bb1bc56d5d39e40bc0e737e99c517247a095fece,0.547448456287384,0.547448456287384,0.0
1059,5fd4d39b393483dfbcefa8d9bb1bc56d5d39e40bc0e737e99c517247a095fece,0.547448456287384,0.547448456287384,0.0
1060,98599fedf59e7c2eea25ffbf4e3459e6a381eae42a68da392b684c1c80d097e0,0.653132975101471,0.653132975101471,0.0
1061,98599fedf59e7c2eea25ffbf4e3459e6a381eae42a68da392b684c1c80d097e0,0.653132975101471,0.653132975101471,0.0
1062,98599fedf59e7c2eea25ffbf4e3459e6a381eae42a68da392b684c1c80d097e0,0.653132975101471,0.653132975101471,0.0
1063,13fe6c97315670f1c119048138f7afcbf6ee2147b9ce89bf33c72a80729160d4,0.5526178777217865,0.5526178777217865,0.0
1064,13fe6c97315670f1c119048138f7afcbf6ee2147b9ce89bf33c72a80729160d4,0.5526178777217865,0.5526178777217865,0.0
1065,13fe6c97315670f1c119048138f7afcbf6ee2147b9ce89bf33c72a80729160d4,0.5526178777217865,0.5526178777217865,0.0
1066,62af7fd153f77aec3a347f5a0ca33549f7f9b2c6fadc0d36f854f0d87ebe4402,0.5448702573776245,0.5448702573776245,0.0
1067,62af7fd153f77aec3a347f5a0ca33549f7f9b2c6fadc0d36f854f0d87ebe4402,0.5448702573776245,0.5448702573776245,0.0
1068,62af7fd153f77aec3a347f5a0ca33549f7f9b2c6fadc0d36f854f0d87ebe4402,0.5448702573776245,0.5448702573776245,0.0
1069,e9477814f0f26886b973e432e8ff6c97668082d0b9fb9162827a1d1f9983626b,0.5849125683307648,0.5849125683307648,0.0
1070,e9477814f0f26886b973e432e8ff6c97668082d0b9fb9162827a1d1f9983626b,0.5849125683307648,0.5849125683307648,0.0
1071,e9477814f0f26886b973e432e8ff6c97668082d0b9fb9162827a1d1f9983626b,0.5849125683307648,0.5849125683307648,0.0
1072,6f2b20bd4c31c3933f8dda9eaef71a32e5d50b4a26f86bf18997b2c1d2ead1c8,0.4691104292869568,0.4691104292869568,0.0
1073,6f2b20bd4c31c3933f8dda9eaef71a32e5d50b4a26f86bf18997b2c1d2ead1c8,0.4691104292869568,0.4691104292869568,0.0
1074,6f2b20bd4c31c3933f8dda9eaef71a32e5d50b4a26f86bf18997b2c1d2ead1c8,0.4691104292869568,0.4691104292869568,0.0
1075,5261317cdd1655d566f5dbaf107e5f832cbe05d243181c4006eb13cb52eee7d6,0.5666052997112274,0.5666052997112274,0.0
1076,5261317cdd1655d566f5dbaf107e5f832cbe05d243181c4006eb13cb52eee7d6,0.5666052997112274,0.5666052997112274,0.0
1077,5261317cdd1655d566f5dbaf107e5f832cbe05d243181c4006eb13cb52eee7d6,0.5666052997112274,0.5666052997112274,0.0
1078,be7d354df185b168b63e063f737bb89ce620ef503397261484f48022589381f1,0.5838177800178528,0.5838177800178528,0.0
1079,be7d354df185b168b63e063f737bb89ce620ef503397261484f48022589381f1,0.5838177800178528,0.5838177800178528,0.0
1080,be7d354df185b168b63e063f737bb89ce620ef503397261484f48022589381f1,0.5838177800178528,0.5838177800178528,0.0
1171,4de6dcaaf0f672d1bf03d5eff5c007416d4bd1e977c2b2f3b90b8551b60411dd,0.5423740446567535,0.5423740446567535,0.0
1172,97319dcdb3db23fdf895794f8ba5d1ea4b54bb0ae88cb30a33d46fed06464295,0.4716213345527649,0.4716213345527649,0.0
1173,7c230f4a86999a8e9785a34d6aed9a585c8c5a7e0fd36f49cbedd77d193dea68,0.4992444515228271,0.49924445152282715,5.551115123125783e-17
1174,79072a8ffd8fc0fa3a959468bbdc63237223e4e05e433761e8f4c115f7162b39,0.5624578595161438,0.5624578595161438,0.0
1175,c79fdcb6a15cc7f5648b1b0a4a0ab54996a6ba5a74b7c7ec2b0a3875550bda89,0.529412031173706,0.529412031173706,0.0
1176,f43b59f6a3884231723c320e2033c5984bc48d3749c9a3a6eac097c736c26bf7,0.5048875510692596,0.5048875510692596,0.0
1177,d9bad22216e7bf3cde029bf1402fdd476c55b8a18c6f074f6a72c2ef626edf7d,0.6064780354499817,0.6064780354499817,0.0
1178,54e022386d77e8f03f15c5998342f63084131fc0e077183f186a2bfdcb7bb8b9,0.5816535353660583,0.5816535353660583,0.0
1179,5b3b9d28f77eb18048d573e2709f048f7c1dc8f79fcd039faa62fee994ae7c97,0.5708537399768829,0.5708537399768829,0.0
1180,802a07636a657d230ff212b67f846f68d757cfff9b2a02da1e6c68571ee03a44,0.7501242309808731,0.7501242309808731,0.0
1181,95528b5083c7c0aace8aac0d2fd58d55af0960cd076295ff219172907a1de7e0,0.7114357054233551,0.7114357054233551,0.0
1182,c2b6b86f328b992b0911e618685e51ac716c863df62949e99285e0fc3d0b1541,0.7321097254753113,0.7321097254753113,0.0
1183,84aee2aa71ee9e7c263cac2ff814bbf5e56cae6d2d05dba8be8841d2512065e7,0.700249969959259,0.700249969959259,0.0
1184,2421500553fdfafca2dcbb537e1a431050ec5c38586b83cbd97d5f0dc9382290,0.5610598623752594,0.5610598623752594,0.0
1185,687b80e526e5223e6b556d770cf28be791bb188203d5c9d6dd54b58f9f66042b,0.6245249509811401,0.6245249509811401,0.0
1186,3d6bd9b3c9a9d66f4d7fb0c0f9f413e8b8ca671aa1febb7c40c17f16ea3a7f1c,0.6090456545352936,0.6090456545352936,0.0
1187,b0b5dc3032d1799169f2ace3cc9e735f1f97001850b56c62eeae547609756900,0.6255412697792053,0.6255412697792053,0.0
1188,4c3895a76c51e4464751cf1c95077db7ef2486b72c80d1f519191e68c9a6eb2f,0.633470356464386,0.633470356464386,0.0
1189,5ec56465574c779eb4b823ac4c29980b4ccc2aba59d198b39b40e6ecc2232b4e,0.807442918419838,0.807442918419838,0.0
1190,7ab655380a913b7ab7d120a6ecac5dee39c09ed9e98656a986419cd13327c08a,0.7325948178768158,0.7325948178768158,0.0
1191,b121bd7530093c275b588afd8b9a3c10ab587aa32878e2c11195d18de8c82f7f,0.7728477120399475,0.7728477120399475,0.0
1192,fb7d6aa2790f3d4bb374d4befbe254dcd7a6bba61b46e197470e9db7bc2fc629,0.7831068634986877,0.7831068634986877,0.0
1193,de96c496b29ed4b3668ee5cadd8a909c9830ad6fca36d1c10d9b7301f99f8e5b,0.7224096357822418,0.7224096357822418,0.0
1194,f220652d3f0d1c0d55fe0402e772652dd84ac81a5ca7599d524d41bb51e0700c,0.7157778441905975,0.7157778441905975,0.0
1195,6d59059cf8fbf8c5acea4565709304a331dfdd62e4b5cbc4e3457e10db3a9f01,0.5769130885601044,0.5769130885601044,0.0
1196,17c45e6bbae5d132a566241b61d56d47ec83e23d26ad507ba6933a0987152a44,0.5684228241443634,0.5684228241443634,0.0
1197,3fd913da9d61773b687db752bc7ac5ac0b1408bfb669eac6ec57bedc76120540,0.4009608030319214,0.4009608030319214,0.0
1198,23676ce8fb8e7627de3d8835019d422dd1d6dbe1edf2dc2473e64aeb2ee4d7ac,0.7232934832572937,0.7232934832572937,0.0
1199,dce4cd4337911df38da06b0ffcc413d82aa78adc19e8b73e703ec156dd977cc3,0.6919879615306854,0.6919879615306854,0.0
1200,431800953a926879b41a843c589ca9dd45e21cd6eb1e2ed8f7897f0c4e83883b,0.5700287818908691,0.5700287818908691,0.0
1201,50a9075442692165bdafa489afb92609cd3544652cfc49af57cfa9fb284b54b6,0.6242963075637817,0.6242963075637817,0.0
1202,007299241f2b352bbd2ab2d951ddd8abc001fb607193f8279d42b036fa00d346,0.4865619540214538,0.48656195402145386,5.551115123125783e-17
1203,f7643325e73c38274a0dd3ffb8aa89a905b7bdd4db4a071b7565daf864a57e35,0.4906048774719238,0.49060487747192383,5.551115123125783e-17
1204,96f81f873213a122e77ce8910f994f90f9ec8fca8103272384c4ef06216e0be3,0.5156464278697968,0.5156464278697968,0.0
1205,8db6e4b2fdf29452480307a363e54ff380e1f9067db61298cc3641df2d8077fe,0.4899289011955261,0.4899289011955261,0.0
1206,131e12eb4f9bbbf4f0482e5fd976a9609bfcce62aaf1356129c19a7996d37a70,0.4820117950439453,0.4820117950439453,0.0
1207,15d1df2ba941d8fbb3ac1d4f0829af8434c41e4363c478f44cfa7ae39e895229,0.542257696390152,0.542257696390152,0.0
1208,967162636bc11b2487ed3fbee9dfee6e7f2a4afac31db24a438127a3690908e3,0.4906845092773437,0.49068450927734375,5.551115123125783e-17
1209,9d94db9236d7fb0b554eea3232836e981e3733e9b241941dd8e8e66c59ad3cd8,0.4809057712554931,0.48090577125549316,5.551115123125783e-17
1210,1fefba4c7373f177d3950e6653ba4d33b695d66705d0bd914a9e3b4284cd6d1c,0.4794641733169555,0.47946417331695557,5.551115123125783e-17
1211,ea617536d1fc1799fc304fd717e8e82c2b975e67dd61348f14a7e4734e67ae31,0.4129022359848022,0.41290223598480225,5.551115123125783e-17
1212,cce8f513665e7f115b390ce0c8013d625e543cc3ca9175ca808ba225ddde1746,0.374599814414978,0.374599814414978,0.0
1213,0d35123068cea453871b1c1b6328add833550280c9df7010f4de57f0ff01f5bd,0.6031957864761353,0.6031957864761353,0.0
1214,e37f048b0d197a47d2ac323379f98ea8951d2bd138453293b5d890d37f5c36a1,0.5966271162033081,0.5966271162033081,0.0
1215,9a4f43cfbc8fd31952ee723e8a0a78d9298282aa85f91bcf0bd50e04c21dbc21,0.6073699295520782,0.6073699295520782,0.0
1216,09f614cf1c3718ada97cbdf17906ed299e37d46d5d97c6e5bdad18ecbf1230ad,0.6614883244037628,0.6614883244037628,0.0
1217,6bef384f026efb46bbdbbede01da5664a8a2401054a060aa364a90108feb4c06,0.5689374506473541,0.5689374506473541,0.0
1218,1fa77c5e70c321ad771758405ed4cf5e0b04cce36c3d5e2a3a2cefb9f08bfa02,0.4275696873664856,0.4275696873664856,0.0
1219,0aaced8f4493aab207dab2a0284d1ee542413de1aa0ff7fd754a49498906ca85,0.6282075643539429,0.6282075643539429,0.0
1220,a75c083d2de31a967857ec5caafda0c5976b07ae403b4637e5d05728944e8f05,0.6172694563865662,0.6172694563865662,0.0
1221,665b3217ca883d32d13ee4e8f651edd8cedab6272eb8c1c504b68f81181299ee,0.6321543753147125,0.6321543753147125,0.0
1222,28ab64658aed62dee57020bcb7d4575d3714b6bc490f7df5a52d9e39effa25ea,0.5107864439487457,0.5107864439487457,0.0
1223,b6b9d8d0c00177eaf6339ffb1a8cee9930bec1f8903645116f2438203632b6cb,0.5418896377086639,0.5418896377086639,0.0
1224,301e9503013a7e363347273bedce67be436a0b2c54c03ac719ba197579944496,0.5095917880535126,0.5095917880535126,0.0
1225,15be2ed841ae0946c2c2e96541130c8f53a89ce9b98f43bc6c65a4d40e535261,0.5866142809391022,0.5866142809391022,0.0
1226,b85a7e7b3aa879ed56854517f27098b61239dba854d0694ad6f3a5828f4bc003,0.6746141612529755,0.6746141612529755,0.0
1227,5fe74624b23052d146f42c9071b11af3e07eba4c0f8b24c4fe28d3e23310b3f1,0.5690854489803314,0.5690854489803314,0.0
1228,3d789142a8c5426cb78641e49303669c1295f40373c39bf29f20f84eba44e9de,0.4335226416587829,0.43352264165878296,5.551115123125783e-17
1229,a2c817975aa602f5c23638992c7b640d284c7c0aa67b77fdff72108c24b145f9,0.4735933542251587,0.4735933542251587,0.0
1230,40ff37d612ece7781822d347748be911272a892da7a65f821ba5e84310dcdd8c,0.4601587057113647,0.46015870571136475,5.551115123125783e-17
1231,af39fe229a55a02d4267ef37dd8f2b655aefb20359b471f61e8a18edb212f810,0.5343091189861298,0.5343091189861298,0.0
1232,e6c6f01531c14dc33d304d4c1872e25bdc6923827d30e8c4787fc833f44c6b83,0.6801759600639343,0.6801759600639343,0.0
1233,38581e7f455acd1a0cc09628c9f175ee5d0d3459e080e06568bfc74d373ef479,0.4642252922058105,0.46422529220581055,5.551115123125783e-17
1234,d7dbedc30a012c25a8cd16822431d810c29a321f09c1147eb5ffca499a993bf6,0.5597226917743683,0.5597226917743683,0.0
1235,c8b99251ce9d03ab7c8d53f6ffcfd00c4e9748651beeb79a28a11e37a204b0e4,0.6410724818706512,0.6410724818706512,0.0
1236,5bd693a997ceb24fbb304d8729e61d64c6cdeecc1a3e2565f07d74adb44fdbdd,0.553149551153183,0.553149551153183,0.0
1237,becfc82766f9f530d3a422349fb9177b1b2d335e3901ec892fc989df8663b3e1,0.6344201862812042,0.6344201862812042,0.0
1238,0368669be4e5a0ea2446e2b8ebc9356eda08fdd82df7011b61e5d7902b731d43,0.6132270395755768,0.6132270395755768,0.0
1239,5fd4d39b393483dfbcefa8d9bb1bc56d5d39e40bc0e737e99c517247a095fece,0.547448456287384,0.547448456287384,0.0
1240,19f896e97c58f23a02cdf41bef82d3848bd4756f687832533d461521d3605a13,0.6743702590465546,0.6743702590465546,0.0
1241,7511e9881533126546bd51fa0cc46b3269384802454f95f218424a01fe4af931,0.5949719548225403,0.5949719548225403,0.0
1242,98599fedf59e7c2eea25ffbf4e3459e6a381eae42a68da392b684c1c80d097e0,0.653132975101471,0.653132975101471,0.0
1243,cc1465b95c67ee1e9f8fcca0df27c164fed0c70fc89011b938e8e00a048bde52,0.5700477361679077,0.5700477361679077,0.0
1244,45e19b2e522298883856ab1590bf467fc0789a5204e18fda518fd256da0df14c,0.6131782829761505,0.6131782829761505,0.0
1245,13fe6c97315670f1c119048138f7afcbf6ee2147b9ce89bf33c72a80729160d4,0.5526178777217865,0.5526178777217865,0.0
1246,f4284587559fa5e9d9ba6f70c14addeb59cd7f2df7c05a59d67ea1fb2c94cc52,0.6101830005645752,0.6101830005645752,0.0
1247,580f567b7c5b323da7b3c5cfd5ef846e9c954acbf2e8b808a8fc6c5428eef64b,0.6098022758960724,0.6098022758960724,0.0
1248,62af7fd153f77aec3a347f5a0ca33549f7f9b2c6fadc0d36f854f0d87ebe4402,0.5448702573776245,0.5448702573776245,0.0
1249,68c7fb461c8f38b62beaf51643d988fd19efba35416c74cba0f61d4762ceefc5,0.5551553666591644,0.5551553666591644,0.0
1250,067a3cef68eb6115e254bf6e3774836ab49fa36b7205a52dd160766ae33dcf49,0.5607938468456268,0.5607938468456268,0.0
1251,e9477814f0f26886b973e432e8ff6c97668082d0b9fb9162827a1d1f9983626b,0.5849125683307648,0.5849125683307648,0.0
1252,7412ce3c084558700c84d3d3e81f98cd35730de4aa593e3410dc15d3217bb1aa,0.6006601452827454,0.6006601452827454,0.0
1253,f2d85b1831a58a6a4533062c9c60b2ff757f038c3a98278cc0a054373c38fab0,0.5304933786392212,0.5304933786392212,0.0
1254,6f2b20bd4c31c3933f8dda9eaef71a32e5d50b4a26f86bf18997b2c1d2ead1c8,0.4691104292869568,0.4691104292869568,0.0
1255,d2e235c195405ef6f78091437d9a136c459ab8a91b48bfade44194013eea6ffa,0.6581610441207886,0.6581610441207886,0.0
1256,86aa7e2713d52256e696e23daccddf492658a95b4e64aad82197ca7331579cf8,0.6204990148544312,0.6204990148544312,0.0
1257,5261317cdd1655d566f5dbaf107e5f832cbe05d243181c4006eb13cb52eee7d6,0.5666052997112274,0.5666052997112274,0.0
1258,782aa01d53871063a37f1c1a6a2af47364e2107e1c7e9a30cabde8543645c1a7,0.6102168262004852,0.6102168262004852,0.0
1259,4f3f1102efa97d45047653c7a90cc3f2b824ecb1980b1e37d2ed00838fe1f204,0.6587123572826385,0.6587123572826385,0.0
1260,be7d354df185b168b63e063f737bb89ce620ef503397261484f48022589381f1,0.5838177800178528,0.5838177800178528,0.0
1261,4de6dcaaf0f672d1bf03d5eff5c007416d4bd1e977c2b2f3b90b8551b60411dd,0.5423740446567535,0.5423740446567535,0.0
1262,97319dcdb3db23fdf895794f8ba5d1ea4b54bb0ae88cb30a33d46fed06464295,0.4716213345527649,0.4716213345527649,0.0
1263,7c230f4a86999a8e9785a34d6aed9a585c8c5a7e0fd36f49cbedd77d193dea68,0.4992444515228271,0.49924445152282715,5.551115123125783e-17
1264,79072a8ffd8fc0fa3a959468bbdc63237223e4e05e433761e8f4c115f7162b39,0.5624578595161438,0.5624578595161438,0.0
1265,c79fdcb6a15cc7f5648b1b0a4a0ab54996a6ba5a74b7c7ec2b0a3875550bda89,0.529412031173706,0.529412031173706,0.0
1266,f43b59f6a3884231723c320e2033c5984bc48d3749c9a3a6eac097c736c26bf7,0.5048875510692596,0.5048875510692596,0.0
1267,d9bad22216e7bf3cde029bf1402fdd476c55b8a18c6f074f6a72c2ef626edf7d,0.6064780354499817,0.6064780354499817,0.0
1268,54e022386d77e8f03f15c5998342f63084131fc0e077183f186a2bfdcb7bb8b9,0.5816535353660583,0.5816535353660583,0.0
1269,5b3b9d28f77eb18048d573e2709f048f7c1dc8f79fcd039faa62fee994ae7c97,0.5708537399768829,0.5708537399768829,0.0
1270,802a07636a657d230ff212b67f846f68d757cfff9b2a02da1e6c68571ee03a44,0.7501242309808731,0.7501242309808731,0.0
1271,95528b5083c7c0aace8aac0d2fd58d55af0960cd076295ff219172907a1de7e0,0.7114357054233551,0.7114357054233551,0.0
1272,c2b6b86f328b992b0911e618685e51ac716c863df62949e99285e0fc3d0b1541,0.7321097254753113,0.7321097254753113,0.0
1273,84aee2aa71ee9e7c263cac2ff814bbf5e56cae6d2d05dba8be8841d2512065e7,0.700249969959259,0.700249969959259,0.0
1274,2421500553fdfafca2dcbb537e1a431050ec5c38586b83cbd97d5f0dc9382290,0.5610598623752594,0.5610598623752594,0.0
1275,687b80e526e5223e6b556d770cf28be791bb188203d5c9d6dd54b58f9f66042b,0.6245249509811401,0.6245249509811401,0.0
1276,3d6bd9b3c9a9d66f4d7fb0c0f9f413e8b8ca671aa1febb7c40c17f16ea3a7f1c,0.6090456545352936,0.6090456545352936,0.0
1277,b0b5dc3032d1799169f2ace3cc9e735f1f97001850b56c62eeae547609756900,0.6255412697792053,0.6255412697792053,0.0
1278,4c3895a76c51e4464751cf1c95077db7ef2486b72c80d1f519191e68c9a6eb2f,0.633470356464386,0.633470356464386,0.0
1279,5ec56465574c779eb4b823ac4c29980b4ccc2aba59d198b39b40e6ecc2232b4e,0.807442918419838,0.807442918419838,0.0
1280,7ab655380a913b7ab7d120a6ecac5dee39c09ed9e98656a986419cd13327c08a,0.7325948178768158,0.7325948178768158,0.0
1281,b121bd7530093c275b588afd8b9a3c10ab587aa32878e2c11195d18de8c82f7f,0.7728477120399475,0.7728477120399475,0.0
1282,fb7d6aa2790f3d4bb374d4befbe254dcd7a6bba61b46e197470e9db7bc2fc629,0.7831068634986877,0.7831068634986877,0.0
1283,de96c496b29ed4b3668ee5cadd8a909c9830ad6fca36d1c10d9b7301f99f8e5b,0.7224096357822418,0.7224096357822418,0.0
1284,f220652d3f0d1c0d55fe0402e772652dd84ac81a5ca7599d524d41bb51e0700c,0.7157778441905975,0.7157778441905975,0.0
1285,6d59059cf8fbf8c5acea4565709304a331dfdd62e4b5cbc4e3457e10db3a9f01,0.5769130885601044,0.5769130885601044,0.0
1286,17c45e6bbae5d132a566241b61d56d47ec83e23d26ad507ba6933a0987152a44,0.5684228241443634,0.5684228241443634,0.0
1287,3fd913da9d61773b687db752bc7ac5ac0b1408bfb669eac6ec57bedc76120540,0.4009608030319214,0.4009608030319214,0.0
1288,23676ce8fb8e7627de3d8835019d422dd1d6dbe1edf2dc2473e64aeb2ee4d7ac,0.7232934832572937,0.7232934832572937,0.0
1289,dce4cd4337911df38da06b0ffcc413d82aa78adc19e8b73e703ec156dd977cc3,0.6919879615306854,0.6919879615306854,0.0
1290,431800953a926879b41a843c589ca9dd45e21cd6eb1e2ed8f7897f0c4e83883b,0.5700287818908691,0.5700287818908691,0.0
1291,50a9075442692165bdafa489afb92609cd3544652cfc49af57cfa9fb284b54b6,0.6242963075637817,0.6242963075637817,0.0
1292,007299241f2b352bbd2ab2d951ddd8abc001fb607193f8279d42b036fa00d346,0.4865619540214538,0.48656195402145386,5.551115123125783e-17
1293,f7643325e73c38274a0dd3ffb8aa89a905b7bdd4db4a071b7565daf864a57e35,0.4906048774719238,0.49060487747192383,5.551115123125783e-17
1294,96f81f873213a122e77ce8910f994f90f9ec8fca8103272384c4ef06216e0be3,0.5156464278697968,0.5156464278697968,0.0
1295,8db6e4b2fdf29452480307a363e54ff380e1f9067db61298cc3641df2d8077fe,0.4899289011955261,0.4899289011955261,0.0
1296,131e12eb4f9bbbf4f0482e5fd976a9609bfcce62aaf1356129c19a7996d37a70,0.4820117950439453,0.4820117950439453,0.0
1297,15d1df2ba941d8fbb3ac1d4f0829af8434c41e4363c478f44cfa7ae39e895229,0.542257696390152,0.542257696390152,0.0
1298,967162636bc11b2487ed3fbee9dfee6e7f2a4afac31db24a438127a3690908e3,0.4906845092773437,0.49068450927734375,5.551115123125783e-17
1299,9d94db9236d7fb0b554eea3232836e981e3733e9b241941dd8e8e66c59ad3cd8,0.4809057712554931,0.48090577125549316,5.551115123125783e-17
1300,1fefba4c7373f177d3950e6653ba4d33b695d66705d0bd914a9e3b4284cd6d1c,0.4794641733169555,0.47946417331695557,5.551115123125783e-17
1301,ea617536d1fc1799fc304fd717e8e82c2b975e67dd61348f14a7e4734e67ae31,0.4129022359848022,0.41290223598480225,5.551115123125783e-17
1302,cce8f513665e7f115b390ce0c8013d625e543cc3ca9175ca808ba225ddde1746,0.374599814414978,0.374599814414978,0.0
1303,0d35123068cea453871b1c1b6328add833550280c9df7010f4de57f0ff01f5bd,0.6031957864761353,0.6031957864761353,0.0
1304,e37f048b0d197a47d2ac323379f98ea8951d2bd138453293b5d890d37f5c36a1,0.5966271162033081,0.5966271162033081,0.0
1305,9a4f43cfbc8fd31952ee723e8a0a78d9298282aa85f91bcf0bd50e04c21dbc21,0.6073699295520782,0.6073699295520782,0.0
1306,09f614cf1c3718ada97cbdf17906ed299e37d46d5d97c6e5bdad18ecbf1230ad,0.6614883244037628,0.6614883244037628,0.0
1307,6bef384f026efb46bbdbbede01da5664a8a2401054a060aa364a90108feb4c06,0.5689374506473541,0.5689374506473541,0.0
1308,1fa77c5e70c321ad771758405ed4cf5e0b04cce36c3d5e2a3a2cefb9f08bfa02,0.4275696873664856,0.4275696873664856,0.0
1309,0aaced8f4493aab207dab2a0284d1ee542413de1aa0ff7fd754a49498906ca85,0.6282075643539429,0.6282075643539429,0.0
1310,a75c083d2de31a967857ec5caafda0c5976b07ae403b4637e5d05728944e8f05,0.6172694563865662,0.6172694563865662,0.0
1311,665b3217ca883d32d13ee4e8f651edd8cedab6272eb8c1c504b68f81181299ee,0.6321543753147125,0.6321543753147125,0.0
1312,28ab64658aed62dee57020bcb7d4575d3714b6bc490f7df5a52d9e39effa25ea,0.5107864439487457,0.5107864439487457,0.0
1313,b6b9d8d0c00177eaf6339ffb1a8cee9930bec1f8903645116f2438203632b6cb,0.5418896377086639,0.5418896377086639,0.0
1314,301e9503013a7e363347273bedce67be436a0b2c54c03ac719ba197579944496,0.5095917880535126,0.5095917880535126,0.0
1315,15be2ed841ae0946c2c2e96541130c8f53a89ce9b98f43bc6c65a4d40e535261,0.5866142809391022,0.5866142809391022,0.0
1316,b85a7e7b3aa879ed56854517f27098b61239dba854d0694ad6f3a5828f4bc003,0.6746141612529755,0.6746141612529755,0.0
1317,5fe74624b23052d146f42c9071b11af3e07eba4c0f8b24c4fe28d3e23310b3f1,0.5690854489803314,0.5690854489803314,0.0
1318,3d789142a8c5426cb78641e49303669c1295f40373c39bf29f20f84eba44e9de,0.4335226416587829,0.43352264165878296,5.551115123125783e-17
1319,a2c817975aa602f5c23638992c7b640d284c7c0aa67b77fdff72108c24b145f9,0.4735933542251587,0.4735933542251587,0.0
1320,40ff37d612ece7781822d347748be911272a892da7a65f821ba5e84310dcdd8c,0.4601587057113647,0.46015870571136475,5.551115123125783e-17
1321,af39fe229a55a02d4267ef37dd8f2b655aefb20359b471f61e8a18edb212f810,0.5343091189861298,0.5343091189861298,0.0
1322,e6c6f01531c14dc33d304d4c1872e25bdc6923827d30e8c4787fc833f44c6b83,0.6801759600639343,0.6801759600639343,0.0
1323,38581e7f455acd1a0cc09628c9f175ee5d0d3459e080e06568bfc74d373ef479,0.4642252922058105,0.46422529220581055,5.551115123125783e-17
1324,d7dbedc30a012c25a8cd16822431d810c29a321f09c1147eb5ffca499a993bf6,0.5597226917743683,0.5597226917743683,0.0
1325,c8b99251ce9d03ab7c8d53f6ffcfd00c4e9748651beeb79a28a11e37a204b0e4,0.6410724818706512,0.6410724818706512,0.0
1326,5bd693a997ceb24fbb304d8729e61d64c6cdeecc1a3e2565f07d74adb44fdbdd,0.553149551153183,0.553149551153183,0.0
1327,becfc82766f9f530d3a422349fb9177b1b2d335e3901ec892fc989df8663b3e1,0.6344201862812042,0.6344201862812042,0.0
1328,0368669be4e5a0ea2446e2b8ebc9356eda08fdd82df7011b61e5d7902b731d43,0.6132270395755768,0.6132270395755768,0.0
1329,5fd4d39b393483dfbcefa8d9bb1bc56d5d39e40bc0e737e99c517247a095fece,0.547448456287384,0.547448456287384,0.0
1330,19f896e97c58f23a02cdf41bef82d3848bd4756f687832533d461521d3605a13,0.6743702590465546,0.6743702590465546,0.0
1331,7511e9881533126546bd51fa0cc46b3269384802454f95f218424a01fe4af931,0.5949719548225403,0.5949719548225403,0.0
1332,98599fedf59e7c2eea25ffbf4e3459e6a381eae42a68da392b684c1c80d097e0,0.653132975101471,0.653132975101471,0.0
1333,cc1465b95c67ee1e9f8fcca0df27c164fed0c70fc89011b938e8e00a048bde52,0.5700477361679077,0.5700477361679077,0.0
1334,45e19b2e522298883856ab1590bf467fc0789a5204e18fda518fd256da0df14c,0.6131782829761505,0.6131782829761505,0.0
1335,13fe6c97315670f1c119048138f7afcbf6ee2147b9ce89bf33c72a80729160d4,0.5526178777217865,0.5526178777217865,0.0
1336,f4284587559fa5e9d9ba6f70c14addeb59cd7f2df7c05a59d67ea1fb2c94cc52,0.6101830005645752,0.6101830005645752,0.0
1337,580f567b7c5b323da7b3c5cfd5ef846e9c954acbf2e8b808a8fc6c5428eef64b,0.6098022758960724,0.6098022758960724,0.0
1338,62af7fd153f77aec3a347f5a0ca33549f7f9b2c6fadc0d36f854f0d87ebe4402,0.5448702573776245,0.5448702573776245,0.0
1339,68c7fb461c8f38b62beaf51643d988fd19efba35416c74cba0f61d4762ceefc5,0.5551553666591644,0.5551553666591644,0.0
1340,067a3cef68eb6115e254bf6e3774836ab49fa36b7205a52dd160766ae33dcf49,0.5607938468456268,0.5607938468456268,0.0
1341,e9477814f0f26886b973e432e8ff6c97668082d0b9fb9162827a1d1f9983626b,0.5849125683307648,0.5849125683307648,0.0
1342,7412ce3c084558700c84d3d3e81f98cd35730de4aa593e3410dc15d3217bb1aa,0.6006601452827454,0.6006601452827454,0.0
1343,f2d85b1831a58a6a4533062c9c60b2ff757f038c3a98278cc0a054373c38fab0,0.5304933786392212,0.5304933786392212,0.0
1344,6f2b20bd4c31c3933f8dda9eaef71a32e5d50b4a26f86bf18997b2c1d2ead1c8,0.4691104292869568,0.4691104292869568,0.0
1345,d2e235c195405ef6f78091437d9a136c459ab8a91b48bfade44194013eea6ffa,0.6581610441207886,0.6581610441207886,0.0
1346,86aa7e2713d52256e696e23daccddf492658a95b4e64aad82197ca7331579cf8,0.6204990148544312,0.6204990148544312,0.0
1347,5261317cdd1655d566f5dbaf107e5f832cbe05d243181c4006eb13cb52eee7d6,0.5666052997112274,0.5666052997112274,0.0
1348,782aa01d53871063a37f1c1a6a2af47364e2107e1c7e9a30cabde8543645c1a7,0.6102168262004852,0.6102168262004852,0.0
1349,4f3f1102efa97d45047653c7a90cc3f2b824ecb1980b1e37d2ed00838fe1f204,0.6587123572826385,0.6587123572826385,0.0
1350,be7d354df185b168b63e063f737bb89ce620ef503397261484f48022589381f1,0.5838177800178528,0.5838177800178528,0.0
1351,4de6dcaaf0f672d1bf03d5eff5c007416d4bd1e977c2b2f3b90b8551b60411dd,0.5423740446567535,0.5423740446567535,0.0
1352,97319dcdb3db23fdf895794f8ba5d1ea4b54bb0ae88cb30a33d46fed06464295,0.4716213345527649,0.4716213345527649,0.0
1353,7c230f4a86999a8e9785a34d6aed9a585c8c5a7e0fd36f49cbedd77d193dea68,0.4992444515228271,0.49924445152282715,5.551115123125783e-17
1354,79072a8ffd8fc0fa3a959468bbdc63237223e4e05e433761e8f4c115f7162b39,0.5624578595161438,0.5624578595161438,0.0
1355,c79fdcb6a15cc7f5648b1b0a4a0ab54996a6ba5a74b7c7ec2b0a3875550bda89,0.529412031173706,0.529412031173706,0.0
1356,f43b59f6a3884231723c320e2033c5984bc48d3749c9a3a6eac097c736c26bf7,0.5048875510692596,0.5048875510692596,0.0
1357,d9bad22216e7bf3cde029bf1402fdd476c55b8a18c6f074f6a72c2ef626edf7d,0.6064780354499817,0.6064780354499817,0.0
1358,54e022386d77e8f03f15c5998342f63084131fc0e077183f186a2bfdcb7bb8b9,0.5816535353660583,0.5816535353660583,0.0
1359,5b3b9d28f77eb18048d573e2709f048f7c1dc8f79fcd039faa62fee994ae7c97,0.5708537399768829,0.5708537399768829,0.0
1360,802a07636a657d230ff212b67f846f68d757cfff9b2a02da1e6c68571ee03a44,0.7501242309808731,0.7501242309808731,0.0
1361,95528b5083c7c0aace8aac0d2fd58d55af0960cd076295ff219172907a1de7e0,0.7114357054233551,0.7114357054233551,0.0
1362,c2b6b86f328b992b0911e618685e51ac716c863df62949e99285e0fc3d0b1541,0.7321097254753113,0.7321097254753113,0.0
1363,84aee2aa71ee9e7c263cac2ff814bbf5e56cae6d2d05dba8be8841d2512065e7,0.700249969959259,0.700249969959259,0.0
1364,2421500553fdfafca2dcbb537e1a431050ec5c38586b83cbd97d5f0dc9382290,0.5610598623752594,0.5610598623752594,0.0
1365,687b80e526e5223e6b556d770cf28be791bb188203d5c9d6dd54b58f9f66042b,0.6245249509811401,0.6245249509811401,0.0
1366,3d6bd9b3c9a9d66f4d7fb0c0f9f413e8b8ca671aa1febb7c40c17f16ea3a7f1c,0.6090456545352936,0.6090456545352936,0.0
1367,b0b5dc3032d1799169f2ace3cc9e735f1f97001850b56c62eeae547609756900,0.6255412697792053,0.6255412697792053,0.0
1368,4c3895a76c51e4464751cf1c95077db7ef2486b72c80d1f519191e68c9a6eb2f,0.633470356464386,0.633470356464386,0.0
1369,5ec56465574c779eb4b823ac4c29980b4ccc2aba59d198b39b40e6ecc2232b4e,0.807442918419838,0.807442918419838,0.0
1370,7ab655380a913b7ab7d120a6ecac5dee39c09ed9e98656a986419cd13327c08a,0.7325948178768158,0.7325948178768158,0.0
1371,b121bd7530093c275b588afd8b9a3c10ab587aa32878e2c11195d18de8c82f7f,0.7728477120399475,0.7728477120399475,0.0
1372,fb7d6aa2790f3d4bb374d4befbe254dcd7a6bba61b46e197470e9db7bc2fc629,0.7831068634986877,0.7831068634986877,0.0
1373,de96c496b29ed4b3668ee5cadd8a909c9830ad6fca36d1c10d9b7301f99f8e5b,0.7224096357822418,0.7224096357822418,0.0
1374,f220652d3f0d1c0d55fe0402e772652dd84ac81a5ca7599d524d41bb51e0700c,0.7157778441905975,0.7157778441905975,0.0
1375,6d59059cf8fbf8c5acea4565709304a331dfdd62e4b5cbc4e3457e10db3a9f01,0.5769130885601044,0.5769130885601044,0.0
1376,17c45e6bbae5d132a566241b61d56d47ec83e23d26ad507ba6933a0987152a44,0.5684228241443634,0.5684228241443634,0.0
1377,3fd913da9d61773b687db752bc7ac5ac0b1408bfb669eac6ec57bedc76120540,0.4009608030319214,0.4009608030319214,0.0
1378,23676ce8fb8e7627de3d8835019d422dd1d6dbe1edf2dc2473e64aeb2ee4d7ac,0.7232934832572937,0.7232934832572937,0.0
1379,dce4cd4337911df38da06b0ffcc413d82aa78adc19e8b73e703ec156dd977cc3,0.6919879615306854,0.6919879615306854,0.0
1380,431800953a926879b41a843c589ca9dd45e21cd6eb1e2ed8f7897f0c4e83883b,0.5700287818908691,0.5700287818908691,0.0
1381,50a9075442692165bdafa489afb92609cd3544652cfc49af57cfa9fb284b54b6,0.6242963075637817,0.6242963075637817,0.0
1382,007299241f2b352bbd2ab2d951ddd8abc001fb607193f8279d42b036fa00d346,0.4865619540214538,0.48656195402145386,5.551115123125783e-17
1383,f7643325e73c38274a0dd3ffb8aa89a905b7bdd4db4a071b7565daf864a57e35,0.4906048774719238,0.49060487747192383,5.551115123125783e-17
1384,96f81f873213a122e77ce8910f994f90f9ec8fca8103272384c4ef06216e0be3,0.5156464278697968,0.5156464278697968,0.0
1385,8db6e4b2fdf29452480307a363e54ff380e1f9067db61298cc3641df2d8077fe,0.4899289011955261,0.4899289011955261,0.0
1386,131e12eb4f9bbbf4f0482e5fd976a9609bfcce62aaf1356129c19a7996d37a70,0.4820117950439453,0.4820117950439453,0.0
1387,15d1df2ba941d8fbb3ac1d4f0829af8434c41e4363c478f44cfa7ae39e895229,0.542257696390152,0.542257696390152,0.0
1388,967162636bc11b2487ed3fbee9dfee6e7f2a4afac31db24a438127a3690908e3,0.4906845092773437,0.49068450927734375,5.551115123125783e-17
1389,9d94db9236d7fb0b554eea3232836e981e3733e9b241941dd8e8e66c59ad3cd8,0.4809057712554931,0.48090577125549316,5.551115123125783e-17
1390,1fefba4c7373f177d3950e6653ba4d33b695d66705d0bd914a9e3b4284cd6d1c,0.4794641733169555,0.47946417331695557,5.551115123125783e-17
1391,ea617536d1fc1799fc304fd717e8e82c2b975e67dd61348f14a7e4734e67ae31,0.4129022359848022,0.41290223598480225,5.551115123125783e-17
1392,cce8f513665e7f115b390ce0c8013d625e543cc3ca9175ca808ba225ddde1746,0.374599814414978,0.374599814414978,0.0
1393,0d35123068cea453871b1c1b6328add833550280c9df7010f4de57f0ff01f5bd,0.6031957864761353,0.6031957864761353,0.0
1394,e37f048b0d197a47d2ac323379f98ea8951d2bd138453293b5d890d37f5c36a1,0.5966271162033081,0.5966271162033081,0.0
1395,9a4f43cfbc8fd31952ee723e8a0a78d9298282aa85f91bcf0bd50e04c21dbc21,0.6073699295520782,0.6073699295520782,0.0
1396,09f614cf1c3718ada97cbdf17906ed299e37d46d5d97c6e5bdad18ecbf1230ad,0.6614883244037628,0.6614883244037628,0.0
1397,6bef384f026efb46bbdbbede01da5664a8a2401054a060aa364a90108feb4c06,0.5689374506473541,0.5689374506473541,0.0
1398,1fa77c5e70c321ad771758405ed4cf5e0b04cce36c3d5e2a3a2cefb9f08bfa02,0.4275696873664856,0.4275696873664856,0.0
1399,0aaced8f4493aab207dab2a0284d1ee542413de1aa0ff7fd754a49498906ca85,0.6282075643539429,0.6282075643539429,0.0
1400,a75c083d2de31a967857ec5caafda0c5976b07ae403b4637e5d05728944e8f05,0.6172694563865662,0.6172694563865662,0.0
1401,665b3217ca883d32d13ee4e8f651edd8cedab6272eb8c1c504b68f81181299ee,0.6321543753147125,0.6321543753147125,0.0
1402,28ab64658aed62dee57020bcb7d4575d3714b6bc490f7df5a52d9e39effa25ea,0.5107864439487457,0.5107864439487457,0.0
1403,b6b9d8d0c00177eaf6339ffb1a8cee9930bec1f8903645116f2438203632b6cb,0.5418896377086639,0.5418896377086639,0.0
1404,301e9503013a7e363347273bedce67be436a0b2c54c03ac719ba197579944496,0.5095917880535126,0.5095917880535126,0.0
1405,15be2ed841ae0946c2c2e96541130c8f53a89ce9b98f43bc6c65a4d40e535261,0.5866142809391022,0.5866142809391022,0.0
1406,b85a7e7b3aa879ed56854517f27098b61239dba854d0694ad6f3a5828f4bc003,0.6746141612529755,0.6746141612529755,0.0
1407,5fe74624b23052d146f42c9071b11af3e07eba4c0f8b24c4fe28d3e23310b3f1,0.5690854489803314,0.5690854489803314,0.0
1408,3d789142a8c5426cb78641e49303669c1295f40373c39bf29f20f84eba44e9de,0.4335226416587829,0.43352264165878296,5.551115123125783e-17
1409,a2c817975aa602f5c23638992c7b640d284c7c0aa67b77fdff72108c24b145f9,0.4735933542251587,0.4735933542251587,0.0
1410,40ff37d612ece7781822d347748be911272a892da7a65f821ba5e84310dcdd8c,0.4601587057113647,0.46015870571136475,5.551115123125783e-17
1411,af39fe229a55a02d4267ef37dd8f2b655aefb20359b471f61e8a18edb212f810,0.5343091189861298,0.5343091189861298,0.0
1412,e6c6f01531c14dc33d304d4c1872e25bdc6923827d30e8c4787fc833f44c6b83,0.6801759600639343,0.6801759600639343,0.0
1413,38581e7f455acd1a0cc09628c9f175ee5d0d3459e080e06568bfc74d373ef479,0.4642252922058105,0.46422529220581055,5.551115123125783e-17
1414,d7dbedc30a012c25a8cd16822431d810c29a321f09c1147eb5ffca499a993bf6,0.5597226917743683,0.5597226917743683,0.0
1415,c8b99251ce9d03ab7c8d53f6ffcfd00c4e9748651beeb79a28a11e37a204b0e4,0.6410724818706512,0.6410724818706512,0.0
1416,5bd693a997ceb24fbb304d8729e61d64c6cdeecc1a3e2565f07d74adb44fdbdd,0.553149551153183,0.553149551153183,0.0
1417,becfc82766f9f530d3a422349fb9177b1b2d335e3901ec892fc989df8663b3e1,0.6344201862812042,0.6344201862812042,0.0
1418,0368669be4e5a0ea2446e2b8ebc9356eda08fdd82df7011b61e5d7902b731d43,0.6132270395755768,0.6132270395755768,0.0
1419,5fd4d39b393483dfbcefa8d9bb1bc56d5d39e40bc0e737e99c517247a095fece,0.547448456287384,0.547448456287384,0.0
1420,19f896e97c58f23a02cdf41bef82d3848bd4756f687832533d461521d3605a13,0.6743702590465546,0.6743702590465546,0.0
1421,7511e9881533126546bd51fa0cc46b3269384802454f95f218424a01fe4af931,0.5949719548225403,0.5949719548225403,0.0
1422,98599fedf59e7c2eea25ffbf4e3459e6a381eae42a68da392b684c1c80d097e0,0.653132975101471,0.653132975101471,0.0
1423,cc1465b95c67ee1e9f8fcca0df27c164fed0c70fc89011b938e8e00a048bde52,0.5700477361679077,0.5700477361679077,0.0
1424,45e19b2e522298883856ab1590bf467fc0789a5204e18fda518fd256da0df14c,0.6131782829761505,0.6131782829761505,0.0
1425,13fe6c97315670f1c119048138f7afcbf6ee2147b9ce89bf33c72a80729160d4,0.5526178777217865,0.5526178777217865,0.0
1426,f4284587559fa5e9d9ba6f70c14addeb59cd7f2df7c05a59d67ea1fb2c94cc52,0.6101830005645752,0.6101830005645752,0.0
1427,580f567b7c5b323da7b3c5cfd5ef846e9c954acbf2e8b808a8fc6c5428eef64b,0.6098022758960724,0.6098022758960724,0.0
1428,62af7fd153f77aec3a347f5a0ca33549f7f9b2c6fadc0d36f854f0d87ebe4402,0.5448702573776245,0.5448702573776245,0.0
1429,68c7fb461c8f38b62beaf51643d988fd19efba35416c74cba0f61d4762ceefc5,0.5551553666591644,0.5551553666591644,0.0
1430,067a3cef68eb6115e254bf6e3774836ab49fa36b7205a52dd160766ae33dcf49,0.5607938468456268,0.5607938468456268,0.0
1431,e9477814f0f26886b973e432e8ff6c97668082d0b9fb9162827a1d1f9983626b,0.5849125683307648,0.5849125683307648,0.0
1432,7412ce3c084558700c84d3d3e81f98cd35730de4aa593e3410dc15d3217bb1aa,0.6006601452827454,0.6006601452827454,0.0
1433,f2d85b1831a58a6a4533062c9c60b2ff757f038c3a98278cc0a054373c38fab0,0.5304933786392212,0.5304933786392212,0.0
1434,6f2b20bd4c31c3933f8dda9eaef71a32e5d50b4a26f86bf18997b2c1d2ead1c8,0.4691104292869568,0.4691104292869568,0.0
1435,d2e235c195405ef6f78091437d9a136c459ab8a91b48bfade44194013eea6ffa,0.6581610441207886,0.6581610441207886,0.0
1436,86aa7e2713d52256e696e23daccddf492658a95b4e64aad82197ca7331579cf8,0.6204990148544312,0.6204990148544312,0.0
1437,5261317cdd1655d566f5dbaf107e5f832cbe05d243181c4006eb13cb52eee7d6,0.5666052997112274,0.5666052997112274,0.0
1438,782aa01d53871063a37f1c1a6a2af47364e2107e1c7e9a30cabde8543645c1a7,0.6102168262004852,0.6102168262004852,0.0
1439,4f3f1102efa97d45047653c7a90cc3f2b824ecb1980b1e37d2ed00838fe1f204,0.6587123572826385,0.6587123572826385,0.0
1440,be7d354df185b168b63e063f737bb89ce620ef503397261484f48022589381f1,0.5838177800178528,0.5838177800178528,0.0
1441,4de6dcaaf0f672d1bf03d5eff5c007416d4bd1e977c2b2f3b90b8551b60411dd,0.5423740446567535,0.5423740446567535,0.0
1442,97319dcdb3db23fdf895794f8ba5d1ea4b54bb0ae88cb30a33d46fed06464295,0.4716213345527649,0.4716213345527649,0.0
1443,7c230f4a86999a8e9785a34d6aed9a585c8c5a7e0fd36f49cbedd77d193dea68,0.4992444515228271,0.49924445152282715,5.551115123125783e-17
1444,79072a8ffd8fc0fa3a959468bbdc63237223e4e05e433761e8f4c115f7162b39,0.5624578595161438,0.5624578595161438,0.0
1445,c79fdcb6a15cc7f5648b1b0a4a0ab54996a6ba5a74b7c7ec2b0a3875550bda89,0.529412031173706,0.529412031173706,0.0
1446,f43b59f6a3884231723c320e2033c5984bc48d3749c9a3a6eac097c736c26bf7,0.5048875510692596,0.5048875510692596,0.0
1447,d9bad22216e7bf3cde029bf1402fdd476c55b8a18c6f074f6a72c2ef626edf7d,0.6064780354499817,0.6064780354499817,0.0
1448,54e022386d77e8f03f15c5998342f63084131fc0e077183f186a2bfdcb7bb8b9,0.5816535353660583,0.5816535353660583,0.0
1449,5b3b9d28f77eb18048d573e2709f048f7c1dc8f79fcd039faa62fee994ae7c97,0.5708537399768829,0.5708537399768829,0.0
1450,802a07636a657d230ff212b67f846f68d757cfff9b2a02da1e6c68571ee03a44,0.7501242309808731,0.7501242309808731,0.0
1451,95528b5083c7c0aace8aac0d2fd58d55af0960cd076295ff219172907a1de7e0,0.7114357054233551,0.7114357054233551,0.0
1452,c2b6b86f328b992b0911e618685e51ac716c863df62949e99285e0fc3d0b1541,0.7321097254753113,0.7321097254753113,0.0
1453,84aee2aa71ee9e7c263cac2ff814bbf5e56cae6d2d05dba8be8841d2512065e7,0.700249969959259,0.700249969959259,0.0
1454,2421500553fdfafca2dcbb537e1a431050ec5c38586b83cbd97d5f0dc9382290,0.5610598623752594,0.5610598623752594,0.0
1455,687b80e526e5223e6b556d770cf28be791bb188203d5c9d6dd54b58f9f66042b,0.6245249509811401,0.6245249509811401,0.0
1456,3d6bd9b3c9a9d66f4d7fb0c0f9f413e8b8ca671aa1febb7c40c17f16ea3a7f1c,0.6090456545352936,0.6090456545352936,0.0
1457,b0b5dc3032d1799169f2ace3cc9e735f1f97001850b56c62eeae547609756900,0.6255412697792053,0.6255412697792053,0.0
1458,4c3895a76c51e4464751cf1c95077db7ef2486b72c80d1f519191e68c9a6eb2f,0.633470356464386,0.633470356464386,0.0
1459,5ec56465574c779eb4b823ac4c29980b4ccc2aba59d198b39b40e6ecc2232b4e,0.807442918419838,0.807442918419838,0.0
1460,7ab655380a913b7ab7d120a6ecac5dee39c09ed9e98656a986419cd13327c08a,0.7325948178768158,0.7325948178768158,0.0
1461,b121bd7530093c275b588afd8b9a3c10ab587aa32878e2c11195d18de8c82f7f,0.7728477120399475,0.7728477120399475,0.0
1462,fb7d6aa2790f3d4bb374d4befbe254dcd7a6bba61b46e197470e9db7bc2fc629,0.7831068634986877,0.7831068634986877,0.0
1463,de96c496b29ed4b3668ee5cadd8a909c9830ad6fca36d1c10d9b7301f99f8e5b,0.7224096357822418,0.7224096357822418,0.0
1464,f220652d3f0d1c0d55fe0402e772652dd84ac81a5ca7599d524d41bb51e0700c,0.7157778441905975,0.7157778441905975,0.0
1465,6d59059cf8fbf8c5acea4565709304a331dfdd62e4b5cbc4e3457e10db3a9f01,0.5769130885601044,0.5769130885601044,0.0
1466,17c45e6bbae5d132a566241b61d56d47ec83e23d26ad507ba6933a0987152a44,0.5684228241443634,0.5684228241443634,0.0
1467,3fd913da9d61773b687db752bc7ac5ac0b1408bfb669eac6ec57bedc76120540,0.4009608030319214,0.4009608030319214,0.0
1468,23676ce8fb8e7627de3d8835019d422dd1d6dbe1edf2dc2473e64aeb2ee4d7ac,0.7232934832572937,0.7232934832572937,0.0
1469,dce4cd4337911df38da06b0ffcc413d82aa78adc19e8b73e703ec156dd977cc3,0.6919879615306854,0.6919879615306854,0.0
1470,431800953a926879b41a843c589ca9dd45e21cd6eb1e2ed8f7897f0c4e83883b,0.5700287818908691,0.5700287818908691,0.0
1471,50a9075442692165bdafa489afb92609cd3544652cfc49af57cfa9fb284b54b6,0.6242963075637817,0.6242963075637817,0.0
1472,007299241f2b352bbd2ab2d951ddd8abc001fb607193f8279d42b036fa00d346,0.4865619540214538,0.48656195402145386,5.551115123125783e-17
1473,f7643325e73c38274a0dd3ffb8aa89a905b7bdd4db4a071b7565daf864a57e35,0.4906048774719238,0.49060487747192383,5.551115123125783e-17
1474,96f81f873213a122e77ce8910f994f90f9ec8fca8103272384c4ef06216e0be3,0.5156464278697968,0.5156464278697968,0.0
1475,8db6e4b2fdf29452480307a363e54ff380e1f9067db61298cc3641df2d8077fe,0.4899289011955261,0.4899289011955261,0.0
1476,131e12eb4f9bbbf4f0482e5fd976a9609bfcce62aaf1356129c19a7996d37a70,0.4820117950439453,0.4820117950439453,0.0
1477,15d1df2ba941d8fbb3ac1d4f0829af8434c41e4363c478f44cfa7ae39e895229,0.542257696390152,0.542257696390152,0.0
1478,967162636bc11b2487ed3fbee9dfee6e7f2a4afac31db24a438127a3690908e3,0.4906845092773437,0.49068450927734375,5.551115123125783e-17
1479,9d94db9236d7fb0b554eea3232836e981e3733e9b241941dd8e8e66c59ad3cd8,0.4809057712554931,0.48090577125549316,5.551115123125783e-17
1480,1fefba4c7373f177d3950e6653ba4d33b695d66705d0bd914a9e3b4284cd6d1c,0.4794641733169555,0.47946417331695557,5.551115123125783e-17
1481,ea617536d1fc1799fc304fd717e8e82c2b975e67dd61348f14a7e4734e67ae31,0.4129022359848022,0.41290223598480225,5.551115123125783e-17
1482,cce8f513665e7f115b390ce0c8013d625e543cc3ca9175ca808ba225ddde1746,0.374599814414978,0.374599814414978,0.0
1483,0d35123068cea453871b1c1b6328add833550280c9df7010f4de57f0ff01f5bd,0.6031957864761353,0.6031957864761353,0.0
1484,e37f048b0d197a47d2ac323379f98ea8951d2bd138453293b5d890d37f5c36a1,0.5966271162033081,0.5966271162033081,0.0
1485,9a4f43cfbc8fd31952ee723e8a0a78d9298282aa85f91bcf0bd50e04c21dbc21,0.6073699295520782,0.6073699295520782,0.0
1486,09f614cf1c3718ada97cbdf17906ed299e37d46d5d97c6e5bdad18ecbf1230ad,0.6614883244037628,0.6614883244037628,0.0
1487,6bef384f026efb46bbdbbede01da5664a8a2401054a060aa364a90108feb4c06,0.5689374506473541,0.5689374506473541,0.0
1488,1fa77c5e70c321ad771758405ed4cf5e0b04cce36c3d5e2a3a2cefb9f08bfa02,0.4275696873664856,0.4275696873664856,0.0
1489,0aaced8f4493aab207dab2a0284d1ee542413de1aa0ff7fd754a49498906ca85,0.6282075643539429,0.6282075643539429,0.0
1490,a75c083d2de31a967857ec5caafda0c5976b07ae403b4637e5d05728944e8f05,0.6172694563865662,0.6172694563865662,0.0
1491,665b3217ca883d32d13ee4e8f651edd8cedab6272eb8c1c504b68f81181299ee,0.6321543753147125,0.6321543753147125,0.0
1492,28ab64658aed62dee57020bcb7d4575d3714b6bc490f7df5a52d9e39effa25ea,0.5107864439487457,0.5107864439487457,0.0
1493,b6b9d8d0c00177eaf6339ffb1a8cee9930bec1f8903645116f2438203632b6cb,0.5418896377086639,0.5418896377086639,0.0
1494,301e9503013a7e363347273bedce67be436a0b2c54c03ac719ba197579944496,0.5095917880535126,0.5095917880535126,0.0
1495,15be2ed841ae0946c2c2e96541130c8f53a89ce9b98f43bc6c65a4d40e535261,0.5866142809391022,0.5866142809391022,0.0
1496,b85a7e7b3aa879ed56854517f27098b61239dba854d0694ad6f3a5828f4bc003,0.6746141612529755,0.6746141612529755,0.0
1497,5fe74624b23052d146f42c9071b11af3e07eba4c0f8b24c4fe28d3e23310b3f1,0.5690854489803314,0.5690854489803314,0.0
1498,3d789142a8c5426cb78641e49303669c1295f40373c39bf29f20f84eba44e9de,0.4335226416587829,0.43352264165878296,5.551115123125783e-17
1499,a2c817975aa602f5c23638992c7b640d284c7c0aa67b77fdff72108c24b145f9,0.4735933542251587,0.4735933542251587,0.0
1500,40ff37d612ece7781822d347748be911272a892da7a65f821ba5e84310dcdd8c,0.4601587057113647,0.46015870571136475,5.551115123125783e-17
1501,af39fe229a55a02d4267ef37dd8f2b655aefb20359b471f61e8a18edb212f810,0.5343091189861298,0.5343091189861298,0.0
1502,e6c6f01531c14dc33d304d4c1872e25bdc6923827d30e8c4787fc833f44c6b83,0.6801759600639343,0.6801759600639343,0.0
1503,38581e7f455acd1a0cc09628c9f175ee5d0d3459e080e06568bfc74d373ef479,0.4642252922058105,0.46422529220581055,5.551115123125783e-17
1504,d7dbedc30a012c25a8cd16822431d810c29a321f09c1147eb5ffca499a993bf6,0.5597226917743683,0.5597226917743683,0.0
1505,c8b99251ce9d03ab7c8d53f6ffcfd00c4e9748651beeb79a28a11e37a204b0e4,0.6410724818706512,0.6410724818706512,0.0
1506,5bd693a997ceb24fbb304d8729e61d64c6cdeecc1a3e2565f07d74adb44fdbdd,0.553149551153183,0.553149551153183,0.0
1507,becfc82766f9f530d3a422349fb9177b1b2d335e3901ec892fc989df8663b3e1,0.6344201862812042,0.6344201862812042,0.0
1508,0368669be4e5a0ea2446e2b8ebc9356eda08fdd82df7011b61e5d7902b731d43,0.6132270395755768,0.6132270395755768,0.0
1509,5fd4d39b393483dfbcefa8d9bb1bc56d5d39e40bc0e737e99c517247a095fece,0.547448456287384,0.547448456287384,0.0
1510,19f896e97c58f23a02cdf41bef82d3848bd4756f687832533d461521d3605a13,0.6743702590465546,0.6743702590465546,0.0
1511,7511e9881533126546bd51fa0cc46b3269384802454f95f218424a01fe4af931,0.5949719548225403,0.5949719548225403,0.0
1512,98599fedf59e7c2eea25ffbf4e3459e6a381eae42a68da392b684c1c80d097e0,0.653132975101471,0.653132975101471,0.0
1513,cc1465b95c67ee1e9f8fcca0df27c164fed0c70fc89011b938e8e00a048bde52,0.5700477361679077,0.5700477361679077,0.0
1514,45e19b2e522298883856ab1590bf467fc0789a5204e18fda518fd256da0df14c,0.6131782829761505,0.6131782829761505,0.0
1515,13fe6c97315670f1c119048138f7afcbf6ee2147b9ce89bf33c72a80729160d4,0.5526178777217865,0.5526178777217865,0.0
1516,f4284587559fa5e9d9ba6f70c14addeb59cd7f2df7c05a59d67ea1fb2c94cc52,0.6101830005645752,0.6101830005645752,0.0
1517,580f567b7c5b323da7b3c5cfd5ef846e9c954acbf2e8b808a8fc6c5428eef64b,0.6098022758960724,0.6098022758960724,0.0
1518,62af7fd153f77aec3a347f5a0ca33549f7f9b2c6fadc0d36f854f0d87ebe4402,0.5448702573776245,0.5448702573776245,0.0
1519,68c7fb461c8f38b62beaf51643d988fd19efba35416c74cba0f61d4762ceefc5,0.5551553666591644,0.5551553666591644,0.0
1520,067a3cef68eb6115e254bf6e3774836ab49fa36b7205a52dd160766ae33dcf49,0.5607938468456268,0.5607938468456268,0.0
1521,e9477814f0f26886b973e432e8ff6c97668082d0b9fb9162827a1d1f9983626b,0.5849125683307648,0.5849125683307648,0.0
1522,7412ce3c084558700c84d3d3e81f98cd35730de4aa593e3410dc15d3217bb1aa,0.6006601452827454,0.6006601452827454,0.0
1523,f2d85b1831a58a6a4533062c9c60b2ff757f038c3a98278cc0a054373c38fab0,0.5304933786392212,0.5304933786392212,0.0
1524,6f2b20bd4c31c3933f8dda9eaef71a32e5d50b4a26f86bf18997b2c1d2ead1c8,0.4691104292869568,0.4691104292869568,0.0
1525,d2e235c195405ef6f78091437d9a136c459ab8a91b48bfade44194013eea6ffa,0.6581610441207886,0.6581610441207886,0.0
1526,86aa7e2713d52256e696e23daccddf492658a95b4e64aad82197ca7331579cf8,0.6204990148544312,0.6204990148544312,0.0
1527,5261317cdd1655d566f5dbaf107e5f832cbe05d243181c4006eb13cb52eee7d6,0.5666052997112274,0.5666052997112274,0.0
1528,782aa01d53871063a37f1c1a6a2af47364e2107e1c7e9a30cabde8543645c1a7,0.6102168262004852,0.6102168262004852,0.0
1529,4f3f1102efa97d45047653c7a90cc3f2b824ecb1980b1e37d2ed00838fe1f204,0.6587123572826385,0.6587123572826385,0.0
1530,be7d354df185b168b63e063f737bb89ce620ef503397261484f48022589381f1,0.5838177800178528,0.5838177800178528,0.0
1531,4de6dcaaf0f672d1bf03d5eff5c007416d4bd1e977c2b2f3b90b8551b60411dd,0.5423740446567535,0.5423740446567535,0.0
1532,97319dcdb3db23fdf895794f8ba5d1ea4b54bb0ae88cb30a33d46fed06464295,0.4716213345527649,0.4716213345527649,0.0
1533,7c230f4a86999a8e9785a34d6aed9a585c8c5a7e0fd36f49cbedd77d193dea68,0.4992444515228271,0.49924445152282715,5.551115123125783e-17
1534,79072a8ffd8fc0fa3a959468bbdc63237223e4e05e433761e8f4c115f7162b39,0.5624578595161438,0.5624578595161438,0.0
1535,c79fdcb6a15cc7f5648b1b0a4a0ab54996a6ba5a74b7c7ec2b0a3875550bda89,0.529412031173706,0.529412031173706,0.0
1536,f43b59f6a3884231723c320e2033c5984bc48d3749c9a3a6eac097c736c26bf7,0.5048875510692596,0.5048875510692596,0.0
1537,d9bad22216e7bf3cde029bf1402fdd476c55b8a18c6f074f6a72c2ef626edf7d,0.6064780354499817,0.6064780354499817,0.0
1538,54e022386d77e8f03f15c5998342f63084131fc0e077183f186a2bfdcb7bb8b9,0.5816535353660583,0.5816535353660583,0.0
1539,5b3b9d28f77eb18048d573e2709f048f7c1dc8f79fcd039faa62fee994ae7c97,0.5708537399768829,0.5708537399768829,0.0
1540,802a07636a657d230ff212b67f846f68d757cfff9b2a02da1e6c68571ee03a44,0.7501242309808731,0.7501242309808731,0.0
1541,95528b5083c7c0aace8aac0d2fd58d55af0960cd076295ff219172907a1de7e0,0.7114357054233551,0.7114357054233551,0.0
1542,c2b6b86f328b992b0911e618685e51ac716c863df62949e99285e0fc3d0b1541,0.7321097254753113,0.7321097254753113,0.0
1543,84aee2aa71ee9e7c263cac2ff814bbf5e56cae6d2d05dba8be8841d2512065e7,0.700249969959259,0.700249969959259,0.0
1544,2421500553fdfafca2dcbb537e1a431050ec5c38586b83cbd97d5f0dc9382290,0.5610598623752594,0.5610598623752594,0.0
1545,687b80e526e5223e6b556d770cf28be791bb188203d5c9d6dd54b58f9f66042b,0.6245249509811401,0.6245249509811401,0.0
1546,3d6bd9b3c9a9d66f4d7fb0c0f9f413e8b8ca671aa1febb7c40c17f16ea3a7f1c,0.6090456545352936,0.6090456545352936,0.0
1547,b0b5dc3032d1799169f2ace3cc9e735f1f97001850b56c62eeae547609756900,0.6255412697792053,0.6255412697792053,0.0
1548,4c3895a76c51e4464751cf1c95077db7ef2486b72c80d1f519191e68c9a6eb2f,0.633470356464386,0.633470356464386,0.0
1549,5ec56465574c779eb4b823ac4c29980b4ccc2aba59d198b39b40e6ecc2232b4e,0.807442918419838,0.807442918419838,0.0
1550,7ab655380a913b7ab7d120a6ecac5dee39c09ed9e98656a986419cd13327c08a,0.7325948178768158,0.7325948178768158,0.0
1551,b121bd7530093c275b588afd8b9a3c10ab587aa32878e2c11195d18de8c82f7f,0.7728477120399475,0.7728477120399475,0.0
1552,fb7d6aa2790f3d4bb374d4befbe254dcd7a6bba61b46e197470e9db7bc2fc629,0.7831068634986877,0.7831068634986877,0.0
1553,de96c496b29ed4b3668ee5cadd8a909c9830ad6fca36d1c10d9b7301f99f8e5b,0.7224096357822418,0.7224096357822418,0.0
1554,f220652d3f0d1c0d55fe0402e772652dd84ac81a5ca7599d524d41bb51e0700c,0.7157778441905975,0.7157778441905975,0.0
1555,6d59059cf8fbf8c5acea4565709304a331dfdd62e4b5cbc4e3457e10db3a9f01,0.5769130885601044,0.5769130885601044,0.0
1556,17c45e6bbae5d132a566241b61d56d47ec83e23d26ad507ba6933a0987152a44,0.5684228241443634,0.5684228241443634,0.0
1557,3fd913da9d61773b687db752bc7ac5ac0b1408bfb669eac6ec57bedc76120540,0.4009608030319214,0.4009608030319214,0.0
1558,23676ce8fb8e7627de3d8835019d422dd1d6dbe1edf2dc2473e64aeb2ee4d7ac,0.7232934832572937,0.7232934832572937,0.0
1559,dce4cd4337911df38da06b0ffcc413d82aa78adc19e8b73e703ec156dd977cc3,0.6919879615306854,0.6919879615306854,0.0
1560,431800953a926879b41a843c589ca9dd45e21cd6eb1e2ed8f7897f0c4e83883b,0.5700287818908691,0.5700287818908691,0.0
1561,50a9075442692165bdafa489afb92609cd3544652cfc49af57cfa9fb284b54b6,0.6242963075637817,0.6242963075637817,0.0
1562,007299241f2b352bbd2ab2d951ddd8abc001fb607193f8279d42b036fa00d346,0.4865619540214538,0.48656195402145386,5.551115123125783e-17
1563,f7643325e73c38274a0dd3ffb8aa89a905b7bdd4db4a071b7565daf864a57e35,0.4906048774719238,0.49060487747192383,5.551115123125783e-17
1564,96f81f873213a122e77ce8910f994f90f9ec8fca8103272384c4ef06216e0be3,0.5156464278697968,0.5156464278697968,0.0
1565,8db6e4b2fdf29452480307a363e54ff380e1f9067db61298cc3641df2d8077fe,0.4899289011955261,0.4899289011955261,0.0
1566,131e12eb4f9bbbf4f0482e5fd976a9609bfcce62aaf1356129c19a7996d37a70,0.4820117950439453,0.4820117950439453,0.0
1567,15d1df2ba941d8fbb3ac1d4f0829af8434c41e4363c478f44cfa7ae39e895229,0.542257696390152,0.542257696390152,0.0
1568,967162636bc11b2487ed3fbee9dfee6e7f2a4afac31db24a438127a3690908e3,0.4906845092773437,0.49068450927734375,5.551115123125783e-17
1569,9d94db9236d7fb0b554eea3232836e981e3733e9b241941dd8e8e66c59ad3cd8,0.4809057712554931,0.48090577125549316,5.551115123125783e-17
1570,1fefba4c7373f177d3950e6653ba4d33b695d66705d0bd914a9e3b4284cd6d1c,0.4794641733169555,0.47946417331695557,5.551115123125783e-17
1571,ea617536d1fc1799fc304fd717e8e82c2b975e67dd61348f14a7e4734e67ae31,0.4129022359848022,0.41290223598480225,5.551115123125783e-17
1572,cce8f513665e7f115b390ce0c8013d625e543cc3ca9175ca808ba225ddde1746,0.374599814414978,0.374599814414978,0.0
1573,0d35123068cea453871b1c1b6328add833550280c9df7010f4de57f0ff01f5bd,0.6031957864761353,0.6031957864761353,0.0
1574,e37f048b0d197a47d2ac323379f98ea8951d2bd138453293b5d890d37f5c36a1,0.5966271162033081,0.5966271162033081,0.0
1575,9a4f43cfbc8fd31952ee723e8a0a78d9298282aa85f91bcf0bd50e04c21dbc21,0.6073699295520782,0.6073699295520782,0.0
1576,09f614cf1c3718ada97cbdf17906ed299e37d46d5d97c6e5bdad18ecbf1230ad,0.6614883244037628,0.6614883244037628,0.0
1577,6bef384f026efb46bbdbbede01da5664a8a2401054a060aa364a90108feb4c06,0.5689374506473541,0.5689374506473541,0.0
1578,1fa77c5e70c321ad771758405ed4cf5e0b04cce36c3d5e2a3a2cefb9f08bfa02,0.4275696873664856,0.4275696873664856,0.0
1579,0aaced8f4493aab207dab2a0284d1ee542413de1aa0ff7fd754a49498906ca85,0.6282075643539429,0.6282075643539429,0.0
1580,a75c083d2de31a967857ec5caafda0c5976b07ae403b4637e5d05728944e8f05,0.6172694563865662,0.6172694563865662,0.0
1581,665b3217ca883d32d13ee4e8f651edd8cedab6272eb8c1c504b68f81181299ee,0.6321543753147125,0.6321543753147125,0.0
1582,28ab64658aed62dee57020bcb7d4575d3714b6bc490f7df5a52d9e39effa25ea,0.5107864439487457,0.5107864439487457,0.0
1583,b6b9d8d0c00177eaf6339ffb1a8cee9930bec1f8903645116f2438203632b6cb,0.5418896377086639,0.5418896377086639,0.0
1584,301e9503013a7e363347273bedce67be436a0b2c54c03ac719ba197579944496,0.5095917880535126,0.5095917880535126,0.0
1585,15be2ed841ae0946c2c2e96541130c8f53a89ce9b98f43bc6c65a4d40e535261,0.5866142809391022,0.5866142809391022,0.0
1586,b85a7e7b3aa879ed56854517f27098b61239dba854d0694ad6f3a5828f4bc003,0.6746141612529755,0.6746141612529755,0.0
1587,5fe74624b23052d146f42c9071b11af3e07eba4c0f8b24c4fe28d3e23310b3f1,0.5690854489803314,0.5690854489803314,0.0
1588,3d789142a8c5426cb78641e49303669c1295f40373c39bf29f20f84eba44e9de,0.4335226416587829,0.43352264165878296,5.551115123125783e-17
1589,a2c817975aa602f5c23638992c7b640d284c7c0aa67b77fdff72108c24b145f9,0.4735933542251587,0.4735933542251587,0.0
1590,40ff37d612ece7781822d347748be911272a892da7a65f821ba5e84310dcdd8c,0.4601587057113647,0.46015870571136475,5.551115123125783e-17
1591,af39fe229a55a02d4267ef37dd8f2b655aefb20359b471f61e8a18edb212f810,0.5343091189861298,0.5343091189861298,0.0
1592,e6c6f01531c14dc33d304d4c1872e25bdc6923827d30e8c4787fc833f44c6b83,0.6801759600639343,0.6801759600639343,0.0
1593,38581e7f455acd1a0cc09628c9f175ee5d0d3459e080e06568bfc74d373ef479,0.4642252922058105,0.46422529220581055,5.551115123125783e-17
1594,d7dbedc30a012c25a8cd16822431d810c29a321f09c1147eb5ffca499a993bf6,0.5597226917743683,0.5597226917743683,0.0
1595,c8b99251ce9d03ab7c8d53f6ffcfd00c4e9748651beeb79a28a11e37a204b0e4,0.6410724818706512,0.6410724818706512,0.0
1596,5bd693a997ceb24fbb304d8729e61d64c6cdeecc1a3e2565f07d74adb44fdbdd,0.553149551153183,0.553149551153183,0.0
1597,becfc82766f9f530d3a422349fb9177b1b2d335e3901ec892fc989df8663b3e1,0.6344201862812042,0.6344201862812042,0.0
1598,0368669be4e5a0ea2446e2b8ebc9356eda08fdd82df7011b61e5d7902b731d43,0.6132270395755768,0.6132270395755768,0.0
1599,5fd4d39b393483dfbcefa8d9bb1bc56d5d39e40bc0e737e99c517247a095fece,0.547448456287384,0.547448456287384,0.0
1600,19f896e97c58f23a02cdf41bef82d3848bd4756f687832533d461521d3605a13,0.6743702590465546,0.6743702590465546,0.0
1601,7511e9881533126546bd51fa0cc46b3269384802454f95f218424a01fe4af931,0.5949719548225403,0.5949719548225403,0.0
1602,98599fedf59e7c2eea25ffbf4e3459e6a381eae42a68da392b684c1c80d097e0,0.653132975101471,0.653132975101471,0.0
1603,cc1465b95c67ee1e9f8fcca0df27c164fed0c70fc89011b938e8e00a048bde52,0.5700477361679077,0.5700477361679077,0.0
1604,45e19b2e522298883856ab1590bf467fc0789a5204e18fda518fd256da0df14c,0.6131782829761505,0.6131782829761505,0.0
1605,13fe6c97315670f1c119048138f7afcbf6ee2147b9ce89bf33c72a80729160d4,0.5526178777217865,0.5526178777217865,0.0
1606,f4284587559fa5e9d9ba6f70c14addeb59cd7f2df7c05a59d67ea1fb2c94cc52,0.6101830005645752,0.6101830005645752,0.0
1607,580f567b7c5b323da7b3c5cfd5ef846e9c954acbf2e8b808a8fc6c5428eef64b,0.6098022758960724,0.6098022758960724,0.0
1608,62af7fd153f77aec3a347f5a0ca33549f7f9b2c6fadc0d36f854f0d87ebe4402,0.5448702573776245,0.5448702573776245,0.0
1609,68c7fb461c8f38b62beaf51643d988fd19efba35416c74cba0f61d4762ceefc5,0.5551553666591644,0.5551553666591644,0.0
1610,067a3cef68eb6115e254bf6e3774836ab49fa36b7205a52dd160766ae33dcf49,0.5607938468456268,0.5607938468456268,0.0
1611,e9477814f0f26886b973e432e8ff6c97668082d0b9fb9162827a1d1f9983626b,0.5849125683307648,0.5849125683307648,0.0
1612,7412ce3c084558700c84d3d3e81f98cd35730de4aa593e3410dc15d3217bb1aa,0.6006601452827454,0.6006601452827454,0.0
1613,f2d85b1831a58a6a4533062c9c60b2ff757f038c3a98278cc0a054373c38fab0,0.5304933786392212,0.5304933786392212,0.0
1614,6f2b20bd4c31c3933f8dda9eaef71a32e5d50b4a26f86bf18997b2c1d2ead1c8,0.4691104292869568,0.4691104292869568,0.0
1615,d2e235c195405ef6f78091437d9a136c459ab8a91b48bfade44194013eea6ffa,0.6581610441207886,0.6581610441207886,0.0
1616,86aa7e2713d52256e696e23daccddf492658a95b4e64aad82197ca7331579cf8,0.6204990148544312,0.6204990148544312,0.0
1617,5261317cdd1655d566f5dbaf107e5f832cbe05d243181c4006eb13cb52eee7d6,0.5666052997112274,0.5666052997112274,0.0
1618,782aa01d53871063a37f1c1a6a2af47364e2107e1c7e9a30cabde8543645c1a7,0.6102168262004852,0.6102168262004852,0.0
1619,4f3f1102efa97d45047653c7a90cc3f2b824ecb1980b1e37d2ed00838fe1f204,0.6587123572826385,0.6587123572826385,0.0
1620,be7d354df185b168b63e063f737bb89ce620ef503397261484f48022589381f1,0.5838177800178528,0.5838177800178528,0.0
2719,4797610c3691a82c86f5ea02d89117fc484f74008dfc63723c529494f16c5213,0.5109726190567017,0.5109726190567017,0.0
2720,4797610c3691a82c86f5ea02d89117fc484f74008dfc63723c529494f16c5213,0.5109726190567017,0.5109726190567017,0.0
2721,c7b4a0fbbcfc043fc2f53908831481916ea6b4770ff3d36c531ccd8ca6016728,0.5223684906959534,0.5223684906959534,0.0
2722,a7c63b697cde29f6713340568da69f8d78ee31809a417bf78298619572172fbb,0.5067550241947174,0.5067550241947174,0.0
2723,a7c63b697cde29f6713340568da69f8d78ee31809a417bf78298619572172fbb,0.5067550241947174,0.5067550241947174,0.0
2724,fb2070823160aa97beca211077c23e397cf596b711916c1b8e424035be32d643,0.529625654220581,0.529625654220581,0.0
2725,cc8d61f7e0251e43e5d8ca79af2cdda41cad6d99848fa626340daa80afa81c50,0.6083518266677856,0.6083518266677856,0.0
2726,cc8d61f7e0251e43e5d8ca79af2cdda41cad6d99848fa626340daa80afa81c50,0.6083518266677856,0.6083518266677856,0.0
2727,30b19549e4137be458318a670ff67dc92fe2ee414162c538fa4c69a631bc737a,0.5742993950843811,0.5742993950843811,0.0
2728,0cb8e96a4939b28f64bc0525c7f31c7594d773687938e97d2136e7d18b0adddc,0.6533255279064178,0.6533255279064178,0.0
2729,0cb8e96a4939b28f64bc0525c7f31c7594d773687938e97d2136e7d18b0adddc,0.6533255279064178,0.6533255279064178,0.0
2730,b63cb2795b68c2350fd2d99d46e89e302f3f2f3399c848c87b4e8dd1ffb9f916,0.7173836827278137,0.7173836827278137,0.0
2731,03828d4dbbfc37824e2949a90b43ce81d8fe9e925ad950ac22d2ed73444cde19,0.5903007388114929,0.5903007388114929,0.0
2732,03828d4dbbfc37824e2949a90b43ce81d8fe9e925ad950ac22d2ed73444cde19,0.5903007388114929,0.5903007388114929,0.0
2733,28fc0397973f7aa9ca3d30e435964d297308cd928a24503bc8de5de551f767b6,0.5767276585102081,0.5767276585102081,0.0
2734,42fe590e0119704ef2afbb26deab9d0e744f0015720f0ebce9232b83254cb7db,0.6553690135478973,0.6553690135478973,0.0
2735,42fe590e0119704ef2afbb26deab9d0e744f0015720f0ebce9232b83254cb7db,0.6553690135478973,0.6553690135478973,0.0
2736,e0deb9d1a20321478523aadd412355e0803fcd46e354eace7a1d66a90e0639ca,0.6344912648200989,0.6344912648200989,0.0
2737,ede62161e767eb8a128d8591d8f0822914246512f016b8485583df0c97dd9b5d,0.6355510950088501,0.6355510950088501,0.0
2738,ede62161e767eb8a128d8591d8f0822914246512f016b8485583df0c97dd9b5d,0.6355510950088501,0.6355510950088501,0.0
2739,2e42b88ce49d69819a27a089591344f998159dc89352f299fd5f0288c9e4181c,0.7572187930345535,0.7572187930345535,0.0
2740,8e273ddf30308e99e01a0bd0b1f4887b8c7efafe92e77689e9002a81004f6f71,0.7466147541999817,0.7466147541999817,0.0
2741,500118535eb5d717f5a28f7b6f80adb070184d1a65b3df746470d341e91b804f,0.7361962497234344,0.7361962497234344,0.0
2742,ef6c02f13ff6e39c0a1243d4113efe6be8c634cc517433a2e99e0781390ed3b5,0.6307750046253204,0.6307750046253204,0.0
2743,4ecd039db07c77a74d28e35ad555603fc8765596c1f10dd8d4582c78ed264fac,0.5119142234325409,0.5119142234325409,0.0
2744,d72ee3ea11359539bf314dc4df07175eaf2e91e454562574378d65547bf83924,0.5372750759124756,0.5372750759124756,0.0
2745,0b9d7dccf694f0e20b19cf68dd7edf1cae84a5abea7ac556d5963afa4635fa37,0.4545007944107055,0.45450079441070557,5.551115123125783e-17
2746,d4728a4abf96c2669e8b655f0bb1987b667c41e7762b2793507642b357b31eae,0.6418749988079071,0.6418749988079071,0.0
2747,65500c547e7af21eba89a9e18503248effe9dd47e1c0eba8ecc39af2b6d358b5,0.6341713666915894,0.6341713666915894,0.0
2748,579ae514a4944e898808737ddda56f62c28bea5f2022332e40229b494d1fe145,0.6232103109359741,0.6232103109359741,0.0
2749,e74fa4fe15a54221f2132437d3c2c1ab1b6bd1b8bd13d5f6b1e2a5fb1c06cb4c,0.5540738105773926,0.5540738105773926,0.0
2750,99325c9a1a0668e8a18d20455f3f6cdcb041be821b2b45440dddfbbade92c3d8,0.5256737768650055,0.5256737768650055,0.0
2751,1509c7a199bb4cb6712196cb2cbb2a127f29882be7c8068eed759a4d1936a8c0,0.552584171295166,0.552584171295166,0.0
2752,caece7f54666c5c22cc0177763f9e170449a1712414589ff01374768315d8d4a,0.53133824467659,0.53133824467659,0.0
2753,95ef990b36ce3e691f7f6cdd8cf50db2224840da3216b9934805836b6c501ffd,0.4863611459732055,0.48636114597320557,5.551115123125783e-17
2754,4bf947926f6acb7b3b42fdf9fed6d42dec910674a41f860886ec6bf7c0a1705c,0.5307970941066742,0.5307970941066742,0.0
2755,03fdfc2eed45255e9348959b70699c3afa1d9d53b9ba96f171577b4a272c1679,0.6311959326267242,0.6311959326267242,0.0
2756,a40e59bbde8fe952708649bf93ad919c0105c97c28bf9088dcf3435b92e2cf45,0.6291235387325287,0.6291235387325287,0.0
2757,df285a58cc5ec05d2ad9f98f9a45f0ac7ae1129fc4d82d9247ab7f80320ef970,0.5654527246952057,0.5654527246952057,0.0
2758,e329dd0d481bf33f9c5c835f22e68877dce702ecf8235aeb73736c1ee10b2dc3,0.6021875143051147,0.6021875143051147,0.0
2759,515311b3825d6735931cd9a4fd90610af39b693841b19a175048c838dbb72cf6,0.4949337244033813,0.49493372440338135,5.551115123125783e-17
2760,071790c0eab4308d8ff3536cf47bb554085c3fdfba3234205ea2687072bc7e58,0.5623862743377686,0.5623862743377686,0.0
2761,d3ce3cca4e406056b1e9a33b73589e674c8c473f0b23de73124049832a35b540,0.6481956839561462,0.6481956839561462,0.0
2762,b1e319d05abf4ca6706d34654ebd223fa13d20e7f46b3d1e126016f8ebe93d7f,0.6355413794517517,0.6355413794517517,0.0
2763,704ec3bca4991ae590f660e083725dda79ac71ff1cb46a5aa3306f205e57a2d5,0.6473213136196136,0.6473213136196136,0.0
2764,3b2190b792334c4cdccf6512e3c2b4af26192a20631af0d22f5653d764a00411,0.656080424785614,0.656080424785614,0.0
2765,2da0034cbbc150529eb06e9deb0a67cb8e9c70d44f10cfd41367c395a978ef2c,0.623818576335907,0.623818576335907,0.0
2766,7fabbd733e99be2d6a0d8954b800eff0af6bacbd1a4f6814b3f90fc6ba9c501e,0.53986856341362,0.53986856341362,0.0
2767,77c13a2d4d4b4dbf872dfecbd7c15dc35b3c145cc0e21db1bc0ee95dd02b786b,0.7091275155544281,0.7091275155544281,0.0
2768,512578dadc6da4cca4bea1f5c2c68c4f939ab778536ffcdd5d0000cfb0db6d92,0.7083530426025391,0.7083530426025391,0.0
2769,09c7196aa4de03f5991851e5d686b6cbf39b99b3b4ce65dd6a6a46e95f0a2234,0.6746698021888733,0.6746698021888733,0.0
2770,c332b4477012418567b64bfc26ab36b52ab70b11f511a6340cb9f0e66af55528,0.5733614563941956,0.5733614563941956,0.0
2771,4bd9131559b88e6de77b3edea50ba50314df3dd039868c5d7742a0597488dc0b,0.6454384326934814,0.6454384326934814,0.0
2772,b3da2779c64a6552232a5a3d14a4e5545ccee2592e317b00e24b1cf288a3435c,0.5194415152072906,0.5194415152072906,0.0
2773,b2d46b28c2bd7e531afbf2f933c367a98bba929e8abe03655d3b9cbf42b33bf1,0.7413493096828461,0.7413493096828461,0.0
2774,ea868d9f79a991f552371e70d1699d692579cf84c0a02fde65201c2744f67939,0.7239482402801514,0.7239482402801514,0.0
2775,4b128410da2b5a5995946fa808ec6af19721d5e6adc3cdecec1a288c5b3dc29d,0.5500437021255493,0.5500437021255493,0.0
2776,c1bc9f0998a905ee040e0030438cb0cf776654ad3659399c970cd955577989c5,0.4432389140129089,0.44323891401290894,5.551115123125783e-17
2777,b9337534642e6de7926c0e655b75d5ee3b11ca8b073d51c803363ba4dab7b480,0.4635007381439209,0.4635007381439209,0.0
2778,ed1992cbcb576aba3235985ab6a997f61c0881682d4720b683c8beb1a8e2750f,0.524536520242691,0.524536520242691,0.0
2779,536e1a4b9a36a11173a104b768264330081db2a88f3523be4b117c27edb02ad5,0.6490735113620758,0.6490735113620758,0.0
2780,894a5b4fefbbc27194a3900e9b76a8cbd6df4a60aaf04f29ba969a8d1311192a,0.5929625034332275,0.5929625034332275,0.0
2781,e7c208566d3d12cd2fcd47714a43f8e0dae1e98f5545eff40a221cb573b44556,0.5182533264160156,0.5182533264160156,0.0
2782,a95e383e9df673806cae5dee39eb098f43250d067abce74e69a64e3b95603a86,0.611908346414566,0.611908346414566,0.0
2783,89a27bb9a5db82d484d7ad53f515ba3970751aeddea3db62dac15bbe212dee60,0.6200948059558868,0.6200948059558868,0.0
2784,59b455a5c1c0cb808a63eb885db1b961815935b8c7cd1610c60c4d6f2e2928e0,0.5879085659980774,0.5879085659980774,0.0
2785,1f1323d46120a5191588295b51486c38d68f46c6499267fa1ec99178a29e22a2,0.6599501371383667,0.6599501371383667,0.0
2786,a687a92a45118c3c1ed5bb45e8e0eda8d2feaa0395425cc2dccb259b3aa4c848,0.6038898825645447,0.6038898825645447,0.0
2787,63f40b5e88b18c6c537bc39b24deb5592b7c529dda2f8bdf5a9d4564494479b2,0.6015981137752533,0.6015981137752533,0.0
2788,f57ec5b5203e3822190a359157b5e620be46826f1b770832987c5ec6a6cac148,0.5687628984451294,0.5687628984451294,0.0
2789,eb5cc6adfddc749621cae2e44fa8824fefec0212534f9e91fc5220bc27462aa4,0.6862029731273651,0.6862029731273651,0.0
2790,e44e4854e1bf9642aae663686a8bb98a7656fb3262a6e979a8d9515aad693fb1,0.6101349890232086,0.6101349890232086,0.0
2791,24cc7d76b134a80a7ff829e5eaf44ac696a516cb01088a06110fd378a84fec8d,0.5576176643371582,0.5576176643371582,0.0
2792,c5885f391247d5d06e1641fd5484fa3e1e5365a2ce0cede7a70539492720b916,0.6425194144248962,0.6425194144248962,0.0
2793,35c0698f7e4e8fe1461890d349c85263bc616bfde2f3ecda98e8090293c8a8fd,0.6287523806095123,0.6287523806095123,0.0
2794,3791993bf6def85b9f8f4d6aa39b3876fa511b999a1850dfbbaee98a72c974e0,0.5473960638046265,0.5473960638046265,0.0
2795,5c09c2a70263439cbe496d6b6d5b011a4be99885aba2361a37b1e8367c31c6ea,0.5589057803153992,0.5589057803153992,0.0
2796,34927ec357cfc5b2040fcda1cbf9c036d3647089f3c30cde78d554ca208dd8ba,0.5890529453754425,0.5890529453754425,0.0
2797,7f8db5a78ebb8d4a7dd65a1ace753d0aa670d5da0cba324aaaf4c8c1a5ddc33d,0.645328551530838,0.645328551530838,0.0
2798,f3061e4a2b4807ff408ff62ff84402561534695b9811ae272317d13109d4fef2,0.633631706237793,0.633631706237793,0.0
2799,9f74e7ee913c870f004016832ae06263d8d01d7020dd527cf99b38c14e2c5caf,0.595030665397644,0.595030665397644,0.0
2800,86508efa118b42983bc3b15bc3ebc519d13ac5acf88047867c63044a9e850cac,0.6373913586139679,0.6373913586139679,0.0
2801,16079ffd22cca44a648076f451d8029032f745515bd197ddaedf06a85fba132c,0.6530696749687195,0.6530696749687195,0.0
2802,d4299e6578fe42a45498f2b4e2776b02991df6a1eed266adc3d1c432544f4ded,0.6922619044780731,0.6922619044780731,0.0
2803,4859dd989a9f13506765e28945a4c2b19b0130b8b5596d980b11b508e68fdaac,0.599590003490448,0.599590003490448,0.0
2804,ef9a9e6d14878f074c2ce1db0ae4c71388173b706b8190c3a898a205d2352689,0.6188121140003204,0.6188121140003204,0.0
2805,d3a8180f26c0761d160a8af493fd66cb1489b3664e7e75ad57948633ec03cbd1,0.6049613356590271,0.6049613356590271,0.0
2806,9e8416247790bcb1f827f58bf54779ed7e016c6c2936755034bbd7c8688c6739,0.6310864090919495,0.6310864090919495,0.0
2807,9c9f6e36bb365271489bbd2df74363af5afe2d19fee08292ff7c3f553dc694b7,0.6516926288604736,0.6516926288604736,0.0
2808,3fcd5f872017d091c9b9b490cc6fd96bd4655244237ddbde1621f22d81de8c1c,0.5918194651603699,0.5918194651603699,0.0
2809,4797610c3691a82c86f5ea02d89117fc484f74008dfc63723c529494f16c5213,0.5109726190567017,0.5109726190567017,0.0
2810,4797610c3691a82c86f5ea02d89117fc484f74008dfc63723c529494f16c5213,0.5109726190567017,0.5109726190567017,0.0
2811,c7b4a0fbbcfc043fc2f53908831481916ea6b4770ff3d36c531ccd8ca6016728,0.5223684906959534,0.5223684906959534,0.0
2812,a7c63b697cde29f6713340568da69f8d78ee31809a417bf78298619572172fbb,0.5067550241947174,0.5067550241947174,0.0
2813,a7c63b697cde29f6713340568da69f8d78ee31809a417bf78298619572172fbb,0.5067550241947174,0.5067550241947174,0.0
2814,fb2070823160aa97beca211077c23e397cf596b711916c1b8e424035be32d643,0.529625654220581,0.529625654220581,0.0
2815,cc8d61f7e0251e43e5d8ca79af2cdda41cad6d99848fa626340daa80afa81c50,0.6083518266677856,0.6083518266677856,0.0
2816,cc8d61f7e0251e43e5d8ca79af2cdda41cad6d99848fa626340daa80afa81c50,0.6083518266677856,0.6083518266677856,0.0
2817,30b19549e4137be458318a670ff67dc92fe2ee414162c538fa4c69a631bc737a,0.5742993950843811,0.5742993950843811,0.0
2818,0cb8e96a4939b28f64bc0525c7f31c7594d773687938e97d2136e7d18b0adddc,0.6533255279064178,0.6533255279064178,0.0
2819,0cb8e96a4939b28f64bc0525c7f31c7594d773687938e97d2136e7d18b0adddc,0.6533255279064178,0.6533255279064178,0.0
2820,b63cb2795b68c2350fd2d99d46e89e302f3f2f3399c848c87b4e8dd1ffb9f916,0.7173836827278137,0.7173836827278137,0.0
2821,03828d4dbbfc37824e2949a90b43ce81d8fe9e925ad950ac22d2ed73444cde19,0.5903007388114929,0.5903007388114929,0.0
2822,03828d4dbbfc37824e2949a90b43ce81d8fe9e925ad950ac22d2ed73444cde19,0.5903007388114929,0.5903007388114929,0.0
2823,28fc0397973f7aa9ca3d30e435964d297308cd928a24503bc8de5de551f767b6,0.5767276585102081,0.5767276585102081,0.0
2824,42fe590e0119704ef2afbb26deab9d0e744f0015720f0ebce9232b83254cb7db,0.6553690135478973,0.6553690135478973,0.0
2825,42fe590e0119704ef2afbb26deab9d0e744f0015720f0ebce9232b83254cb7db,0.6553690135478973,0.6553690135478973,0.0
2826,e0deb9d1a20321478523aadd412355e0803fcd46e354eace7a1d66a90e0639ca,0.6344912648200989,0.6344912648200989,0.0
2827,ede62161e767eb8a128d8591d8f0822914246512f016b8485583df0c97dd9b5d,0.6355510950088501,0.6355510950088501,0.0
2828,ede62161e767eb8a128d8591d8f0822914246512f016b8485583df0c97dd9b5d,0.6355510950088501,0.6355510950088501,0.0
2829,2e42b88ce49d69819a27a089591344f998159dc89352f299fd5f0288c9e4181c,0.7572187930345535,0.7572187930345535,0.0
2830,8e273ddf30308e99e01a0bd0b1f4887b8c7efafe92e77689e9002a81004f6f71,0.7466147541999817,0.7466147541999817,0.0
2831,500118535eb5d717f5a28f7b6f80adb070184d1a65b3df746470d341e91b804f,0.7361962497234344,0.7361962497234344,0.0
2832,ef6c02f13ff6e39c0a1243d4113efe6be8c634cc517433a2e99e0781390ed3b5,0.6307750046253204,0.6307750046253204,0.0
2833,4ecd039db07c77a74d28e35ad555603fc8765596c1f10dd8d4582c78ed264fac,0.5119142234325409,0.5119142234325409,0.0
2834,d72ee3ea11359539bf314dc4df07175eaf2e91e454562574378d65547bf83924,0.5372750759124756,0.5372750759124756,0.0
2835,0b9d7dccf694f0e20b19cf68dd7edf1cae84a5abea7ac556d5963afa4635fa37,0.4545007944107055,0.45450079441070557,5.551115123125783e-17
2836,d4728a4abf96c2669e8b655f0bb1987b667c41e7762b2793507642b357b31eae,0.6418749988079071,0.6418749988079071,0.0
2837,65500c547e7af21eba89a9e18503248effe9dd47e1c0eba8ecc39af2b6d358b5,0.6341713666915894,0.6341713666915894,0.0
2838,579ae514a4944e898808737ddda56f62c28bea5f2022332e40229b494d1fe145,0.6232103109359741,0.6232103109359741,0.0
2839,e74fa4fe15a54221f2132437d3c2c1ab1b6bd1b8bd13d5f6b1e2a5fb1c06cb4c,0.5540738105773926,0.5540738105773926,0.0
2840,99325c9a1a0668e8a18d20455f3f6cdcb041be821b2b45440dddfbbade92c3d8,0.5256737768650055,0.5256737768650055,0.0
2841,1509c7a199bb4cb6712196cb2cbb2a127f29882be7c8068eed759a4d1936a8c0,0.552584171295166,0.552584171295166,0.0
2842,caece7f54666c5c22cc0177763f9e170449a1712414589ff01374768315d8d4a,0.53133824467659,0.53133824467659,0.0
2843,95ef990b36ce3e691f7f6cdd8cf50db2224840da3216b9934805836b6c501ffd,0.4863611459732055,0.48636114597320557,5.551115123125783e-17
2844,4bf947926f6acb7b3b42fdf9fed6d42dec910674a41f860886ec6bf7c0a1705c,0.5307970941066742,0.5307970941066742,0.0
2845,03fdfc2eed45255e9348959b70699c3afa1d9d53b9ba96f171577b4a272c1679,0.6311959326267242,0.6311959326267242,0.0
2846,a40e59bbde8fe952708649bf93ad919c0105c97c28bf9088dcf3435b92e2cf45,0.6291235387325287,0.6291235387325287,0.0
2847,df285a58cc5ec05d2ad9f98f9a45f0ac7ae1129fc4d82d9247ab7f80320ef970,0.5654527246952057,0.5654527246952057,0.0
2848,e329dd0d481bf33f9c5c835f22e68877dce702ecf8235aeb73736c1ee10b2dc3,0.6021875143051147,0.6021875143051147,0.0
2849,515311b3825d6735931cd9a4fd90610af39b693841b19a175048c838dbb72cf6,0.4949337244033813,0.49493372440338135,5.551115123125783e-17
2850,071790c0eab4308d8ff3536cf47bb554085c3fdfba3234205ea2687072bc7e58,0.5623862743377686,0.5623862743377686,0.0
2851,d3ce3cca4e406056b1e9a33b73589e674c8c473f0b23de73124049832a35b540,0.6481956839561462,0.6481956839561462,0.0
2852,b1e319d05abf4ca6706d34654ebd223fa13d20e7f46b3d1e126016f8ebe93d7f,0.6355413794517517,0.6355413794517517,0.0
2853,704ec3bca4991ae590f660e083725dda79ac71ff1cb46a5aa3306f205e57a2d5,0.6473213136196136,0.6473213136196136,0.0
2854,3b2190b792334c4cdccf6512e3c2b4af26192a20631af0d22f5653d764a00411,0.656080424785614,0.656080424785614,0.0
2855,2da0034cbbc150529eb06e9deb0a67cb8e9c70d44f10cfd41367c395a978ef2c,0.623818576335907,0.623818576335907,0.0
2856,7fabbd733e99be2d6a0d8954b800eff0af6bacbd1a4f6814b3f90fc6ba9c501e,0.53986856341362,0.53986856341362,0.0
2857,77c13a2d4d4b4dbf872dfecbd7c15dc35b3c145cc0e21db1bc0ee95dd02b786b,0.7091275155544281,0.7091275155544281,0.0
2858,512578dadc6da4cca4bea1f5c2c68c4f939ab778536ffcdd5d0000cfb0db6d92,0.7083530426025391,0.7083530426025391,0.0
2859,09c7196aa4de03f5991851e5d686b6cbf39b99b3b4ce65dd6a6a46e95f0a2234,0.6746698021888733,0.6746698021888733,0.0
2860,c332b4477012418567b64bfc26ab36b52ab70b11f511a6340cb9f0e66af55528,0.5733614563941956,0.5733614563941956,0.0
2861,4bd9131559b88e6de77b3edea50ba50314df3dd039868c5d7742a0597488dc0b,0.6454384326934814,0.6454384326934814,0.0
2862,b3da2779c64a6552232a5a3d14a4e5545ccee2592e317b00e24b1cf288a3435c,0.5194415152072906,0.5194415152072906,0.0
2863,b2d46b28c2bd7e531afbf2f933c367a98bba929e8abe03655d3b9cbf42b33bf1,0.7413493096828461,0.7413493096828461,0.0
2864,ea868d9f79a991f552371e70d1699d692579cf84c0a02fde65201c2744f67939,0.7239482402801514,0.7239482402801514,0.0
2865,4b128410da2b5a5995946fa808ec6af19721d5e6adc3cdecec1a288c5b3dc29d,0.5500437021255493,0.5500437021255493,0.0
2866,c1bc9f0998a905ee040e0030438cb0cf776654ad3659399c970cd955577989c5,0.4432389140129089,0.44323891401290894,5.551115123125783e-17
2867,b9337534642e6de7926c0e655b75d5ee3b11ca8b073d51c803363ba4dab7b480,0.4635007381439209,0.4635007381439209,0.0
2868,ed1992cbcb576aba3235985ab6a997f61c0881682d4720b683c8beb1a8e2750f,0.524536520242691,0.524536520242691,0.0
2869,536e1a4b9a36a11173a104b768264330081db2a88f3523be4b117c27edb02ad5,0.6490735113620758,0.6490735113620758,0.0
2870,894a5b4fefbbc27194a3900e9b76a8cbd6df4a60aaf04f29ba969a8d1311192a,0.5929625034332275,0.5929625034332275,0.0
2871,e7c208566d3d12cd2fcd47714a43f8e0dae1e98f5545eff40a221cb573b44556,0.5182533264160156,0.5182533264160156,0.0
2872,a95e383e9df673806cae5dee39eb098f43250d067abce74e69a64e3b95603a86,0.611908346414566,0.611908346414566,0.0
2873,89a27bb9a5db82d484d7ad53f515ba3970751aeddea3db62dac15bbe212dee60,0.6200948059558868,0.6200948059558868,0.0
2874,59b455a5c1c0cb808a63eb885db1b961815935b8c7cd1610c60c4d6f2e2928e0,0.5879085659980774,0.5879085659980774,0.0
2875,1f1323d46120a5191588295b51486c38d68f46c6499267fa1ec99178a29e22a2,0.6599501371383667,0.6599501371383667,0.0
2876,a687a92a45118c3c1ed5bb45e8e0eda8d2feaa0395425cc2dccb259b3aa4c848,0.6038898825645447,0.6038898825645447,0.0
2877,63f40b5e88b18c6c537bc39b24deb5592b7c529dda2f8bdf5a9d4564494479b2,0.6015981137752533,0.6015981137752533,0.0
2878,f57ec5b5203e3822190a359157b5e620be46826f1b770832987c5ec6a6cac148,0.5687628984451294,0.5687628984451294,0.0
2879,eb5cc6adfddc749621cae2e44fa8824fefec0212534f9e91fc5220bc27462aa4,0.6862029731273651,0.6862029731273651,0.0
2880,e44e4854e1bf9642aae663686a8bb98a7656fb3262a6e979a8d9515aad693fb1,0.6101349890232086,0.6101349890232086,0.0
2881,24cc7d76b134a80a7ff829e5eaf44ac696a516cb01088a06110fd378a84fec8d,0.5576176643371582,0.5576176643371582,0.0
2882,c5885f391247d5d06e1641fd5484fa3e1e5365a2ce0cede7a70539492720b916,0.6425194144248962,0.6425194144248962,0.0
2883,35c0698f7e4e8fe1461890d349c85263bc616bfde2f3ecda98e8090293c8a8fd,0.6287523806095123,0.6287523806095123,0.0
2884,3791993bf6def85b9f8f4d6aa39b3876fa511b999a1850dfbbaee98a72c974e0,0.5473960638046265,0.5473960638046265,0.0
2885,5c09c2a70263439cbe496d6b6d5b011a4be99885aba2361a37b1e8367c31c6ea,0.5589057803153992,0.5589057803153992,0.0
2886,34927ec357cfc5b2040fcda1cbf9c036d3647089f3c30cde78d554ca208dd8ba,0.5890529453754425,0.5890529453754425,0.0
2887,7f8db5a78ebb8d4a7dd65a1ace753d0aa670d5da0cba324aaaf4c8c1a5ddc33d,0.645328551530838,0.645328551530838,0.0
2888,f3061e4a2b4807ff408ff62ff84402561534695b9811ae272317d13109d4fef2,0.633631706237793,0.633631706237793,0.0
2889,9f74e7ee913c870f004016832ae06263d8d01d7020dd527cf99b38c14e2c5caf,0.595030665397644,0.595030665397644,0.0
2890,86508efa118b42983bc3b15bc3ebc519d13ac5acf88047867c63044a9e850cac,0.6373913586139679,0.6373913586139679,0.0
2891,16079ffd22cca44a648076f451d8029032f745515bd197ddaedf06a85fba132c,0.6530696749687195,0.6530696749687195,0.0
2892,d4299e6578fe42a45498f2b4e2776b02991df6a1eed266adc3d1c432544f4ded,0.6922619044780731,0.6922619044780731,0.0
2893,4859dd989a9f13506765e28945a4c2b19b0130b8b5596d980b11b508e68fdaac,0.599590003490448,0.599590003490448,0.0
2894,ef9a9e6d14878f074c2ce1db0ae4c71388173b706b8190c3a898a205d2352689,0.6188121140003204,0.6188121140003204,0.0
2895,d3a8180f26c0761d160a8af493fd66cb1489b3664e7e75ad57948633ec03cbd1,0.6049613356590271,0.6049613356590271,0.0
2896,9e8416247790bcb1f827f58bf54779ed7e016c6c2936755034bbd7c8688c6739,0.6310864090919495,0.6310864090919495,0.0
2897,9c9f6e36bb365271489bbd2df74363af5afe2d19fee08292ff7c3f553dc694b7,0.6516926288604736,0.6516926288604736,0.0
2898,3fcd5f872017d091c9b9b490cc6fd96bd4655244237ddbde1621f22d81de8c1c,0.5918194651603699,0.5918194651603699,0.0
2899,4797610c3691a82c86f5ea02d89117fc484f74008dfc63723c529494f16c5213,0.5109726190567017,0.5109726190567017,0.0
2900,4797610c3691a82c86f5ea02d89117fc484f74008dfc63723c529494f16c5213,0.5109726190567017,0.5109726190567017,0.0
2901,c7b4a0fbbcfc043fc2f53908831481916ea6b4770ff3d36c531ccd8ca6016728,0.5223684906959534,0.5223684906959534,0.0
2902,a7c63b697cde29f6713340568da69f8d78ee31809a417bf78298619572172fbb,0.5067550241947174,0.5067550241947174,0.0
2903,a7c63b697cde29f6713340568da69f8d78ee31809a417bf78298619572172fbb,0.5067550241947174,0.5067550241947174,0.0
2904,fb2070823160aa97beca211077c23e397cf596b711916c1b8e424035be32d643,0.529625654220581,0.529625654220581,0.0
2905,cc8d61f7e0251e43e5d8ca79af2cdda41cad6d99848fa626340daa80afa81c50,0.6083518266677856,0.6083518266677856,0.0
2906,cc8d61f7e0251e43e5d8ca79af2cdda41cad6d99848fa626340daa80afa81c50,0.6083518266677856,0.6083518266677856,0.0
2907,30b19549e4137be458318a670ff67dc92fe2ee414162c538fa4c69a631bc737a,0.5742993950843811,0.5742993950843811,0.0
2908,0cb8e96a4939b28f64bc0525c7f31c7594d773687938e97d2136e7d18b0adddc,0.6533255279064178,0.6533255279064178,0.0
2909,0cb8e96a4939b28f64bc0525c7f31c7594d773687938e97d2136e7d18b0adddc,0.6533255279064178,0.6533255279064178,0.0
2910,b63cb2795b68c2350fd2d99d46e89e302f3f2f3399c848c87b4e8dd1ffb9f916,0.7173836827278137,0.7173836827278137,0.0
2911,03828d4dbbfc37824e2949a90b43ce81d8fe9e925ad950ac22d2ed73444cde19,0.5903007388114929,0.5903007388114929,0.0
2912,03828d4dbbfc37824e2949a90b43ce81d8fe9e925ad950ac22d2ed73444cde19,0.5903007388114929,0.5903007388114929,0.0
2913,28fc0397973f7aa9ca3d30e435964d297308cd928a24503bc8de5de551f767b6,0.5767276585102081,0.5767276585102081,0.0
2914,42fe590e0119704ef2afbb26deab9d0e744f0015720f0ebce9232b83254cb7db,0.6553690135478973,0.6553690135478973,0.0
2915,42fe590e0119704ef2afbb26deab9d0e744f0015720f0ebce9232b83254cb7db,0.6553690135478973,0.6553690135478973,0.0
2916,e0deb9d1a20321478523aadd412355e0803fcd46e354eace7a1d66a90e0639ca,0.6344912648200989,0.6344912648200989,0.0
2917,ede62161e767eb8a128d8591d8f0822914246512f016b8485583df0c97dd9b5d,0.6355510950088501,0.6355510950088501,0.0
2918,ede62161e767eb8a128d8591d8f0822914246512f016b8485583df0c97dd9b5d,0.6355510950088501,0.6355510950088501,0.0
2919,2e42b88ce49d69819a27a089591344f998159dc89352f299fd5f0288c9e4181c,0.7572187930345535,0.7572187930345535,0.0
2920,8e273ddf30308e99e01a0bd0b1f4887b8c7efafe92e77689e9002a81004f6f71,0.7466147541999817,0.7466147541999817,0.0
2921,500118535eb5d717f5a28f7b6f80adb070184d1a65b3df746470d341e91b804f,0.7361962497234344,0.7361962497234344,0.0
2922,ef6c02f13ff6e39c0a1243d4113efe6be8c634cc517433a2e99e0781390ed3b5,0.6307750046253204,0.6307750046253204,0.0
2923,4ecd039db07c77a74d28e35ad555603fc8765596c1f10dd8d4582c78ed264fac,0.5119142234325409,0.5119142234325409,0.0
2924,d72ee3ea11359539bf314dc4df07175eaf2e91e454562574378d65547bf83924,0.5372750759124756,0.5372750759124756,0.0
2925,0b9d7dccf694f0e20b19cf68dd7edf1cae84a5abea7ac556d5963afa4635fa37,0.4545007944107055,0.45450079441070557,5.551115123125783e-17
2926,d4728a4abf96c2669e8b655f0bb1987b667c41e7762b2793507642b357b31eae,0.6418749988079071,0.6418749988079071,0.0
2927,65500c547e7af21eba89a9e18503248effe9dd47e1c0eba8ecc39af2b6d358b5,0.6341713666915894,0.6341713666915894,0.0
2928,579ae514a4944e898808737ddda56f62c28bea5f2022332e40229b494d1fe145,0.6232103109359741,0.6232103109359741,0.0
2929,e74fa4fe15a54221f2132437d3c2c1ab1b6bd1b8bd13d5f6b1e2a5fb1c06cb4c,0.5540738105773926,0.5540738105773926,0.0
2930,99325c9a1a0668e8a18d20455f3f6cdcb041be821b2b45440dddfbbade92c3d8,0.5256737768650055,0.5256737768650055,0.0
2931,1509c7a199bb4cb6712196cb2cbb2a127f29882be7c8068eed759a4d1936a8c0,0.552584171295166,0.552584171295166,0.0
2932,caece7f54666c5c22cc0177763f9e170449a1712414589ff01374768315d8d4a,0.53133824467659,0.53133824467659,0.0
2933,95ef990b36ce3e691f7f6cdd8cf50db2224840da3216b9934805836b6c501ffd,0.4863611459732055,0.48636114597320557,5.551115123125783e-17
2934,4bf947926f6acb7b3b42fdf9fed6d42dec910674a41f860886ec6bf7c0a1705c,0.5307970941066742,0.5307970941066742,0.0
2935,03fdfc2eed45255e9348959b70699c3afa1d9d53b9ba96f171577b4a272c1679,0.6311959326267242,0.6311959326267242,0.0
2936,a40e59bbde8fe952708649bf93ad919c0105c97c28bf9088dcf3435b92e2cf45,0.6291235387325287,0.6291235387325287,0.0
2937,df285a58cc5ec05d2ad9f98f9a45f0ac7ae1129fc4d82d9247ab7f80320ef970,0.5654527246952057,0.5654527246952057,0.0
2938,e329dd0d481bf33f9c5c835f22e68877dce702ecf8235aeb73736c1ee10b2dc3,0.6021875143051147,0.6021875143051147,0.0
2939,515311b3825d6735931cd9a4fd90610af39b693841b19a175048c838dbb72cf6,0.4949337244033813,0.49493372440338135,5.551115123125783e-17
2940,071790c0eab4308d8ff3536cf47bb554085c3fdfba3234205ea2687072bc7e58,0.5623862743377686,0.5623862743377686,0.0
2941,d3ce3cca4e406056b1e9a33b73589e674c8c473f0b23de73124049832a35b540,0.6481956839561462,0.6481956839561462,0.0
2942,b1e319d05abf4ca6706d34654ebd223fa13d20e7f46b3d1e126016f8ebe93d7f,0.6355413794517517,0.6355413794517517,0.0
2943,704ec3bca4991ae590f660e083725dda79ac71ff1cb46a5aa3306f205e57a2d5,0.6473213136196136,0.6473213136196136,0.0
2944,3b2190b792334c4cdccf6512e3c2b4af26192a20631af0d22f5653d764a00411,0.656080424785614,0.656080424785614,0.0
2945,2da0034cbbc150529eb06e9deb0a67cb8e9c70d44f10cfd41367c395a978ef2c,0.623818576335907,0.623818576335907,0.0
2946,7fabbd733e99be2d6a0d8954b800eff0af6bacbd1a4f6814b3f90fc6ba9c501e,0.53986856341362,0.53986856341362,0.0
2947,77c13a2d4d4b4dbf872dfecbd7c15dc35b3c145cc0e21db1bc0ee95dd02b786b,0.7091275155544281,0.7091275155544281,0.0
2948,512578dadc6da4cca4bea1f5c2c68c4f939ab778536ffcdd5d0000cfb0db6d92,0.7083530426025391,0.7083530426025391,0.0
2949,09c7196aa4de03f5991851e5d686b6cbf39b99b3b4ce65dd6a6a46e95f0a2234,0.6746698021888733,0.6746698021888733,0.0
2950,c332b4477012418567b64bfc26ab36b52ab70b11f511a6340cb9f0e66af55528,0.5733614563941956,0.5733614563941956,0.0
2951,4bd9131559b88e6de77b3edea50ba50314df3dd039868c5d7742a0597488dc0b,0.6454384326934814,0.6454384326934814,0.0
2952,b3da2779c64a6552232a5a3d14a4e5545ccee2592e317b00e24b1cf288a3435c,0.5194415152072906,0.5194415152072906,0.0
2953,b2d46b28c2bd7e531afbf2f933c367a98bba929e8abe03655d3b9cbf42b33bf1,0.7413493096828461,0.7413493096828461,0.0
2954,ea868d9f79a991f552371e70d1699d692579cf84c0a02fde65201c2744f67939,0.7239482402801514,0.7239482402801514,0.0
2955,4b128410da2b5a5995946fa808ec6af19721d5e6adc3cdecec1a288c5b3dc29d,0.5500437021255493,0.5500437021255493,0.0
2956,c1bc9f0998a905ee040e0030438cb0cf776654ad3659399c970cd955577989c5,0.4432389140129089,0.44323891401290894,5.551115123125783e-17
2957,b9337534642e6de7926c0e655b75d5ee3b11ca8b073d51c803363ba4dab7b480,0.4635007381439209,0.4635007381439209,0.0
2958,ed1992cbcb576aba3235985ab6a997f61c0881682d4720b683c8beb1a8e2750f,0.524536520242691,0.524536520242691,0.0
2959,536e1a4b9a36a11173a104b768264330081db2a88f3523be4b117c27edb02ad5,0.6490735113620758,0.6490735113620758,0.0
2960,894a5b4fefbbc27194a3900e9b76a8cbd6df4a60aaf04f29ba969a8d1311192a,0.5929625034332275,0.5929625034332275,0.0
2961,e7c208566d3d12cd2fcd47714a43f8e0dae1e98f5545eff40a221cb573b44556,0.5182533264160156,0.5182533264160156,0.0
2962,a95e383e9df673806cae5dee39eb098f43250d067abce74e69a64e3b95603a86,0.611908346414566,0.611908346414566,0.0
2963,89a27bb9a5db82d484d7ad53f515ba3970751aeddea3db62dac15bbe212dee60,0.6200948059558868,0.6200948059558868,0.0
2964,59b455a5c1c0cb808a63eb885db1b961815935b8c7cd1610c60c4d6f2e2928e0,0.5879085659980774,0.5879085659980774,0.0
2965,1f1323d46120a5191588295b51486c38d68f46c6499267fa1ec99178a29e22a2,0.6599501371383667,0.6599501371383667,0.0
2966,a687a92a45118c3c1ed5bb45e8e0eda8d2feaa0395425cc2dccb259b3aa4c848,0.6038898825645447,0.6038898825645447,0.0
2967,63f40b5e88b18c6c537bc39b24deb5592b7c529dda2f8bdf5a9d4564494479b2,0.6015981137752533,0.6015981137752533,0.0
2968,f57ec5b5203e3822190a359157b5e620be46826f1b770832987c5ec6a6cac148,0.5687628984451294,0.5687628984451294,0.0
2969,eb5cc6adfddc749621cae2e44fa8824fefec0212534f9e91fc5220bc27462aa4,0.6862029731273651,0.6862029731273651,0.0
2970,e44e4854e1bf9642aae663686a8bb98a7656fb3262a6e979a8d9515aad693fb1,0.6101349890232086,0.6101349890232086,0.0
2971,24cc7d76b134a80a7ff829e5eaf44ac696a516cb01088a06110fd378a84fec8d,0.5576176643371582,0.5576176643371582,0.0
2972,c5885f391247d5d06e1641fd5484fa3e1e5365a2ce0cede7a70539492720b916,0.6425194144248962,0.6425194144248962,0.0
2973,35c0698f7e4e8fe1461890d349c85263bc616bfde2f3ecda98e8090293c8a8fd,0.6287523806095123,0.6287523806095123,0.0
2974,3791993bf6def85b9f8f4d6aa39b3876fa511b999a1850dfbbaee98a72c974e0,0.5473960638046265,0.5473960638046265,0.0
2975,5c09c2a70263439cbe496d6b6d5b011a4be99885aba2361a37b1e8367c31c6ea,0.5589057803153992,0.5589057803153992,0.0
2976,34927ec357cfc5b2040fcda1cbf9c036d3647089f3c30cde78d554ca208dd8ba,0.5890529453754425,0.5890529453754425,0.0
2977,7f8db5a78ebb8d4a7dd65a1ace753d0aa670d5da0cba324aaaf4c8c1a5ddc33d,0.645328551530838,0.645328551530838,0.0
2978,f3061e4a2b4807ff408ff62ff84402561534695b9811ae272317d13109d4fef2,0.633631706237793,0.633631706237793,0.0
2979,9f74e7ee913c870f004016832ae06263d8d01d7020dd527cf99b38c14e2c5caf,0.595030665397644,0.595030665397644,0.0
2980,86508efa118b42983bc3b15bc3ebc519d13ac5acf88047867c63044a9e850cac,0.6373913586139679,0.6373913586139679,0.0
2981,16079ffd22cca44a648076f451d8029032f745515bd197ddaedf06a85fba132c,0.6530696749687195,0.6530696749687195,0.0
2982,d4299e6578fe42a45498f2b4e2776b02991df6a1eed266adc3d1c432544f4ded,0.6922619044780731,0.6922619044780731,0.0
2983,4859dd989a9f13506765e28945a4c2b19b0130b8b5596d980b11b508e68fdaac,0.599590003490448,0.599590003490448,0.0
2984,ef9a9e6d14878f074c2ce1db0ae4c71388173b706b8190c3a898a205d2352689,0.6188121140003204,0.6188121140003204,0.0
2985,d3a8180f26c0761d160a8af493fd66cb1489b3664e7e75ad57948633ec03cbd1,0.6049613356590271,0.6049613356590271,0.0
2986,9e8416247790bcb1f827f58bf54779ed7e016c6c2936755034bbd7c8688c6739,0.6310864090919495,0.6310864090919495,0.0
2987,9c9f6e36bb365271489bbd2df74363af5afe2d19fee08292ff7c3f553dc694b7,0.6516926288604736,0.6516926288604736,0.0
2988,3fcd5f872017d091c9b9b490cc6fd96bd4655244237ddbde1621f22d81de8c1c,0.5918194651603699,0.5918194651603699,0.0
2989,4797610c3691a82c86f5ea02d89117fc484f74008dfc63723c529494f16c5213,0.5109726190567017,0.5109726190567017,0.0
2990,4797610c3691a82c86f5ea02d89117fc484f74008dfc63723c529494f16c5213,0.5109726190567017,0.5109726190567017,0.0
2991,c7b4a0fbbcfc043fc2f53908831481916ea6b4770ff3d36c531ccd8ca6016728,0.5223684906959534,0.5223684906959534,0.0
2992,a7c63b697cde29f6713340568da69f8d78ee31809a417bf78298619572172fbb,0.5067550241947174,0.5067550241947174,0.0
2993,a7c63b697cde29f6713340568da69f8d78ee31809a417bf78298619572172fbb,0.5067550241947174,0.5067550241947174,0.0
2994,fb2070823160aa97beca211077c23e397cf596b711916c1b8e424035be32d643,0.529625654220581,0.529625654220581,0.0
2995,cc8d61f7e0251e43e5d8ca79af2cdda41cad6d99848fa626340daa80afa81c50,0.6083518266677856,0.6083518266677856,0.0
2996,cc8d61f7e0251e43e5d8ca79af2cdda41cad6d99848fa626340daa80afa81c50,0.6083518266677856,0.6083518266677856,0.0
2997,30b19549e4137be458318a670ff67dc92fe2ee414162c538fa4c69a631bc737a,0.5742993950843811,0.5742993950843811,0.0
2998,0cb8e96a4939b28f64bc0525c7f31c7594d773687938e97d2136e7d18b0adddc,0.6533255279064178,0.6533255279064178,0.0
2999,0cb8e96a4939b28f64bc0525c7f31c7594d773687938e97d2136e7d18b0adddc,0.6533255279064178,0.6533255279064178,0.0
3000,b63cb2795b68c2350fd2d99d46e89e302f3f2f3399c848c87b4e8dd1ffb9f916,0.7173836827278137,0.7173836827278137,0.0
3001,03828d4dbbfc37824e2949a90b43ce81d8fe9e925ad950ac22d2ed73444cde19,0.5903007388114929,0.5903007388114929,0.0
3002,03828d4dbbfc37824e2949a90b43ce81d8fe9e925ad950ac22d2ed73444cde19,0.5903007388114929,0.5903007388114929,0.0
3003,28fc0397973f7aa9ca3d30e435964d297308cd928a24503bc8de5de551f767b6,0.5767276585102081,0.5767276585102081,0.0
3004,42fe590e0119704ef2afbb26deab9d0e744f0015720f0ebce9232b83254cb7db,0.6553690135478973,0.6553690135478973,0.0
3005,42fe590e0119704ef2afbb26deab9d0e744f0015720f0ebce9232b83254cb7db,0.6553690135478973,0.6553690135478973,0.0
3006,e0deb9d1a20321478523aadd412355e0803fcd46e354eace7a1d66a90e0639ca,0.6344912648200989,0.6344912648200989,0.0
3007,ede62161e767eb8a128d8591d8f0822914246512f016b8485583df0c97dd9b5d,0.6355510950088501,0.6355510950088501,0.0
3008,ede62161e767eb8a128d8591d8f0822914246512f016b8485583df0c97dd9b5d,0.6355510950088501,0.6355510950088501,0.0
3009,2e42b88ce49d69819a27a089591344f998159dc89352f299fd5f0288c9e4181c,0.7572187930345535,0.7572187930345535,0.0
3010,8e273ddf30308e99e01a0bd0b1f4887b8c7efafe92e77689e9002a81004f6f71,0.7466147541999817,0.7466147541999817,0.0
3011,500118535eb5d717f5a28f7b6f80adb070184d1a65b3df746470d341e91b804f,0.7361962497234344,0.7361962497234344,0.0
3012,ef6c02f13ff6e39c0a1243d4113efe6be8c634cc517433a2e99e0781390ed3b5,0.6307750046253204,0.6307750046253204,0.0
3013,4ecd039db07c77a74d28e35ad555603fc8765596c1f10dd8d4582c78ed264fac,0.5119142234325409,0.5119142234325409,0.0
3014,d72ee3ea11359539bf314dc4df07175eaf2e91e454562574378d65547bf83924,0.5372750759124756,0.5372750759124756,0.0
3015,0b9d7dccf694f0e20b19cf68dd7edf1cae84a5abea7ac556d5963afa4635fa37,0.4545007944107055,0.45450079441070557,5.551115123125783e-17
3016,d4728a4abf96c2669e8b655f0bb1987b667c41e7762b2793507642b357b31eae,0.6418749988079071,0.6418749988079071,0.0
3017,65500c547e7af21eba89a9e18503248effe9dd47e1c0eba8ecc39af2b6d358b5,0.6341713666915894,0.6341713666915894,0.0
3018,579ae514a4944e898808737ddda56f62c28bea5f2022332e40229b494d1fe145,0.6232103109359741,0.6232103109359741,0.0
3019,e74fa4fe15a54221f2132437d3c2c1ab1b6bd1b8bd13d5f6b1e2a5fb1c06cb4c,0.5540738105773926,0.5540738105773926,0.0
3020,99325c9a1a0668e8a18d20455f3f6cdcb041be821b2b45440dddfbbade92c3d8,0.5256737768650055,0.5256737768650055,0.0
3021,1509c7a199bb4cb6712196cb2cbb2a127f29882be7c8068eed759a4d1936a8c0,0.552584171295166,0.552584171295166,0.0
3022,caece7f54666c5c22cc0177763f9e170449a1712414589ff01374768315d8d4a,0.53133824467659,0.53133824467659,0.0
3023,95ef990b36ce3e691f7f6cdd8cf50db2224840da3216b9934805836b6c501ffd,0.4863611459732055,0.48636114597320557,5.551115123125783e-17
3024,4bf947926f6acb7b3b42fdf9fed6d42dec910674a41f860886ec6bf7c0a1705c,0.5307970941066742,0.5307970941066742,0.0
3025,03fdfc2eed45255e9348959b70699c3afa1d9d53b9ba96f171577b4a272c1679,0.6311959326267242,0.6311959326267242,0.0
3026,a40e59bbde8fe952708649bf93ad919c0105c97c28bf9088dcf3435b92e2cf45,0.6291235387325287,0.6291235387325287,0.0
3027,df285a58cc5ec05d2ad9f98f9a45f0ac7ae1129fc4d82d9247ab7f80320ef970,0.5654527246952057,0.5654527246952057,0.0
3028,e329dd0d481bf33f9c5c835f22e68877dce702ecf8235aeb73736c1ee10b2dc3,0.6021875143051147,0.6021875143051147,0.0
3029,515311b3825d6735931cd9a4fd90610af39b693841b19a175048c838dbb72cf6,0.4949337244033813,0.49493372440338135,5.551115123125783e-17
3030,071790c0eab4308d8ff3536cf47bb554085c3fdfba3234205ea2687072bc7e58,0.5623862743377686,0.5623862743377686,0.0
3031,d3ce3cca4e406056b1e9a33b73589e674c8c473f0b23de73124049832a35b540,0.6481956839561462,0.6481956839561462,0.0
3032,b1e319d05abf4ca6706d34654ebd223fa13d20e7f46b3d1e126016f8ebe93d7f,0.6355413794517517,0.6355413794517517,0.0
3033,704ec3bca4991ae590f660e083725dda79ac71ff1cb46a5aa3306f205e57a2d5,0.6473213136196136,0.6473213136196136,0.0
3034,3b2190b792334c4cdccf6512e3c2b4af26192a20631af0d22f5653d764a00411,0.656080424785614,0.656080424785614,0.0
3035,2da0034cbbc150529eb06e9deb0a67cb8e9c70d44f10cfd41367c395a978ef2c,0.623818576335907,0.623818576335907,0.0
3036,7fabbd733e99be2d6a0d8954b800eff0af6bacbd1a4f6814b3f90fc6ba9c501e,0.53986856341362,0.53986856341362,0.0
3037,77c13a2d4d4b4dbf872dfecbd7c15dc35b3c145cc0e21db1bc0ee95dd02b786b,0.7091275155544281,0.7091275155544281,0.0
3038,512578dadc6da4cca4bea1f5c2c68c4f939ab778536ffcdd5d0000cfb0db6d92,0.7083530426025391,0.7083530426025391,0.0
3039,09c7196aa4de03f5991851e5d686b6cbf39b99b3b4ce65dd6a6a46e95f0a2234,0.6746698021888733,0.6746698021888733,0.0
3040,c332b4477012418567b64bfc26ab36b52ab70b11f511a6340cb9f0e66af55528,0.5733614563941956,0.5733614563941956,0.0
3041,4bd9131559b88e6de77b3edea50ba50314df3dd039868c5d7742a0597488dc0b,0.6454384326934814,0.6454384326934814,0.0
3042,b3da2779c64a6552232a5a3d14a4e5545ccee2592e317b00e24b1cf288a3435c,0.5194415152072906,0.5194415152072906,0.0
3043,b2d46b28c2bd7e531afbf2f933c367a98bba929e8abe03655d3b9cbf42b33bf1,0.7413493096828461,0.7413493096828461,0.0
3044,ea868d9f79a991f552371e70d1699d692579cf84c0a02fde65201c2744f67939,0.7239482402801514,0.7239482402801514,0.0
3045,4b128410da2b5a5995946fa808ec6af19721d5e6adc3cdecec1a288c5b3dc29d,0.5500437021255493,0.5500437021255493,0.0
3046,c1bc9f0998a905ee040e0030438cb0cf776654ad3659399c970cd955577989c5,0.4432389140129089,0.44323891401290894,5.551115123125783e-17
3047,b9337534642e6de7926c0e655b75d5ee3b11ca8b073d51c803363ba4dab7b480,0.4635007381439209,0.4635007381439209,0.0
3048,ed1992cbcb576aba3235985ab6a997f61c0881682d4720b683c8beb1a8e2750f,0.524536520242691,0.524536520242691,0.0
3049,536e1a4b9a36a11173a104b768264330081db2a88f3523be4b117c27edb02ad5,0.6490735113620758,0.6490735113620758,0.0
3050,894a5b4fefbbc27194a3900e9b76a8cbd6df4a60aaf04f29ba969a8d1311192a,0.5929625034332275,0.5929625034332275,0.0
3051,e7c208566d3d12cd2fcd47714a43f8e0dae1e98f5545eff40a221cb573b44556,0.5182533264160156,0.5182533264160156,0.0
3052,a95e383e9df673806cae5dee39eb098f43250d067abce74e69a64e3b95603a86,0.611908346414566,0.611908346414566,0.0
3053,89a27bb9a5db82d484d7ad53f515ba3970751aeddea3db62dac15bbe212dee60,0.6200948059558868,0.6200948059558868,0.0
3054,59b455a5c1c0cb808a63eb885db1b961815935b8c7cd1610c60c4d6f2e2928e0,0.5879085659980774,0.5879085659980774,0.0
3055,1f1323d46120a5191588295b51486c38d68f46c6499267fa1ec99178a29e22a2,0.6599501371383667,0.6599501371383667,0.0
3056,a687a92a45118c3c1ed5bb45e8e0eda8d2feaa0395425cc2dccb259b3aa4c848,0.6038898825645447,0.6038898825645447,0.0
3057,63f40b5e88b18c6c537bc39b24deb5592b7c529dda2f8bdf5a9d4564494479b2,0.6015981137752533,0.6015981137752533,0.0
3058,f57ec5b5203e3822190a359157b5e620be46826f1b770832987c5ec6a6cac148,0.5687628984451294,0.5687628984451294,0.0
3059,eb5cc6adfddc749621cae2e44fa8824fefec0212534f9e91fc5220bc27462aa4,0.6862029731273651,0.6862029731273651,0.0
3060,e44e4854e1bf9642aae663686a8bb98a7656fb3262a6e979a8d9515aad693fb1,0.6101349890232086,0.6101349890232086,0.0
3061,24cc7d76b134a80a7ff829e5eaf44ac696a516cb01088a06110fd378a84fec8d,0.5576176643371582,0.5576176643371582,0.0
3062,c5885f391247d5d06e1641fd5484fa3e1e5365a2ce0cede7a70539492720b916,0.6425194144248962,0.6425194144248962,0.0
3063,35c0698f7e4e8fe1461890d349c85263bc616bfde2f3ecda98e8090293c8a8fd,0.6287523806095123,0.6287523806095123,0.0
3064,3791993bf6def85b9f8f4d6aa39b3876fa511b999a1850dfbbaee98a72c974e0,0.5473960638046265,0.5473960638046265,0.0
3065,5c09c2a70263439cbe496d6b6d5b011a4be99885aba2361a37b1e8367c31c6ea,0.5589057803153992,0.5589057803153992,0.0
3066,34927ec357cfc5b2040fcda1cbf9c036d3647089f3c30cde78d554ca208dd8ba,0.5890529453754425,0.5890529453754425,0.0
3067,7f8db5a78ebb8d4a7dd65a1ace753d0aa670d5da0cba324aaaf4c8c1a5ddc33d,0.645328551530838,0.645328551530838,0.0
3068,f3061e4a2b4807ff408ff62ff84402561534695b9811ae272317d13109d4fef2,0.633631706237793,0.633631706237793,0.0
3069,9f74e7ee913c870f004016832ae06263d8d01d7020dd527cf99b38c14e2c5caf,0.595030665397644,0.595030665397644,0.0
3070,86508efa118b42983bc3b15bc3ebc519d13ac5acf88047867c63044a9e850cac,0.6373913586139679,0.6373913586139679,0.0
3071,16079ffd22cca44a648076f451d8029032f745515bd197ddaedf06a85fba132c,0.6530696749687195,0.6530696749687195,0.0
3072,d4299e6578fe42a45498f2b4e2776b02991df6a1eed266adc3d1c432544f4ded,0.6922619044780731,0.6922619044780731,0.0
3073,4859dd989a9f13506765e28945a4c2b19b0130b8b5596d980b11b508e68fdaac,0.599590003490448,0.599590003490448,0.0
3074,ef9a9e6d14878f074c2ce1db0ae4c71388173b706b8190c3a898a205d2352689,0.6188121140003204,0.6188121140003204,0.0
3075,d3a8180f26c0761d160a8af493fd66cb1489b3664e7e75ad57948633ec03cbd1,0.6049613356590271,0.6049613356590271,0.0
3076,9e8416247790bcb1f827f58bf54779ed7e016c6c2936755034bbd7c8688c6739,0.6310864090919495,0.6310864090919495,0.0
3077,9c9f6e36bb365271489bbd2df74363af5afe2d19fee08292ff7c3f553dc694b7,0.6516926288604736,0.6516926288604736,0.0
3078,3fcd5f872017d091c9b9b490cc6fd96bd4655244237ddbde1621f22d81de8c1c,0.5918194651603699,0.5918194651603699,0.0
3079,4797610c3691a82c86f5ea02d89117fc484f74008dfc63723c529494f16c5213,0.5109726190567017,0.5109726190567017,0.0
3080,4797610c3691a82c86f5ea02d89117fc484f74008dfc63723c529494f16c5213,0.5109726190567017,0.5109726190567017,0.0
3081,c7b4a0fbbcfc043fc2f53908831481916ea6b4770ff3d36c531ccd8ca6016728,0.5223684906959534,0.5223684906959534,0.0
3082,a7c63b697cde29f6713340568da69f8d78ee31809a417bf78298619572172fbb,0.5067550241947174,0.5067550241947174,0.0
3083,a7c63b697cde29f6713340568da69f8d78ee31809a417bf78298619572172fbb,0.5067550241947174,0.5067550241947174,0.0
3084,fb2070823160aa97beca211077c23e397cf596b711916c1b8e424035be32d643,0.529625654220581,0.529625654220581,0.0
3085,cc8d61f7e0251e43e5d8ca79af2cdda41cad6d99848fa626340daa80afa81c50,0.6083518266677856,0.6083518266677856,0.0
3086,cc8d61f7e0251e43e5d8ca79af2cdda41cad6d99848fa626340daa80afa81c50,0.6083518266677856,0.6083518266677856,0.0
3087,30b19549e4137be458318a670ff67dc92fe2ee414162c538fa4c69a631bc737a,0.5742993950843811,0.5742993950843811,0.0
3088,0cb8e96a4939b28f64bc0525c7f31c7594d773687938e97d2136e7d18b0adddc,0.6533255279064178,0.6533255279064178,0.0
3089,0cb8e96a4939b28f64bc0525c7f31c7594d773687938e97d2136e7d18b0adddc,0.6533255279064178,0.6533255279064178,0.0
3090,b63cb2795b68c2350fd2d99d46e89e302f3f2f3399c848c87b4e8dd1ffb9f916,0.7173836827278137,0.7173836827278137,0.0
3091,03828d4dbbfc37824e2949a90b43ce81d8fe9e925ad950ac22d2ed73444cde19,0.5903007388114929,0.5903007388114929,0.0
3092,03828d4dbbfc37824e2949a90b43ce81d8fe9e925ad950ac22d2ed73444cde19,0.5903007388114929,0.5903007388114929,0.0
3093,28fc0397973f7aa9ca3d30e435964d297308cd928a24503bc8de5de551f767b6,0.5767276585102081,0.5767276585102081,0.0
3094,42fe590e0119704ef2afbb26deab9d0e744f0015720f0ebce9232b83254cb7db,0.6553690135478973,0.6553690135478973,0.0
3095,42fe590e0119704ef2afbb26deab9d0e744f0015720f0ebce9232b83254cb7db,0.6553690135478973,0.6553690135478973,0.0
3096,e0deb9d1a20321478523aadd412355e0803fcd46e354eace7a1d66a90e0639ca,0.6344912648200989,0.6344912648200989,0.0
3097,ede62161e767eb8a128d8591d8f0822914246512f016b8485583df0c97dd9b5d,0.6355510950088501,0.6355510950088501,0.0
3098,ede62161e767eb8a128d8591d8f0822914246512f016b8485583df0c97dd9b5d,0.6355510950088501,0.6355510950088501,0.0
3099,2e42b88ce49d69819a27a089591344f998159dc89352f299fd5f0288c9e4181c,0.7572187930345535,0.7572187930345535,0.0
3100,8e273ddf30308e99e01a0bd0b1f4887b8c7efafe92e77689e9002a81004f6f71,0.7466147541999817,0.7466147541999817,0.0
3101,500118535eb5d717f5a28f7b6f80adb070184d1a65b3df746470d341e91b804f,0.7361962497234344,0.7361962497234344,0.0
3102,ef6c02f13ff6e39c0a1243d4113efe6be8c634cc517433a2e99e0781390ed3b5,0.6307750046253204,0.6307750046253204,0.0
3103,4ecd039db07c77a74d28e35ad555603fc8765596c1f10dd8d4582c78ed264fac,0.5119142234325409,0.5119142234325409,0.0
3104,d72ee3ea11359539bf314dc4df07175eaf2e91e454562574378d65547bf83924,0.5372750759124756,0.5372750759124756,0.0
3105,0b9d7dccf694f0e20b19cf68dd7edf1cae84a5abea7ac556d5963afa4635fa37,0.4545007944107055,0.45450079441070557,5.551115123125783e-17
3106,d4728a4abf96c2669e8b655f0bb1987b667c41e7762b2793507642b357b31eae,0.6418749988079071,0.6418749988079071,0.0
3107,65500c547e7af21eba89a9e18503248effe9dd47e1c0eba8ecc39af2b6d358b5,0.6341713666915894,0.6341713666915894,0.0
3108,579ae514a4944e898808737ddda56f62c28bea5f2022332e40229b494d1fe145,0.6232103109359741,0.6232103109359741,0.0
3109,e74fa4fe15a54221f2132437d3c2c1ab1b6bd1b8bd13d5f6b1e2a5fb1c06cb4c,0.5540738105773926,0.5540738105773926,0.0
3110,99325c9a1a0668e8a18d20455f3f6cdcb041be821b2b45440dddfbbade92c3d8,0.5256737768650055,0.5256737768650055,0.0
3111,1509c7a199bb4cb6712196cb2cbb2a127f29882be7c8068eed759a4d1936a8c0,0.552584171295166,0.552584171295166,0.0
3112,caece7f54666c5c22cc0177763f9e170449a1712414589ff01374768315d8d4a,0.53133824467659,0.53133824467659,0.0
3113,95ef990b36ce3e691f7f6cdd8cf50db2224840da3216b9934805836b6c501ffd,0.4863611459732055,0.48636114597320557,5.551115123125783e-17
3114,4bf947926f6acb7b3b42fdf9fed6d42dec910674a41f860886ec6bf7c0a1705c,0.5307970941066742,0.5307970941066742,0.0
3115,03fdfc2eed45255e9348959b70699c3afa1d9d53b9ba96f171577b4a272c1679,0.6311959326267242,0.6311959326267242,0.0
3116,a40e59bbde8fe952708649bf93ad919c0105c97c28bf9088dcf3435b92e2cf45,0.6291235387325287,0.6291235387325287,0.0
3117,df285a58cc5ec05d2ad9f98f9a45f0ac7ae1129fc4d82d9247ab7f80320ef970,0.5654527246952057,0.5654527246952057,0.0
3118,e329dd0d481bf33f9c5c835f22e68877dce702ecf8235aeb73736c1ee10b2dc3,0.6021875143051147,0.6021875143051147,0.0
3119,515311b3825d6735931cd9a4fd90610af39b693841b19a175048c838dbb72cf6,0.4949337244033813,0.49493372440338135,5.551115123125783e-17
3120,071790c0eab4308d8ff3536cf47bb554085c3fdfba3234205ea2687072bc7e58,0.5623862743377686,0.5623862743377686,0.0
3121,d3ce3cca4e406056b1e9a33b73589e674c8c473f0b23de73124049832a35b540,0.6481956839561462,0.6481956839561462,0.0
3122,b1e319d05abf4ca6706d34654ebd223fa13d20e7f46b3d1e126016f8ebe93d7f,0.6355413794517517,0.6355413794517517,0.0
3123,704ec3bca4991ae590f660e083725dda79ac71ff1cb46a5aa3306f205e57a2d5,0.6473213136196136,0.6473213136196136,0.0
3124,3b2190b792334c4cdccf6512e3c2b4af26192a20631af0d22f5653d764a00411,0.656080424785614,0.656080424785614,0.0
3125,2da0034cbbc150529eb06e9deb0a67cb8e9c70d44f10cfd41367c395a978ef2c,0.623818576335907,0.623818576335907,0.0
3126,7fabbd733e99be2d6a0d8954b800eff0af6bacbd1a4f6814b3f90fc6ba9c501e,0.53986856341362,0.53986856341362,0.0
3127,77c13a2d4d4b4dbf872dfecbd7c15dc35b3c145cc0e21db1bc0ee95dd02b786b,0.7091275155544281,0.7091275155544281,0.0
3128,512578dadc6da4cca4bea1f5c2c68c4f939ab778536ffcdd5d0000cfb0db6d92,0.7083530426025391,0.7083530426025391,0.0
3129,09c7196aa4de03f5991851e5d686b6cbf39b99b3b4ce65dd6a6a46e95f0a2234,0.6746698021888733,0.6746698021888733,0.0
3130,c332b4477012418567b64bfc26ab36b52ab70b11f511a6340cb9f0e66af55528,0.5733614563941956,0.5733614563941956,0.0
3131,4bd9131559b88e6de77b3edea50ba50314df3dd039868c5d7742a0597488dc0b,0.6454384326934814,0.6454384326934814,0.0
3132,b3da2779c64a6552232a5a3d14a4e5545ccee2592e317b00e24b1cf288a3435c,0.5194415152072906,0.5194415152072906,0.0
3133,b2d46b28c2bd7e531afbf2f933c367a98bba929e8abe03655d3b9cbf42b33bf1,0.7413493096828461,0.7413493096828461,0.0
3134,ea868d9f79a991f552371e70d1699d692579cf84c0a02fde65201c2744f67939,0.7239482402801514,0.7239482402801514,0.0
3135,4b128410da2b5a5995946fa808ec6af19721d5e6adc3cdecec1a288c5b3dc29d,0.5500437021255493,0.5500437021255493,0.0
3136,c1bc9f0998a905ee040e0030438cb0cf776654ad3659399c970cd955577989c5,0.4432389140129089,0.44323891401290894,5.551115123125783e-17
3137,b9337534642e6de7926c0e655b75d5ee3b11ca8b073d51c803363ba4dab7b480,0.4635007381439209,0.4635007381439209,0.0
3138,ed1992cbcb576aba3235985ab6a997f61c0881682d4720b683c8beb1a8e2750f,0.524536520242691,0.524536520242691,0.0
3139,536e1a4b9a36a11173a104b768264330081db2a88f3523be4b117c27edb02ad5,0.6490735113620758,0.6490735113620758,0.0
3140,894a5b4fefbbc27194a3900e9b76a8cbd6df4a60aaf04f29ba969a8d1311192a,0.5929625034332275,0.5929625034332275,0.0
3141,e7c208566d3d12cd2fcd47714a43f8e0dae1e98f5545eff40a221cb573b44556,0.5182533264160156,0.5182533264160156,0.0
3142,a95e383e9df673806cae5dee39eb098f43250d067abce74e69a64e3b95603a86,0.611908346414566,0.611908346414566,0.0
3143,89a27bb9a5db82d484d7ad53f515ba3970751aeddea3db62dac15bbe212dee60,0.6200948059558868,0.6200948059558868,0.0
3144,59b455a5c1c0cb808a63eb885db1b961815935b8c7cd1610c60c4d6f2e2928e0,0.5879085659980774,0.5879085659980774,0.0
3145,1f1323d46120a5191588295b51486c38d68f46c6499267fa1ec99178a29e22a2,0.6599501371383667,0.6599501371383667,0.0
3146,a687a92a45118c3c1ed5bb45e8e0eda8d2feaa0395425cc2dccb259b3aa4c848,0.6038898825645447,0.6038898825645447,0.0
3147,63f40b5e88b18c6c537bc39b24deb5592b7c529dda2f8bdf5a9d4564494479b2,0.6015981137752533,0.6015981137752533,0.0
3148,f57ec5b5203e3822190a359157b5e620be46826f1b770832987c5ec6a6cac148,0.5687628984451294,0.5687628984451294,0.0
3149,eb5cc6adfddc749621cae2e44fa8824fefec0212534f9e91fc5220bc27462aa4,0.6862029731273651,0.6862029731273651,0.0
3150,e44e4854e1bf9642aae663686a8bb98a7656fb3262a6e979a8d9515aad693fb1,0.6101349890232086,0.6101349890232086,0.0
3151,24cc7d76b134a80a7ff829e5eaf44ac696a516cb01088a06110fd378a84fec8d,0.5576176643371582,0.5576176643371582,0.0
3152,c5885f391247d5d06e1641fd5484fa3e1e5365a2ce0cede7a70539492720b916,0.6425194144248962,0.6425194144248962,0.0
3153,35c0698f7e4e8fe1461890d349c85263bc616bfde2f3ecda98e8090293c8a8fd,0.6287523806095123,0.6287523806095123,0.0
3154,3791993bf6def85b9f8f4d6aa39b3876fa511b999a1850dfbbaee98a72c974e0,0.5473960638046265,0.5473960638046265,0.0
3155,5c09c2a70263439cbe496d6b6d5b011a4be99885aba2361a37b1e8367c31c6ea,0.5589057803153992,0.5589057803153992,0.0
3156,34927ec357cfc5b2040fcda1cbf9c036d3647089f3c30cde78d554ca208dd8ba,0.5890529453754425,0.5890529453754425,0.0
3157,7f8db5a78ebb8d4a7dd65a1ace753d0aa670d5da0cba324aaaf4c8c1a5ddc33d,0.645328551530838,0.645328551530838,0.0
3158,f3061e4a2b4807ff408ff62ff84402561534695b9811ae272317d13109d4fef2,0.633631706237793,0.633631706237793,0.0
3159,9f74e7ee913c870f004016832ae06263d8d01d7020dd527cf99b38c14e2c5caf,0.595030665397644,0.595030665397644,0.0
3160,86508efa118b42983bc3b15bc3ebc519d13ac5acf88047867c63044a9e850cac,0.6373913586139679,0.6373913586139679,0.0
3161,16079ffd22cca44a648076f451d8029032f745515bd197ddaedf06a85fba132c,0.6530696749687195,0.6530696749687195,0.0
3162,d4299e6578fe42a45498f2b4e2776b02991df6a1eed266adc3d1c432544f4ded,0.6922619044780731,0.6922619044780731,0.0
3163,4859dd989a9f13506765e28945a4c2b19b0130b8b5596d980b11b508e68fdaac,0.599590003490448,0.599590003490448,0.0
3164,ef9a9e6d14878f074c2ce1db0ae4c71388173b706b8190c3a898a205d2352689,0.6188121140003204,0.6188121140003204,0.0
3165,d3a8180f26c0761d160a8af493fd66cb1489b3664e7e75ad57948633ec03cbd1,0.6049613356590271,0.6049613356590271,0.0
3166,9e8416247790bcb1f827f58bf54779ed7e016c6c2936755034bbd7c8688c6739,0.6310864090919495,0.6310864090919495,0.0
3167,9c9f6e36bb365271489bbd2df74363af5afe2d19fee08292ff7c3f553dc694b7,0.6516926288604736,0.6516926288604736,0.0
3168,3fcd5f872017d091c9b9b490cc6fd96bd4655244237ddbde1621f22d81de8c1c,0.5918194651603699,0.5918194651603699,0.0
3169,4797610c3691a82c86f5ea02d89117fc484f74008dfc63723c529494f16c5213,0.5109726190567017,0.5109726190567017,0.0
3170,4797610c3691a82c86f5ea02d89117fc484f74008dfc63723c529494f16c5213,0.5109726190567017,0.5109726190567017,0.0
3171,c7b4a0fbbcfc043fc2f53908831481916ea6b4770ff3d36c531ccd8ca6016728,0.5223684906959534,0.5223684906959534,0.0
3172,a7c63b697cde29f6713340568da69f8d78ee31809a417bf78298619572172fbb,0.5067550241947174,0.5067550241947174,0.0
3173,a7c63b697cde29f6713340568da69f8d78ee31809a417bf78298619572172fbb,0.5067550241947174,0.5067550241947174,0.0
3174,fb2070823160aa97beca211077c23e397cf596b711916c1b8e424035be32d643,0.529625654220581,0.529625654220581,0.0
3175,cc8d61f7e0251e43e5d8ca79af2cdda41cad6d99848fa626340daa80afa81c50,0.6083518266677856,0.6083518266677856,0.0
3176,cc8d61f7e0251e43e5d8ca79af2cdda41cad6d99848fa626340daa80afa81c50,0.6083518266677856,0.6083518266677856,0.0
3177,30b19549e4137be458318a670ff67dc92fe2ee414162c538fa4c69a631bc737a,0.5742993950843811,0.5742993950843811,0.0
3178,0cb8e96a4939b28f64bc0525c7f31c7594d773687938e97d2136e7d18b0adddc,0.6533255279064178,0.6533255279064178,0.0
3179,0cb8e96a4939b28f64bc0525c7f31c7594d773687938e97d2136e7d18b0adddc,0.6533255279064178,0.6533255279064178,0.0
3180,b63cb2795b68c2350fd2d99d46e89e302f3f2f3399c848c87b4e8dd1ffb9f916,0.7173836827278137,0.7173836827278137,0.0
3181,03828d4dbbfc37824e2949a90b43ce81d8fe9e925ad950ac22d2ed73444cde19,0.5903007388114929,0.5903007388114929,0.0
3182,03828d4dbbfc37824e2949a90b43ce81d8fe9e925ad950ac22d2ed73444cde19,0.5903007388114929,0.5903007388114929,0.0
3183,28fc0397973f7aa9ca3d30e435964d297308cd928a24503bc8de5de551f767b6,0.5767276585102081,0.5767276585102081,0.0
3184,86a233c6e0855d7eb8c77ca022901d4330ebebab62580438a412bb73ee34d301,0.652627557516098,0.652627557516098,0.0
3185,42fe590e0119704ef2afbb26deab9d0e744f0015720f0ebce9232b83254cb7db,0.6553690135478973,0.6553690135478973,0.0
3186,e0deb9d1a20321478523aadd412355e0803fcd46e354eace7a1d66a90e0639ca,0.6344912648200989,0.6344912648200989,0.0
3187,964f7f963e4b486f4ab21a9328d8e8cde9e67bb4c47b7f11ee133a5c7e45112a,0.6086180210113525,0.6086180210113525,0.0
3188,ede62161e767eb8a128d8591d8f0822914246512f016b8485583df0c97dd9b5d,0.6355510950088501,0.6355510950088501,0.0
3189,2e42b88ce49d69819a27a089591344f998159dc89352f299fd5f0288c9e4181c,0.7572187930345535,0.7572187930345535,0.0
3190,ae236ce4e83e3d9951e390f276dfdf47e6b49120ce5cbfbbe13f4f16358ec22b,0.6897685527801514,0.6897685527801514,0.0
3191,500118535eb5d717f5a28f7b6f80adb070184d1a65b3df746470d341e91b804f,0.7361962497234344,0.7361962497234344,0.0
3192,ef6c02f13ff6e39c0a1243d4113efe6be8c634cc517433a2e99e0781390ed3b5,0.6307750046253204,0.6307750046253204,0.0
3193,3bcadd962075b3564881093d1b471c0d5f2e296c9460c350d3a6d982f9e2aafc,0.49234139919281,0.49234139919281006,5.551115123125783e-17
3194,d72ee3ea11359539bf314dc4df07175eaf2e91e454562574378d65547bf83924,0.5372750759124756,0.5372750759124756,0.0
3195,0b9d7dccf694f0e20b19cf68dd7edf1cae84a5abea7ac556d5963afa4635fa37,0.4545007944107055,0.45450079441070557,5.551115123125783e-17
3196,d37d4763b0a1001d6e3b3ea778b78f3f6a796f5c0d08f012b414850776185e66,0.6558031737804413,0.6558031737804413,0.0
3197,65500c547e7af21eba89a9e18503248effe9dd47e1c0eba8ecc39af2b6d358b5,0.6341713666915894,0.6341713666915894,0.0
3198,579ae514a4944e898808737ddda56f62c28bea5f2022332e40229b494d1fe145,0.6232103109359741,0.6232103109359741,0.0
3199,f77e9c44200d81a995fd128b43fd9d206e1a92d94eaaebb08e525490cef3a80d,0.6284564435482025,0.6284564435482025,0.0
3200,99325c9a1a0668e8a18d20455f3f6cdcb041be821b2b45440dddfbbade92c3d8,0.5256737768650055,0.5256737768650055,0.0
3201,1509c7a199bb4cb6712196cb2cbb2a127f29882be7c8068eed759a4d1936a8c0,0.552584171295166,0.552584171295166,0.0
3202,75147191db4a4764213821b0b57d1fdb710c6ba87595a0c99a1daef80c3deb14,0.5431146919727325,0.5431146919727325,0.0
3203,95ef990b36ce3e691f7f6cdd8cf50db2224840da3216b9934805836b6c501ffd,0.4863611459732055,0.48636114597320557,5.551115123125783e-17
3204,4bf947926f6acb7b3b42fdf9fed6d42dec910674a41f860886ec6bf7c0a1705c,0.5307970941066742,0.5307970941066742,0.0
3205,66dbf9806d14a1262faebb07ca139e60baf945ca380602a5160e3b0f967879de,0.6224294006824493,0.6224294006824493,0.0
3206,a40e59bbde8fe952708649bf93ad919c0105c97c28bf9088dcf3435b92e2cf45,0.6291235387325287,0.6291235387325287,0.0
3207,df285a58cc5ec05d2ad9f98f9a45f0ac7ae1129fc4d82d9247ab7f80320ef970,0.5654527246952057,0.5654527246952057,0.0
3208,6657b911d66d55b7a35b7b7c28ee36bf1a6e5e17086465b5aadc6228c1ea44eb,0.5493448972702026,0.5493448972702026,0.0
3209,515311b3825d6735931cd9a4fd90610af39b693841b19a175048c838dbb72cf6,0.4949337244033813,0.49493372440338135,5.551115123125783e-17
3210,071790c0eab4308d8ff3536cf47bb554085c3fdfba3234205ea2687072bc7e58,0.5623862743377686,0.5623862743377686,0.0
3211,e40c8e3d8fba749a2688174865e36614a74f444eedda82c9f638ad2f7a03d1e9,0.6406602561473846,0.6406602561473846,0.0
3212,b1e319d05abf4ca6706d34654ebd223fa13d20e7f46b3d1e126016f8ebe93d7f,0.6355413794517517,0.6355413794517517,0.0
3213,704ec3bca4991ae590f660e083725dda79ac71ff1cb46a5aa3306f205e57a2d5,0.6473213136196136,0.6473213136196136,0.0
3214,9560327d80f3311c7c8cef4dd54f1b39e01a6f75aa7097fd7faa00c059406c23,0.5377578735351562,0.5377578735351562,0.0
3215,2da0034cbbc150529eb06e9deb0a67cb8e9c70d44f10cfd41367c395a978ef2c,0.623818576335907,0.623818576335907,0.0
3216,7fabbd733e99be2d6a0d8954b800eff0af6bacbd1a4f6814b3f90fc6ba9c501e,0.53986856341362,0.53986856341362,0.0
3217,937f524cc04ec5cfdb02a702577234e0d4b78bfe780878e099a3a334137db65d,0.6308502554893494,0.6308502554893494,0.0
3218,512578dadc6da4cca4bea1f5c2c68c4f939ab778536ffcdd5d0000cfb0db6d92,0.7083530426025391,0.7083530426025391,0.0
3219,09c7196aa4de03f5991851e5d686b6cbf39b99b3b4ce65dd6a6a46e95f0a2234,0.6746698021888733,0.6746698021888733,0.0
3220,9fb300592f01784ff191eed5c85f02b736ca37b299040ccb0317089f7c6b778a,0.5375778675079346,0.5375778675079346,0.0
3221,4bd9131559b88e6de77b3edea50ba50314df3dd039868c5d7742a0597488dc0b,0.6454384326934814,0.6454384326934814,0.0
3222,b3da2779c64a6552232a5a3d14a4e5545ccee2592e317b00e24b1cf288a3435c,0.5194415152072906,0.5194415152072906,0.0
3223,81e2ee1e13d0e38ca8271700810328f1b7932a55eb9146bff8e6d91a60f3225b,0.6652020514011383,0.6652020514011383,0.0
3224,ea868d9f79a991f552371e70d1699d692579cf84c0a02fde65201c2744f67939,0.7239482402801514,0.7239482402801514,0.0
3225,4b128410da2b5a5995946fa808ec6af19721d5e6adc3cdecec1a288c5b3dc29d,0.5500437021255493,0.5500437021255493,0.0
3226,528078fc8ce109c1aabd3a90ff3d629256c34dc82c6103c028437be30e9ef98b,0.5722765028476715,0.5722765028476715,0.0
3227,b9337534642e6de7926c0e655b75d5ee3b11ca8b073d51c803363ba4dab7b480,0.4635007381439209,0.4635007381439209,0.0
3228,ed1992cbcb576aba3235985ab6a997f61c0881682d4720b683c8beb1a8e2750f,0.524536520242691,0.524536520242691,0.0
3229,3db5609c3c0be23a519c224f7053ba69328b244c97c7649faa1673fdb5b15d14,0.6256185472011566,0.6256185472011566,0.0
3230,894a5b4fefbbc27194a3900e9b76a8cbd6df4a60aaf04f29ba969a8d1311192a,0.5929625034332275,0.5929625034332275,0.0
3231,e7c208566d3d12cd2fcd47714a43f8e0dae1e98f5545eff40a221cb573b44556,0.5182533264160156,0.5182533264160156,0.0
3232,9da0955e1528c53c06f6e48f2a3bec1c3468edfa6a3254951f8eb5f331c92c37,0.5687611103057861,0.5687611103057861,0.0
3233,89a27bb9a5db82d484d7ad53f515ba3970751aeddea3db62dac15bbe212dee60,0.6200948059558868,0.6200948059558868,0.0
3234,59b455a5c1c0cb808a63eb885db1b961815935b8c7cd1610c60c4d6f2e2928e0,0.5879085659980774,0.5879085659980774,0.0
3235,4db9fc57def67bbd623435f35d124db03f80ab07c962d1d9ed3466229a96ba7b,0.6159792244434357,0.6159792244434357,0.0
3236,a687a92a45118c3c1ed5bb45e8e0eda8d2feaa0395425cc2dccb259b3aa4c848,0.6038898825645447,0.6038898825645447,0.0
3237,63f40b5e88b18c6c537bc39b24deb5592b7c529dda2f8bdf5a9d4564494479b2,0.6015981137752533,0.6015981137752533,0.0
3238,c2f76c7e0969718b70301260a51b50c4a71491f3b3a47b1bc45895078b427764,0.6367958188056946,0.6367958188056946,0.0
3239,eb5cc6adfddc749621cae2e44fa8824fefec0212534f9e91fc5220bc27462aa4,0.6862029731273651,0.6862029731273651,0.0
3240,e44e4854e1bf9642aae663686a8bb98a7656fb3262a6e979a8d9515aad693fb1,0.6101349890232086,0.6101349890232086,0.0
3241,5ab6feb11776cd7c69c1b199e810fc85c42c4d183cfa17b45cde8bc1689ce3eb,0.5573181211948395,0.5573181211948395,0.0
3242,c5885f391247d5d06e1641fd5484fa3e1e5365a2ce0cede7a70539492720b916,0.6425194144248962,0.6425194144248962,0.0
3243,35c0698f7e4e8fe1461890d349c85263bc616bfde2f3ecda98e8090293c8a8fd,0.6287523806095123,0.6287523806095123,0.0
3244,a67d736df43a5389d8f7ffabe1f4cf855150471ecd7e0bd118e67fe1daf18b91,0.5383142828941345,0.5383142828941345,0.0
3245,5c09c2a70263439cbe496d6b6d5b011a4be99885aba2361a37b1e8367c31c6ea,0.5589057803153992,0.5589057803153992,0.0
3246,34927ec357cfc5b2040fcda1cbf9c036d3647089f3c30cde78d554ca208dd8ba,0.5890529453754425,0.5890529453754425,0.0
3247,f5aa408d0fa0451d1aae407997c7961b3f8155726fcf7c871747c8a75069329e,0.608970582485199,0.608970582485199,0.0
3248,f3061e4a2b4807ff408ff62ff84402561534695b9811ae272317d13109d4fef2,0.633631706237793,0.633631706237793,0.0
3249,9f74e7ee913c870f004016832ae06263d8d01d7020dd527cf99b38c14e2c5caf,0.595030665397644,0.595030665397644,0.0
3250,27dd54c15c1c6a0658874dbc7ab2f1a811f64867861bc0faf868d8879c66cff4,0.6880297660827637,0.6880297660827637,0.0
3251,16079ffd22cca44a648076f451d8029032f745515bd197ddaedf06a85fba132c,0.6530696749687195,0.6530696749687195,0.0
3252,d4299e6578fe42a45498f2b4e2776b02991df6a1eed266adc3d1c432544f4ded,0.6922619044780731,0.6922619044780731,0.0
3253,ef9a9e6d14878f074c2ce1db0ae4c71388173b706b8190c3a898a205d2352689,0.6188121140003204,0.6188121140003204,0.0
3254,ef9a9e6d14878f074c2ce1db0ae4c71388173b706b8190c3a898a205d2352689,0.6188121140003204,0.6188121140003204,0.0
3255,d3a8180f26c0761d160a8af493fd66cb1489b3664e7e75ad57948633ec03cbd1,0.6049613356590271,0.6049613356590271,0.0
3256,6cc9348994a377ca623184560efc985fe7d12a7c8aed2c0eaf447610b5eddc18,0.6543541252613068,0.6543541252613068,0.0
3257,9c9f6e36bb365271489bbd2df74363af5afe2d19fee08292ff7c3f553dc694b7,0.6516926288604736,0.6516926288604736,0.0
3258,3fcd5f872017d091c9b9b490cc6fd96bd4655244237ddbde1621f22d81de8c1c,0.5918194651603699,0.5918194651603699,0.0
3259,4797610c3691a82c86f5ea02d89117fc484f74008dfc63723c529494f16c5213,0.5109726190567017,0.5109726190567017,0.0
3260,4797610c3691a82c86f5ea02d89117fc484f74008dfc63723c529494f16c5213,0.5109726190567017,0.5109726190567017,0.0
3261,c7b4a0fbbcfc043fc2f53908831481916ea6b4770ff3d36c531ccd8ca6016728,0.5223684906959534,0.5223684906959534,0.0
3262,a7c63b697cde29f6713340568da69f8d78ee31809a417bf78298619572172fbb,0.5067550241947174,0.5067550241947174,0.0
3263,a7c63b697cde29f6713340568da69f8d78ee31809a417bf78298619572172fbb,0.5067550241947174,0.5067550241947174,0.0
3264,fb2070823160aa97beca211077c23e397cf596b711916c1b8e424035be32d643,0.529625654220581,0.529625654220581,0.0
3265,cc8d61f7e0251e43e5d8ca79af2cdda41cad6d99848fa626340daa80afa81c50,0.6083518266677856,0.6083518266677856,0.0
3266,cc8d61f7e0251e43e5d8ca79af2cdda41cad6d99848fa626340daa80afa81c50,0.6083518266677856,0.6083518266677856,0.0
3267,30b19549e4137be458318a670ff67dc92fe2ee414162c538fa4c69a631bc737a,0.5742993950843811,0.5742993950843811,0.0
3268,0cb8e96a4939b28f64bc0525c7f31c7594d773687938e97d2136e7d18b0adddc,0.6533255279064178,0.6533255279064178,0.0
3269,0cb8e96a4939b28f64bc0525c7f31c7594d773687938e97d2136e7d18b0adddc,0.6533255279064178,0.6533255279064178,0.0
3270,b63cb2795b68c2350fd2d99d46e89e302f3f2f3399c848c87b4e8dd1ffb9f916,0.7173836827278137,0.7173836827278137,0.0
3271,03828d4dbbfc37824e2949a90b43ce81d8fe9e925ad950ac22d2ed73444cde19,0.5903007388114929,0.5903007388114929,0.0
3272,03828d4dbbfc37824e2949a90b43ce81d8fe9e925ad950ac22d2ed73444cde19,0.5903007388114929,0.5903007388114929,0.0
3273,28fc0397973f7aa9ca3d30e435964d297308cd928a24503bc8de5de551f767b6,0.5767276585102081,0.5767276585102081,0.0
3274,42fe590e0119704ef2afbb26deab9d0e744f0015720f0ebce9232b83254cb7db,0.6553690135478973,0.6553690135478973,0.0
3275,42fe590e0119704ef2afbb26deab9d0e744f0015720f0ebce9232b83254cb7db,0.6553690135478973,0.6553690135478973,0.0
3276,e0deb9d1a20321478523aadd412355e0803fcd46e354eace7a1d66a90e0639ca,0.6344912648200989,0.6344912648200989,0.0
3277,ede62161e767eb8a128d8591d8f0822914246512f016b8485583df0c97dd9b5d,0.6355510950088501,0.6355510950088501,0.0
3278,ede62161e767eb8a128d8591d8f0822914246512f016b8485583df0c97dd9b5d,0.6355510950088501,0.6355510950088501,0.0
3279,2e42b88ce49d69819a27a089591344f998159dc89352f299fd5f0288c9e4181c,0.7572187930345535,0.7572187930345535,0.0
3280,8e273ddf30308e99e01a0bd0b1f4887b8c7efafe92e77689e9002a81004f6f71,0.7466147541999817,0.7466147541999817,0.0
3281,500118535eb5d717f5a28f7b6f80adb070184d1a65b3df746470d341e91b804f,0.7361962497234344,0.7361962497234344,0.0
3282,ef6c02f13ff6e39c0a1243d4113efe6be8c634cc517433a2e99e0781390ed3b5,0.6307750046253204,0.6307750046253204,0.0
3283,4ecd039db07c77a74d28e35ad555603fc8765596c1f10dd8d4582c78ed264fac,0.5119142234325409,0.5119142234325409,0.0
3284,d72ee3ea11359539bf314dc4df07175eaf2e91e454562574378d65547bf83924,0.5372750759124756,0.5372750759124756,0.0
3285,0b9d7dccf694f0e20b19cf68dd7edf1cae84a5abea7ac556d5963afa4635fa37,0.4545007944107055,0.45450079441070557,5.551115123125783e-17
3286,d4728a4abf96c2669e8b655f0bb1987b667c41e7762b2793507642b357b31eae,0.6418749988079071,0.6418749988079071,0.0
3287,65500c547e7af21eba89a9e18503248effe9dd47e1c0eba8ecc39af2b6d358b5,0.6341713666915894,0.6341713666915894,0.0
3288,579ae514a4944e898808737ddda56f62c28bea5f2022332e40229b494d1fe145,0.6232103109359741,0.6232103109359741,0.0
3289,e74fa4fe15a54221f2132437d3c2c1ab1b6bd1b8bd13d5f6b1e2a5fb1c06cb4c,0.5540738105773926,0.5540738105773926,0.0
3290,99325c9a1a0668e8a18d20455f3f6cdcb041be821b2b45440dddfbbade92c3d8,0.5256737768650055,0.5256737768650055,0.0
3291,1509c7a199bb4cb6712196cb2cbb2a127f29882be7c8068eed759a4d1936a8c0,0.552584171295166,0.552584171295166,0.0
3292,caece7f54666c5c22cc0177763f9e170449a1712414589ff01374768315d8d4a,0.53133824467659,0.53133824467659,0.0
3293,95ef990b36ce3e691f7f6cdd8cf50db2224840da3216b9934805836b6c501ffd,0.4863611459732055,0.48636114597320557,5.551115123125783e-17
3294,4bf947926f6acb7b3b42fdf9fed6d42dec910674a41f860886ec6bf7c0a1705c,0.5307970941066742,0.5307970941066742,0.0
3295,03fdfc2eed45255e9348959b70699c3afa1d9d53b9ba96f171577b4a272c1679,0.6311959326267242,0.6311959326267242,0.0
3296,a40e59bbde8fe952708649bf93ad919c0105c97c28bf9088dcf3435b92e2cf45,0.6291235387325287,0.6291235387325287,0.0
3297,df285a58cc5ec05d2ad9f98f9a45f0ac7ae1129fc4d82d9247ab7f80320ef970,0.5654527246952057,0.5654527246952057,0.0
3298,e329dd0d481bf33f9c5c835f22e68877dce702ecf8235aeb73736c1ee10b2dc3,0.6021875143051147,0.6021875143051147,0.0
3299,515311b3825d6735931cd9a4fd90610af39b693841b19a175048c838dbb72cf6,0.4949337244033813,0.49493372440338135,5.551115123125783e-17
3300,071790c0eab4308d8ff3536cf47bb554085c3fdfba3234205ea2687072bc7e58,0.5623862743377686,0.5623862743377686,0.0
3301,d3ce3cca4e406056b1e9a33b73589e674c8c473f0b23de73124049832a35b540,0.6481956839561462,0.6481956839561462,0.0
3302,b1e319d05abf4ca6706d34654ebd223fa13d20e7f46b3d1e126016f8ebe93d7f,0.6355413794517517,0.6355413794517517,0.0
3303,704ec3bca4991ae590f660e083725dda79ac71ff1cb46a5aa3306f205e57a2d5,0.6473213136196136,0.6473213136196136,0.0
3304,3b2190b792334c4cdccf6512e3c2b4af26192a20631af0d22f5653d764a00411,0.656080424785614,0.656080424785614,0.0
3305,2da0034cbbc150529eb06e9deb0a67cb8e9c70d44f10cfd41367c395a978ef2c,0.623818576335907,0.623818576335907,0.0
3306,7fabbd733e99be2d6a0d8954b800eff0af6bacbd1a4f6814b3f90fc6ba9c501e,0.53986856341362,0.53986856341362,0.0
3307,77c13a2d4d4b4dbf872dfecbd7c15dc35b3c145cc0e21db1bc0ee95dd02b786b,0.7091275155544281,0.7091275155544281,0.0
3308,512578dadc6da4cca4bea1f5c2c68c4f939ab778536ffcdd5d0000cfb0db6d92,0.7083530426025391,0.7083530426025391,0.0
3309,09c7196aa4de03f5991851e5d686b6cbf39b99b3b4ce65dd6a6a46e95f0a2234,0.6746698021888733,0.6746698021888733,0.0
3310,c332b4477012418567b64bfc26ab36b52ab70b11f511a6340cb9f0e66af55528,0.5733614563941956,0.5733614563941956,0.0
3311,4bd9131559b88e6de77b3edea50ba50314df3dd039868c5d7742a0597488dc0b,0.6454384326934814,0.6454384326934814,0.0
3312,b3da2779c64a6552232a5a3d14a4e5545ccee2592e317b00e24b1cf288a3435c,0.5194415152072906,0.5194415152072906,0.0
3313,b2d46b28c2bd7e531afbf2f933c367a98bba929e8abe03655d3b9cbf42b33bf1,0.7413493096828461,0.7413493096828461,0.0
3314,ea868d9f79a991f552371e70d1699d692579cf84c0a02fde65201c2744f67939,0.7239482402801514,0.7239482402801514,0.0
3315,4b128410da2b5a5995946fa808ec6af19721d5e6adc3cdecec1a288c5b3dc29d,0.5500437021255493,0.5500437021255493,0.0
3316,c1bc9f0998a905ee040e0030438cb0cf776654ad3659399c970cd955577989c5,0.4432389140129089,0.44323891401290894,5.551115123125783e-17
3317,b9337534642e6de7926c0e655b75d5ee3b11ca8b073d51c803363ba4dab7b480,0.4635007381439209,0.4635007381439209,0.0
3318,ed1992cbcb576aba3235985ab6a997f61c0881682d4720b683c8beb1a8e2750f,0.524536520242691,0.524536520242691,0.0
3319,536e1a4b9a36a11173a104b768264330081db2a88f3523be4b117c27edb02ad5,0.6490735113620758,0.6490735113620758,0.0
3320,894a5b4fefbbc27194a3900e9b76a8cbd6df4a60aaf04f29ba969a8d1311192a,0.5929625034332275,0.5929625034332275,0.0
3321,e7c208566d3d12cd2fcd47714a43f8e0dae1e98f5545eff40a221cb573b44556,0.5182533264160156,0.5182533264160156,0.0
3322,a95e383e9df673806cae5dee39eb098f43250d067abce74e69a64e3b95603a86,0.611908346414566,0.611908346414566,0.0
3323,89a27bb9a5db82d484d7ad53f515ba3970751aeddea3db62dac15bbe212dee60,0.6200948059558868,0.6200948059558868,0.0
3324,59b455a5c1c0cb808a63eb885db1b961815935b8c7cd1610c60c4d6f2e2928e0,0.5879085659980774,0.5879085659980774,0.0
3325,1f1323d46120a5191588295b51486c38d68f46c6499267fa1ec99178a29e22a2,0.6599501371383667,0.6599501371383667,0.0
3326,a687a92a45118c3c1ed5bb45e8e0eda8d2feaa0395425cc2dccb259b3aa4c848,0.6038898825645447,0.6038898825645447,0.0
3327,63f40b5e88b18c6c537bc39b24deb5592b7c529dda2f8bdf5a9d4564494479b2,0.6015981137752533,0.6015981137752533,0.0
3328,f57ec5b5203e3822190a359157b5e620be46826f1b770832987c5ec6a6cac148,0.5687628984451294,0.5687628984451294,0.0
3329,eb5cc6adfddc749621cae2e44fa8824fefec0212534f9e91fc5220bc27462aa4,0.6862029731273651,0.6862029731273651,0.0
3330,e44e4854e1bf9642aae663686a8bb98a7656fb3262a6e979a8d9515aad693fb1,0.6101349890232086,0.6101349890232086,0.0
3331,24cc7d76b134a80a7ff829e5eaf44ac696a516cb01088a06110fd378a84fec8d,0.5576176643371582,0.5576176643371582,0.0
3332,c5885f391247d5d06e1641fd5484fa3e1e5365a2ce0cede7a70539492720b916,0.6425194144248962,0.6425194144248962,0.0
3333,35c0698f7e4e8fe1461890d349c85263bc616bfde2f3ecda98e8090293c8a8fd,0.6287523806095123,0.6287523806095123,0.0
3334,3791993bf6def85b9f8f4d6aa39b3876fa511b999a1850dfbbaee98a72c974e0,0.5473960638046265,0.5473960638046265,0.0
3335,5c09c2a70263439cbe496d6b6d5b011a4be99885aba2361a37b1e8367c31c6ea,0.5589057803153992,0.5589057803153992,0.0
3336,34927ec357cfc5b2040fcda1cbf9c036d3647089f3c30cde78d554ca208dd8ba,0.5890529453754425,0.5890529453754425,0.0
3337,7f8db5a78ebb8d4a7dd65a1ace753d0aa670d5da0cba324aaaf4c8c1a5ddc33d,0.645328551530838,0.645328551530838,0.0
3338,f3061e4a2b4807ff408ff62ff84402561534695b9811ae272317d13109d4fef2,0.633631706237793,0.633631706237793,0.0
3339,9f74e7ee913c870f004016832ae06263d8d01d7020dd527cf99b38c14e2c5caf,0.595030665397644,0.595030665397644,0.0
3340,86508efa118b42983bc3b15bc3ebc519d13ac5acf88047867c63044a9e850cac,0.6373913586139679,0.6373913586139679,0.0
3341,16079ffd22cca44a648076f451d8029032f745515bd197ddaedf06a85fba132c,0.6530696749687195,0.6530696749687195,0.0
3342,d4299e6578fe42a45498f2b4e2776b02991df6a1eed266adc3d1c432544f4ded,0.6922619044780731,0.6922619044780731,0.0
3343,4859dd989a9f13506765e28945a4c2b19b0130b8b5596d980b11b508e68fdaac,0.599590003490448,0.599590003490448,0.0
3344,ef9a9e6d14878f074c2ce1db0ae4c71388173b706b8190c3a898a205d2352689,0.6188121140003204,0.6188121140003204,0.0
3345,d3a8180f26c0761d160a8af493fd66cb1489b3664e7e75ad57948633ec03cbd1,0.6049613356590271,0.6049613356590271,0.0
3346,9e8416247790bcb1f827f58bf54779ed7e016c6c2936755034bbd7c8688c6739,0.6310864090919495,0.6310864090919495,0.0
3347,9c9f6e36bb365271489bbd2df74363af5afe2d19fee08292ff7c3f553dc694b7,0.6516926288604736,0.6516926288604736,0.0
3348,3fcd5f872017d091c9b9b490cc6fd96bd4655244237ddbde1621f22d81de8c1c,0.5918194651603699,0.5918194651603699,0.0
3349,4797610c3691a82c86f5ea02d89117fc484f74008dfc63723c529494f16c5213,0.5109726190567017,0.5109726190567017,0.0
3350,4797610c3691a82c86f5ea02d89117fc484f74008dfc63723c529494f16c5213,0.5109726190567017,0.5109726190567017,0.0
3351,c7b4a0fbbcfc043fc2f53908831481916ea6b4770ff3d36c531ccd8ca6016728,0.5223684906959534,0.5223684906959534,0.0
3352,a7c63b697cde29f6713340568da69f8d78ee31809a417bf78298619572172fbb,0.5067550241947174,0.5067550241947174,0.0
3353,a7c63b697cde29f6713340568da69f8d78ee31809a417bf78298619572172fbb,0.5067550241947174,0.5067550241947174,0.0
3354,fb2070823160aa97beca211077c23e397cf596b711916c1b8e424035be32d643,0.529625654220581,0.529625654220581,0.0
3355,cc8d61f7e0251e43e5d8ca79af2cdda41cad6d99848fa626340daa80afa81c50,0.6083518266677856,0.6083518266677856,0.0
3356,cc8d61f7e0251e43e5d8ca79af2cdda41cad6d99848fa626340daa80afa81c50,0.6083518266677856,0.6083518266677856,0.0
3357,30b19549e4137be458318a670ff67dc92fe2ee414162c538fa4c69a631bc737a,0.5742993950843811,0.5742993950843811,0.0
3358,0cb8e96a4939b28f64bc0525c7f31c7594d773687938e97d2136e7d18b0adddc,0.6533255279064178,0.6533255279064178,0.0
3359,0cb8e96a4939b28f64bc0525c7f31c7594d773687938e97d2136e7d18b0adddc,0.6533255279064178,0.6533255279064178,0.0
3360,b63cb2795b68c2350fd2d99d46e89e302f3f2f3399c848c87b4e8dd1ffb9f916,0.7173836827278137,0.7173836827278137,0.0
3361,03828d4dbbfc37824e2949a90b43ce81d8fe9e925ad950ac22d2ed73444cde19,0.5903007388114929,0.5903007388114929,0.0
3362,03828d4dbbfc37824e2949a90b43ce81d8fe9e925ad950ac22d2ed73444cde19,0.5903007388114929,0.5903007388114929,0.0
3363,28fc0397973f7aa9ca3d30e435964d297308cd928a24503bc8de5de551f767b6,0.5767276585102081,0.5767276585102081,0.0
3364,42fe590e0119704ef2afbb26deab9d0e744f0015720f0ebce9232b83254cb7db,0.6553690135478973,0.6553690135478973,0.0
3365,42fe590e0119704ef2afbb26deab9d0e744f0015720f0ebce9232b83254cb7db,0.6553690135478973,0.6553690135478973,0.0
3366,e0deb9d1a20321478523aadd412355e0803fcd46e354eace7a1d66a90e0639ca,0.6344912648200989,0.6344912648200989,0.0
3367,ede62161e767eb8a128d8591d8f0822914246512f016b8485583df0c97dd9b5d,0.6355510950088501,0.6355510950088501,0.0
3368,ede62161e767eb8a128d8591d8f0822914246512f016b8485583df0c97dd9b5d,0.6355510950088501,0.6355510950088501,0.0
3369,2e42b88ce49d69819a27a089591344f998159dc89352f299fd5f0288c9e4181c,0.7572187930345535,0.7572187930345535,0.0
3370,8e273ddf30308e99e01a0bd0b1f4887b8c7efafe92e77689e9002a81004f6f71,0.7466147541999817,0.7466147541999817,0.0
3371,500118535eb5d717f5a28f7b6f80adb070184d1a65b3df746470d341e91b804f,0.7361962497234344,0.7361962497234344,0.0
3372,ef6c02f13ff6e39c0a1243d4113efe6be8c634cc517433a2e99e0781390ed3b5,0.6307750046253204,0.6307750046253204,0.0
3373,4ecd039db07c77a74d28e35ad555603fc8765596c1f10dd8d4582c78ed264fac,0.5119142234325409,0.5119142234325409,0.0
3374,d72ee3ea11359539bf314dc4df07175eaf2e91e454562574378d65547bf83924,0.5372750759124756,0.5372750759124756,0.0
3375,0b9d7dccf694f0e20b19cf68dd7edf1cae84a5abea7ac556d5963afa4635fa37,0.4545007944107055,0.45450079441070557,5.551115123125783e-17
3376,d4728a4abf96c2669e8b655f0bb1987b667c41e7762b2793507642b357b31eae,0.6418749988079071,0.6418749988079071,0.0
3377,65500c547e7af21eba89a9e18503248effe9dd47e1c0eba8ecc39af2b6d358b5,0.6341713666915894,0.6341713666915894,0.0
3378,579ae514a4944e898808737ddda56f62c28bea5f2022332e40229b494d1fe145,0.6232103109359741,0.6232103109359741,0.0
3379,e74fa4fe15a54221f2132437d3c2c1ab1b6bd1b8bd13d5f6b1e2a5fb1c06cb4c,0.5540738105773926,0.5540738105773926,0.0
3380,99325c9a1a0668e8a18d20455f3f6cdcb041be821b2b45440dddfbbade92c3d8,0.5256737768650055,0.5256737768650055,0.0
3381,1509c7a199bb4cb6712196cb2cbb2a127f29882be7c8068eed759a4d1936a8c0,0.552584171295166,0.552584171295166,0.0
3382,caece7f54666c5c22cc0177763f9e170449a1712414589ff01374768315d8d4a,0.53133824467659,0.53133824467659,0.0
3383,95ef990b36ce3e691f7f6cdd8cf50db2224840da3216b9934805836b6c501ffd,0.4863611459732055,0.48636114597320557,5.551115123125783e-17
3384,4bf947926f6acb7b3b42fdf9fed6d42dec910674a41f860886ec6bf7c0a1705c,0.5307970941066742,0.5307970941066742,0.0
3385,03fdfc2eed45255e9348959b70699c3afa1d9d53b9ba96f171577b4a272c1679,0.6311959326267242,0.6311959326267242,0.0
3386,a40e59bbde8fe952708649bf93ad919c0105c97c28bf9088dcf3435b92e2cf45,0.6291235387325287,0.6291235387325287,0.0
3387,df285a58cc5ec05d2ad9f98f9a45f0ac7ae1129fc4d82d9247ab7f80320ef970,0.5654527246952057,0.5654527246952057,0.0
3388,e329dd0d481bf33f9c5c835f22e68877dce702ecf8235aeb73736c1ee10b2dc3,0.6021875143051147,0.6021875143051147,0.0
3389,515311b3825d6735931cd9a4fd90610af39b693841b19a175048c838dbb72cf6,0.4949337244033813,0.49493372440338135,5.551115123125783e-17
3390,071790c0eab4308d8ff3536cf47bb554085c3fdfba3234205ea2687072bc7e58,0.5623862743377686,0.5623862743377686,0.0
3391,d3ce3cca4e406056b1e9a33b73589e674c8c473f0b23de73124049832a35b540,0.6481956839561462,0.6481956839561462,0.0
3392,b1e319d05abf4ca6706d34654ebd223fa13d20e7f46b3d1e126016f8ebe93d7f,0.6355413794517517,0.6355413794517517,0.0
3393,704ec3bca4991ae590f660e083725dda79ac71ff1cb46a5aa3306f205e57a2d5,0.6473213136196136,0.6473213136196136,0.0
3394,3b2190b792334c4cdccf6512e3c2b4af26192a20631af0d22f5653d764a00411,0.656080424785614,0.656080424785614,0.0
3395,2da0034cbbc150529eb06e9deb0a67cb8e9c70d44f10cfd41367c395a978ef2c,0.623818576335907,0.623818576335907,0.0
3396,7fabbd733e99be2d6a0d8954b800eff0af6bacbd1a4f6814b3f90fc6ba9c501e,0.53986856341362,0.53986856341362,0.0
3397,77c13a2d4d4b4dbf872dfecbd7c15dc35b3c145cc0e21db1bc0ee95dd02b786b,0.7091275155544281,0.7091275155544281,0.0
3398,512578dadc6da4cca4bea1f5c2c68c4f939ab778536ffcdd5d0000cfb0db6d92,0.7083530426025391,0.7083530426025391,0.0
3399,09c7196aa4de03f5991851e5d686b6cbf39b99b3b4ce65dd6a6a46e95f0a2234,0.6746698021888733,0.6746698021888733,0.0
3400,c332b4477012418567b64bfc26ab36b52ab70b11f511a6340cb9f0e66af55528,0.5733614563941956,0.5733614563941956,0.0
3401,4bd9131559b88e6de77b3edea50ba50314df3dd039868c5d7742a0597488dc0b,0.6454384326934814,0.6454384326934814,0.0
3402,b3da2779c64a6552232a5a3d14a4e5545ccee2592e317b00e24b1cf288a3435c,0.5194415152072906,0.5194415152072906,0.0
3403,b2d46b28c2bd7e531afbf2f933c367a98bba929e8abe03655d3b9cbf42b33bf1,0.7413493096828461,0.7413493096828461,0.0
3404,ea868d9f79a991f552371e70d1699d692579cf84c0a02fde65201c2744f67939,0.7239482402801514,0.7239482402801514,0.0
3405,4b128410da2b5a5995946fa808ec6af19721d5e6adc3cdecec1a288c5b3dc29d,0.5500437021255493,0.5500437021255493,0.0
3406,c1bc9f0998a905ee040e0030438cb0cf776654ad3659399c970cd955577989c5,0.4432389140129089,0.44323891401290894,5.551115123125783e-17
3407,b9337534642e6de7926c0e655b75d5ee3b11ca8b073d51c803363ba4dab7b480,0.4635007381439209,0.4635007381439209,0.0
3408,ed1992cbcb576aba3235985ab6a997f61c0881682d4720b683c8beb1a8e2750f,0.524536520242691,0.524536520242691,0.0
3409,536e1a4b9a36a11173a104b768264330081db2a88f3523be4b117c27edb02ad5,0.6490735113620758,0.6490735113620758,0.0
3410,894a5b4fefbbc27194a3900e9b76a8cbd6df4a60aaf04f29ba969a8d1311192a,0.5929625034332275,0.5929625034332275,0.0
3411,e7c208566d3d12cd2fcd47714a43f8e0dae1e98f5545eff40a221cb573b44556,0.5182533264160156,0.5182533264160156,0.0
3412,a95e383e9df673806cae5dee39eb098f43250d067abce74e69a64e3b95603a86,0.611908346414566,0.611908346414566,0.0
3413,89a27bb9a5db82d484d7ad53f515ba3970751aeddea3db62dac15bbe212dee60,0.6200948059558868,0.6200948059558868,0.0
3414,59b455a5c1c0cb808a63eb885db1b961815935b8c7cd1610c60c4d6f2e2928e0,0.5879085659980774,0.5879085659980774,0.0
3415,1f1323d46120a5191588295b51486c38d68f46c6499267fa1ec99178a29e22a2,0.6599501371383667,0.6599501371383667,0.0
3416,a687a92a45118c3c1ed5bb45e8e0eda8d2feaa0395425cc2dccb259b3aa4c848,0.6038898825645447,0.6038898825645447,0.0
3417,63f40b5e88b18c6c537bc39b24deb5592b7c529dda2f8bdf5a9d4564494479b2,0.6015981137752533,0.6015981137752533,0.0
3418,f57ec5b5203e3822190a359157b5e620be46826f1b770832987c5ec6a6cac148,0.5687628984451294,0.5687628984451294,0.0
3419,eb5cc6adfddc749621cae2e44fa8824fefec0212534f9e91fc5220bc27462aa4,0.6862029731273651,0.6862029731273651,0.0
3420,e44e4854e1bf9642aae663686a8bb98a7656fb3262a6e979a8d9515aad693fb1,0.6101349890232086,0.6101349890232086,0.0
3421,24cc7d76b134a80a7ff829e5eaf44ac696a516cb01088a06110fd378a84fec8d,0.5576176643371582,0.5576176643371582,0.0
3422,c5885f391247d5d06e1641fd5484fa3e1e5365a2ce0cede7a70539492720b916,0.6425194144248962,0.6425194144248962,0.0
3423,35c0698f7e4e8fe1461890d349c85263bc616bfde2f3ecda98e8090293c8a8fd,0.6287523806095123,0.6287523806095123,0.0
3424,3791993bf6def85b9f8f4d6aa39b3876fa511b999a1850dfbbaee98a72c974e0,0.5473960638046265,0.5473960638046265,0.0
3425,5c09c2a70263439cbe496d6b6d5b011a4be99885aba2361a37b1e8367c31c6ea,0.5589057803153992,0.5589057803153992,0.0
3426,34927ec357cfc5b2040fcda1cbf9c036d3647089f3c30cde78d554ca208dd8ba,0.5890529453754425,0.5890529453754425,0.0
3427,7f8db5a78ebb8d4a7dd65a1ace753d0aa670d5da0cba324aaaf4c8c1a5ddc33d,0.645328551530838,0.645328551530838,0.0
3428,f3061e4a2b4807ff408ff62ff84402561534695b9811ae272317d13109d4fef2,0.633631706237793,0.633631706237793,0.0
3429,9f74e7ee913c870f004016832ae06263d8d01d7020dd527cf99b38c14e2c5caf,0.595030665397644,0.595030665397644,0.0
3430,86508efa118b42983bc3b15bc3ebc519d13ac5acf88047867c63044a9e850cac,0.6373913586139679,0.6373913586139679,0.0
3431,16079ffd22cca44a648076f451d8029032f745515bd197ddaedf06a85fba132c,0.6530696749687195,0.6530696749687195,0.0
3432,d4299e6578fe42a45498f2b4e2776b02991df6a1eed266adc3d1c432544f4ded,0.6922619044780731,0.6922619044780731,0.0
3433,4859dd989a9f13506765e28945a4c2b19b0130b8b5596d980b11b508e68fdaac,0.599590003490448,0.599590003490448,0.0
3434,ef9a9e6d14878f074c2ce1db0ae4c71388173b706b8190c3a898a205d2352689,0.6188121140003204,0.6188121140003204,0.0
3435,d3a8180f26c0761d160a8af493fd66cb1489b3664e7e75ad57948633ec03cbd1,0.6049613356590271,0.6049613356590271,0.0
3436,9e8416247790bcb1f827f58bf54779ed7e016c6c2936755034bbd7c8688c6739,0.6310864090919495,0.6310864090919495,0.0
3437,9c9f6e36bb365271489bbd2df74363af5afe2d19fee08292ff7c3f553dc694b7,0.6516926288604736,0.6516926288604736,0.0
3438,3fcd5f872017d091c9b9b490cc6fd96bd4655244237ddbde1621f22d81de8c1c,0.5918194651603699,0.5918194651603699,0.0
3439,4797610c3691a82c86f5ea02d89117fc484f74008dfc63723c529494f16c5213,0.5109726190567017,0.5109726190567017,0.0
3440,4797610c3691a82c86f5ea02d89117fc484f74008dfc63723c529494f16c5213,0.5109726190567017,0.5109726190567017,0.0
3441,c7b4a0fbbcfc043fc2f53908831481916ea6b4770ff3d36c531ccd8ca6016728,0.5223684906959534,0.5223684906959534,0.0
3442,a7c63b697cde29f6713340568da69f8d78ee31809a417bf78298619572172fbb,0.5067550241947174,0.5067550241947174,0.0
3443,a7c63b697cde29f6713340568da69f8d78ee31809a417bf78298619572172fbb,0.5067550241947174,0.5067550241947174,0.0
3444,fb2070823160aa97beca211077c23e397cf596b711916c1b8e424035be32d643,0.529625654220581,0.529625654220581,0.0
3445,cc8d61f7e0251e43e5d8ca79af2cdda41cad6d99848fa626340daa80afa81c50,0.6083518266677856,0.6083518266677856,0.0
3446,cc8d61f7e0251e43e5d8ca79af2cdda41cad6d99848fa626340daa80afa81c50,0.6083518266677856,0.6083518266677856,0.0
3447,30b19549e4137be458318a670ff67dc92fe2ee414162c538fa4c69a631bc737a,0.5742993950843811,0.5742993950843811,0.0
3448,0cb8e96a4939b28f64bc0525c7f31c7594d773687938e97d2136e7d18b0adddc,0.6533255279064178,0.6533255279064178,0.0
3449,0cb8e96a4939b28f64bc0525c7f31c7594d773687938e97d2136e7d18b0adddc,0.6533255279064178,0.6533255279064178,0.0
3450,b63cb2795b68c2350fd2d99d46e89e302f3f2f3399c848c87b4e8dd1ffb9f916,0.7173836827278137,0.7173836827278137,0.0
3451,03828d4dbbfc37824e2949a90b43ce81d8fe9e925ad950ac22d2ed73444cde19,0.5903007388114929,0.5903007388114929,0.0
3452,03828d4dbbfc37824e2949a90b43ce81d8fe9e925ad950ac22d2ed73444cde19,0.5903007388114929,0.5903007388114929,0.0
3453,28fc0397973f7aa9ca3d30e435964d297308cd928a24503bc8de5de551f767b6,0.5767276585102081,0.5767276585102081,0.0
3454,42fe590e0119704ef2afbb26deab9d0e744f0015720f0ebce9232b83254cb7db,0.6553690135478973,0.6553690135478973,0.0
3455,42fe590e0119704ef2afbb26deab9d0e744f0015720f0ebce9232b83254cb7db,0.6553690135478973,0.6553690135478973,0.0
3456,e0deb9d1a20321478523aadd412355e0803fcd46e354eace7a1d66a90e0639ca,0.6344912648200989,0.6344912648200989,0.0
3457,ede62161e767eb8a128d8591d8f0822914246512f016b8485583df0c97dd9b5d,0.6355510950088501,0.6355510950088501,0.0
3458,ede62161e767eb8a128d8591d8f0822914246512f016b8485583df0c97dd9b5d,0.6355510950088501,0.6355510950088501,0.0
3459,2e42b88ce49d69819a27a089591344f998159dc89352f299fd5f0288c9e4181c,0.7572187930345535,0.7572187930345535,0.0
3460,8e273ddf30308e99e01a0bd0b1f4887b8c7efafe92e77689e9002a81004f6f71,0.7466147541999817,0.7466147541999817,0.0
3461,500118535eb5d717f5a28f7b6f80adb070184d1a65b3df746470d341e91b804f,0.7361962497234344,0.7361962497234344,0.0
3462,ef6c02f13ff6e39c0a1243d4113efe6be8c634cc517433a2e99e0781390ed3b5,0.6307750046253204,0.6307750046253204,0.0
3463,4ecd039db07c77a74d28e35ad555603fc8765596c1f10dd8d4582c78ed264fac,0.5119142234325409,0.5119142234325409,0.0
3464,d72ee3ea11359539bf314dc4df07175eaf2e91e454562574378d65547bf83924,0.5372750759124756,0.5372750759124756,0.0
3465,0b9d7dccf694f0e20b19cf68dd7edf1cae84a5abea7ac556d5963afa4635fa37,0.4545007944107055,0.45450079441070557,5.551115123125783e-17
3466,d4728a4abf96c2669e8b655f0bb1987b667c41e7762b2793507642b357b31eae,0.6418749988079071,0.6418749988079071,0.0
3467,65500c547e7af21eba89a9e18503248effe9dd47e1c0eba8ecc39af2b6d358b5,0.6341713666915894,0.6341713666915894,0.0
3468,579ae514a4944e898808737ddda56f62c28bea5f2022332e40229b494d1fe145,0.6232103109359741,0.6232103109359741,0.0
3469,e74fa4fe15a54221f2132437d3c2c1ab1b6bd1b8bd13d5f6b1e2a5fb1c06cb4c,0.5540738105773926,0.5540738105773926,0.0
3470,99325c9a1a0668e8a18d20455f3f6cdcb041be821b2b45440dddfbbade92c3d8,0.5256737768650055,0.5256737768650055,0.0
3471,1509c7a199bb4cb6712196cb2cbb2a127f29882be7c8068eed759a4d1936a8c0,0.552584171295166,0.552584171295166,0.0
3472,caece7f54666c5c22cc0177763f9e170449a1712414589ff01374768315d8d4a,0.53133824467659,0.53133824467659,0.0
3473,95ef990b36ce3e691f7f6cdd8cf50db2224840da3216b9934805836b6c501ffd,0.4863611459732055,0.48636114597320557,5.551115123125783e-17
3474,4bf947926f6acb7b3b42fdf9fed6d42dec910674a41f860886ec6bf7c0a1705c,0.5307970941066742,0.5307970941066742,0.0
3475,03fdfc2eed45255e9348959b70699c3afa1d9d53b9ba96f171577b4a272c1679,0.6311959326267242,0.6311959326267242,0.0
3476,a40e59bbde8fe952708649bf93ad919c0105c97c28bf9088dcf3435b92e2cf45,0.6291235387325287,0.6291235387325287,0.0
3477,df285a58cc5ec05d2ad9f98f9a45f0ac7ae1129fc4d82d9247ab7f80320ef970,0.5654527246952057,0.5654527246952057,0.0
3478,e329dd0d481bf33f9c5c835f22e68877dce702ecf8235aeb73736c1ee10b2dc3,0.6021875143051147,0.6021875143051147,0.0
3479,515311b3825d6735931cd9a4fd90610af39b693841b19a175048c838dbb72cf6,0.4949337244033813,0.49493372440338135,5.551115123125783e-17
3480,071790c0eab4308d8ff3536cf47bb554085c3fdfba3234205ea2687072bc7e58,0.5623862743377686,0.5623862743377686,0.0
3481,d3ce3cca4e406056b1e9a33b73589e674c8c473f0b23de73124049832a35b540,0.6481956839561462,0.6481956839561462,0.0
3482,b1e319d05abf4ca6706d34654ebd223fa13d20e7f46b3d1e126016f8ebe93d7f,0.6355413794517517,0.6355413794517517,0.0
3483,704ec3bca4991ae590f660e083725dda79ac71ff1cb46a5aa3306f205e57a2d5,0.6473213136196136,0.6473213136196136,0.0
3484,3b2190b792334c4cdccf6512e3c2b4af26192a20631af0d22f5653d764a00411,0.656080424785614,0.656080424785614,0.0
3485,2da0034cbbc150529eb06e9deb0a67cb8e9c70d44f10cfd41367c395a978ef2c,0.623818576335907,0.623818576335907,0.0
3486,7fabbd733e99be2d6a0d8954b800eff0af6bacbd1a4f6814b3f90fc6ba9c501e,0.53986856341362,0.53986856341362,0.0
3487,77c13a2d4d4b4dbf872dfecbd7c15dc35b3c145cc0e21db1bc0ee95dd02b786b,0.7091275155544281,0.7091275155544281,0.0
3488,512578dadc6da4cca4bea1f5c2c68c4f939ab778536ffcdd5d0000cfb0db6d92,0.7083530426025391,0.7083530426025391,0.0
3489,09c7196aa4de03f5991851e5d686b6cbf39b99b3b4ce65dd6a6a46e95f0a2234,0.6746698021888733,0.6746698021888733,0.0
3490,c332b4477012418567b64bfc26ab36b52ab70b11f511a6340cb9f0e66af55528,0.5733614563941956,0.5733614563941956,0.0
3491,4bd9131559b88e6de77b3edea50ba50314df3dd039868c5d7742a0597488dc0b,0.6454384326934814,0.6454384326934814,0.0
3492,b3da2779c64a6552232a5a3d14a4e5545ccee2592e317b00e24b1cf288a3435c,0.5194415152072906,0.5194415152072906,0.0
3493,b2d46b28c2bd7e531afbf2f933c367a98bba929e8abe03655d3b9cbf42b33bf1,0.7413493096828461,0.7413493096828461,0.0
3494,ea868d9f79a991f552371e70d1699d692579cf84c0a02fde65201c2744f67939,0.7239482402801514,0.7239482402801514,0.0
3495,4b128410da2b5a5995946fa808ec6af19721d5e6adc3cdecec1a288c5b3dc29d,0.5500437021255493,0.5500437021255493,0.0
3496,c1bc9f0998a905ee040e0030438cb0cf776654ad3659399c970cd955577989c5,0.4432389140129089,0.44323891401290894,5.551115123125783e-17
3497,b9337534642e6de7926c0e655b75d5ee3b11ca8b073d51c803363ba4dab7b480,0.4635007381439209,0.4635007381439209,0.0
3498,ed1992cbcb576aba3235985ab6a997f61c0881682d4720b683c8beb1a8e2750f,0.524536520242691,0.524536520242691,0.0
3499,536e1a4b9a36a11173a104b768264330081db2a88f3523be4b117c27edb02ad5,0.6490735113620758,0.6490735113620758,0.0
3500,894a5b4fefbbc27194a3900e9b76a8cbd6df4a60aaf04f29ba969a8d1311192a,0.5929625034332275,0.5929625034332275,0.0
3501,e7c208566d3d12cd2fcd47714a43f8e0dae1e98f5545eff40a221cb573b44556,0.5182533264160156,0.5182533264160156,0.0
3502,a95e383e9df673806cae5dee39eb098f43250d067abce74e69a64e3b95603a86,0.611908346414566,0.611908346414566,0.0
3503,89a27bb9a5db82d484d7ad53f515ba3970751aeddea3db62dac15bbe212dee60,0.6200948059558868,0.6200948059558868,0.0
3504,59b455a5c1c0cb808a63eb885db1b961815935b8c7cd1610c60c4d6f2e2928e0,0.5879085659980774,0.5879085659980774,0.0
3505,1f1323d46120a5191588295b51486c38d68f46c6499267fa1ec99178a29e22a2,0.6599501371383667,0.6599501371383667,0.0
3506,a687a92a45118c3c1ed5bb45e8e0eda8d2feaa0395425cc2dccb259b3aa4c848,0.6038898825645447,0.6038898825645447,0.0
3507,63f40b5e88b18c6c537bc39b24deb5592b7c529dda2f8bdf5a9d4564494479b2,0.6015981137752533,0.6015981137752533,0.0
3508,f57ec5b5203e3822190a359157b5e620be46826f1b770832987c5ec6a6cac148,0.5687628984451294,0.5687628984451294,0.0
3509,eb5cc6adfddc749621cae2e44fa8824fefec0212534f9e91fc5220bc27462aa4,0.6862029731273651,0.6862029731273651,0.0
3510,e44e4854e1bf9642aae663686a8bb98a7656fb3262a6e979a8d9515aad693fb1,0.6101349890232086,0.6101349890232086,0.0
3511,24cc7d76b134a80a7ff829e5eaf44ac696a516cb01088a06110fd378a84fec8d,0.5576176643371582,0.5576176643371582,0.0
3512,c5885f391247d5d06e1641fd5484fa3e1e5365a2ce0cede7a70539492720b916,0.6425194144248962,0.6425194144248962,0.0
3513,35c0698f7e4e8fe1461890d349c85263bc616bfde2f3ecda98e8090293c8a8fd,0.6287523806095123,0.6287523806095123,0.0
3514,3791993bf6def85b9f8f4d6aa39b3876fa511b999a1850dfbbaee98a72c974e0,0.5473960638046265,0.5473960638046265,0.0
3515,5c09c2a70263439cbe496d6b6d5b011a4be99885aba2361a37b1e8367c31c6ea,0.5589057803153992,0.5589057803153992,0.0
3516,34927ec357cfc5b2040fcda1cbf9c036d3647089f3c30cde78d554ca208dd8ba,0.5890529453754425,0.5890529453754425,0.0
3517,7f8db5a78ebb8d4a7dd65a1ace753d0aa670d5da0cba324aaaf4c8c1a5ddc33d,0.645328551530838,0.645328551530838,0.0
3518,f3061e4a2b4807ff408ff62ff84402561534695b9811ae272317d13109d4fef2,0.633631706237793,0.633631706237793,0.0
3519,9f74e7ee913c870f004016832ae06263d8d01d7020dd527cf99b38c14e2c5caf,0.595030665397644,0.595030665397644,0.0
3520,86508efa118b42983bc3b15bc3ebc519d13ac5acf88047867c63044a9e850cac,0.6373913586139679,0.6373913586139679,0.0
3521,16079ffd22cca44a648076f451d8029032f745515bd197ddaedf06a85fba132c,0.6530696749687195,0.6530696749687195,0.0
3522,d4299e6578fe42a45498f2b4e2776b02991df6a1eed266adc3d1c432544f4ded,0.6922619044780731,0.6922619044780731,0.0
3523,4859dd989a9f13506765e28945a4c2b19b0130b8b5596d980b11b508e68fdaac,0.599590003490448,0.599590003490448,0.0
3524,ef9a9e6d14878f074c2ce1db0ae4c71388173b706b8190c3a898a205d2352689,0.6188121140003204,0.6188121140003204,0.0
3525,d3a8180f26c0761d160a8af493fd66cb1489b3664e7e75ad57948633ec03cbd1,0.6049613356590271,0.6049613356590271,0.0
3526,9e8416247790bcb1f827f58bf54779ed7e016c6c2936755034bbd7c8688c6739,0.6310864090919495,0.6310864090919495,0.0
3527,9c9f6e36bb365271489bbd2df74363af5afe2d19fee08292ff7c3f553dc694b7,0.6516926288604736,0.6516926288604736,0.0
3528,3fcd5f872017d091c9b9b490cc6fd96bd4655244237ddbde1621f22d81de8c1c,0.5918194651603699,0.5918194651603699,0.0
3529,4797610c3691a82c86f5ea02d89117fc484f74008dfc63723c529494f16c5213,0.5109726190567017,0.5109726190567017,0.0
3530,4797610c3691a82c86f5ea02d89117fc484f74008dfc63723c529494f16c5213,0.5109726190567017,0.5109726190567017,0.0
3531,c7b4a0fbbcfc043fc2f53908831481916ea6b4770ff3d36c531ccd8ca6016728,0.5223684906959534,0.5223684906959534,0.0
3532,a7c63b697cde29f6713340568da69f8d78ee31809a417bf78298619572172fbb,0.5067550241947174,0.5067550241947174,0.0
3533,a7c63b697cde29f6713340568da69f8d78ee31809a417bf78298619572172fbb,0.5067550241947174,0.5067550241947174,0.0
3534,fb2070823160aa97beca211077c23e397cf596b711916c1b8e424035be32d643,0.529625654220581,0.529625654220581,0.0
3535,cc8d61f7e0251e43e5d8ca79af2cdda41cad6d99848fa626340daa80afa81c50,0.6083518266677856,0.6083518266677856,0.0
3536,cc8d61f7e0251e43e5d8ca79af2cdda41cad6d99848fa626340daa80afa81c50,0.6083518266677856,0.6083518266677856,0.0
3537,30b19549e4137be458318a670ff67dc92fe2ee414162c538fa4c69a631bc737a,0.5742993950843811,0.5742993950843811,0.0
3538,0cb8e96a4939b28f64bc0525c7f31c7594d773687938e97d2136e7d18b0adddc,0.6533255279064178,0.6533255279064178,0.0
3539,0cb8e96a4939b28f64bc0525c7f31c7594d773687938e97d2136e7d18b0adddc,0.6533255279064178,0.6533255279064178,0.0
3540,b63cb2795b68c2350fd2d99d46e89e302f3f2f3399c848c87b4e8dd1ffb9f916,0.7173836827278137,0.7173836827278137,0.0
3541,03828d4dbbfc37824e2949a90b43ce81d8fe9e925ad950ac22d2ed73444cde19,0.5903007388114929,0.5903007388114929,0.0
3542,03828d4dbbfc37824e2949a90b43ce81d8fe9e925ad950ac22d2ed73444cde19,0.5903007388114929,0.5903007388114929,0.0
3543,28fc0397973f7aa9ca3d30e435964d297308cd928a24503bc8de5de551f767b6,0.5767276585102081,0.5767276585102081,0.0
3544,42fe590e0119704ef2afbb26deab9d0e744f0015720f0ebce9232b83254cb7db,0.6553690135478973,0.6553690135478973,0.0
3545,42fe590e0119704ef2afbb26deab9d0e744f0015720f0ebce9232b83254cb7db,0.6553690135478973,0.6553690135478973,0.0
3546,e0deb9d1a20321478523aadd412355e0803fcd46e354eace7a1d66a90e0639ca,0.6344912648200989,0.6344912648200989,0.0
3547,ede62161e767eb8a128d8591d8f0822914246512f016b8485583df0c97dd9b5d,0.6355510950088501,0.6355510950088501,0.0
3548,ede62161e767eb8a128d8591d8f0822914246512f016b8485583df0c97dd9b5d,0.6355510950088501,0.6355510950088501,0.0
3549,2e42b88ce49d69819a27a089591344f998159dc89352f299fd5f0288c9e4181c,0.7572187930345535,0.7572187930345535,0.0
3550,8e273ddf30308e99e01a0bd0b1f4887b8c7efafe92e77689e9002a81004f6f71,0.7466147541999817,0.7466147541999817,0.0
3551,500118535eb5d717f5a28f7b6f80adb070184d1a65b3df746470d341e91b804f,0.7361962497234344,0.7361962497234344,0.0
3552,ef6c02f13ff6e39c0a1243d4113efe6be8c634cc517433a2e99e0781390ed3b5,0.6307750046253204,0.6307750046253204,0.0
3553,4ecd039db07c77a74d28e35ad555603fc8765596c1f10dd8d4582c78ed264fac,0.5119142234325409,0.5119142234325409,0.0
3554,d72ee3ea11359539bf314dc4df07175eaf2e91e454562574378d65547bf83924,0.5372750759124756,0.5372750759124756,0.0
3555,0b9d7dccf694f0e20b19cf68dd7edf1cae84a5abea7ac556d5963afa4635fa37,0.4545007944107055,0.45450079441070557,5.551115123125783e-17
3556,d4728a4abf96c2669e8b655f0bb1987b667c41e7762b2793507642b357b31eae,0.6418749988079071,0.6418749988079071,0.0
3557,65500c547e7af21eba89a9e18503248effe9dd47e1c0eba8ecc39af2b6d358b5,0.6341713666915894,0.6341713666915894,0.0
3558,579ae514a4944e898808737ddda56f62c28bea5f2022332e40229b494d1fe145,0.6232103109359741,0.6232103109359741,0.0
3559,e74fa4fe15a54221f2132437d3c2c1ab1b6bd1b8bd13d5f6b1e2a5fb1c06cb4c,0.5540738105773926,0.5540738105773926,0.0
3560,99325c9a1a0668e8a18d20455f3f6cdcb041be821b2b45440dddfbbade92c3d8,0.5256737768650055,0.5256737768650055,0.0
3561,1509c7a199bb4cb6712196cb2cbb2a127f29882be7c8068eed759a4d1936a8c0,0.552584171295166,0.552584171295166,0.0
3562,caece7f54666c5c22cc0177763f9e170449a1712414589ff01374768315d8d4a,0.53133824467659,0.53133824467659,0.0
3563,95ef990b36ce3e691f7f6cdd8cf50db2224840da3216b9934805836b6c501ffd,0.4863611459732055,0.48636114597320557,5.551115123125783e-17
3564,4bf947926f6acb7b3b42fdf9fed6d42dec910674a41f860886ec6bf7c0a1705c,0.5307970941066742,0.5307970941066742,0.0
3565,03fdfc2eed45255e9348959b70699c3afa1d9d53b9ba96f171577b4a272c1679,0.6311959326267242,0.6311959326267242,0.0
3566,a40e59bbde8fe952708649bf93ad919c0105c97c28bf9088dcf3435b92e2cf45,0.6291235387325287,0.6291235387325287,0.0
3567,df285a58cc5ec05d2ad9f98f9a45f0ac7ae1129fc4d82d9247ab7f80320ef970,0.5654527246952057,0.5654527246952057,0.0
3568,e329dd0d481bf33f9c5c835f22e68877dce702ecf8235aeb73736c1ee10b2dc3,0.6021875143051147,0.6021875143051147,0.0
3569,515311b3825d6735931cd9a4fd90610af39b693841b19a175048c838dbb72cf6,0.4949337244033813,0.49493372440338135,5.551115123125783e-17
3570,071790c0eab4308d8ff3536cf47bb554085c3fdfba3234205ea2687072bc7e58,0.5623862743377686,0.5623862743377686,0.0
3571,d3ce3cca4e406056b1e9a33b73589e674c8c473f0b23de73124049832a35b540,0.6481956839561462,0.6481956839561462,0.0
3572,b1e319d05abf4ca6706d34654ebd223fa13d20e7f46b3d1e126016f8ebe93d7f,0.6355413794517517,0.6355413794517517,0.0
3573,704ec3bca4991ae590f660e083725dda79ac71ff1cb46a5aa3306f205e57a2d5,0.6473213136196136,0.6473213136196136,0.0
3574,3b2190b792334c4cdccf6512e3c2b4af26192a20631af0d22f5653d764a00411,0.656080424785614,0.656080424785614,0.0
3575,2da0034cbbc150529eb06e9deb0a67cb8e9c70d44f10cfd41367c395a978ef2c,0.623818576335907,0.623818576335907,0.0
3576,7fabbd733e99be2d6a0d8954b800eff0af6bacbd1a4f6814b3f90fc6ba9c501e,0.53986856341362,0.53986856341362,0.0
3577,77c13a2d4d4b4dbf872dfecbd7c15dc35b3c145cc0e21db1bc0ee95dd02b786b,0.7091275155544281,0.7091275155544281,0.0
3578,512578dadc6da4cca4bea1f5c2c68c4f939ab778536ffcdd5d0000cfb0db6d92,0.7083530426025391,0.7083530426025391,0.0
3579,09c7196aa4de03f5991851e5d686b6cbf39b99b3b4ce65dd6a6a46e95f0a2234,0.6746698021888733,0.6746698021888733,0.0
3580,c332b4477012418567b64bfc26ab36b52ab70b11f511a6340cb9f0e66af55528,0.5733614563941956,0.5733614563941956,0.0
3581,4bd9131559b88e6de77b3edea50ba50314df3dd039868c5d7742a0597488dc0b,0.6454384326934814,0.6454384326934814,0.0
3582,b3da2779c64a6552232a5a3d14a4e5545ccee2592e317b00e24b1cf288a3435c,0.5194415152072906,0.5194415152072906,0.0
3583,b2d46b28c2bd7e531afbf2f933c367a98bba929e8abe03655d3b9cbf42b33bf1,0.7413493096828461,0.7413493096828461,0.0
3584,ea868d9f79a991f552371e70d1699d692579cf84c0a02fde65201c2744f67939,0.7239482402801514,0.7239482402801514,0.0
3585,4b128410da2b5a5995946fa808ec6af19721d5e6adc3cdecec1a288c5b3dc29d,0.5500437021255493,0.5500437021255493,0.0
3586,c1bc9f0998a905ee040e0030438cb0cf776654ad3659399c970cd955577989c5,0.4432389140129089,0.44323891401290894,5.551115123125783e-17
3587,b9337534642e6de7926c0e655b75d5ee3b11ca8b073d51c803363ba4dab7b480,0.4635007381439209,0.4635007381439209,0.0
3588,ed1992cbcb576aba3235985ab6a997f61c0881682d4720b683c8beb1a8e2750f,0.524536520242691,0.524536520242691,0.0
3589,536e1a4b9a36a11173a104b768264330081db2a88f3523be4b117c27edb02ad5,0.6490735113620758,0.6490735113620758,0.0
3590,894a5b4fefbbc27194a3900e9b76a8cbd6df4a60aaf04f29ba969a8d1311192a,0.5929625034332275,0.5929625034332275,0.0
3591,e7c208566d3d12cd2fcd47714a43f8e0dae1e98f5545eff40a221cb573b44556,0.5182533264160156,0.5182533264160156,0.0
3592,a95e383e9df673806cae5dee39eb098f43250d067abce74e69a64e3b95603a86,0.611908346414566,0.611908346414566,0.0
3593,89a27bb9a5db82d484d7ad53f515ba3970751aeddea3db62dac15bbe212dee60,0.6200948059558868,0.6200948059558868,0.0
3594,59b455a5c1c0cb808a63eb885db1b961815935b8c7cd1610c60c4d6f2e2928e0,0.5879085659980774,0.5879085659980774,0.0
3595,1f1323d46120a5191588295b51486c38d68f46c6499267fa1ec99178a29e22a2,0.6599501371383667,0.6599501371383667,0.0
3596,a687a92a45118c3c1ed5bb45e8e0eda8d2feaa0395425cc2dccb259b3aa4c848,0.6038898825645447,0.6038898825645447,0.0
3597,63f40b5e88b18c6c537bc39b24deb5592b7c529dda2f8bdf5a9d4564494479b2,0.6015981137752533,0.6015981137752533,0.0
3598,f57ec5b5203e3822190a359157b5e620be46826f1b770832987c5ec6a6cac148,0.5687628984451294,0.5687628984451294,0.0
3599,eb5cc6adfddc749621cae2e44fa8824fefec0212534f9e91fc5220bc27462aa4,0.6862029731273651,0.6862029731273651,0.0
3600,e44e4854e1bf9642aae663686a8bb98a7656fb3262a6e979a8d9515aad693fb1,0.6101349890232086,0.6101349890232086,0.0
3601,24cc7d76b134a80a7ff829e5eaf44ac696a516cb01088a06110fd378a84fec8d,0.5576176643371582,0.5576176643371582,0.0
3602,c5885f391247d5d06e1641fd5484fa3e1e5365a2ce0cede7a70539492720b916,0.6425194144248962,0.6425194144248962,0.0
3603,35c0698f7e4e8fe1461890d349c85263bc616bfde2f3ecda98e8090293c8a8fd,0.6287523806095123,0.6287523806095123,0.0
3604,3791993bf6def85b9f8f4d6aa39b3876fa511b999a1850dfbbaee98a72c974e0,0.5473960638046265,0.5473960638046265,0.0
3605,5c09c2a70263439cbe496d6b6d5b011a4be99885aba2361a37b1e8367c31c6ea,0.5589057803153992,0.5589057803153992,0.0
3606,34927ec357cfc5b2040fcda1cbf9c036d3647089f3c30cde78d554ca208dd8ba,0.5890529453754425,0.5890529453754425,0.0
3607,7f8db5a78ebb8d4a7dd65a1ace753d0aa670d5da0cba324aaaf4c8c1a5ddc33d,0.645328551530838,0.645328551530838,0.0
3608,f3061e4a2b4807ff408ff62ff84402561534695b9811ae272317d13109d4fef2,0.633631706237793,0.633631706237793,0.0
3609,9f74e7ee913c870f004016832ae06263d8d01d7020dd527cf99b38c14e2c5caf,0.595030665397644,0.595030665397644,0.0
3610,86508efa118b42983bc3b15bc3ebc519d13ac5acf88047867c63044a9e850cac,0.6373913586139679,0.6373913586139679,0.0
3611,16079ffd22cca44a648076f451d8029032f745515bd197ddaedf06a85fba132c,0.6530696749687195,0.6530696749687195,0.0
3612,d4299e6578fe42a45498f2b4e2776b02991df6a1eed266adc3d1c432544f4ded,0.6922619044780731,0.6922619044780731,0.0
3613,4859dd989a9f13506765e28945a4c2b19b0130b8b5596d980b11b508e68fdaac,0.599590003490448,0.599590003490448,0.0
3614,ef9a9e6d14878f074c2ce1db0ae4c71388173b706b8190c3a898a205d2352689,0.6188121140003204,0.6188121140003204,0.0
3615,d3a8180f26c0761d160a8af493fd66cb1489b3664e7e75ad57948633ec03cbd1,0.6049613356590271,0.6049613356590271,0.0
3616,9e8416247790bcb1f827f58bf54779ed7e016c6c2936755034bbd7c8688c6739,0.6310864090919495,0.6310864090919495,0.0
3617,9c9f6e36bb365271489bbd2df74363af5afe2d19fee08292ff7c3f553dc694b7,0.6516926288604736,0.6516926288604736,0.0
3618,3fcd5f872017d091c9b9b490cc6fd96bd4655244237ddbde1621f22d81de8c1c,0.5918194651603699,0.5918194651603699,0.0
3619,4797610c3691a82c86f5ea02d89117fc484f74008dfc63723c529494f16c5213,0.5109726190567017,0.5109726190567017,0.0
3620,4797610c3691a82c86f5ea02d89117fc484f74008dfc63723c529494f16c5213,0.5109726190567017,0.5109726190567017,0.0
3621,c7b4a0fbbcfc043fc2f53908831481916ea6b4770ff3d36c531ccd8ca6016728,0.5223684906959534,0.5223684906959534,0.0
3622,a7c63b697cde29f6713340568da69f8d78ee31809a417bf78298619572172fbb,0.5067550241947174,0.5067550241947174,0.0
3623,a7c63b697cde29f6713340568da69f8d78ee31809a417bf78298619572172fbb,0.5067550241947174,0.5067550241947174,0.0
3624,fb2070823160aa97beca211077c23e397cf596b711916c1b8e424035be32d643,0.529625654220581,0.529625654220581,0.0
3625,cc8d61f7e0251e43e5d8ca79af2cdda41cad6d99848fa626340daa80afa81c50,0.6083518266677856,0.6083518266677856,0.0
3626,cc8d61f7e0251e43e5d8ca79af2cdda41cad6d99848fa626340daa80afa81c50,0.6083518266677856,0.6083518266677856,0.0
3627,30b19549e4137be458318a670ff67dc92fe2ee414162c538fa4c69a631bc737a,0.5742993950843811,0.5742993950843811,0.0
3628,0cb8e96a4939b28f64bc0525c7f31c7594d773687938e97d2136e7d18b0adddc,0.6533255279064178,0.6533255279064178,0.0
3629,0cb8e96a4939b28f64bc0525c7f31c7594d773687938e97d2136e7d18b0adddc,0.6533255279064178,0.6533255279064178,0.0
3630,b63cb2795b68c2350fd2d99d46e89e302f3f2f3399c848c87b4e8dd1ffb9f916,0.7173836827278137,0.7173836827278137,0.0
3631,03828d4dbbfc37824e2949a90b43ce81d8fe9e925ad950ac22d2ed73444cde19,0.5903007388114929,0.5903007388114929,0.0
3632,03828d4dbbfc37824e2949a90b43ce81d8fe9e925ad950ac22d2ed73444cde19,0.5903007388114929,0.5903007388114929,0.0
3633,28fc0397973f7aa9ca3d30e435964d297308cd928a24503bc8de5de551f767b6,0.5767276585102081,0.5767276585102081,0.0
3634,42fe590e0119704ef2afbb26deab9d0e744f0015720f0ebce9232b83254cb7db,0.6553690135478973,0.6553690135478973,0.0
3635,42fe590e0119704ef2afbb26deab9d0e744f0015720f0ebce9232b83254cb7db,0.6553690135478973,0.6553690135478973,0.0
3636,e0deb9d1a20321478523aadd412355e0803fcd46e354eace7a1d66a90e0639ca,0.6344912648200989,0.6344912648200989,0.0
3637,ede62161e767eb8a128d8591d8f0822914246512f016b8485583df0c97dd9b5d,0.6355510950088501,0.6355510950088501,0.0
3638,ede62161e767eb8a128d8591d8f0822914246512f016b8485583df0c97dd9b5d,0.6355510950088501,0.6355510950088501,0.0
3639,2e42b88ce49d69819a27a089591344f998159dc89352f299fd5f0288c9e4181c,0.7572187930345535,0.7572187930345535,0.0
3640,8e273ddf30308e99e01a0bd0b1f4887b8c7efafe92e77689e9002a81004f6f71,0.7466147541999817,0.7466147541999817,0.0
3641,500118535eb5d717f5a28f7b6f80adb070184d1a65b3df746470d341e91b804f,0.7361962497234344,0.7361962497234344,0.0
3642,ef6c02f13ff6e39c0a1243d4113efe6be8c634cc517433a2e99e0781390ed3b5,0.6307750046253204,0.6307750046253204,0.0
3643,4ecd039db07c77a74d28e35ad555603fc8765596c1f10dd8d4582c78ed264fac,0.5119142234325409,0.5119142234325409,0.0
3644,d72ee3ea11359539bf314dc4df07175eaf2e91e454562574378d65547bf83924,0.5372750759124756,0.5372750759124756,0.0
3645,0b9d7dccf694f0e20b19cf68dd7edf1cae84a5abea7ac556d5963afa4635fa37,0.4545007944107055,0.45450079441070557,5.551115123125783e-17
3646,d4728a4abf96c2669e8b655f0bb1987b667c41e7762b2793507642b357b31eae,0.6418749988079071,0.6418749988079071,0.0
3647,65500c547e7af21eba89a9e18503248effe9dd47e1c0eba8ecc39af2b6d358b5,0.6341713666915894,0.6341713666915894,0.0
3648,579ae514a4944e898808737ddda56f62c28bea5f2022332e40229b494d1fe145,0.6232103109359741,0.6232103109359741,0.0
3649,e74fa4fe15a54221f2132437d3c2c1ab1b6bd1b8bd13d5f6b1e2a5fb1c06cb4c,0.5540738105773926,0.5540738105773926,0.0
3650,99325c9a1a0668e8a18d20455f3f6cdcb041be821b2b45440dddfbbade92c3d8,0.5256737768650055,0.5256737768650055,0.0
3651,1509c7a199bb4cb6712196cb2cbb2a127f29882be7c8068eed759a4d1936a8c0,0.552584171295166,0.552584171295166,0.0
3652,caece7f54666c5c22cc0177763f9e170449a1712414589ff01374768315d8d4a,0.53133824467659,0.53133824467659,0.0
3653,95ef990b36ce3e691f7f6cdd8cf50db2224840da3216b9934805836b6c501ffd,0.4863611459732055,0.48636114597320557,5.551115123125783e-17
3654,4bf947926f6acb7b3b42fdf9fed6d42dec910674a41f860886ec6bf7c0a1705c,0.5307970941066742,0.5307970941066742,0.0
3655,03fdfc2eed45255e9348959b70699c3afa1d9d53b9ba96f171577b4a272c1679,0.6311959326267242,0.6311959326267242,0.0
3656,a40e59bbde8fe952708649bf93ad919c0105c97c28bf9088dcf3435b92e2cf45,0.6291235387325287,0.6291235387325287,0.0
3657,df285a58cc5ec05d2ad9f98f9a45f0ac7ae1129fc4d82d9247ab7f80320ef970,0.5654527246952057,0.5654527246952057,0.0
3658,e329dd0d481bf33f9c5c835f22e68877dce702ecf8235aeb73736c1ee10b2dc3,0.6021875143051147,0.6021875143051147,0.0
3659,515311b3825d6735931cd9a4fd90610af39b693841b19a175048c838dbb72cf6,0.4949337244033813,0.49493372440338135,5.551115123125783e-17
3660,071790c0eab4308d8ff3536cf47bb554085c3fdfba3234205ea2687072bc7e58,0.5623862743377686,0.5623862743377686,0.0
3661,d3ce3cca4e406056b1e9a33b73589e674c8c473f0b23de73124049832a35b540,0.6481956839561462,0.6481956839561462,0.0
3662,b1e319d05abf4ca6706d34654ebd223fa13d20e7f46b3d1e126016f8ebe93d7f,0.6355413794517517,0.6355413794517517,0.0
3663,704ec3bca4991ae590f660e083725dda79ac71ff1cb46a5aa3306f205e57a2d5,0.6473213136196136,0.6473213136196136,0.0
3664,3b2190b792334c4cdccf6512e3c2b4af26192a20631af0d22f5653d764a00411,0.656080424785614,0.656080424785614,0.0
3665,2da0034cbbc150529eb06e9deb0a67cb8e9c70d44f10cfd41367c395a978ef2c,0.623818576335907,0.623818576335907,0.0
3666,7fabbd733e99be2d6a0d8954b800eff0af6bacbd1a4f6814b3f90fc6ba9c501e,0.53986856341362,0.53986856341362,0.0
3667,77c13a2d4d4b4dbf872dfecbd7c15dc35b3c145cc0e21db1bc0ee95dd02b786b,0.7091275155544281,0.7091275155544281,0.0
3668,512578dadc6da4cca4bea1f5c2c68c4f939ab778536ffcdd5d0000cfb0db6d92,0.7083530426025391,0.7083530426025391,0.0
3669,09c7196aa4de03f5991851e5d686b6cbf39b99b3b4ce65dd6a6a46e95f0a2234,0.6746698021888733,0.6746698021888733,0.0
3670,c332b4477012418567b64bfc26ab36b52ab70b11f511a6340cb9f0e66af55528,0.5733614563941956,0.5733614563941956,0.0
3671,4bd9131559b88e6de77b3edea50ba50314df3dd039868c5d7742a0597488dc0b,0.6454384326934814,0.6454384326934814,0.0
3672,b3da2779c64a6552232a5a3d14a4e5545ccee2592e317b00e24b1cf288a3435c,0.5194415152072906,0.5194415152072906,0.0
3673,b2d46b28c2bd7e531afbf2f933c367a98bba929e8abe03655d3b9cbf42b33bf1,0.7413493096828461,0.7413493096828461,0.0
3674,ea868d9f79a991f552371e70d1699d692579cf84c0a02fde65201c2744f67939,0.7239482402801514,0.7239482402801514,0.0
3675,4b128410da2b5a5995946fa808ec6af19721d5e6adc3cdecec1a288c5b3dc29d,0.5500437021255493,0.5500437021255493,0.0
3676,c1bc9f0998a905ee040e0030438cb0cf776654ad3659399c970cd955577989c5,0.4432389140129089,0.44323891401290894,5.551115123125783e-17
3677,b9337534642e6de7926c0e655b75d5ee3b11ca8b073d51c803363ba4dab7b480,0.4635007381439209,0.4635007381439209,0.0
3678,ed1992cbcb576aba3235985ab6a997f61c0881682d4720b683c8beb1a8e2750f,0.524536520242691,0.524536520242691,0.0
3679,536e1a4b9a36a11173a104b768264330081db2a88f3523be4b117c27edb02ad5,0.6490735113620758,0.6490735113620758,0.0
3680,894a5b4fefbbc27194a3900e9b76a8cbd6df4a60aaf04f29ba969a8d1311192a,0.5929625034332275,0.5929625034332275,0.0
3681,e7c208566d3d12cd2fcd47714a43f8e0dae1e98f5545eff40a221cb573b44556,0.5182533264160156,0.5182533264160156,0.0
3682,a95e383e9df673806cae5dee39eb098f43250d067abce74e69a64e3b95603a86,0.611908346414566,0.611908346414566,0.0
3683,89a27bb9a5db82d484d7ad53f515ba3970751aeddea3db62dac15bbe212dee60,0.6200948059558868,0.6200948059558868,0.0
3684,59b455a5c1c0cb808a63eb885db1b961815935b8c7cd1610c60c4d6f2e2928e0,0.5879085659980774,0.5879085659980774,0.0
3685,1f1323d46120a5191588295b51486c38d68f46c6499267fa1ec99178a29e22a2,0.6599501371383667,0.6599501371383667,0.0
3686,a687a92a45118c3c1ed5bb45e8e0eda8d2feaa0395425cc2dccb259b3aa4c848,0.6038898825645447,0.6038898825645447,0.0
3687,63f40b5e88b18c6c537bc39b24deb5592b7c529dda2f8bdf5a9d4564494479b2,0.6015981137752533,0.6015981137752533,0.0
3688,f57ec5b5203e3822190a359157b5e620be46826f1b770832987c5ec6a6cac148,0.5687628984451294,0.5687628984451294,0.0
3689,eb5cc6adfddc749621cae2e44fa8824fefec0212534f9e91fc5220bc27462aa4,0.6862029731273651,0.6862029731273651,0.0
3690,e44e4854e1bf9642aae663686a8bb98a7656fb3262a6e979a8d9515aad693fb1,0.6101349890232086,0.6101349890232086,0.0
3691,24cc7d76b134a80a7ff829e5eaf44ac696a516cb01088a06110fd378a84fec8d,0.5576176643371582,0.5576176643371582,0.0
3692,c5885f391247d5d06e1641fd5484fa3e1e5365a2ce0cede7a70539492720b916,0.6425194144248962,0.6425194144248962,0.0
3693,35c0698f7e4e8fe1461890d349c85263bc616bfde2f3ecda98e8090293c8a8fd,0.6287523806095123,0.6287523806095123,0.0
3694,3791993bf6def85b9f8f4d6aa39b3876fa511b999a1850dfbbaee98a72c974e0,0.5473960638046265,0.5473960638046265,0.0
3695,5c09c2a70263439cbe496d6b6d5b011a4be99885aba2361a37b1e8367c31c6ea,0.5589057803153992,0.5589057803153992,0.0
3696,34927ec357cfc5b2040fcda1cbf9c036d3647089f3c30cde78d554ca208dd8ba,0.5890529453754425,0.5890529453754425,0.0
3697,7f8db5a78ebb8d4a7dd65a1ace753d0aa670d5da0cba324aaaf4c8c1a5ddc33d,0.645328551530838,0.645328551530838,0.0
3698,f3061e4a2b4807ff408ff62ff84402561534695b9811ae272317d13109d4fef2,0.633631706237793,0.633631706237793,0.0
3699,9f74e7ee913c870f004016832ae06263d8d01d7020dd527cf99b38c14e2c5caf,0.595030665397644,0.595030665397644,0.0
3700,86508efa118b42983bc3b15bc3ebc519d13ac5acf88047867c63044a9e850cac,0.6373913586139679,0.6373913586139679,0.0
3701,16079ffd22cca44a648076f451d8029032f745515bd197ddaedf06a85fba132c,0.6530696749687195,0.6530696749687195,0.0
3702,d4299e6578fe42a45498f2b4e2776b02991df6a1eed266adc3d1c432544f4ded,0.6922619044780731,0.6922619044780731,0.0
3703,4859dd989a9f13506765e28945a4c2b19b0130b8b5596d980b11b508e68fdaac,0.599590003490448,0.599590003490448,0.0
3704,ef9a9e6d14878f074c2ce1db0ae4c71388173b706b8190c3a898a205d2352689,0.6188121140003204,0.6188121140003204,0.0
3705,d3a8180f26c0761d160a8af493fd66cb1489b3664e7e75ad57948633ec03cbd1,0.6049613356590271,0.6049613356590271,0.0
3706,9e8416247790bcb1f827f58bf54779ed7e016c6c2936755034bbd7c8688c6739,0.6310864090919495,0.6310864090919495,0.0
3707,9c9f6e36bb365271489bbd2df74363af5afe2d19fee08292ff7c3f553dc694b7,0.6516926288604736,0.6516926288604736,0.0
3708,3fcd5f872017d091c9b9b490cc6fd96bd4655244237ddbde1621f22d81de8c1c,0.5918194651603699,0.5918194651603699,0.0
3709,4797610c3691a82c86f5ea02d89117fc484f74008dfc63723c529494f16c5213,0.5109726190567017,0.5109726190567017,0.0
3710,4797610c3691a82c86f5ea02d89117fc484f74008dfc63723c529494f16c5213,0.5109726190567017,0.5109726190567017,0.0
3711,c7b4a0fbbcfc043fc2f53908831481916ea6b4770ff3d36c531ccd8ca6016728,0.5223684906959534,0.5223684906959534,0.0
3712,a7c63b697cde29f6713340568da69f8d78ee31809a417bf78298619572172fbb,0.5067550241947174,0.5067550241947174,0.0
3713,a7c63b697cde29f6713340568da69f8d78ee31809a417bf78298619572172fbb,0.5067550241947174,0.5067550241947174,0.0
3714,fb2070823160aa97beca211077c23e397cf596b711916c1b8e424035be32d643,0.529625654220581,0.529625654220581,0.0
3715,cc8d61f7e0251e43e5d8ca79af2cdda41cad6d99848fa626340daa80afa81c50,0.6083518266677856,0.6083518266677856,0.0
3716,cc8d61f7e0251e43e5d8ca79af2cdda41cad6d99848fa626340daa80afa81c50,0.6083518266677856,0.6083518266677856,0.0
3717,30b19549e4137be458318a670ff67dc92fe2ee414162c538fa4c69a631bc737a,0.5742993950843811,0.5742993950843811,0.0
3718,0cb8e96a4939b28f64bc0525c7f31c7594d773687938e97d2136e7d18b0adddc,0.6533255279064178,0.6533255279064178,0.0
3719,0cb8e96a4939b28f64bc0525c7f31c7594d773687938e97d2136e7d18b0adddc,0.6533255279064178,0.6533255279064178,0.0
3720,b63cb2795b68c2350fd2d99d46e89e302f3f2f3399c848c87b4e8dd1ffb9f916,0.7173836827278137,0.7173836827278137,0.0
3721,03828d4dbbfc37824e2949a90b43ce81d8fe9e925ad950ac22d2ed73444cde19,0.5903007388114929,0.5903007388114929,0.0
3722,03828d4dbbfc37824e2949a90b43ce81d8fe9e925ad950ac22d2ed73444cde19,0.5903007388114929,0.5903007388114929,0.0
3723,28fc0397973f7aa9ca3d30e435964d297308cd928a24503bc8de5de551f767b6,0.5767276585102081,0.5767276585102081,0.0
3724,42fe590e0119704ef2afbb26deab9d0e744f0015720f0ebce9232b83254cb7db,0.6553690135478973,0.6553690135478973,0.0
3725,42fe590e0119704ef2afbb26deab9d0e744f0015720f0ebce9232b83254cb7db,0.6553690135478973,0.6553690135478973,0.0
3726,e0deb9d1a20321478523aadd412355e0803fcd46e354eace7a1d66a90e0639ca,0.6344912648200989,0.6344912648200989,0.0
3727,ede62161e767eb8a128d8591d8f0822914246512f016b8485583df0c97dd9b5d,0.6355510950088501,0.6355510950088501,0.0
3728,ede62161e767eb8a128d8591d8f0822914246512f016b8485583df0c97dd9b5d,0.6355510950088501,0.6355510950088501,0.0
3729,2e42b88ce49d69819a27a089591344f998159dc89352f299fd5f0288c9e4181c,0.7572187930345535,0.7572187930345535,0.0
3730,8e273ddf30308e99e01a0bd0b1f4887b8c7efafe92e77689e9002a81004f6f71,0.7466147541999817,0.7466147541999817,0.0
3731,500118535eb5d717f5a28f7b6f80adb070184d1a65b3df746470d341e91b804f,0.7361962497234344,0.7361962497234344,0.0
3732,ef6c02f13ff6e39c0a1243d4113efe6be8c634cc517433a2e99e0781390ed3b5,0.6307750046253204,0.6307750046253204,0.0
3733,4ecd039db07c77a74d28e35ad555603fc8765596c1f10dd8d4582c78ed264fac,0.5119142234325409,0.5119142234325409,0.0
3734,d72ee3ea11359539bf314dc4df07175eaf2e91e454562574378d65547bf83924,0.5372750759124756,0.5372750759124756,0.0
3735,0b9d7dccf694f0e20b19cf68dd7edf1cae84a5abea7ac556d5963afa4635fa37,0.4545007944107055,0.45450079441070557,5.551115123125783e-17
3736,d4728a4abf96c2669e8b655f0bb1987b667c41e7762b2793507642b357b31eae,0.6418749988079071,0.6418749988079071,0.0
3737,65500c547e7af21eba89a9e18503248effe9dd47e1c0eba8ecc39af2b6d358b5,0.6341713666915894,0.6341713666915894,0.0
3738,579ae514a4944e898808737ddda56f62c28bea5f2022332e40229b494d1fe145,0.6232103109359741,0.6232103109359741,0.0
3739,e74fa4fe15a54221f2132437d3c2c1ab1b6bd1b8bd13d5f6b1e2a5fb1c06cb4c,0.5540738105773926,0.5540738105773926,0.0
3740,99325c9a1a0668e8a18d20455f3f6cdcb041be821b2b45440dddfbbade92c3d8,0.5256737768650055,0.5256737768650055,0.0
3741,1509c7a199bb4cb6712196cb2cbb2a127f29882be7c8068eed759a4d1936a8c0,0.552584171295166,0.552584171295166,0.0
3742,caece7f54666c5c22cc0177763f9e170449a1712414589ff01374768315d8d4a,0.53133824467659,0.53133824467659,0.0
3743,95ef990b36ce3e691f7f6cdd8cf50db2224840da3216b9934805836b6c501ffd,0.4863611459732055,0.48636114597320557,5.551115123125783e-17
3744,4bf947926f6acb7b3b42fdf9fed6d42dec910674a41f860886ec6bf7c0a1705c,0.5307970941066742,0.5307970941066742,0.0
3745,03fdfc2eed45255e9348959b70699c3afa1d9d53b9ba96f171577b4a272c1679,0.6311959326267242,0.6311959326267242,0.0
3746,a40e59bbde8fe952708649bf93ad919c0105c97c28bf9088dcf3435b92e2cf45,0.6291235387325287,0.6291235387325287,0.0
3747,df285a58cc5ec05d2ad9f98f9a45f0ac7ae1129fc4d82d9247ab7f80320ef970,0.5654527246952057,0.5654527246952057,0.0
3748,e329dd0d481bf33f9c5c835f22e68877dce702ecf8235aeb73736c1ee10b2dc3,0.6021875143051147,0.6021875143051147,0.0
3749,515311b3825d6735931cd9a4fd90610af39b693841b19a175048c838dbb72cf6,0.4949337244033813,0.49493372440338135,5.551115123125783e-17
3750,071790c0eab4308d8ff3536cf47bb554085c3fdfba3234205ea2687072bc7e58,0.5623862743377686,0.5623862743377686,0.0
3751,d3ce3cca4e406056b1e9a33b73589e674c8c473f0b23de73124049832a35b540,0.6481956839561462,0.6481956839561462,0.0
3752,b1e319d05abf4ca6706d34654ebd223fa13d20e7f46b3d1e126016f8ebe93d7f,0.6355413794517517,0.6355413794517517,0.0
3753,704ec3bca4991ae590f660e083725dda79ac71ff1cb46a5aa3306f205e57a2d5,0.6473213136196136,0.6473213136196136,0.0
3754,3b2190b792334c4cdccf6512e3c2b4af26192a20631af0d22f5653d764a00411,0.656080424785614,0.656080424785614,0.0
3755,2da0034cbbc150529eb06e9deb0a67cb8e9c70d44f10cfd41367c395a978ef2c,0.623818576335907,0.623818576335907,0.0
3756,7fabbd733e99be2d6a0d8954b800eff0af6bacbd1a4f6814b3f90fc6ba9c501e,0.53986856341362,0.53986856341362,0.0
3757,77c13a2d4d4b4dbf872dfecbd7c15dc35b3c145cc0e21db1bc0ee95dd02b786b,0.7091275155544281,0.7091275155544281,0.0
3758,512578dadc6da4cca4bea1f5c2c68c4f939ab778536ffcdd5d0000cfb0db6d92,0.7083530426025391,0.7083530426025391,0.0
3759,09c7196aa4de03f5991851e5d686b6cbf39b99b3b4ce65dd6a6a46e95f0a2234,0.6746698021888733,0.6746698021888733,0.0
3760,c332b4477012418567b64bfc26ab36b52ab70b11f511a6340cb9f0e66af55528,0.5733614563941956,0.5733614563941956,0.0
3761,4bd9131559b88e6de77b3edea50ba50314df3dd039868c5d7742a0597488dc0b,0.6454384326934814,0.6454384326934814,0.0
3762,b3da2779c64a6552232a5a3d14a4e5545ccee2592e317b00e24b1cf288a3435c,0.5194415152072906,0.5194415152072906,0.0
3763,b2d46b28c2bd7e531afbf2f933c367a98bba929e8abe03655d3b9cbf42b33bf1,0.7413493096828461,0.7413493096828461,0.0
3764,ea868d9f79a991f552371e70d1699d692579cf84c0a02fde65201c2744f67939,0.7239482402801514,0.7239482402801514,0.0
3765,4b128410da2b5a5995946fa808ec6af19721d5e6adc3cdecec1a288c5b3dc29d,0.5500437021255493,0.5500437021255493,0.0
3766,c1bc9f0998a905ee040e0030438cb0cf776654ad3659399c970cd955577989c5,0.4432389140129089,0.44323891401290894,5.551115123125783e-17
3767,b9337534642e6de7926c0e655b75d5ee3b11ca8b073d51c803363ba4dab7b480,0.4635007381439209,0.4635007381439209,0.0
3768,ed1992cbcb576aba3235985ab6a997f61c0881682d4720b683c8beb1a8e2750f,0.524536520242691,0.524536520242691,0.0
3769,536e1a4b9a36a11173a104b768264330081db2a88f3523be4b117c27edb02ad5,0.6490735113620758,0.6490735113620758,0.0
3770,894a5b4fefbbc27194a3900e9b76a8cbd6df4a60aaf04f29ba969a8d1311192a,0.5929625034332275,0.5929625034332275,0.0
3771,e7c208566d3d12cd2fcd47714a43f8e0dae1e98f5545eff40a221cb573b44556,0.5182533264160156,0.5182533264160156,0.0
3772,a95e383e9df673806cae5dee39eb098f43250d067abce74e69a64e3b95603a86,0.611908346414566,0.611908346414566,0.0
3773,89a27bb9a5db82d484d7ad53f515ba3970751aeddea3db62dac15bbe212dee60,0.6200948059558868,0.6200948059558868,0.0
3774,59b455a5c1c0cb808a63eb885db1b961815935b8c7cd1610c60c4d6f2e2928e0,0.5879085659980774,0.5879085659980774,0.0
3775,1f1323d46120a5191588295b51486c38d68f46c6499267fa1ec99178a29e22a2,0.6599501371383667,0.6599501371383667,0.0
3776,a687a92a45118c3c1ed5bb45e8e0eda8d2feaa0395425cc2dccb259b3aa4c848,0.6038898825645447,0.6038898825645447,0.0
3777,63f40b5e88b18c6c537bc39b24deb5592b7c529dda2f8bdf5a9d4564494479b2,0.6015981137752533,0.6015981137752533,0.0
3778,f57ec5b5203e3822190a359157b5e620be46826f1b770832987c5ec6a6cac148,0.5687628984451294,0.5687628984451294,0.0
3779,eb5cc6adfddc749621cae2e44fa8824fefec0212534f9e91fc5220bc27462aa4,0.6862029731273651,0.6862029731273651,0.0
3780,e44e4854e1bf9642aae663686a8bb98a7656fb3262a6e979a8d9515aad693fb1,0.6101349890232086,0.6101349890232086,0.0
3781,24cc7d76b134a80a7ff829e5eaf44ac696a516cb01088a06110fd378a84fec8d,0.5576176643371582,0.5576176643371582,0.0
3782,c5885f391247d5d06e1641fd5484fa3e1e5365a2ce0cede7a70539492720b916,0.6425194144248962,0.6425194144248962,0.0
3783,35c0698f7e4e8fe1461890d349c85263bc616bfde2f3ecda98e8090293c8a8fd,0.6287523806095123,0.6287523806095123,0.0
3784,3791993bf6def85b9f8f4d6aa39b3876fa511b999a1850dfbbaee98a72c974e0,0.5473960638046265,0.5473960638046265,0.0
3785,5c09c2a70263439cbe496d6b6d5b011a4be99885aba2361a37b1e8367c31c6ea,0.5589057803153992,0.5589057803153992,0.0
3786,34927ec357cfc5b2040fcda1cbf9c036d3647089f3c30cde78d554ca208dd8ba,0.5890529453754425,0.5890529453754425,0.0
3787,7f8db5a78ebb8d4a7dd65a1ace753d0aa670d5da0cba324aaaf4c8c1a5ddc33d,0.645328551530838,0.645328551530838,0.0
3788,f3061e4a2b4807ff408ff62ff84402561534695b9811ae272317d13109d4fef2,0.633631706237793,0.633631706237793,0.0
3789,9f74e7ee913c870f004016832ae06263d8d01d7020dd527cf99b38c14e2c5caf,0.595030665397644,0.595030665397644,0.0
3790,86508efa118b42983bc3b15bc3ebc519d13ac5acf88047867c63044a9e850cac,0.6373913586139679,0.6373913586139679,0.0
3791,16079ffd22cca44a648076f451d8029032f745515bd197ddaedf06a85fba132c,0.6530696749687195,0.6530696749687195,0.0
3792,d4299e6578fe42a45498f2b4e2776b02991df6a1eed266adc3d1c432544f4ded,0.6922619044780731,0.6922619044780731,0.0
3793,4859dd989a9f13506765e28945a4c2b19b0130b8b5596d980b11b508e68fdaac,0.599590003490448,0.599590003490448,0.0
3794,ef9a9e6d14878f074c2ce1db0ae4c71388173b706b8190c3a898a205d2352689,0.6188121140003204,0.6188121140003204,0.0
3795,d3a8180f26c0761d160a8af493fd66cb1489b3664e7e75ad57948633ec03cbd1,0.6049613356590271,0.6049613356590271,0.0
3796,9e8416247790bcb1f827f58bf54779ed7e016c6c2936755034bbd7c8688c6739,0.6310864090919495,0.6310864090919495,0.0
3797,9c9f6e36bb365271489bbd2df74363af5afe2d19fee08292ff7c3f553dc694b7,0.6516926288604736,0.6516926288604736,0.0
3798,3fcd5f872017d091c9b9b490cc6fd96bd4655244237ddbde1621f22d81de8c1c,0.5918194651603699,0.5918194651603699,0.0
3799,4797610c3691a82c86f5ea02d89117fc484f74008dfc63723c529494f16c5213,0.5109726190567017,0.5109726190567017,0.0
3800,4797610c3691a82c86f5ea02d89117fc484f74008dfc63723c529494f16c5213,0.5109726190567017,0.5109726190567017,0.0
3801,c7b4a0fbbcfc043fc2f53908831481916ea6b4770ff3d36c531ccd8ca6016728,0.5223684906959534,0.5223684906959534,0.0
3802,a7c63b697cde29f6713340568da69f8d78ee31809a417bf78298619572172fbb,0.5067550241947174,0.5067550241947174,0.0
3803,a7c63b697cde29f6713340568da69f8d78ee31809a417bf78298619572172fbb,0.5067550241947174,0.5067550241947174,0.0
3804,fb2070823160aa97beca211077c23e397cf596b711916c1b8e424035be32d643,0.529625654220581,0.529625654220581,0.0
3805,cc8d61f7e0251e43e5d8ca79af2cdda41cad6d99848fa626340daa80afa81c50,0.6083518266677856,0.6083518266677856,0.0
3806,cc8d61f7e0251e43e5d8ca79af2cdda41cad6d99848fa626340daa80afa81c50,0.6083518266677856,0.6083518266677856,0.0
3807,30b19549e4137be458318a670ff67dc92fe2ee414162c538fa4c69a631bc737a,0.5742993950843811,0.5742993950843811,0.0
3808,0cb8e96a4939b28f64bc0525c7f31c7594d773687938e97d2136e7d18b0adddc,0.6533255279064178,0.6533255279064178,0.0
3809,0cb8e96a4939b28f64bc0525c7f31c7594d773687938e97d2136e7d18b0adddc,0.6533255279064178,0.6533255279064178,0.0
3810,b63cb2795b68c2350fd2d99d46e89e302f3f2f3399c848c87b4e8dd1ffb9f916,0.7173836827278137,0.7173836827278137,0.0
3811,03828d4dbbfc37824e2949a90b43ce81d8fe9e925ad950ac22d2ed73444cde19,0.5903007388114929,0.5903007388114929,0.0
3812,03828d4dbbfc37824e2949a90b43ce81d8fe9e925ad950ac22d2ed73444cde19,0.5903007388114929,0.5903007388114929,0.0
3813,28fc0397973f7aa9ca3d30e435964d297308cd928a24503bc8de5de551f767b6,0.5767276585102081,0.5767276585102081,0.0
3814,42fe590e0119704ef2afbb26deab9d0e744f0015720f0ebce9232b83254cb7db,0.6553690135478973,0.6553690135478973,0.0
3815,42fe590e0119704ef2afbb26deab9d0e744f0015720f0ebce9232b83254cb7db,0.6553690135478973,0.6553690135478973,0.0
3816,e0deb9d1a20321478523aadd412355e0803fcd46e354eace7a1d66a90e0639ca,0.6344912648200989,0.6344912648200989,0.0
3817,ede62161e767eb8a128d8591d8f0822914246512f016b8485583df0c97dd9b5d,0.6355510950088501,0.6355510950088501,0.0
3818,ede62161e767eb8a128d8591d8f0822914246512f016b8485583df0c97dd9b5d,0.6355510950088501,0.6355510950088501,0.0
3819,2e42b88ce49d69819a27a089591344f998159dc89352f299fd5f0288c9e4181c,0.7572187930345535,0.7572187930345535,0.0
3820,8e273ddf30308e99e01a0bd0b1f4887b8c7efafe92e77689e9002a81004f6f71,0.7466147541999817,0.7466147541999817,0.0
3821,500118535eb5d717f5a28f7b6f80adb070184d1a65b3df746470d341e91b804f,0.7361962497234344,0.7361962497234344,0.0
3822,ef6c02f13ff6e39c0a1243d4113efe6be8c634cc517433a2e99e0781390ed3b5,0.6307750046253204,0.6307750046253204,0.0
3823,4ecd039db07c77a74d28e35ad555603fc8765596c1f10dd8d4582c78ed264fac,0.5119142234325409,0.5119142234325409,0.0
3824,d72ee3ea11359539bf314dc4df07175eaf2e91e454562574378d65547bf83924,0.5372750759124756,0.5372750759124756,0.0
3825,0b9d7dccf694f0e20b19cf68dd7edf1cae84a5abea7ac556d5963afa4635fa37,0.4545007944107055,0.45450079441070557,5.551115123125783e-17
3826,d4728a4abf96c2669e8b655f0bb1987b667c41e7762b2793507642b357b31eae,0.6418749988079071,0.6418749988079071,0.0
3827,65500c547e7af21eba89a9e18503248effe9dd47e1c0eba8ecc39af2b6d358b5,0.6341713666915894,0.6341713666915894,0.0
3828,579ae514a4944e898808737ddda56f62c28bea5f2022332e40229b494d1fe145,0.6232103109359741,0.6232103109359741,0.0
3829,e74fa4fe15a54221f2132437d3c2c1ab1b6bd1b8bd13d5f6b1e2a5fb1c06cb4c,0.5540738105773926,0.5540738105773926,0.0
3830,99325c9a1a0668e8a18d20455f3f6cdcb041be821b2b45440dddfbbade92c3d8,0.5256737768650055,0.5256737768650055,0.0
3831,1509c7a199bb4cb6712196cb2cbb2a127f29882be7c8068eed759a4d1936a8c0,0.552584171295166,0.552584171295166,0.0
3832,caece7f54666c5c22cc0177763f9e170449a1712414589ff01374768315d8d4a,0.53133824467659,0.53133824467659,0.0
3833,95ef990b36ce3e691f7f6cdd8cf50db2224840da3216b9934805836b6c501ffd,0.4863611459732055,0.48636114597320557,5.551115123125783e-17
3834,4bf947926f6acb7b3b42fdf9fed6d42dec910674a41f860886ec6bf7c0a1705c,0.5307970941066742,0.5307970941066742,0.0
3835,03fdfc2eed45255e9348959b70699c3afa1d9d53b9ba96f171577b4a272c1679,0.6311959326267242,0.6311959326267242,0.0
3836,a40e59bbde8fe952708649bf93ad919c0105c97c28bf9088dcf3435b92e2cf45,0.6291235387325287,0.6291235387325287,0.0
3837,df285a58cc5ec05d2ad9f98f9a45f0ac7ae1129fc4d82d9247ab7f80320ef970,0.5654527246952057,0.5654527246952057,0.0
3838,e329dd0d481bf33f9c5c835f22e68877dce702ecf8235aeb73736c1ee10b2dc3,0.6021875143051147,0.6021875143051147,0.0
3839,515311b3825d6735931cd9a4fd90610af39b693841b19a175048c838dbb72cf6,0.4949337244033813,0.49493372440338135,5.551115123125783e-17
3840,071790c0eab4308d8ff3536cf47bb554085c3fdfba3234205ea2687072bc7e58,0.5623862743377686,0.5623862743377686,0.0
3841,d3ce3cca4e406056b1e9a33b73589e674c8c473f0b23de73124049832a35b540,0.6481956839561462,0.6481956839561462,0.0
3842,b1e319d05abf4ca6706d34654ebd223fa13d20e7f46b3d1e126016f8ebe93d7f,0.6355413794517517,0.6355413794517517,0.0
3843,704ec3bca4991ae590f660e083725dda79ac71ff1cb46a5aa3306f205e57a2d5,0.6473213136196136,0.6473213136196136,0.0
3844,3b2190b792334c4cdccf6512e3c2b4af26192a20631af0d22f5653d764a00411,0.656080424785614,0.656080424785614,0.0
3845,2da0034cbbc150529eb06e9deb0a67cb8e9c70d44f10cfd41367c395a978ef2c,0.623818576335907,0.623818576335907,0.0
3846,7fabbd733e99be2d6a0d8954b800eff0af6bacbd1a4f6814b3f90fc6ba9c501e,0.53986856341362,0.53986856341362,0.0
3847,77c13a2d4d4b4dbf872dfecbd7c15dc35b3c145cc0e21db1bc0ee95dd02b786b,0.7091275155544281,0.7091275155544281,0.0
3848,512578dadc6da4cca4bea1f5c2c68c4f939ab778536ffcdd5d0000cfb0db6d92,0.7083530426025391,0.7083530426025391,0.0
3849,09c7196aa4de03f5991851e5d686b6cbf39b99b3b4ce65dd6a6a46e95f0a2234,0.6746698021888733,0.6746698021888733,0.0
3850,c332b4477012418567b64bfc26ab36b52ab70b11f511a6340cb9f0e66af55528,0.5733614563941956,0.5733614563941956,0.0
3851,4bd9131559b88e6de77b3edea50ba50314df3dd039868c5d7742a0597488dc0b,0.6454384326934814,0.6454384326934814,0.0
3852,b3da2779c64a6552232a5a3d14a4e5545ccee2592e317b00e24b1cf288a3435c,0.5194415152072906,0.5194415152072906,0.0
3853,b2d46b28c2bd7e531afbf2f933c367a98bba929e8abe03655d3b9cbf42b33bf1,0.7413493096828461,0.7413493096828461,0.0
3854,ea868d9f79a991f552371e70d1699d692579cf84c0a02fde65201c2744f67939,0.7239482402801514,0.7239482402801514,0.0
3855,4b128410da2b5a5995946fa808ec6af19721d5e6adc3cdecec1a288c5b3dc29d,0.5500437021255493,0.5500437021255493,0.0
3856,c1bc9f0998a905ee040e0030438cb0cf776654ad3659399c970cd955577989c5,0.4432389140129089,0.44323891401290894,5.551115123125783e-17
3857,b9337534642e6de7926c0e655b75d5ee3b11ca8b073d51c803363ba4dab7b480,0.4635007381439209,0.4635007381439209,0.0
3858,ed1992cbcb576aba3235985ab6a997f61c0881682d4720b683c8beb1a8e2750f,0.524536520242691,0.524536520242691,0.0
3859,536e1a4b9a36a11173a104b768264330081db2a88f3523be4b117c27edb02ad5,0.6490735113620758,0.6490735113620758,0.0
3860,894a5b4fefbbc27194a3900e9b76a8cbd6df4a60aaf04f29ba969a8d1311192a,0.5929625034332275,0.5929625034332275,0.0
3861,e7c208566d3d12cd2fcd47714a43f8e0dae1e98f5545eff40a221cb573b44556,0.5182533264160156,0.5182533264160156,0.0
3862,a95e383e9df673806cae5dee39eb098f43250d067abce74e69a64e3b95603a86,0.611908346414566,0.611908346414566,0.0
3863,89a27bb9a5db82d484d7ad53f515ba3970751aeddea3db62dac15bbe212dee60,0.6200948059558868,0.6200948059558868,0.0
3864,59b455a5c1c0cb808a63eb885db1b961815935b8c7cd1610c60c4d6f2e2928e0,0.5879085659980774,0.5879085659980774,0.0
3865,1f1323d46120a5191588295b51486c38d68f46c6499267fa1ec99178a29e22a2,0.6599501371383667,0.6599501371383667,0.0
3866,a687a92a45118c3c1ed5bb45e8e0eda8d2feaa0395425cc2dccb259b3aa4c848,0.6038898825645447,0.6038898825645447,0.0
3867,63f40b5e88b18c6c537bc39b24deb5592b7c529dda2f8bdf5a9d4564494479b2,0.6015981137752533,0.6015981137752533,0.0
3868,f57ec5b5203e3822190a359157b5e620be46826f1b770832987c5ec6a6cac148,0.5687628984451294,0.5687628984451294,0.0
3869,eb5cc6adfddc749621cae2e44fa8824fefec0212534f9e91fc5220bc27462aa4,0.6862029731273651,0.6862029731273651,0.0
3870,e44e4854e1bf9642aae663686a8bb98a7656fb3262a6e979a8d9515aad693fb1,0.6101349890232086,0.6101349890232086,0.0
3871,24cc7d76b134a80a7ff829e5eaf44ac696a516cb01088a06110fd378a84fec8d,0.5576176643371582,0.5576176643371582,0.0
3872,c5885f391247d5d06e1641fd5484fa3e1e5365a2ce0cede7a70539492720b916,0.6425194144248962,0.6425194144248962,0.0
3873,35c0698f7e4e8fe1461890d349c85263bc616bfde2f3ecda98e8090293c8a8fd,0.6287523806095123,0.6287523806095123,0.0
3874,3791993bf6def85b9f8f4d6aa39b3876fa511b999a1850dfbbaee98a72c974e0,0.5473960638046265,0.5473960638046265,0.0
3875,5c09c2a70263439cbe496d6b6d5b011a4be99885aba2361a37b1e8367c31c6ea,0.5589057803153992,0.5589057803153992,0.0
3876,34927ec357cfc5b2040fcda1cbf9c036d3647089f3c30cde78d554ca208dd8ba,0.5890529453754425,0.5890529453754425,0.0
3877,7f8db5a78ebb8d4a7dd65a1ace753d0aa670d5da0cba324aaaf4c8c1a5ddc33d,0.645328551530838,0.645328551530838,0.0
3878,f3061e4a2b4807ff408ff62ff84402561534695b9811ae272317d13109d4fef2,0.633631706237793,0.633631706237793,0.0
3879,9f74e7ee913c870f004016832ae06263d8d01d7020dd527cf99b38c14e2c5caf,0.595030665397644,0.595030665397644,0.0
3880,86508efa118b42983bc3b15bc3ebc519d13ac5acf88047867c63044a9e850cac,0.6373913586139679,0.6373913586139679,0.0
3881,16079ffd22cca44a648076f451d8029032f745515bd197ddaedf06a85fba132c,0.6530696749687195,0.6530696749687195,0.0
3882,d4299e6578fe42a45498f2b4e2776b02991df6a1eed266adc3d1c432544f4ded,0.6922619044780731,0.6922619044780731,0.0
3883,4859dd989a9f13506765e28945a4c2b19b0130b8b5596d980b11b508e68fdaac,0.599590003490448,0.599590003490448,0.0
3884,ef9a9e6d14878f074c2ce1db0ae4c71388173b706b8190c3a898a205d2352689,0.6188121140003204,0.6188121140003204,0.0
3885,d3a8180f26c0761d160a8af493fd66cb1489b3664e7e75ad57948633ec03cbd1,0.6049613356590271,0.6049613356590271,0.0
3886,9e8416247790bcb1f827f58bf54779ed7e016c6c2936755034bbd7c8688c6739,0.6310864090919495,0.6310864090919495,0.0
3887,9c9f6e36bb365271489bbd2df74363af5afe2d19fee08292ff7c3f553dc694b7,0.6516926288604736,0.6516926288604736,0.0
3888,3fcd5f872017d091c9b9b490cc6fd96bd4655244237ddbde1621f22d81de8c1c,0.5918194651603699,0.5918194651603699,0.0
3889,4797610c3691a82c86f5ea02d89117fc484f74008dfc63723c529494f16c5213,0.5109726190567017,0.5109726190567017,0.0
3890,4797610c3691a82c86f5ea02d89117fc484f74008dfc63723c529494f16c5213,0.5109726190567017,0.5109726190567017,0.0
3891,c7b4a0fbbcfc043fc2f53908831481916ea6b4770ff3d36c531ccd8ca6016728,0.5223684906959534,0.5223684906959534,0.0
3892,a7c63b697cde29f6713340568da69f8d78ee31809a417bf78298619572172fbb,0.5067550241947174,0.5067550241947174,0.0
3893,a7c63b697cde29f6713340568da69f8d78ee31809a417bf78298619572172fbb,0.5067550241947174,0.5067550241947174,0.0
3894,fb2070823160aa97beca211077c23e397cf596b711916c1b8e424035be32d643,0.529625654220581,0.529625654220581,0.0
3895,cc8d61f7e0251e43e5d8ca79af2cdda41cad6d99848fa626340daa80afa81c50,0.6083518266677856,0.6083518266677856,0.0
3896,cc8d61f7e0251e43e5d8ca79af2cdda41cad6d99848fa626340daa80afa81c50,0.6083518266677856,0.6083518266677856,0.0
3897,30b19549e4137be458318a670ff67dc92fe2ee414162c538fa4c69a631bc737a,0.5742993950843811,0.5742993950843811,0.0
3898,0cb8e96a4939b28f64bc0525c7f31c7594d773687938e97d2136e7d18b0adddc,0.6533255279064178,0.6533255279064178,0.0
3899,0cb8e96a4939b28f64bc0525c7f31c7594d773687938e97d2136e7d18b0adddc,0.6533255279064178,0.6533255279064178,0.0
3900,b63cb2795b68c2350fd2d99d46e89e302f3f2f3399c848c87b4e8dd1ffb9f916,0.7173836827278137,0.7173836827278137,0.0
3901,03828d4dbbfc37824e2949a90b43ce81d8fe9e925ad950ac22d2ed73444cde19,0.5903007388114929,0.5903007388114929,0.0
3902,03828d4dbbfc37824e2949a90b43ce81d8fe9e925ad950ac22d2ed73444cde19,0.5903007388114929,0.5903007388114929,0.0
3903,28fc0397973f7aa9ca3d30e435964d297308cd928a24503bc8de5de551f767b6,0.5767276585102081,0.5767276585102081,0.0
3904,42fe590e0119704ef2afbb26deab9d0e744f0015720f0ebce9232b83254cb7db,0.6553690135478973,0.6553690135478973,0.0
3905,42fe590e0119704ef2afbb26deab9d0e744f0015720f0ebce9232b83254cb7db,0.6553690135478973,0.6553690135478973,0.0
3906,e0deb9d1a20321478523aadd412355e0803fcd46e354eace7a1d66a90e0639ca,0.6344912648200989,0.6344912648200989,0.0
3907,ede62161e767eb8a128d8591d8f0822914246512f016b8485583df0c97dd9b5d,0.6355510950088501,0.6355510950088501,0.0
3908,ede62161e767eb8a128d8591d8f0822914246512f016b8485583df0c97dd9b5d,0.6355510950088501,0.6355510950088501,0.0
3909,2e42b88ce49d69819a27a089591344f998159dc89352f299fd5f0288c9e4181c,0.7572187930345535,0.7572187930345535,0.0
3910,8e273ddf30308e99e01a0bd0b1f4887b8c7efafe92e77689e9002a81004f6f71,0.7466147541999817,0.7466147541999817,0.0
3911,500118535eb5d717f5a28f7b6f80adb070184d1a65b3df746470d341e91b804f,0.7361962497234344,0.7361962497234344,0.0
3912,ef6c02f13ff6e39c0a1243d4113efe6be8c634cc517433a2e99e0781390ed3b5,0.6307750046253204,0.6307750046253204,0.0
3913,4ecd039db07c77a74d28e35ad555603fc8765596c1f10dd8d4582c78ed264fac,0.5119142234325409,0.5119142234325409,0.0
3914,d72ee3ea11359539bf314dc4df07175eaf2e91e454562574378d65547bf83924,0.5372750759124756,0.5372750759124756,0.0
3915,0b9d7dccf694f0e20b19cf68dd7edf1cae84a5abea7ac556d5963afa4635fa37,0.4545007944107055,0.45450079441070557,5.551115123125783e-17
3916,d4728a4abf96c2669e8b655f0bb1987b667c41e7762b2793507642b357b31eae,0.6418749988079071,0.6418749988079071,0.0
3917,65500c547e7af21eba89a9e18503248effe9dd47e1c0eba8ecc39af2b6d358b5,0.6341713666915894,0.6341713666915894,0.0
3918,579ae514a4944e898808737ddda56f62c28bea5f2022332e40229b494d1fe145,0.6232103109359741,0.6232103109359741,0.0
3919,e74fa4fe15a54221f2132437d3c2c1ab1b6bd1b8bd13d5f6b1e2a5fb1c06cb4c,0.5540738105773926,0.5540738105773926,0.0
3920,99325c9a1a0668e8a18d20455f3f6cdcb041be821b2b45440dddfbbade92c3d8,0.5256737768650055,0.5256737768650055,0.0
3921,1509c7a199bb4cb6712196cb2cbb2a127f29882be7c8068eed759a4d1936a8c0,0.552584171295166,0.552584171295166,0.0
3922,caece7f54666c5c22cc0177763f9e170449a1712414589ff01374768315d8d4a,0.53133824467659,0.53133824467659,0.0
3923,95ef990b36ce3e691f7f6cdd8cf50db2224840da3216b9934805836b6c501ffd,0.4863611459732055,0.48636114597320557,5.551115123125783e-17
3924,4bf947926f6acb7b3b42fdf9fed6d42dec910674a41f860886ec6bf7c0a1705c,0.5307970941066742,0.5307970941066742,0.0
3925,03fdfc2eed45255e9348959b70699c3afa1d9d53b9ba96f171577b4a272c1679,0.6311959326267242,0.6311959326267242,0.0
3926,a40e59bbde8fe952708649bf93ad919c0105c97c28bf9088dcf3435b92e2cf45,0.6291235387325287,0.6291235387325287,0.0
3927,df285a58cc5ec05d2ad9f98f9a45f0ac7ae1129fc4d82d9247ab7f80320ef970,0.5654527246952057,0.5654527246952057,0.0
3928,e329dd0d481bf33f9c5c835f22e68877dce702ecf8235aeb73736c1ee10b2dc3,0.6021875143051147,0.6021875143051147,0.0
3929,515311b3825d6735931cd9a4fd90610af39b693841b19a175048c838dbb72cf6,0.4949337244033813,0.49493372440338135,5.551115123125783e-17
3930,071790c0eab4308d8ff3536cf47bb554085c3fdfba3234205ea2687072bc7e58,0.5623862743377686,0.5623862743377686,0.0
3931,d3ce3cca4e406056b1e9a33b73589e674c8c473f0b23de73124049832a35b540,0.6481956839561462,0.6481956839561462,0.0
3932,b1e319d05abf4ca6706d34654ebd223fa13d20e7f46b3d1e126016f8ebe93d7f,0.6355413794517517,0.6355413794517517,0.0
3933,704ec3bca4991ae590f660e083725dda79ac71ff1cb46a5aa3306f205e57a2d5,0.6473213136196136,0.6473213136196136,0.0
3934,3b2190b792334c4cdccf6512e3c2b4af26192a20631af0d22f5653d764a00411,0.656080424785614,0.656080424785614,0.0
3935,2da0034cbbc150529eb06e9deb0a67cb8e9c70d44f10cfd41367c395a978ef2c,0.623818576335907,0.623818576335907,0.0
3936,7fabbd733e99be2d6a0d8954b800eff0af6bacbd1a4f6814b3f90fc6ba9c501e,0.53986856341362,0.53986856341362,0.0
3937,77c13a2d4d4b4dbf872dfecbd7c15dc35b3c145cc0e21db1bc0ee95dd02b786b,0.7091275155544281,0.7091275155544281,0.0
3938,512578dadc6da4cca4bea1f5c2c68c4f939ab778536ffcdd5d0000cfb0db6d92,0.7083530426025391,0.7083530426025391,0.0
3939,09c7196aa4de03f5991851e5d686b6cbf39b99b3b4ce65dd6a6a46e95f0a2234,0.6746698021888733,0.6746698021888733,0.0
3940,c332b4477012418567b64bfc26ab36b52ab70b11f511a6340cb9f0e66af55528,0.5733614563941956,0.5733614563941956,0.0
3941,4bd9131559b88e6de77b3edea50ba50314df3dd039868c5d7742a0597488dc0b,0.6454384326934814,0.6454384326934814,0.0
3942,b3da2779c64a6552232a5a3d14a4e5545ccee2592e317b00e24b1cf288a3435c,0.5194415152072906,0.5194415152072906,0.0
3943,b2d46b28c2bd7e531afbf2f933c367a98bba929e8abe03655d3b9cbf42b33bf1,0.7413493096828461,0.7413493096828461,0.0
3944,ea868d9f79a991f552371e70d1699d692579cf84c0a02fde65201c2744f67939,0.7239482402801514,0.7239482402801514,0.0
3945,4b128410da2b5a5995946fa808ec6af19721d5e6adc3cdecec1a288c5b3dc29d,0.5500437021255493,0.5500437021255493,0.0
3946,c1bc9f0998a905ee040e0030438cb0cf776654ad3659399c970cd955577989c5,0.4432389140129089,0.44323891401290894,5.551115123125783e-17
3947,b9337534642e6de7926c0e655b75d5ee3b11ca8b073d51c803363ba4dab7b480,0.4635007381439209,0.4635007381439209,0.0
3948,ed1992cbcb576aba3235985ab6a997f61c0881682d4720b683c8beb1a8e2750f,0.524536520242691,0.524536520242691,0.0
3949,536e1a4b9a36a11173a104b768264330081db2a88f3523be4b117c27edb02ad5,0.6490735113620758,0.6490735113620758,0.0
3950,894a5b4fefbbc27194a3900e9b76a8cbd6df4a60aaf04f29ba969a8d1311192a,0.5929625034332275,0.5929625034332275,0.0
3951,e7c208566d3d12cd2fcd47714a43f8e0dae1e98f5545eff40a221cb573b44556,0.5182533264160156,0.5182533264160156,0.0
3952,a95e383e9df673806cae5dee39eb098f43250d067abce74e69a64e3b95603a86,0.611908346414566,0.611908346414566,0.0
3953,89a27bb9a5db82d484d7ad53f515ba3970751aeddea3db62dac15bbe212dee60,0.6200948059558868,0.6200948059558868,0.0
3954,59b455a5c1c0cb808a63eb885db1b961815935b8c7cd1610c60c4d6f2e2928e0,0.5879085659980774,0.5879085659980774,0.0
3955,1f1323d46120a5191588295b51486c38d68f46c6499267fa1ec99178a29e22a2,0.6599501371383667,0.6599501371383667,0.0
3956,a687a92a45118c3c1ed5bb45e8e0eda8d2feaa0395425cc2dccb259b3aa4c848,0.6038898825645447,0.6038898825645447,0.0
3957,63f40b5e88b18c6c537bc39b24deb5592b7c529dda2f8bdf5a9d4564494479b2,0.6015981137752533,0.6015981137752533,0.0
3958,f57ec5b5203e3822190a359157b5e620be46826f1b770832987c5ec6a6cac148,0.5687628984451294,0.5687628984451294,0.0
3959,eb5cc6adfddc749621cae2e44fa8824fefec0212534f9e91fc5220bc27462aa4,0.6862029731273651,0.6862029731273651,0.0
3960,e44e4854e1bf9642aae663686a8bb98a7656fb3262a6e979a8d9515aad693fb1,0.6101349890232086,0.6101349890232086,0.0
3961,24cc7d76b134a80a7ff829e5eaf44ac696a516cb01088a06110fd378a84fec8d,0.5576176643371582,0.5576176643371582,0.0
3962,c5885f391247d5d06e1641fd5484fa3e1e5365a2ce0cede7a70539492720b916,0.6425194144248962,0.6425194144248962,0.0
3963,35c0698f7e4e8fe1461890d349c85263bc616bfde2f3ecda98e8090293c8a8fd,0.6287523806095123,0.6287523806095123,0.0
3964,3791993bf6def85b9f8f4d6aa39b3876fa511b999a1850dfbbaee98a72c974e0,0.5473960638046265,0.5473960638046265,0.0
3965,5c09c2a70263439cbe496d6b6d5b011a4be99885aba2361a37b1e8367c31c6ea,0.5589057803153992,0.5589057803153992,0.0
3966,34927ec357cfc5b2040fcda1cbf9c036d3647089f3c30cde78d554ca208dd8ba,0.5890529453754425,0.5890529453754425,0.0
3967,7f8db5a78ebb8d4a7dd65a1ace753d0aa670d5da0cba324aaaf4c8c1a5ddc33d,0.645328551530838,0.645328551530838,0.0
3968,f3061e4a2b4807ff408ff62ff84402561534695b9811ae272317d13109d4fef2,0.633631706237793,0.633631706237793,0.0
3969,9f74e7ee913c870f004016832ae06263d8d01d7020dd527cf99b38c14e2c5caf,0.595030665397644,0.595030665397644,0.0
3970,86508efa118b42983bc3b15bc3ebc519d13ac5acf88047867c63044a9e850cac,0.6373913586139679,0.6373913586139679,0.0
3971,16079ffd22cca44a648076f451d8029032f745515bd197ddaedf06a85fba132c,0.6530696749687195,0.6530696749687195,0.0
3972,d4299e6578fe42a45498f2b4e2776b02991df6a1eed266adc3d1c432544f4ded,0.6922619044780731,0.6922619044780731,0.0
3973,4859dd989a9f13506765e28945a4c2b19b0130b8b5596d980b11b508e68fdaac,0.599590003490448,0.599590003490448,0.0
3974,ef9a9e6d14878f074c2ce1db0ae4c71388173b706b8190c3a898a205d2352689,0.6188121140003204,0.6188121140003204,0.0
3975,d3a8180f26c0761d160a8af493fd66cb1489b3664e7e75ad57948633ec03cbd1,0.6049613356590271,0.6049613356590271,0.0
3976,9e8416247790bcb1f827f58bf54779ed7e016c6c2936755034bbd7c8688c6739,0.6310864090919495,0.6310864090919495,0.0
3977,9c9f6e36bb365271489bbd2df74363af5afe2d19fee08292ff7c3f553dc694b7,0.6516926288604736,0.6516926288604736,0.0
3978,3fcd5f872017d091c9b9b490cc6fd96bd4655244237ddbde1621f22d81de8c1c,0.5918194651603699,0.5918194651603699,0.0
3979,4797610c3691a82c86f5ea02d89117fc484f74008dfc63723c529494f16c5213,0.5109726190567017,0.5109726190567017,0.0
3980,4797610c3691a82c86f5ea02d89117fc484f74008dfc63723c529494f16c5213,0.5109726190567017,0.5109726190567017,0.0
3981,c7b4a0fbbcfc043fc2f53908831481916ea6b4770ff3d36c531ccd8ca6016728,0.5223684906959534,0.5223684906959534,0.0
3982,a7c63b697cde29f6713340568da69f8d78ee31809a417bf78298619572172fbb,0.5067550241947174,0.5067550241947174,0.0
3983,a7c63b697cde29f6713340568da69f8d78ee31809a417bf78298619572172fbb,0.5067550241947174,0.5067550241947174,0.0
3984,fb2070823160aa97beca211077c23e397cf596b711916c1b8e424035be32d643,0.529625654220581,0.529625654220581,0.0
3985,cc8d61f7e0251e43e5d8ca79af2cdda41cad6d99848fa626340daa80afa81c50,0.6083518266677856,0.6083518266677856,0.0
3986,cc8d61f7e0251e43e5d8ca79af2cdda41cad6d99848fa626340daa80afa81c50,0.6083518266677856,0.6083518266677856,0.0
3987,30b19549e4137be458318a670ff67dc92fe2ee414162c538fa4c69a631bc737a,0.5742993950843811,0.5742993950843811,0.0
3988,0cb8e96a4939b28f64bc0525c7f31c7594d773687938e97d2136e7d18b0adddc,0.6533255279064178,0.6533255279064178,0.0
3989,0cb8e96a4939b28f64bc0525c7f31c7594d773687938e97d2136e7d18b0adddc,0.6533255279064178,0.6533255279064178,0.0
3990,b63cb2795b68c2350fd2d99d46e89e302f3f2f3399c848c87b4e8dd1ffb9f916,0.7173836827278137,0.7173836827278137,0.0
3991,03828d4dbbfc37824e2949a90b43ce81d8fe9e925ad950ac22d2ed73444cde19,0.5903007388114929,0.5903007388114929,0.0
3992,03828d4dbbfc37824e2949a90b43ce81d8fe9e925ad950ac22d2ed73444cde19,0.5903007388114929,0.5903007388114929,0.0
3993,28fc0397973f7aa9ca3d30e435964d297308cd928a24503bc8de5de551f767b6,0.5767276585102081,0.5767276585102081,0.0
3994,42fe590e0119704ef2afbb26deab9d0e744f0015720f0ebce9232b83254cb7db,0.6553690135478973,0.6553690135478973,0.0
3995,42fe590e0119704ef2afbb26deab9d0e744f0015720f0ebce9232b83254cb7db,0.6553690135478973,0.6553690135478973,0.0
3996,e0deb9d1a20321478523aadd412355e0803fcd46e354eace7a1d66a90e0639ca,0.6344912648200989,0.6344912648200989,0.0
3997,ede62161e767eb8a128d8591d8f0822914246512f016b8485583df0c97dd9b5d,0.6355510950088501,0.6355510950088501,0.0
3998,ede62161e767eb8a128d8591d8f0822914246512f016b8485583df0c97dd9b5d,0.6355510950088501,0.6355510950088501,0.0
3999,2e42b88ce49d69819a27a089591344f998159dc89352f299fd5f0288c9e4181c,0.7572187930345535,0.7572187930345535,0.0
4000,8e273ddf30308e99e01a0bd0b1f4887b8c7efafe92e77689e9002a81004f6f71,0.7466147541999817,0.7466147541999817,0.0
4001,500118535eb5d717f5a28f7b6f80adb070184d1a65b3df746470d341e91b804f,0.7361962497234344,0.7361962497234344,0.0
4002,ef6c02f13ff6e39c0a1243d4113efe6be8c634cc517433a2e99e0781390ed3b5,0.6307750046253204,0.6307750046253204,0.0
4003,4ecd039db07c77a74d28e35ad555603fc8765596c1f10dd8d4582c78ed264fac,0.5119142234325409,0.5119142234325409,0.0
4004,d72ee3ea11359539bf314dc4df07175eaf2e91e454562574378d65547bf83924,0.5372750759124756,0.5372750759124756,0.0
4005,0b9d7dccf694f0e20b19cf68dd7edf1cae84a5abea7ac556d5963afa4635fa37,0.4545007944107055,0.45450079441070557,5.551115123125783e-17
4006,d4728a4abf96c2669e8b655f0bb1987b667c41e7762b2793507642b357b31eae,0.6418749988079071,0.6418749988079071,0.0
4007,65500c547e7af21eba89a9e18503248effe9dd47e1c0eba8ecc39af2b6d358b5,0.6341713666915894,0.6341713666915894,0.0
4008,579ae514a4944e898808737ddda56f62c28bea5f2022332e40229b494d1fe145,0.6232103109359741,0.6232103109359741,0.0
4009,e74fa4fe15a54221f2132437d3c2c1ab1b6bd1b8bd13d5f6b1e2a5fb1c06cb4c,0.5540738105773926,0.5540738105773926,0.0
4010,99325c9a1a0668e8a18d20455f3f6cdcb041be821b2b45440dddfbbade92c3d8,0.5256737768650055,0.5256737768650055,0.0
4011,1509c7a199bb4cb6712196cb2cbb2a127f29882be7c8068eed759a4d1936a8c0,0.552584171295166,0.552584171295166,0.0
4012,caece7f54666c5c22cc0177763f9e170449a1712414589ff01374768315d8d4a,0.53133824467659,0.53133824467659,0.0
4013,95ef990b36ce3e691f7f6cdd8cf50db2224840da3216b9934805836b6c501ffd,0.4863611459732055,0.48636114597320557,5.551115123125783e-17
4014,4bf947926f6acb7b3b42fdf9fed6d42dec910674a41f860886ec6bf7c0a1705c,0.5307970941066742,0.5307970941066742,0.0
4015,03fdfc2eed45255e9348959b70699c3afa1d9d53b9ba96f171577b4a272c1679,0.6311959326267242,0.6311959326267242,0.0
4016,a40e59bbde8fe952708649bf93ad919c0105c97c28bf9088dcf3435b92e2cf45,0.6291235387325287,0.6291235387325287,0.0
4017,df285a58cc5ec05d2ad9f98f9a45f0ac7ae1129fc4d82d9247ab7f80320ef970,0.5654527246952057,0.5654527246952057,0.0
4018,e329dd0d481bf33f9c5c835f22e68877dce702ecf8235aeb73736c1ee10b2dc3,0.6021875143051147,0.6021875143051147,0.0
4019,515311b3825d6735931cd9a4fd90610af39b693841b19a175048c838dbb72cf6,0.4949337244033813,0.49493372440338135,5.551115123125783e-17
4020,071790c0eab4308d8ff3536cf47bb554085c3fdfba3234205ea2687072bc7e58,0.5623862743377686,0.5623862743377686,0.0
4021,d3ce3cca4e406056b1e9a33b73589e674c8c473f0b23de73124049832a35b540,0.6481956839561462,0.6481956839561462,0.0
4022,b1e319d05abf4ca6706d34654ebd223fa13d20e7f46b3d1e126016f8ebe93d7f,0.6355413794517517,0.6355413794517517,0.0
4023,704ec3bca4991ae590f660e083725dda79ac71ff1cb46a5aa3306f205e57a2d5,0.6473213136196136,0.6473213136196136,0.0
4024,3b2190b792334c4cdccf6512e3c2b4af26192a20631af0d22f5653d764a00411,0.656080424785614,0.656080424785614,0.0
4025,2da0034cbbc150529eb06e9deb0a67cb8e9c70d44f10cfd41367c395a978ef2c,0.623818576335907,0.623818576335907,0.0
4026,7fabbd733e99be2d6a0d8954b800eff0af6bacbd1a4f6814b3f90fc6ba9c501e,0.53986856341362,0.53986856341362,0.0
4027,77c13a2d4d4b4dbf872dfecbd7c15dc35b3c145cc0e21db1bc0ee95dd02b786b,0.7091275155544281,0.7091275155544281,0.0
4028,512578dadc6da4cca4bea1f5c2c68c4f939ab778536ffcdd5d0000cfb0db6d92,0.7083530426025391,0.7083530426025391,0.0
4029,09c7196aa4de03f5991851e5d686b6cbf39b99b3b4ce65dd6a6a46e95f0a2234,0.6746698021888733,0.6746698021888733,0.0
4030,c332b4477012418567b64bfc26ab36b52ab70b11f511a6340cb9f0e66af55528,0.5733614563941956,0.5733614563941956,0.0
4031,4bd9131559b88e6de77b3edea50ba50314df3dd039868c5d7742a0597488dc0b,0.6454384326934814,0.6454384326934814,0.0
4032,b3da2779c64a6552232a5a3d14a4e5545ccee2592e317b00e24b1cf288a3435c,0.5194415152072906,0.5194415152072906,0.0
4033,b2d46b28c2bd7e531afbf2f933c367a98bba929e8abe03655d3b9cbf42b33bf1,0.7413493096828461,0.7413493096828461,0.0
4034,ea868d9f79a991f552371e70d1699d692579cf84c0a02fde65201c2744f67939,0.7239482402801514,0.7239482402801514,0.0
4035,4b128410da2b5a5995946fa808ec6af19721d5e6adc3cdecec1a288c5b3dc29d,0.5500437021255493,0.5500437021255493,0.0
4036,c1bc9f0998a905ee040e0030438cb0cf776654ad3659399c970cd955577989c5,0.4432389140129089,0.44323891401290894,5.551115123125783e-17
4037,b9337534642e6de7926c0e655b75d5ee3b11ca8b073d51c803363ba4dab7b480,0.4635007381439209,0.4635007381439209,0.0
4038,ed1992cbcb576aba3235985ab6a997f61c0881682d4720b683c8beb1a8e2750f,0.524536520242691,0.524536520242691,0.0
4039,536e1a4b9a36a11173a104b768264330081db2a88f3523be4b117c27edb02ad5,0.6490735113620758,0.6490735113620758,0.0
4040,894a5b4fefbbc27194a3900e9b76a8cbd6df4a60aaf04f29ba969a8d1311192a,0.5929625034332275,0.5929625034332275,0.0
4041,e7c208566d3d12cd2fcd47714a43f8e0dae1e98f5545eff40a221cb573b44556,0.5182533264160156,0.5182533264160156,0.0
4042,a95e383e9df673806cae5dee39eb098f43250d067abce74e69a64e3b95603a86,0.611908346414566,0.611908346414566,0.0
4043,89a27bb9a5db82d484d7ad53f515ba3970751aeddea3db62dac15bbe212dee60,0.6200948059558868,0.6200948059558868,0.0
4044,59b455a5c1c0cb808a63eb885db1b961815935b8c7cd1610c60c4d6f2e2928e0,0.5879085659980774,0.5879085659980774,0.0
4045,1f1323d46120a5191588295b51486c38d68f46c6499267fa1ec99178a29e22a2,0.6599501371383667,0.6599501371383667,0.0
4046,a687a92a45118c3c1ed5bb45e8e0eda8d2feaa0395425cc2dccb259b3aa4c848,0.6038898825645447,0.6038898825645447,0.0
4047,63f40b5e88b18c6c537bc39b24deb5592b7c529dda2f8bdf5a9d4564494479b2,0.6015981137752533,0.6015981137752533,0.0
4048,f57ec5b5203e3822190a359157b5e620be46826f1b770832987c5ec6a6cac148,0.5687628984451294,0.5687628984451294,0.0
4049,eb5cc6adfddc749621cae2e44fa8824fefec0212534f9e91fc5220bc27462aa4,0.6862029731273651,0.6862029731273651,0.0
4050,e44e4854e1bf9642aae663686a8bb98a7656fb3262a6e979a8d9515aad693fb1,0.6101349890232086,0.6101349890232086,0.0
4051,24cc7d76b134a80a7ff829e5eaf44ac696a516cb01088a06110fd378a84fec8d,0.5576176643371582,0.5576176643371582,0.0
4052,c5885f391247d5d06e1641fd5484fa3e1e5365a2ce0cede7a70539492720b916,0.6425194144248962,0.6425194144248962,0.0
4053,35c0698f7e4e8fe1461890d349c85263bc616bfde2f3ecda98e8090293c8a8fd,0.6287523806095123,0.6287523806095123,0.0
4054,3791993bf6def85b9f8f4d6aa39b3876fa511b999a1850dfbbaee98a72c974e0,0.5473960638046265,0.5473960638046265,0.0
4055,5c09c2a70263439cbe496d6b6d5b011a4be99885aba2361a37b1e8367c31c6ea,0.5589057803153992,0.5589057803153992,0.0
4056,34927ec357cfc5b2040fcda1cbf9c036d3647089f3c30cde78d554ca208dd8ba,0.5890529453754425,0.5890529453754425,0.0
4057,7f8db5a78ebb8d4a7dd65a1ace753d0aa670d5da0cba324aaaf4c8c1a5ddc33d,0.645328551530838,0.645328551530838,0.0
4058,f3061e4a2b4807ff408ff62ff84402561534695b9811ae272317d13109d4fef2,0.633631706237793,0.633631706237793,0.0
4059,9f74e7ee913c870f004016832ae06263d8d01d7020dd527cf99b38c14e2c5caf,0.595030665397644,0.595030665397644,0.0
4060,86508efa118b42983bc3b15bc3ebc519d13ac5acf88047867c63044a9e850cac,0.6373913586139679,0.6373913586139679,0.0
4061,16079ffd22cca44a648076f451d8029032f745515bd197ddaedf06a85fba132c,0.6530696749687195,0.6530696749687195,0.0
4062,d4299e6578fe42a45498f2b4e2776b02991df6a1eed266adc3d1c432544f4ded,0.6922619044780731,0.6922619044780731,0.0
4063,4859dd989a9f13506765e28945a4c2b19b0130b8b5596d980b11b508e68fdaac,0.599590003490448,0.599590003490448,0.0
4064,ef9a9e6d14878f074c2ce1db0ae4c71388173b706b8190c3a898a205d2352689,0.6188121140003204,0.6188121140003204,0.0
4065,d3a8180f26c0761d160a8af493fd66cb1489b3664e7e75ad57948633ec03cbd1,0.6049613356590271,0.6049613356590271,0.0
4066,9e8416247790bcb1f827f58bf54779ed7e016c6c2936755034bbd7c8688c6739,0.6310864090919495,0.6310864090919495,0.0
4067,9c9f6e36bb365271489bbd2df74363af5afe2d19fee08292ff7c3f553dc694b7,0.6516926288604736,0.6516926288604736,0.0
4068,3fcd5f872017d091c9b9b490cc6fd96bd4655244237ddbde1621f22d81de8c1c,0.5918194651603699,0.5918194651603699,0.0
4069,4797610c3691a82c86f5ea02d89117fc484f74008dfc63723c529494f16c5213,0.5109726190567017,0.5109726190567017,0.0
4070,4797610c3691a82c86f5ea02d89117fc484f74008dfc63723c529494f16c5213,0.5109726190567017,0.5109726190567017,0.0
4071,c7b4a0fbbcfc043fc2f53908831481916ea6b4770ff3d36c531ccd8ca6016728,0.5223684906959534,0.5223684906959534,0.0
4072,a7c63b697cde29f6713340568da69f8d78ee31809a417bf78298619572172fbb,0.5067550241947174,0.5067550241947174,0.0
4073,a7c63b697cde29f6713340568da69f8d78ee31809a417bf78298619572172fbb,0.5067550241947174,0.5067550241947174,0.0
4074,fb2070823160aa97beca211077c23e397cf596b711916c1b8e424035be32d643,0.529625654220581,0.529625654220581,0.0
4075,cc8d61f7e0251e43e5d8ca79af2cdda41cad6d99848fa626340daa80afa81c50,0.6083518266677856,0.6083518266677856,0.0
4076,cc8d61f7e0251e43e5d8ca79af2cdda41cad6d99848fa626340daa80afa81c50,0.6083518266677856,0.6083518266677856,0.0
4077,30b19549e4137be458318a670ff67dc92fe2ee414162c538fa4c69a631bc737a,0.5742993950843811,0.5742993950843811,0.0
4078,0cb8e96a4939b28f64bc0525c7f31c7594d773687938e97d2136e7d18b0adddc,0.6533255279064178,0.6533255279064178,0.0
4079,0cb8e96a4939b28f64bc0525c7f31c7594d773687938e97d2136e7d18b0adddc,0.6533255279064178,0.6533255279064178,0.0
4080,b63cb2795b68c2350fd2d99d46e89e302f3f2f3399c848c87b4e8dd1ffb9f916,0.7173836827278137,0.7173836827278137,0.0
4081,03828d4dbbfc37824e2949a90b43ce81d8fe9e925ad950ac22d2ed73444cde19,0.5903007388114929,0.5903007388114929,0.0
4082,03828d4dbbfc37824e2949a90b43ce81d8fe9e925ad950ac22d2ed73444cde19,0.5903007388114929,0.5903007388114929,0.0
4083,28fc0397973f7aa9ca3d30e435964d297308cd928a24503bc8de5de551f767b6,0.5767276585102081,0.5767276585102081,0.0
4084,42fe590e0119704ef2afbb26deab9d0e744f0015720f0ebce9232b83254cb7db,0.6553690135478973,0.6553690135478973,0.0
4085,42fe590e0119704ef2afbb26deab9d0e744f0015720f0ebce9232b83254cb7db,0.6553690135478973,0.6553690135478973,0.0
4086,e0deb9d1a20321478523aadd412355e0803fcd46e354eace7a1d66a90e0639ca,0.6344912648200989,0.6344912648200989,0.0
4087,ede62161e767eb8a128d8591d8f0822914246512f016b8485583df0c97dd9b5d,0.6355510950088501,0.6355510950088501,0.0
4088,ede62161e767eb8a128d8591d8f0822914246512f016b8485583df0c97dd9b5d,0.6355510950088501,0.6355510950088501,0.0
4089,2e42b88ce49d69819a27a089591344f998159dc89352f299fd5f0288c9e4181c,0.7572187930345535,0.7572187930345535,0.0
4090,8e273ddf30308e99e01a0bd0b1f4887b8c7efafe92e77689e9002a81004f6f71,0.7466147541999817,0.7466147541999817,0.0
4091,500118535eb5d717f5a28f7b6f80adb070184d1a65b3df746470d341e91b804f,0.7361962497234344,0.7361962497234344,0.0
4092,ef6c02f13ff6e39c0a1243d4113efe6be8c634cc517433a2e99e0781390ed3b5,0.6307750046253204,0.6307750046253204,0.0
4093,4ecd039db07c77a74d28e35ad555603fc8765596c1f10dd8d4582c78ed264fac,0.5119142234325409,0.5119142234325409,0.0
4094,d72ee3ea11359539bf314dc4df07175eaf2e91e454562574378d65547bf83924,0.5372750759124756,0.5372750759124756,0.0
4095,0b9d7dccf694f0e20b19cf68dd7edf1cae84a5abea7ac556d5963afa4635fa37,0.4545007944107055,0.45450079441070557,5.551115123125783e-17
4096,d4728a4abf96c2669e8b655f0bb1987b667c41e7762b2793507642b357b31eae,0.6418749988079071,0.6418749988079071,0.0
4097,65500c547e7af21eba89a9e18503248effe9dd47e1c0eba8ecc39af2b6d358b5,0.6341713666915894,0.6341713666915894,0.0
4098,579ae514a4944e898808737ddda56f62c28bea5f2022332e40229b494d1fe145,0.6232103109359741,0.6232103109359741,0.0
4099,e74fa4fe15a54221f2132437d3c2c1ab1b6bd1b8bd13d5f6b1e2a5fb1c06cb4c,0.5540738105773926,0.5540738105773926,0.0
4100,99325c9a1a0668e8a18d20455f3f6cdcb041be821b2b45440dddfbbade92c3d8,0.5256737768650055,0.5256737768650055,0.0
4101,1509c7a199bb4cb6712196cb2cbb2a127f29882be7c8068eed759a4d1936a8c0,0.552584171295166,0.552584171295166,0.0
4102,caece7f54666c5c22cc0177763f9e170449a1712414589ff01374768315d8d4a,0.53133824467659,0.53133824467659,0.0
4103,95ef990b36ce3e691f7f6cdd8cf50db2224840da3216b9934805836b6c501ffd,0.4863611459732055,0.48636114597320557,5.551115123125783e-17
4104,4bf947926f6acb7b3b42fdf9fed6d42dec910674a41f860886ec6bf7c0a1705c,0.5307970941066742,0.5307970941066742,0.0
4105,03fdfc2eed45255e9348959b70699c3afa1d9d53b9ba96f171577b4a272c1679,0.6311959326267242,0.6311959326267242,0.0
4106,a40e59bbde8fe952708649bf93ad919c0105c97c28bf9088dcf3435b92e2cf45,0.6291235387325287,0.6291235387325287,0.0
4107,df285a58cc5ec05d2ad9f98f9a45f0ac7ae1129fc4d82d9247ab7f80320ef970,0.5654527246952057,0.5654527246952057,0.0
4108,e329dd0d481bf33f9c5c835f22e68877dce702ecf8235aeb73736c1ee10b2dc3,0.6021875143051147,0.6021875143051147,0.0
4109,515311b3825d6735931cd9a4fd90610af39b693841b19a175048c838dbb72cf6,0.4949337244033813,0.49493372440338135,5.551115123125783e-17
4110,071790c0eab4308d8ff3536cf47bb554085c3fdfba3234205ea2687072bc7e58,0.5623862743377686,0.5623862743377686,0.0
4111,d3ce3cca4e406056b1e9a33b73589e674c8c473f0b23de73124049832a35b540,0.6481956839561462,0.6481956839561462,0.0
4112,b1e319d05abf4ca6706d34654ebd223fa13d20e7f46b3d1e126016f8ebe93d7f,0.6355413794517517,0.6355413794517517,0.0
4113,704ec3bca4991ae590f660e083725dda79ac71ff1cb46a5aa3306f205e57a2d5,0.6473213136196136,0.6473213136196136,0.0
4114,3b2190b792334c4cdccf6512e3c2b4af26192a20631af0d22f5653d764a00411,0.656080424785614,0.656080424785614,0.0
4115,2da0034cbbc150529eb06e9deb0a67cb8e9c70d44f10cfd41367c395a978ef2c,0.623818576335907,0.623818576335907,0.0
4116,7fabbd733e99be2d6a0d8954b800eff0af6bacbd1a4f6814b3f90fc6ba9c501e,0.53986856341362,0.53986856341362,0.0
4117,77c13a2d4d4b4dbf872dfecbd7c15dc35b3c145cc0e21db1bc0ee95dd02b786b,0.7091275155544281,0.7091275155544281,0.0
4118,512578dadc6da4cca4bea1f5c2c68c4f939ab778536ffcdd5d0000cfb0db6d92,0.7083530426025391,0.7083530426025391,0.0
4119,09c7196aa4de03f5991851e5d686b6cbf39b99b3b4ce65dd6a6a46e95f0a2234,0.6746698021888733,0.6746698021888733,0.0
4120,c332b4477012418567b64bfc26ab36b52ab70b11f511a6340cb9f0e66af55528,0.5733614563941956,0.5733614563941956,0.0
4121,4bd9131559b88e6de77b3edea50ba50314df3dd039868c5d7742a0597488dc0b,0.6454384326934814,0.6454384326934814,0.0
4122,b3da2779c64a6552232a5a3d14a4e5545ccee2592e317b00e24b1cf288a3435c,0.5194415152072906,0.5194415152072906,0.0
4123,b2d46b28c2bd7e531afbf2f933c367a98bba929e8abe03655d3b9cbf42b33bf1,0.7413493096828461,0.7413493096828461,0.0
4124,ea868d9f79a991f552371e70d1699d692579cf84c0a02fde65201c2744f67939,0.7239482402801514,0.7239482402801514,0.0
4125,4b128410da2b5a5995946fa808ec6af19721d5e6adc3cdecec1a288c5b3dc29d,0.5500437021255493,0.5500437021255493,0.0
4126,c1bc9f0998a905ee040e0030438cb0cf776654ad3659399c970cd955577989c5,0.4432389140129089,0.44323891401290894,5.551115123125783e-17
4127,b9337534642e6de7926c0e655b75d5ee3b11ca8b073d51c803363ba4dab7b480,0.4635007381439209,0.4635007381439209,0.0
4128,ed1992cbcb576aba3235985ab6a997f61c0881682d4720b683c8beb1a8e2750f,0.524536520242691,0.524536520242691,0.0
4129,536e1a4b9a36a11173a104b768264330081db2a88f3523be4b117c27edb02ad5,0.6490735113620758,0.6490735113620758,0.0
4130,894a5b4fefbbc27194a3900e9b76a8cbd6df4a60aaf04f29ba969a8d1311192a,0.5929625034332275,0.5929625034332275,0.0
4131,e7c208566d3d12cd2fcd47714a43f8e0dae1e98f5545eff40a221cb573b44556,0.5182533264160156,0.5182533264160156,0.0
4132,a95e383e9df673806cae5dee39eb098f43250d067abce74e69a64e3b95603a86,0.611908346414566,0.611908346414566,0.0
4133,89a27bb9a5db82d484d7ad53f515ba3970751aeddea3db62dac15bbe212dee60,0.6200948059558868,0.6200948059558868,0.0
4134,59b455a5c1c0cb808a63eb885db1b961815935b8c7cd1610c60c4d6f2e2928e0,0.5879085659980774,0.5879085659980774,0.0
4135,1f1323d46120a5191588295b51486c38d68f46c6499267fa1ec99178a29e22a2,0.6599501371383667,0.6599501371383667,0.0
4136,a687a92a45118c3c1ed5bb45e8e0eda8d2feaa0395425cc2dccb259b3aa4c848,0.6038898825645447,0.6038898825645447,0.0
4137,63f40b5e88b18c6c537bc39b24deb5592b7c529dda2f8bdf5a9d4564494479b2,0.6015981137752533,0.6015981137752533,0.0
4138,f57ec5b5203e3822190a359157b5e620be46826f1b770832987c5ec6a6cac148,0.5687628984451294,0.5687628984451294,0.0
4139,eb5cc6adfddc749621cae2e44fa8824fefec0212534f9e91fc5220bc27462aa4,0.6862029731273651,0.6862029731273651,0.0
4140,e44e4854e1bf9642aae663686a8bb98a7656fb3262a6e979a8d9515aad693fb1,0.6101349890232086,0.6101349890232086,0.0
4141,24cc7d76b134a80a7ff829e5eaf44ac696a516cb01088a06110fd378a84fec8d,0.5576176643371582,0.5576176643371582,0.0
4142,c5885f391247d5d06e1641fd5484fa3e1e5365a2ce0cede7a70539492720b916,0.6425194144248962,0.6425194144248962,0.0
4143,35c0698f7e4e8fe1461890d349c85263bc616bfde2f3ecda98e8090293c8a8fd,0.6287523806095123,0.6287523806095123,0.0
4144,3791993bf6def85b9f8f4d6aa39b3876fa511b999a1850dfbbaee98a72c974e0,0.5473960638046265,0.5473960638046265,0.0
4145,5c09c2a70263439cbe496d6b6d5b011a4be99885aba2361a37b1e8367c31c6ea,0.5589057803153992,0.5589057803153992,0.0
4146,34927ec357cfc5b2040fcda1cbf9c036d3647089f3c30cde78d554ca208dd8ba,0.5890529453754425,0.5890529453754425,0.0
4147,7f8db5a78ebb8d4a7dd65a1ace753d0aa670d5da0cba324aaaf4c8c1a5ddc33d,0.645328551530838,0.645328551530838,0.0
4148,f3061e4a2b4807ff408ff62ff84402561534695b9811ae272317d13109d4fef2,0.633631706237793,0.633631706237793,0.0
4149,9f74e7ee913c870f004016832ae06263d8d01d7020dd527cf99b38c14e2c5caf,0.595030665397644,0.595030665397644,0.0
4150,86508efa118b42983bc3b15bc3ebc519d13ac5acf88047867c63044a9e850cac,0.6373913586139679,0.6373913586139679,0.0
4151,16079ffd22cca44a648076f451d8029032f745515bd197ddaedf06a85fba132c,0.6530696749687195,0.6530696749687195,0.0
4152,d4299e6578fe42a45498f2b4e2776b02991df6a1eed266adc3d1c432544f4ded,0.6922619044780731,0.6922619044780731,0.0
4153,4859dd989a9f13506765e28945a4c2b19b0130b8b5596d980b11b508e68fdaac,0.599590003490448,0.599590003490448,0.0
4154,ef9a9e6d14878f074c2ce1db0ae4c71388173b706b8190c3a898a205d2352689,0.6188121140003204,0.6188121140003204,0.0
4155,d3a8180f26c0761d160a8af493fd66cb1489b3664e7e75ad57948633ec03cbd1,0.6049613356590271,0.6049613356590271,0.0
4156,9e8416247790bcb1f827f58bf54779ed7e016c6c2936755034bbd7c8688c6739,0.6310864090919495,0.6310864090919495,0.0
4157,9c9f6e36bb365271489bbd2df74363af5afe2d19fee08292ff7c3f553dc694b7,0.6516926288604736,0.6516926288604736,0.0
4158,3fcd5f872017d091c9b9b490cc6fd96bd4655244237ddbde1621f22d81de8c1c,0.5918194651603699,0.5918194651603699,0.0
4159,4797610c3691a82c86f5ea02d89117fc484f74008dfc63723c529494f16c5213,0.5109726190567017,0.5109726190567017,0.0
4160,4797610c3691a82c86f5ea02d89117fc484f74008dfc63723c529494f16c5213,0.5109726190567017,0.5109726190567017,0.0
4161,c7b4a0fbbcfc043fc2f53908831481916ea6b4770ff3d36c531ccd8ca6016728,0.5223684906959534,0.5223684906959534,0.0
4162,a7c63b697cde29f6713340568da69f8d78ee31809a417bf78298619572172fbb,0.5067550241947174,0.5067550241947174,0.0
4163,a7c63b697cde29f6713340568da69f8d78ee31809a417bf78298619572172fbb,0.5067550241947174,0.5067550241947174,0.0
4164,fb2070823160aa97beca211077c23e397cf596b711916c1b8e424035be32d643,0.529625654220581,0.529625654220581,0.0
4165,cc8d61f7e0251e43e5d8ca79af2cdda41cad6d99848fa626340daa80afa81c50,0.6083518266677856,0.6083518266677856,0.0
4166,cc8d61f7e0251e43e5d8ca79af2cdda41cad6d99848fa626340daa80afa81c50,0.6083518266677856,0.6083518266677856,0.0
4167,30b19549e4137be458318a670ff67dc92fe2ee414162c538fa4c69a631bc737a,0.5742993950843811,0.5742993950843811,0.0
4168,0cb8e96a4939b28f64bc0525c7f31c7594d773687938e97d2136e7d18b0adddc,0.6533255279064178,0.6533255279064178,0.0
4169,0cb8e96a4939b28f64bc0525c7f31c7594d773687938e97d2136e7d18b0adddc,0.6533255279064178,0.6533255279064178,0.0
4170,b63cb2795b68c2350fd2d99d46e89e302f3f2f3399c848c87b4e8dd1ffb9f916,0.7173836827278137,0.7173836827278137,0.0
4171,03828d4dbbfc37824e2949a90b43ce81d8fe9e925ad950ac22d2ed73444cde19,0.5903007388114929,0.5903007388114929,0.0
4172,03828d4dbbfc37824e2949a90b43ce81d8fe9e925ad950ac22d2ed73444cde19,0.5903007388114929,0.5903007388114929,0.0
4173,28fc0397973f7aa9ca3d30e435964d297308cd928a24503bc8de5de551f767b6,0.5767276585102081,0.5767276585102081,0.0
4174,42fe590e0119704ef2afbb26deab9d0e744f0015720f0ebce9232b83254cb7db,0.6553690135478973,0.6553690135478973,0.0
4175,42fe590e0119704ef2afbb26deab9d0e744f0015720f0ebce9232b83254cb7db,0.6553690135478973,0.6553690135478973,0.0
4176,e0deb9d1a20321478523aadd412355e0803fcd46e354eace7a1d66a90e0639ca,0.6344912648200989,0.6344912648200989,0.0
4177,ede62161e767eb8a128d8591d8f0822914246512f016b8485583df0c97dd9b5d,0.6355510950088501,0.6355510950088501,0.0
4178,ede62161e767eb8a128d8591d8f0822914246512f016b8485583df0c97dd9b5d,0.6355510950088501,0.6355510950088501,0.0
4179,2e42b88ce49d69819a27a089591344f998159dc89352f299fd5f0288c9e4181c,0.7572187930345535,0.7572187930345535,0.0
4180,8e273ddf30308e99e01a0bd0b1f4887b8c7efafe92e77689e9002a81004f6f71,0.7466147541999817,0.7466147541999817,0.0
4181,500118535eb5d717f5a28f7b6f80adb070184d1a65b3df746470d341e91b804f,0.7361962497234344,0.7361962497234344,0.0
4182,ef6c02f13ff6e39c0a1243d4113efe6be8c634cc517433a2e99e0781390ed3b5,0.6307750046253204,0.6307750046253204,0.0
4183,4ecd039db07c77a74d28e35ad555603fc8765596c1f10dd8d4582c78ed264fac,0.5119142234325409,0.5119142234325409,0.0
4184,d72ee3ea11359539bf314dc4df07175eaf2e91e454562574378d65547bf83924,0.5372750759124756,0.5372750759124756,0.0
4185,0b9d7dccf694f0e20b19cf68dd7edf1cae84a5abea7ac556d5963afa4635fa37,0.4545007944107055,0.45450079441070557,5.551115123125783e-17
4186,d4728a4abf96c2669e8b655f0bb1987b667c41e7762b2793507642b357b31eae,0.6418749988079071,0.6418749988079071,0.0
4187,65500c547e7af21eba89a9e18503248effe9dd47e1c0eba8ecc39af2b6d358b5,0.6341713666915894,0.6341713666915894,0.0
4188,579ae514a4944e898808737ddda56f62c28bea5f2022332e40229b494d1fe145,0.6232103109359741,0.6232103109359741,0.0
4189,e74fa4fe15a54221f2132437d3c2c1ab1b6bd1b8bd13d5f6b1e2a5fb1c06cb4c,0.5540738105773926,0.5540738105773926,0.0
4190,99325c9a1a0668e8a18d20455f3f6cdcb041be821b2b45440dddfbbade92c3d8,0.5256737768650055,0.5256737768650055,0.0
4191,1509c7a199bb4cb6712196cb2cbb2a127f29882be7c8068eed759a4d1936a8c0,0.552584171295166,0.552584171295166,0.0
4192,caece7f54666c5c22cc0177763f9e170449a1712414589ff01374768315d8d4a,0.53133824467659,0.53133824467659,0.0
4193,95ef990b36ce3e691f7f6cdd8cf50db2224840da3216b9934805836b6c501ffd,0.4863611459732055,0.48636114597320557,5.551115123125783e-17
4194,4bf947926f6acb7b3b42fdf9fed6d42dec910674a41f860886ec6bf7c0a1705c,0.5307970941066742,0.5307970941066742,0.0
4195,03fdfc2eed45255e9348959b70699c3afa1d9d53b9ba96f171577b4a272c1679,0.6311959326267242,0.6311959326267242,0.0
4196,a40e59bbde8fe952708649bf93ad919c0105c97c28bf9088dcf3435b92e2cf45,0.6291235387325287,0.6291235387325287,0.0
4197,df285a58cc5ec05d2ad9f98f9a45f0ac7ae1129fc4d82d9247ab7f80320ef970,0.5654527246952057,0.5654527246952057,0.0
4198,e329dd0d481bf33f9c5c835f22e68877dce702ecf8235aeb73736c1ee10b2dc3,0.6021875143051147,0.6021875143051147,0.0
4199,515311b3825d6735931cd9a4fd90610af39b693841b19a175048c838dbb72cf6,0.4949337244033813,0.49493372440338135,5.551115123125783e-17
4200,071790c0eab4308d8ff3536cf47bb554085c3fdfba3234205ea2687072bc7e58,0.5623862743377686,0.5623862743377686,0.0
4201,d3ce3cca4e406056b1e9a33b73589e674c8c473f0b23de73124049832a35b540,0.6481956839561462,0.6481956839561462,0.0
4202,b1e319d05abf4ca6706d34654ebd223fa13d20e7f46b3d1e126016f8ebe93d7f,0.6355413794517517,0.6355413794517517,0.0
4203,704ec3bca4991ae590f660e083725dda79ac71ff1cb46a5aa3306f205e57a2d5,0.6473213136196136,0.6473213136196136,0.0
4204,3b2190b792334c4cdccf6512e3c2b4af26192a20631af0d22f5653d764a00411,0.656080424785614,0.656080424785614,0.0
4205,2da0034cbbc150529eb06e9deb0a67cb8e9c70d44f10cfd41367c395a978ef2c,0.623818576335907,0.623818576335907,0.0
4206,7fabbd733e99be2d6a0d8954b800eff0af6bacbd1a4f6814b3f90fc6ba9c501e,0.53986856341362,0.53986856341362,0.0
4207,77c13a2d4d4b4dbf872dfecbd7c15dc35b3c145cc0e21db1bc0ee95dd02b786b,0.7091275155544281,0.7091275155544281,0.0
4208,512578dadc6da4cca4bea1f5c2c68c4f939ab778536ffcdd5d0000cfb0db6d92,0.7083530426025391,0.7083530426025391,0.0
4209,09c7196aa4de03f5991851e5d686b6cbf39b99b3b4ce65dd6a6a46e95f0a2234,0.6746698021888733,0.6746698021888733,0.0
4210,c332b4477012418567b64bfc26ab36b52ab70b11f511a6340cb9f0e66af55528,0.5733614563941956,0.5733614563941956,0.0
4211,4bd9131559b88e6de77b3edea50ba50314df3dd039868c5d7742a0597488dc0b,0.6454384326934814,0.6454384326934814,0.0
4212,b3da2779c64a6552232a5a3d14a4e5545ccee2592e317b00e24b1cf288a3435c,0.5194415152072906,0.5194415152072906,0.0
4213,b2d46b28c2bd7e531afbf2f933c367a98bba929e8abe03655d3b9cbf42b33bf1,0.7413493096828461,0.7413493096828461,0.0
4214,ea868d9f79a991f552371e70d1699d692579cf84c0a02fde65201c2744f67939,0.7239482402801514,0.7239482402801514,0.0
4215,4b128410da2b5a5995946fa808ec6af19721d5e6adc3cdecec1a288c5b3dc29d,0.5500437021255493,0.5500437021255493,0.0
4216,c1bc9f0998a905ee040e0030438cb0cf776654ad3659399c970cd955577989c5,0.4432389140129089,0.44323891401290894,5.551115123125783e-17
4217,b9337534642e6de7926c0e655b75d5ee3b11ca8b073d51c803363ba4dab7b480,0.4635007381439209,0.4635007381439209,0.0
4218,ed1992cbcb576aba3235985ab6a997f61c0881682d4720b683c8beb1a8e2750f,0.524536520242691,0.524536520242691,0.0
4219,536e1a4b9a36a11173a104b768264330081db2a88f3523be4b117c27edb02ad5,0.6490735113620758,0.6490735113620758,0.0
4220,894a5b4fefbbc27194a3900e9b76a8cbd6df4a60aaf04f29ba969a8d1311192a,0.5929625034332275,0.5929625034332275,0.0
4221,e7c208566d3d12cd2fcd47714a43f8e0dae1e98f5545eff40a221cb573b44556,0.5182533264160156,0.5182533264160156,0.0
4222,a95e383e9df673806cae5dee39eb098f43250d067abce74e69a64e3b95603a86,0.611908346414566,0.611908346414566,0.0
4223,89a27bb9a5db82d484d7ad53f515ba3970751aeddea3db62dac15bbe212dee60,0.6200948059558868,0.6200948059558868,0.0
4224,59b455a5c1c0cb808a63eb885db1b961815935b8c7cd1610c60c4d6f2e2928e0,0.5879085659980774,0.5879085659980774,0.0
4225,1f1323d46120a5191588295b51486c38d68f46c6499267fa1ec99178a29e22a2,0.6599501371383667,0.6599501371383667,0.0
4226,a687a92a45118c3c1ed5bb45e8e0eda8d2feaa0395425cc2dccb259b3aa4c848,0.6038898825645447,0.6038898825645447,0.0
4227,63f40b5e88b18c6c537bc39b24deb5592b7c529dda2f8bdf5a9d4564494479b2,0.6015981137752533,0.6015981137752533,0.0
4228,f57ec5b5203e3822190a359157b5e620be46826f1b770832987c5ec6a6cac148,0.5687628984451294,0.5687628984451294,0.0
4229,eb5cc6adfddc749621cae2e44fa8824fefec0212534f9e91fc5220bc27462aa4,0.6862029731273651,0.6862029731273651,0.0
4230,e44e4854e1bf9642aae663686a8bb98a7656fb3262a6e979a8d9515aad693fb1,0.6101349890232086,0.6101349890232086,0.0
4231,24cc7d76b134a80a7ff829e5eaf44ac696a516cb01088a06110fd378a84fec8d,0.5576176643371582,0.5576176643371582,0.0
4232,c5885f391247d5d06e1641fd5484fa3e1e5365a2ce0cede7a70539492720b916,0.6425194144248962,0.6425194144248962,0.0
4233,35c0698f7e4e8fe1461890d349c85263bc616bfde2f3ecda98e8090293c8a8fd,0.6287523806095123,0.6287523806095123,0.0
4234,3791993bf6def85b9f8f4d6aa39b3876fa511b999a1850dfbbaee98a72c974e0,0.5473960638046265,0.5473960638046265,0.0
4235,5c09c2a70263439cbe496d6b6d5b011a4be99885aba2361a37b1e8367c31c6ea,0.5589057803153992,0.5589057803153992,0.0
4236,34927ec357cfc5b2040fcda1cbf9c036d3647089f3c30cde78d554ca208dd8ba,0.5890529453754425,0.5890529453754425,0.0
4237,7f8db5a78ebb8d4a7dd65a1ace753d0aa670d5da0cba324aaaf4c8c1a5ddc33d,0.645328551530838,0.645328551530838,0.0
4238,f3061e4a2b4807ff408ff62ff84402561534695b9811ae272317d13109d4fef2,0.633631706237793,0.633631706237793,0.0
4239,9f74e7ee913c870f004016832ae06263d8d01d7020dd527cf99b38c14e2c5caf,0.595030665397644,0.595030665397644,0.0
4240,86508efa118b42983bc3b15bc3ebc519d13ac5acf88047867c63044a9e850cac,0.6373913586139679,0.6373913586139679,0.0
4241,16079ffd22cca44a648076f451d8029032f745515bd197ddaedf06a85fba132c,0.6530696749687195,0.6530696749687195,0.0
4242,d4299e6578fe42a45498f2b4e2776b02991df6a1eed266adc3d1c432544f4ded,0.6922619044780731,0.6922619044780731,0.0
4243,4859dd989a9f13506765e28945a4c2b19b0130b8b5596d980b11b508e68fdaac,0.599590003490448,0.599590003490448,0.0
4244,ef9a9e6d14878f074c2ce1db0ae4c71388173b706b8190c3a898a205d2352689,0.6188121140003204,0.6188121140003204,0.0
4245,d3a8180f26c0761d160a8af493fd66cb1489b3664e7e75ad57948633ec03cbd1,0.6049613356590271,0.6049613356590271,0.0
4246,9e8416247790bcb1f827f58bf54779ed7e016c6c2936755034bbd7c8688c6739,0.6310864090919495,0.6310864090919495,0.0
4247,9c9f6e36bb365271489bbd2df74363af5afe2d19fee08292ff7c3f553dc694b7,0.6516926288604736,0.6516926288604736,0.0
4248,3fcd5f872017d091c9b9b490cc6fd96bd4655244237ddbde1621f22d81de8c1c,0.5918194651603699,0.5918194651603699,0.0
4249,4797610c3691a82c86f5ea02d89117fc484f74008dfc63723c529494f16c5213,0.5109726190567017,0.5109726190567017,0.0
4250,4797610c3691a82c86f5ea02d89117fc484f74008dfc63723c529494f16c5213,0.5109726190567017,0.5109726190567017,0.0
4251,c7b4a0fbbcfc043fc2f53908831481916ea6b4770ff3d36c531ccd8ca6016728,0.5223684906959534,0.5223684906959534,0.0
4252,a7c63b697cde29f6713340568da69f8d78ee31809a417bf78298619572172fbb,0.5067550241947174,0.5067550241947174,0.0
4253,a7c63b697cde29f6713340568da69f8d78ee31809a417bf78298619572172fbb,0.5067550241947174,0.5067550241947174,0.0
4254,fb2070823160aa97beca211077c23e397cf596b711916c1b8e424035be32d643,0.529625654220581,0.529625654220581,0.0
4255,cc8d61f7e0251e43e5d8ca79af2cdda41cad6d99848fa626340daa80afa81c50,0.6083518266677856,0.6083518266677856,0.0
4256,cc8d61f7e0251e43e5d8ca79af2cdda41cad6d99848fa626340daa80afa81c50,0.6083518266677856,0.6083518266677856,0.0
4257,30b19549e4137be458318a670ff67dc92fe2ee414162c538fa4c69a631bc737a,0.5742993950843811,0.5742993950843811,0.0
4258,0cb8e96a4939b28f64bc0525c7f31c7594d773687938e97d2136e7d18b0adddc,0.6533255279064178,0.6533255279064178,0.0
4259,0cb8e96a4939b28f64bc0525c7f31c7594d773687938e97d2136e7d18b0adddc,0.6533255279064178,0.6533255279064178,0.0
4260,b63cb2795b68c2350fd2d99d46e89e302f3f2f3399c848c87b4e8dd1ffb9f916,0.7173836827278137,0.7173836827278137,0.0
4261,03828d4dbbfc37824e2949a90b43ce81d8fe9e925ad950ac22d2ed73444cde19,0.5903007388114929,0.5903007388114929,0.0
4262,03828d4dbbfc37824e2949a90b43ce81d8fe9e925ad950ac22d2ed73444cde19,0.5903007388114929,0.5903007388114929,0.0
4263,28fc0397973f7aa9ca3d30e435964d297308cd928a24503bc8de5de551f767b6,0.5767276585102081,0.5767276585102081,0.0
4264,42fe590e0119704ef2afbb26deab9d0e744f0015720f0ebce9232b83254cb7db,0.6553690135478973,0.6553690135478973,0.0
4265,42fe590e0119704ef2afbb26deab9d0e744f0015720f0ebce9232b83254cb7db,0.6553690135478973,0.6553690135478973,0.0
4266,e0deb9d1a20321478523aadd412355e0803fcd46e354eace7a1d66a90e0639ca,0.6344912648200989,0.6344912648200989,0.0
4267,ede62161e767eb8a128d8591d8f0822914246512f016b8485583df0c97dd9b5d,0.6355510950088501,0.6355510950088501,0.0
4268,ede62161e767eb8a128d8591d8f0822914246512f016b8485583df0c97dd9b5d,0.6355510950088501,0.6355510950088501,0.0
4269,2e42b88ce49d69819a27a089591344f998159dc89352f299fd5f0288c9e4181c,0.7572187930345535,0.7572187930345535,0.0
4270,8e273ddf30308e99e01a0bd0b1f4887b8c7efafe92e77689e9002a81004f6f71,0.7466147541999817,0.7466147541999817,0.0
4271,500118535eb5d717f5a28f7b6f80adb070184d1a65b3df746470d341e91b804f,0.7361962497234344,0.7361962497234344,0.0
4272,ef6c02f13ff6e39c0a1243d4113efe6be8c634cc517433a2e99e0781390ed3b5,0.6307750046253204,0.6307750046253204,0.0
4273,4ecd039db07c77a74d28e35ad555603fc8765596c1f10dd8d4582c78ed264fac,0.5119142234325409,0.5119142234325409,0.0
4274,d72ee3ea11359539bf314dc4df07175eaf2e91e454562574378d65547bf83924,0.5372750759124756,0.5372750759124756,0.0
4275,0b9d7dccf694f0e20b19cf68dd7edf1cae84a5abea7ac556d5963afa4635fa37,0.4545007944107055,0.45450079441070557,5.551115123125783e-17
4276,d4728a4abf96c2669e8b655f0bb1987b667c41e7762b2793507642b357b31eae,0.6418749988079071,0.6418749988079071,0.0
4277,65500c547e7af21eba89a9e18503248effe9dd47e1c0eba8ecc39af2b6d358b5,0.6341713666915894,0.6341713666915894,0.0
4278,579ae514a4944e898808737ddda56f62c28bea5f2022332e40229b494d1fe145,0.6232103109359741,0.6232103109359741,0.0
4279,e74fa4fe15a54221f2132437d3c2c1ab1b6bd1b8bd13d5f6b1e2a5fb1c06cb4c,0.5540738105773926,0.5540738105773926,0.0
4280,99325c9a1a0668e8a18d20455f3f6cdcb041be821b2b45440dddfbbade92c3d8,0.5256737768650055,0.5256737768650055,0.0
4281,1509c7a199bb4cb6712196cb2cbb2a127f29882be7c8068eed759a4d1936a8c0,0.552584171295166,0.552584171295166,0.0
4282,caece7f54666c5c22cc0177763f9e170449a1712414589ff01374768315d8d4a,0.53133824467659,0.53133824467659,0.0
4283,95ef990b36ce3e691f7f6cdd8cf50db2224840da3216b9934805836b6c501ffd,0.4863611459732055,0.48636114597320557,5.551115123125783e-17
4284,4bf947926f6acb7b3b42fdf9fed6d42dec910674a41f860886ec6bf7c0a1705c,0.5307970941066742,0.5307970941066742,0.0
4285,03fdfc2eed45255e9348959b70699c3afa1d9d53b9ba96f171577b4a272c1679,0.6311959326267242,0.6311959326267242,0.0
4286,a40e59bbde8fe952708649bf93ad919c0105c97c28bf9088dcf3435b92e2cf45,0.6291235387325287,0.6291235387325287,0.0
4287,df285a58cc5ec05d2ad9f98f9a45f0ac7ae1129fc4d82d9247ab7f80320ef970,0.5654527246952057,0.5654527246952057,0.0
4288,e329dd0d481bf33f9c5c835f22e68877dce702ecf8235aeb73736c1ee10b2dc3,0.6021875143051147,0.6021875143051147,0.0
4289,515311b3825d6735931cd9a4fd90610af39b693841b19a175048c838dbb72cf6,0.4949337244033813,0.49493372440338135,5.551115123125783e-17
4290,071790c0eab4308d8ff3536cf47bb554085c3fdfba3234205ea2687072bc7e58,0.5623862743377686,0.5623862743377686,0.0
4291,d3ce3cca4e406056b1e9a33b73589e674c8c473f0b23de73124049832a35b540,0.6481956839561462,0.6481956839561462,0.0
4292,b1e319d05abf4ca6706d34654ebd223fa13d20e7f46b3d1e126016f8ebe93d7f,0.6355413794517517,0.6355413794517517,0.0
4293,704ec3bca4991ae590f660e083725dda79ac71ff1cb46a5aa3306f205e57a2d5,0.6473213136196136,0.6473213136196136,0.0
4294,3b2190b792334c4cdccf6512e3c2b4af26192a20631af0d22f5653d764a00411,0.656080424785614,0.656080424785614,0.0
4295,2da0034cbbc150529eb06e9deb0a67cb8e9c70d44f10cfd41367c395a978ef2c,0.623818576335907,0.623818576335907,0.0
4296,7fabbd733e99be2d6a0d8954b800eff0af6bacbd1a4f6814b3f90fc6ba9c501e,0.53986856341362,0.53986856341362,0.0
4297,77c13a2d4d4b4dbf872dfecbd7c15dc35b3c145cc0e21db1bc0ee95dd02b786b,0.7091275155544281,0.7091275155544281,0.0
4298,512578dadc6da4cca4bea1f5c2c68c4f939ab778536ffcdd5d0000cfb0db6d92,0.7083530426025391,0.7083530426025391,0.0
4299,09c7196aa4de03f5991851e5d686b6cbf39b99b3b4ce65dd6a6a46e95f0a2234,0.6746698021888733,0.6746698021888733,0.0
4300,c332b4477012418567b64bfc26ab36b52ab70b11f511a6340cb9f0e66af55528,0.5733614563941956,0.5733614563941956,0.0
4301,4bd9131559b88e6de77b3edea50ba50314df3dd039868c5d7742a0597488dc0b,0.6454384326934814,0.6454384326934814,0.0
4302,b3da2779c64a6552232a5a3d14a4e5545ccee2592e317b00e24b1cf288a3435c,0.5194415152072906,0.5194415152072906,0.0
4303,b2d46b28c2bd7e531afbf2f933c367a98bba929e8abe03655d3b9cbf42b33bf1,0.7413493096828461,0.7413493096828461,0.0
4304,ea868d9f79a991f552371e70d1699d692579cf84c0a02fde65201c2744f67939,0.7239482402801514,0.7239482402801514,0.0
4305,4b128410da2b5a5995946fa808ec6af19721d5e6adc3cdecec1a288c5b3dc29d,0.5500437021255493,0.5500437021255493,0.0
4306,c1bc9f0998a905ee040e0030438cb0cf776654ad3659399c970cd955577989c5,0.4432389140129089,0.44323891401290894,5.551115123125783e-17
4307,b9337534642e6de7926c0e655b75d5ee3b11ca8b073d51c803363ba4dab7b480,0.4635007381439209,0.4635007381439209,0.0
4308,ed1992cbcb576aba3235985ab6a997f61c0881682d4720b683c8beb1a8e2750f,0.524536520242691,0.524536520242691,0.0
4309,536e1a4b9a36a11173a104b768264330081db2a88f3523be4b117c27edb02ad5,0.6490735113620758,0.6490735113620758,0.0
4310,894a5b4fefbbc27194a3900e9b76a8cbd6df4a60aaf04f29ba969a8d1311192a,0.5929625034332275,0.5929625034332275,0.0
4311,e7c208566d3d12cd2fcd47714a43f8e0dae1e98f5545eff40a221cb573b44556,0.5182533264160156,0.5182533264160156,0.0
4312,a95e383e9df673806cae5dee39eb098f43250d067abce74e69a64e3b95603a86,0.611908346414566,0.611908346414566,0.0
4313,89a27bb9a5db82d484d7ad53f515ba3970751aeddea3db62dac15bbe212dee60,0.6200948059558868,0.6200948059558868,0.0
4314,59b455a5c1c0cb808a63eb885db1b961815935b8c7cd1610c60c4d6f2e2928e0,0.5879085659980774,0.5879085659980774,0.0
4315,1f1323d46120a5191588295b51486c38d68f46c6499267fa1ec99178a29e22a2,0.6599501371383667,0.6599501371383667,0.0
4316,a687a92a45118c3c1ed5bb45e8e0eda8d2feaa0395425cc2dccb259b3aa4c848,0.6038898825645447,0.6038898825645447,0.0
4317,63f40b5e88b18c6c537bc39b24deb5592b7c529dda2f8bdf5a9d4564494479b2,0.6015981137752533,0.6015981137752533,0.0
4318,f57ec5b5203e3822190a359157b5e620be46826f1b770832987c5ec6a6cac148,0.5687628984451294,0.5687628984451294,0.0
4319,eb5cc6adfddc749621cae2e44fa8824fefec0212534f9e91fc5220bc27462aa4,0.6862029731273651,0.6862029731273651,0.0
4320,e44e4854e1bf9642aae663686a8bb98a7656fb3262a6e979a8d9515aad693fb1,0.6101349890232086,0.6101349890232086,0.0
4321,24cc7d76b134a80a7ff829e5eaf44ac696a516cb01088a06110fd378a84fec8d,0.5576176643371582,0.5576176643371582,0.0
4322,c5885f391247d5d06e1641fd5484fa3e1e5365a2ce0cede7a70539492720b916,0.6425194144248962,0.6425194144248962,0.0
4323,35c0698f7e4e8fe1461890d349c85263bc616bfde2f3ecda98e8090293c8a8fd,0.6287523806095123,0.6287523806095123,0.0
4324,3791993bf6def85b9f8f4d6aa39b3876fa511b999a1850dfbbaee98a72c974e0,0.5473960638046265,0.5473960638046265,0.0
4325,5c09c2a70263439cbe496d6b6d5b011a4be99885aba2361a37b1e8367c31c6ea,0.5589057803153992,0.5589057803153992,0.0
4326,34927ec357cfc5b2040fcda1cbf9c036d3647089f3c30cde78d554ca208dd8ba,0.5890529453754425,0.5890529453754425,0.0
4327,7f8db5a78ebb8d4a7dd65a1ace753d0aa670d5da0cba324aaaf4c8c1a5ddc33d,0.645328551530838,0.645328551530838,0.0
4328,f3061e4a2b4807ff408ff62ff84402561534695b9811ae272317d13109d4fef2,0.633631706237793,0.633631706237793,0.0
4329,9f74e7ee913c870f004016832ae06263d8d01d7020dd527cf99b38c14e2c5caf,0.595030665397644,0.595030665397644,0.0
4330,86508efa118b42983bc3b15bc3ebc519d13ac5acf88047867c63044a9e850cac,0.6373913586139679,0.6373913586139679,0.0
4331,16079ffd22cca44a648076f451d8029032f745515bd197ddaedf06a85fba132c,0.6530696749687195,0.6530696749687195,0.0
4332,d4299e6578fe42a45498f2b4e2776b02991df6a1eed266adc3d1c432544f4ded,0.6922619044780731,0.6922619044780731,0.0
4333,4859dd989a9f13506765e28945a4c2b19b0130b8b5596d980b11b508e68fdaac,0.599590003490448,0.599590003490448,0.0
4334,ef9a9e6d14878f074c2ce1db0ae4c71388173b706b8190c3a898a205d2352689,0.6188121140003204,0.6188121140003204,0.0
4335,d3a8180f26c0761d160a8af493fd66cb1489b3664e7e75ad57948633ec03cbd1,0.6049613356590271,0.6049613356590271,0.0
4336,9e8416247790bcb1f827f58bf54779ed7e016c6c2936755034bbd7c8688c6739,0.6310864090919495,0.6310864090919495,0.0
4337,9c9f6e36bb365271489bbd2df74363af5afe2d19fee08292ff7c3f553dc694b7,0.6516926288604736,0.6516926288604736,0.0
4338,3fcd5f872017d091c9b9b490cc6fd96bd4655244237ddbde1621f22d81de8c1c,0.5918194651603699,0.5918194651603699,0.0
4339,4797610c3691a82c86f5ea02d89117fc484f74008dfc63723c529494f16c5213,0.5109726190567017,0.5109726190567017,0.0
4340,4797610c3691a82c86f5ea02d89117fc484f74008dfc63723c529494f16c5213,0.5109726190567017,0.5109726190567017,0.0
4341,c7b4a0fbbcfc043fc2f53908831481916ea6b4770ff3d36c531ccd8ca6016728,0.5223684906959534,0.5223684906959534,0.0
4342,a7c63b697cde29f6713340568da69f8d78ee31809a417bf78298619572172fbb,0.5067550241947174,0.5067550241947174,0.0
4343,a7c63b697cde29f6713340568da69f8d78ee31809a417bf78298619572172fbb,0.5067550241947174,0.5067550241947174,0.0
4344,fb2070823160aa97beca211077c23e397cf596b711916c1b8e424035be32d643,0.529625654220581,0.529625654220581,0.0
4345,cc8d61f7e0251e43e5d8ca79af2cdda41cad6d99848fa626340daa80afa81c50,0.6083518266677856,0.6083518266677856,0.0
4346,cc8d61f7e0251e43e5d8ca79af2cdda41cad6d99848fa626340daa80afa81c50,0.6083518266677856,0.6083518266677856,0.0
4347,30b19549e4137be458318a670ff67dc92fe2ee414162c538fa4c69a631bc737a,0.5742993950843811,0.5742993950843811,0.0
4348,0cb8e96a4939b28f64bc0525c7f31c7594d773687938e97d2136e7d18b0adddc,0.6533255279064178,0.6533255279064178,0.0
4349,0cb8e96a4939b28f64bc0525c7f31c7594d773687938e97d2136e7d18b0adddc,0.6533255279064178,0.6533255279064178,0.0
4350,b63cb2795b68c2350fd2d99d46e89e302f3f2f3399c848c87b4e8dd1ffb9f916,0.7173836827278137,0.7173836827278137,0.0
4351,03828d4dbbfc37824e2949a90b43ce81d8fe9e925ad950ac22d2ed73444cde19,0.5903007388114929,0.5903007388114929,0.0
4352,03828d4dbbfc37824e2949a90b43ce81d8fe9e925ad950ac22d2ed73444cde19,0.5903007388114929,0.5903007388114929,0.0
4353,28fc0397973f7aa9ca3d30e435964d297308cd928a24503bc8de5de551f767b6,0.5767276585102081,0.5767276585102081,0.0
4354,42fe590e0119704ef2afbb26deab9d0e744f0015720f0ebce9232b83254cb7db,0.6553690135478973,0.6553690135478973,0.0
4355,42fe590e0119704ef2afbb26deab9d0e744f0015720f0ebce9232b83254cb7db,0.6553690135478973,0.6553690135478973,0.0
4356,e0deb9d1a20321478523aadd412355e0803fcd46e354eace7a1d66a90e0639ca,0.6344912648200989,0.6344912648200989,0.0
4357,ede62161e767eb8a128d8591d8f0822914246512f016b8485583df0c97dd9b5d,0.6355510950088501,0.6355510950088501,0.0
4358,ede62161e767eb8a128d8591d8f0822914246512f016b8485583df0c97dd9b5d,0.6355510950088501,0.6355510950088501,0.0
4359,2e42b88ce49d69819a27a089591344f998159dc89352f299fd5f0288c9e4181c,0.7572187930345535,0.7572187930345535,0.0
4360,8e273ddf30308e99e01a0bd0b1f4887b8c7efafe92e77689e9002a81004f6f71,0.7466147541999817,0.7466147541999817,0.0
4361,500118535eb5d717f5a28f7b6f80adb070184d1a65b3df746470d341e91b804f,0.7361962497234344,0.7361962497234344,0.0
4362,ef6c02f13ff6e39c0a1243d4113efe6be8c634cc517433a2e99e0781390ed3b5,0.6307750046253204,0.6307750046253204,0.0
4363,4ecd039db07c77a74d28e35ad555603fc8765596c1f10dd8d4582c78ed264fac,0.5119142234325409,0.5119142234325409,0.0
4364,d72ee3ea11359539bf314dc4df07175eaf2e91e454562574378d65547bf83924,0.5372750759124756,0.5372750759124756,0.0
4365,0b9d7dccf694f0e20b19cf68dd7edf1cae84a5abea7ac556d5963afa4635fa37,0.4545007944107055,0.45450079441070557,5.551115123125783e-17
4366,d4728a4abf96c2669e8b655f0bb1987b667c41e7762b2793507642b357b31eae,0.6418749988079071,0.6418749988079071,0.0
4367,65500c547e7af21eba89a9e18503248effe9dd47e1c0eba8ecc39af2b6d358b5,0.6341713666915894,0.6341713666915894,0.0
4368,579ae514a4944e898808737ddda56f62c28bea5f2022332e40229b494d1fe145,0.6232103109359741,0.6232103109359741,0.0
4369,e74fa4fe15a54221f2132437d3c2c1ab1b6bd1b8bd13d5f6b1e2a5fb1c06cb4c,0.5540738105773926,0.5540738105773926,0.0
4370,99325c9a1a0668e8a18d20455f3f6cdcb041be821b2b45440dddfbbade92c3d8,0.5256737768650055,0.5256737768650055,0.0
4371,1509c7a199bb4cb6712196cb2cbb2a127f29882be7c8068eed759a4d1936a8c0,0.552584171295166,0.552584171295166,0.0
4372,caece7f54666c5c22cc0177763f9e170449a1712414589ff01374768315d8d4a,0.53133824467659,0.53133824467659,0.0
4373,95ef990b36ce3e691f7f6cdd8cf50db2224840da3216b9934805836b6c501ffd,0.4863611459732055,0.48636114597320557,5.551115123125783e-17
4374,4bf947926f6acb7b3b42fdf9fed6d42dec910674a41f860886ec6bf7c0a1705c,0.5307970941066742,0.5307970941066742,0.0
4375,03fdfc2eed45255e9348959b70699c3afa1d9d53b9ba96f171577b4a272c1679,0.6311959326267242,0.6311959326267242,0.0
4376,a40e59bbde8fe952708649bf93ad919c0105c97c28bf9088dcf3435b92e2cf45,0.6291235387325287,0.6291235387325287,0.0
4377,df285a58cc5ec05d2ad9f98f9a45f0ac7ae1129fc4d82d9247ab7f80320ef970,0.5654527246952057,0.5654527246952057,0.0
4378,e329dd0d481bf33f9c5c835f22e68877dce702ecf8235aeb73736c1ee10b2dc3,0.6021875143051147,0.6021875143051147,0.0
4379,515311b3825d6735931cd9a4fd90610af39b693841b19a175048c838dbb72cf6,0.4949337244033813,0.49493372440338135,5.551115123125783e-17
4380,071790c0eab4308d8ff3536cf47bb554085c3fdfba3234205ea2687072bc7e58,0.5623862743377686,0.5623862743377686,0.0
4381,d3ce3cca4e406056b1e9a33b73589e674c8c473f0b23de73124049832a35b540,0.6481956839561462,0.6481956839561462,0.0
4382,b1e319d05abf4ca6706d34654ebd223fa13d20e7f46b3d1e126016f8ebe93d7f,0.6355413794517517,0.6355413794517517,0.0
4383,704ec3bca4991ae590f660e083725dda79ac71ff1cb46a5aa3306f205e57a2d5,0.6473213136196136,0.6473213136196136,0.0
4384,3b2190b792334c4cdccf6512e3c2b4af26192a20631af0d22f5653d764a00411,0.656080424785614,0.656080424785614,0.0
4385,2da0034cbbc150529eb06e9deb0a67cb8e9c70d44f10cfd41367c395a978ef2c,0.623818576335907,0.623818576335907,0.0
4386,7fabbd733e99be2d6a0d8954b800eff0af6bacbd1a4f6814b3f90fc6ba9c501e,0.53986856341362,0.53986856341362,0.0
4387,77c13a2d4d4b4dbf872dfecbd7c15dc35b3c145cc0e21db1bc0ee95dd02b786b,0.7091275155544281,0.7091275155544281,0.0
4388,512578dadc6da4cca4bea1f5c2c68c4f939ab778536ffcdd5d0000cfb0db6d92,0.7083530426025391,0.7083530426025391,0.0
4389,09c7196aa4de03f5991851e5d686b6cbf39b99b3b4ce65dd6a6a46e95f0a2234,0.6746698021888733,0.6746698021888733,0.0
4390,c332b4477012418567b64bfc26ab36b52ab70b11f511a6340cb9f0e66af55528,0.5733614563941956,0.5733614563941956,0.0
4391,4bd9131559b88e6de77b3edea50ba50314df3dd039868c5d7742a0597488dc0b,0.6454384326934814,0.6454384326934814,0.0
4392,b3da2779c64a6552232a5a3d14a4e5545ccee2592e317b00e24b1cf288a3435c,0.5194415152072906,0.5194415152072906,0.0
4393,b2d46b28c2bd7e531afbf2f933c367a98bba929e8abe03655d3b9cbf42b33bf1,0.7413493096828461,0.7413493096828461,0.0
4394,ea868d9f79a991f552371e70d1699d692579cf84c0a02fde65201c2744f67939,0.7239482402801514,0.7239482402801514,0.0
4395,4b128410da2b5a5995946fa808ec6af19721d5e6adc3cdecec1a288c5b3dc29d,0.5500437021255493,0.5500437021255493,0.0
4396,c1bc9f0998a905ee040e0030438cb0cf776654ad3659399c970cd955577989c5,0.4432389140129089,0.44323891401290894,5.551115123125783e-17
4397,b9337534642e6de7926c0e655b75d5ee3b11ca8b073d51c803363ba4dab7b480,0.4635007381439209,0.4635007381439209,0.0
4398,ed1992cbcb576aba3235985ab6a997f61c0881682d4720b683c8beb1a8e2750f,0.524536520242691,0.524536520242691,0.0
4399,536e1a4b9a36a11173a104b768264330081db2a88f3523be4b117c27edb02ad5,0.6490735113620758,0.6490735113620758,0.0
4400,894a5b4fefbbc27194a3900e9b76a8cbd6df4a60aaf04f29ba969a8d1311192a,0.5929625034332275,0.5929625034332275,0.0
4401,e7c208566d3d12cd2fcd47714a43f8e0dae1e98f5545eff40a221cb573b44556,0.5182533264160156,0.5182533264160156,0.0
4402,a95e383e9df673806cae5dee39eb098f43250d067abce74e69a64e3b95603a86,0.611908346414566,0.611908346414566,0.0
4403,89a27bb9a5db82d484d7ad53f515ba3970751aeddea3db62dac15bbe212dee60,0.6200948059558868,0.6200948059558868,0.0
4404,59b455a5c1c0cb808a63eb885db1b961815935b8c7cd1610c60c4d6f2e2928e0,0.5879085659980774,0.5879085659980774,0.0
4405,1f1323d46120a5191588295b51486c38d68f46c6499267fa1ec99178a29e22a2,0.6599501371383667,0.6599501371383667,0.0
4406,a687a92a45118c3c1ed5bb45e8e0eda8d2feaa0395425cc2dccb259b3aa4c848,0.6038898825645447,0.6038898825645447,0.0
4407,63f40b5e88b18c6c537bc39b24deb5592b7c529dda2f8bdf5a9d4564494479b2,0.6015981137752533,0.6015981137752533,0.0
4408,f57ec5b5203e3822190a359157b5e620be46826f1b770832987c5ec6a6cac148,0.5687628984451294,0.5687628984451294,0.0
4409,eb5cc6adfddc749621cae2e44fa8824fefec0212534f9e91fc5220bc27462aa4,0.6862029731273651,0.6862029731273651,0.0
4410,e44e4854e1bf9642aae663686a8bb98a7656fb3262a6e979a8d9515aad693fb1,0.6101349890232086,0.6101349890232086,0.0
4411,24cc7d76b134a80a7ff829e5eaf44ac696a516cb01088a06110fd378a84fec8d,0.5576176643371582,0.5576176643371582,0.0
4412,c5885f391247d5d06e1641fd5484fa3e1e5365a2ce0cede7a70539492720b916,0.6425194144248962,0.6425194144248962,0.0
4413,35c0698f7e4e8fe1461890d349c85263bc616bfde2f3ecda98e8090293c8a8fd,0.6287523806095123,0.6287523806095123,0.0
4414,3791993bf6def85b9f8f4d6aa39b3876fa511b999a1850dfbbaee98a72c974e0,0.5473960638046265,0.5473960638046265,0.0
4415,5c09c2a70263439cbe496d6b6d5b011a4be99885aba2361a37b1e8367c31c6ea,0.5589057803153992,0.5589057803153992,0.0
4416,34927ec357cfc5b2040fcda1cbf9c036d3647089f3c30cde78d554ca208dd8ba,0.5890529453754425,0.5890529453754425,0.0
4417,7f8db5a78ebb8d4a7dd65a1ace753d0aa670d5da0cba324aaaf4c8c1a5ddc33d,0.645328551530838,0.645328551530838,0.0
4418,f3061e4a2b4807ff408ff62ff84402561534695b9811ae272317d13109d4fef2,0.633631706237793,0.633631706237793,0.0
4419,9f74e7ee913c870f004016832ae06263d8d01d7020dd527cf99b38c14e2c5caf,0.595030665397644,0.595030665397644,0.0
4420,86508efa118b42983bc3b15bc3ebc519d13ac5acf88047867c63044a9e850cac,0.6373913586139679,0.6373913586139679,0.0
4421,16079ffd22cca44a648076f451d8029032f745515bd197ddaedf06a85fba132c,0.6530696749687195,0.6530696749687195,0.0
4422,d4299e6578fe42a45498f2b4e2776b02991df6a1eed266adc3d1c432544f4ded,0.6922619044780731,0.6922619044780731,0.0
4423,4859dd989a9f13506765e28945a4c2b19b0130b8b5596d980b11b508e68fdaac,0.599590003490448,0.599590003490448,0.0
4424,ef9a9e6d14878f074c2ce1db0ae4c71388173b706b8190c3a898a205d2352689,0.6188121140003204,0.6188121140003204,0.0
4425,d3a8180f26c0761d160a8af493fd66cb1489b3664e7e75ad57948633ec03cbd1,0.6049613356590271,0.6049613356590271,0.0
4426,9e8416247790bcb1f827f58bf54779ed7e016c6c2936755034bbd7c8688c6739,0.6310864090919495,0.6310864090919495,0.0
4427,9c9f6e36bb365271489bbd2df74363af5afe2d19fee08292ff7c3f553dc694b7,0.6516926288604736,0.6516926288604736,0.0
4428,3fcd5f872017d091c9b9b490cc6fd96bd4655244237ddbde1621f22d81de8c1c,0.5918194651603699,0.5918194651603699,0.0
4429,4797610c3691a82c86f5ea02d89117fc484f74008dfc63723c529494f16c5213,0.5109726190567017,0.5109726190567017,0.0
4430,4797610c3691a82c86f5ea02d89117fc484f74008dfc63723c529494f16c5213,0.5109726190567017,0.5109726190567017,0.0
4431,c7b4a0fbbcfc043fc2f53908831481916ea6b4770ff3d36c531ccd8ca6016728,0.5223684906959534,0.5223684906959534,0.0
4432,a7c63b697cde29f6713340568da69f8d78ee31809a417bf78298619572172fbb,0.5067550241947174,0.5067550241947174,0.0
4433,a7c63b697cde29f6713340568da69f8d78ee31809a417bf78298619572172fbb,0.5067550241947174,0.5067550241947174,0.0
4434,fb2070823160aa97beca211077c23e397cf596b711916c1b8e424035be32d643,0.529625654220581,0.529625654220581,0.0
4435,cc8d61f7e0251e43e5d8ca79af2cdda41cad6d99848fa626340daa80afa81c50,0.6083518266677856,0.6083518266677856,0.0
4436,cc8d61f7e0251e43e5d8ca79af2cdda41cad6d99848fa626340daa80afa81c50,0.6083518266677856,0.6083518266677856,0.0
4437,30b19549e4137be458318a670ff67dc92fe2ee414162c538fa4c69a631bc737a,0.5742993950843811,0.5742993950843811,0.0
4438,0cb8e96a4939b28f64bc0525c7f31c7594d773687938e97d2136e7d18b0adddc,0.6533255279064178,0.6533255279064178,0.0
4439,0cb8e96a4939b28f64bc0525c7f31c7594d773687938e97d2136e7d18b0adddc,0.6533255279064178,0.6533255279064178,0.0
4440,b63cb2795b68c2350fd2d99d46e89e302f3f2f3399c848c87b4e8dd1ffb9f916,0.7173836827278137,0.7173836827278137,0.0
4441,03828d4dbbfc37824e2949a90b43ce81d8fe9e925ad950ac22d2ed73444cde19,0.5903007388114929,0.5903007388114929,0.0
4442,03828d4dbbfc37824e2949a90b43ce81d8fe9e925ad950ac22d2ed73444cde19,0.5903007388114929,0.5903007388114929,0.0
4443,28fc0397973f7aa9ca3d30e435964d297308cd928a24503bc8de5de551f767b6,0.5767276585102081,0.5767276585102081,0.0
4444,42fe590e0119704ef2afbb26deab9d0e744f0015720f0ebce9232b83254cb7db,0.6553690135478973,0.6553690135478973,0.0
4445,42fe590e0119704ef2afbb26deab9d0e744f0015720f0ebce9232b83254cb7db,0.6553690135478973,0.6553690135478973,0.0
4446,e0deb9d1a20321478523aadd412355e0803fcd46e354eace7a1d66a90e0639ca,0.6344912648200989,0.6344912648200989,0.0
4447,ede62161e767eb8a128d8591d8f0822914246512f016b8485583df0c97dd9b5d,0.6355510950088501,0.6355510950088501,0.0
4448,ede62161e767eb8a128d8591d8f0822914246512f016b8485583df0c97dd9b5d,0.6355510950088501,0.6355510950088501,0.0
4449,2e42b88ce49d69819a27a089591344f998159dc89352f299fd5f0288c9e4181c,0.7572187930345535,0.7572187930345535,0.0
4450,8e273ddf30308e99e01a0bd0b1f4887b8c7efafe92e77689e9002a81004f6f71,0.7466147541999817,0.7466147541999817,0.0
4451,500118535eb5d717f5a28f7b6f80adb070184d1a65b3df746470d341e91b804f,0.7361962497234344,0.7361962497234344,0.0
4452,ef6c02f13ff6e39c0a1243d4113efe6be8c634cc517433a2e99e0781390ed3b5,0.6307750046253204,0.6307750046253204,0.0
4453,4ecd039db07c77a74d28e35ad555603fc8765596c1f10dd8d4582c78ed264fac,0.5119142234325409,0.5119142234325409,0.0
4454,d72ee3ea11359539bf314dc4df07175eaf2e91e454562574378d65547bf83924,0.5372750759124756,0.5372750759124756,0.0
4455,0b9d7dccf694f0e20b19cf68dd7edf1cae84a5abea7ac556d5963afa4635fa37,0.4545007944107055,0.45450079441070557,5.551115123125783e-17
4456,d4728a4abf96c2669e8b655f0bb1987b667c41e7762b2793507642b357b31eae,0.6418749988079071,0.6418749988079071,0.0
4457,65500c547e7af21eba89a9e18503248effe9dd47e1c0eba8ecc39af2b6d358b5,0.6341713666915894,0.6341713666915894,0.0
4458,579ae514a4944e898808737ddda56f62c28bea5f2022332e40229b494d1fe145,0.6232103109359741,0.6232103109359741,0.0
4459,e74fa4fe15a54221f2132437d3c2c1ab1b6bd1b8bd13d5f6b1e2a5fb1c06cb4c,0.5540738105773926,0.5540738105773926,0.0
4460,99325c9a1a0668e8a18d20455f3f6cdcb041be821b2b45440dddfbbade92c3d8,0.5256737768650055,0.5256737768650055,0.0
4461,1509c7a199bb4cb6712196cb2cbb2a127f29882be7c8068eed759a4d1936a8c0,0.552584171295166,0.552584171295166,0.0
4462,caece7f54666c5c22cc0177763f9e170449a1712414589ff01374768315d8d4a,0.53133824467659,0.53133824467659,0.0
4463,95ef990b36ce3e691f7f6cdd8cf50db2224840da3216b9934805836b6c501ffd,0.4863611459732055,0.48636114597320557,5.551115123125783e-17
4464,4bf947926f6acb7b3b42fdf9fed6d42dec910674a41f860886ec6bf7c0a1705c,0.5307970941066742,0.5307970941066742,0.0
4465,03fdfc2eed45255e9348959b70699c3afa1d9d53b9ba96f171577b4a272c1679,0.6311959326267242,0.6311959326267242,0.0
4466,a40e59bbde8fe952708649bf93ad919c0105c97c28bf9088dcf3435b92e2cf45,0.6291235387325287,0.6291235387325287,0.0
4467,df285a58cc5ec05d2ad9f98f9a45f0ac7ae1129fc4d82d9247ab7f80320ef970,0.5654527246952057,0.5654527246952057,0.0
4468,e329dd0d481bf33f9c5c835f22e68877dce702ecf8235aeb73736c1ee10b2dc3,0.6021875143051147,0.6021875143051147,0.0
4469,515311b3825d6735931cd9a4fd90610af39b693841b19a175048c838dbb72cf6,0.4949337244033813,0.49493372440338135,5.551115123125783e-17
4470,071790c0eab4308d8ff3536cf47bb554085c3fdfba3234205ea2687072bc7e58,0.5623862743377686,0.5623862743377686,0.0
4471,d3ce3cca4e406056b1e9a33b73589e674c8c473f0b23de73124049832a35b540,0.6481956839561462,0.6481956839561462,0.0
4472,b1e319d05abf4ca6706d34654ebd223fa13d20e7f46b3d1e126016f8ebe93d7f,0.6355413794517517,0.6355413794517517,0.0
4473,704ec3bca4991ae590f660e083725dda79ac71ff1cb46a5aa3306f205e57a2d5,0.6473213136196136,0.6473213136196136,0.0
4474,3b2190b792334c4cdccf6512e3c2b4af26192a20631af0d22f5653d764a00411,0.656080424785614,0.656080424785614,0.0
4475,2da0034cbbc150529eb06e9deb0a67cb8e9c70d44f10cfd41367c395a978ef2c,0.623818576335907,0.623818576335907,0.0
4476,7fabbd733e99be2d6a0d8954b800eff0af6bacbd1a4f6814b3f90fc6ba9c501e,0.53986856341362,0.53986856341362,0.0
4477,77c13a2d4d4b4dbf872dfecbd7c15dc35b3c145cc0e21db1bc0ee95dd02b786b,0.7091275155544281,0.7091275155544281,0.0
4478,512578dadc6da4cca4bea1f5c2c68c4f939ab778536ffcdd5d0000cfb0db6d92,0.7083530426025391,0.7083530426025391,0.0
4479,09c7196aa4de03f5991851e5d686b6cbf39b99b3b4ce65dd6a6a46e95f0a2234,0.6746698021888733,0.6746698021888733,0.0
4480,c332b4477012418567b64bfc26ab36b52ab70b11f511a6340cb9f0e66af55528,0.5733614563941956,0.5733614563941956,0.0
4481,4bd9131559b88e6de77b3edea50ba50314df3dd039868c5d7742a0597488dc0b,0.6454384326934814,0.6454384326934814,0.0
4482,b3da2779c64a6552232a5a3d14a4e5545ccee2592e317b00e24b1cf288a3435c,0.5194415152072906,0.5194415152072906,0.0
4483,b2d46b28c2bd7e531afbf2f933c367a98bba929e8abe03655d3b9cbf42b33bf1,0.7413493096828461,0.7413493096828461,0.0
4484,ea868d9f79a991f552371e70d1699d692579cf84c0a02fde65201c2744f67939,0.7239482402801514,0.7239482402801514,0.0
4485,4b128410da2b5a5995946fa808ec6af19721d5e6adc3cdecec1a288c5b3dc29d,0.5500437021255493,0.5500437021255493,0.0
4486,c1bc9f0998a905ee040e0030438cb0cf776654ad3659399c970cd955577989c5,0.4432389140129089,0.44323891401290894,5.551115123125783e-17
4487,b9337534642e6de7926c0e655b75d5ee3b11ca8b073d51c803363ba4dab7b480,0.4635007381439209,0.4635007381439209,0.0
4488,ed1992cbcb576aba3235985ab6a997f61c0881682d4720b683c8beb1a8e2750f,0.524536520242691,0.524536520242691,0.0
4489,536e1a4b9a36a11173a104b768264330081db2a88f3523be4b117c27edb02ad5,0.6490735113620758,0.6490735113620758,0.0
4490,894a5b4fefbbc27194a3900e9b76a8cbd6df4a60aaf04f29ba969a8d1311192a,0.5929625034332275,0.5929625034332275,0.0
4491,e7c208566d3d12cd2fcd47714a43f8e0dae1e98f5545eff40a221cb573b44556,0.5182533264160156,0.5182533264160156,0.0
4492,a95e383e9df673806cae5dee39eb098f43250d067abce74e69a64e3b95603a86,0.611908346414566,0.611908346414566,0.0
4493,89a27bb9a5db82d484d7ad53f515ba3970751aeddea3db62dac15bbe212dee60,0.6200948059558868,0.6200948059558868,0.0
4494,59b455a5c1c0cb808a63eb885db1b961815935b8c7cd1610c60c4d6f2e2928e0,0.5879085659980774,0.5879085659980774,0.0
4495,1f1323d46120a5191588295b51486c38d68f46c6499267fa1ec99178a29e22a2,0.6599501371383667,0.6599501371383667,0.0
4496,a687a92a45118c3c1ed5bb45e8e0eda8d2feaa0395425cc2dccb259b3aa4c848,0.6038898825645447,0.6038898825645447,0.0
4497,63f40b5e88b18c6c537bc39b24deb5592b7c529dda2f8bdf5a9d4564494479b2,0.6015981137752533,0.6015981137752533,0.0
4498,f57ec5b5203e3822190a359157b5e620be46826f1b770832987c5ec6a6cac148,0.5687628984451294,0.5687628984451294,0.0
4499,eb5cc6adfddc749621cae2e44fa8824fefec0212534f9e91fc5220bc27462aa4,0.6862029731273651,0.6862029731273651,0.0
4500,e44e4854e1bf9642aae663686a8bb98a7656fb3262a6e979a8d9515aad693fb1,0.6101349890232086,0.6101349890232086,0.0
4501,24cc7d76b134a80a7ff829e5eaf44ac696a516cb01088a06110fd378a84fec8d,0.5576176643371582,0.5576176643371582,0.0
4502,c5885f391247d5d06e1641fd5484fa3e1e5365a2ce0cede7a70539492720b916,0.6425194144248962,0.6425194144248962,0.0
4503,35c0698f7e4e8fe1461890d349c85263bc616bfde2f3ecda98e8090293c8a8fd,0.6287523806095123,0.6287523806095123,0.0
4504,3791993bf6def85b9f8f4d6aa39b3876fa511b999a1850dfbbaee98a72c974e0,0.5473960638046265,0.5473960638046265,0.0
4505,5c09c2a70263439cbe496d6b6d5b011a4be99885aba2361a37b1e8367c31c6ea,0.5589057803153992,0.5589057803153992,0.0
4506,34927ec357cfc5b2040fcda1cbf9c036d3647089f3c30cde78d554ca208dd8ba,0.5890529453754425,0.5890529453754425,0.0
4507,7f8db5a78ebb8d4a7dd65a1ace753d0aa670d5da0cba324aaaf4c8c1a5ddc33d,0.645328551530838,0.645328551530838,0.0
4508,f3061e4a2b4807ff408ff62ff84402561534695b9811ae272317d13109d4fef2,0.633631706237793,0.633631706237793,0.0
4509,9f74e7ee913c870f004016832ae06263d8d01d7020dd527cf99b38c14e2c5caf,0.595030665397644,0.595030665397644,0.0
4510,86508efa118b42983bc3b15bc3ebc519d13ac5acf88047867c63044a9e850cac,0.6373913586139679,0.6373913586139679,0.0
4511,16079ffd22cca44a648076f451d8029032f745515bd197ddaedf06a85fba132c,0.6530696749687195,0.6530696749687195,0.0
4512,d4299e6578fe42a45498f2b4e2776b02991df6a1eed266adc3d1c432544f4ded,0.6922619044780731,0.6922619044780731,0.0
4513,4859dd989a9f13506765e28945a4c2b19b0130b8b5596d980b11b508e68fdaac,0.599590003490448,0.599590003490448,0.0
4514,ef9a9e6d14878f074c2ce1db0ae4c71388173b706b8190c3a898a205d2352689,0.6188121140003204,0.6188121140003204,0.0
4515,d3a8180f26c0761d160a8af493fd66cb1489b3664e7e75ad57948633ec03cbd1,0.6049613356590271,0.6049613356590271,0.0
4516,9e8416247790bcb1f827f58bf54779ed7e016c6c2936755034bbd7c8688c6739,0.6310864090919495,0.6310864090919495,0.0
4517,9c9f6e36bb365271489bbd2df74363af5afe2d19fee08292ff7c3f553dc694b7,0.6516926288604736,0.6516926288604736,0.0
4518,3fcd5f872017d091c9b9b490cc6fd96bd4655244237ddbde1621f22d81de8c1c,0.5918194651603699,0.5918194651603699,0.0
4519,4797610c3691a82c86f5ea02d89117fc484f74008dfc63723c529494f16c5213,0.5109726190567017,0.5109726190567017,0.0
4520,4797610c3691a82c86f5ea02d89117fc484f74008dfc63723c529494f16c5213,0.5109726190567017,0.5109726190567017,0.0
4521,c7b4a0fbbcfc043fc2f53908831481916ea6b4770ff3d36c531ccd8ca6016728,0.5223684906959534,0.5223684906959534,0.0
4522,a7c63b697cde29f6713340568da69f8d78ee31809a417bf78298619572172fbb,0.5067550241947174,0.5067550241947174,0.0
4523,a7c63b697cde29f6713340568da69f8d78ee31809a417bf78298619572172fbb,0.5067550241947174,0.5067550241947174,0.0
4524,fb2070823160aa97beca211077c23e397cf596b711916c1b8e424035be32d643,0.529625654220581,0.529625654220581,0.0
4525,cc8d61f7e0251e43e5d8ca79af2cdda41cad6d99848fa626340daa80afa81c50,0.6083518266677856,0.6083518266677856,0.0
4526,cc8d61f7e0251e43e5d8ca79af2cdda41cad6d99848fa626340daa80afa81c50,0.6083518266677856,0.6083518266677856,0.0
4527,30b19549e4137be458318a670ff67dc92fe2ee414162c538fa4c69a631bc737a,0.5742993950843811,0.5742993950843811,0.0
4528,0cb8e96a4939b28f64bc0525c7f31c7594d773687938e97d2136e7d18b0adddc,0.6533255279064178,0.6533255279064178,0.0
4529,0cb8e96a4939b28f64bc0525c7f31c7594d773687938e97d2136e7d18b0adddc,0.6533255279064178,0.6533255279064178,0.0
4530,b63cb2795b68c2350fd2d99d46e89e302f3f2f3399c848c87b4e8dd1ffb9f916,0.7173836827278137,0.7173836827278137,0.0
4531,03828d4dbbfc37824e2949a90b43ce81d8fe9e925ad950ac22d2ed73444cde19,0.5903007388114929,0.5903007388114929,0.0
4532,03828d4dbbfc37824e2949a90b43ce81d8fe9e925ad950ac22d2ed73444cde19,0.5903007388114929,0.5903007388114929,0.0
4533,28fc0397973f7aa9ca3d30e435964d297308cd928a24503bc8de5de551f767b6,0.5767276585102081,0.5767276585102081,0.0
4534,42fe590e0119704ef2afbb26deab9d0e744f0015720f0ebce9232b83254cb7db,0.6553690135478973,0.6553690135478973,0.0
4535,42fe590e0119704ef2afbb26deab9d0e744f0015720f0ebce9232b83254cb7db,0.6553690135478973,0.6553690135478973,0.0
4536,e0deb9d1a20321478523aadd412355e0803fcd46e354eace7a1d66a90e0639ca,0.6344912648200989,0.6344912648200989,0.0
4537,ede62161e767eb8a128d8591d8f0822914246512f016b8485583df0c97dd9b5d,0.6355510950088501,0.6355510950088501,0.0
4538,ede62161e767eb8a128d8591d8f0822914246512f016b8485583df0c97dd9b5d,0.6355510950088501,0.6355510950088501,0.0
4539,2e42b88ce49d69819a27a089591344f998159dc89352f299fd5f0288c9e4181c,0.7572187930345535,0.7572187930345535,0.0
4540,8e273ddf30308e99e01a0bd0b1f4887b8c7efafe92e77689e9002a81004f6f71,0.7466147541999817,0.7466147541999817,0.0
4541,500118535eb5d717f5a28f7b6f80adb070184d1a65b3df746470d341e91b804f,0.7361962497234344,0.7361962497234344,0.0
4542,ef6c02f13ff6e39c0a1243d4113efe6be8c634cc517433a2e99e0781390ed3b5,0.6307750046253204,0.6307750046253204,0.0
4543,4ecd039db07c77a74d28e35ad555603fc8765596c1f10dd8d4582c78ed264fac,0.5119142234325409,0.5119142234325409,0.0
4544,d72ee3ea11359539bf314dc4df07175eaf2e91e454562574378d65547bf83924,0.5372750759124756,0.5372750759124756,0.0
4545,0b9d7dccf694f0e20b19cf68dd7edf1cae84a5abea7ac556d5963afa4635fa37,0.4545007944107055,0.45450079441070557,5.551115123125783e-17
4546,d4728a4abf96c2669e8b655f0bb1987b667c41e7762b2793507642b357b31eae,0.6418749988079071,0.6418749988079071,0.0
4547,65500c547e7af21eba89a9e18503248effe9dd47e1c0eba8ecc39af2b6d358b5,0.6341713666915894,0.6341713666915894,0.0
4548,579ae514a4944e898808737ddda56f62c28bea5f2022332e40229b494d1fe145,0.6232103109359741,0.6232103109359741,0.0
4549,e74fa4fe15a54221f2132437d3c2c1ab1b6bd1b8bd13d5f6b1e2a5fb1c06cb4c,0.5540738105773926,0.5540738105773926,0.0
4550,99325c9a1a0668e8a18d20455f3f6cdcb041be821b2b45440dddfbbade92c3d8,0.5256737768650055,0.5256737768650055,0.0
4551,1509c7a199bb4cb6712196cb2cbb2a127f29882be7c8068eed759a4d1936a8c0,0.552584171295166,0.552584171295166,0.0
4552,caece7f54666c5c22cc0177763f9e170449a1712414589ff01374768315d8d4a,0.53133824467659,0.53133824467659,0.0
4553,95ef990b36ce3e691f7f6cdd8cf50db2224840da3216b9934805836b6c501ffd,0.4863611459732055,0.48636114597320557,5.551115123125783e-17
4554,4bf947926f6acb7b3b42fdf9fed6d42dec910674a41f860886ec6bf7c0a1705c,0.5307970941066742,0.5307970941066742,0.0
4555,03fdfc2eed45255e9348959b70699c3afa1d9d53b9ba96f171577b4a272c1679,0.6311959326267242,0.6311959326267242,0.0
4556,a40e59bbde8fe952708649bf93ad919c0105c97c28bf9088dcf3435b92e2cf45,0.6291235387325287,0.6291235387325287,0.0
4557,df285a58cc5ec05d2ad9f98f9a45f0ac7ae1129fc4d82d9247ab7f80320ef970,0.5654527246952057,0.5654527246952057,0.0
4558,e329dd0d481bf33f9c5c835f22e68877dce702ecf8235aeb73736c1ee10b2dc3,0.6021875143051147,0.6021875143051147,0.0
4559,515311b3825d6735931cd9a4fd90610af39b693841b19a175048c838dbb72cf6,0.4949337244033813,0.49493372440338135,5.551115123125783e-17
4560,071790c0eab4308d8ff3536cf47bb554085c3fdfba3234205ea2687072bc7e58,0.5623862743377686,0.5623862743377686,0.0
4561,d3ce3cca4e406056b1e9a33b73589e674c8c473f0b23de73124049832a35b540,0.6481956839561462,0.6481956839561462,0.0
4562,b1e319d05abf4ca6706d34654ebd223fa13d20e7f46b3d1e126016f8ebe93d7f,0.6355413794517517,0.6355413794517517,0.0
4563,704ec3bca4991ae590f660e083725dda79ac71ff1cb46a5aa3306f205e57a2d5,0.6473213136196136,0.6473213136196136,0.0
4564,3b2190b792334c4cdccf6512e3c2b4af26192a20631af0d22f5653d764a00411,0.656080424785614,0.656080424785614,0.0
4565,2da0034cbbc150529eb06e9deb0a67cb8e9c70d44f10cfd41367c395a978ef2c,0.623818576335907,0.623818576335907,0.0
4566,7fabbd733e99be2d6a0d8954b800eff0af6bacbd1a4f6814b3f90fc6ba9c501e,0.53986856341362,0.53986856341362,0.0
4567,77c13a2d4d4b4dbf872dfecbd7c15dc35b3c145cc0e21db1bc0ee95dd02b786b,0.7091275155544281,0.7091275155544281,0.0
4568,512578dadc6da4cca4bea1f5c2c68c4f939ab778536ffcdd5d0000cfb0db6d92,0.7083530426025391,0.7083530426025391,0.0
4569,09c7196aa4de03f5991851e5d686b6cbf39b99b3b4ce65dd6a6a46e95f0a2234,0.6746698021888733,0.6746698021888733,0.0
4570,c332b4477012418567b64bfc26ab36b52ab70b11f511a6340cb9f0e66af55528,0.5733614563941956,0.5733614563941956,0.0
4571,4bd9131559b88e6de77b3edea50ba50314df3dd039868c5d7742a0597488dc0b,0.6454384326934814,0.6454384326934814,0.0
4572,b3da2779c64a6552232a5a3d14a4e5545ccee2592e317b00e24b1cf288a3435c,0.5194415152072906,0.5194415152072906,0.0
4573,b2d46b28c2bd7e531afbf2f933c367a98bba929e8abe03655d3b9cbf42b33bf1,0.7413493096828461,0.7413493096828461,0.0
4574,ea868d9f79a991f552371e70d1699d692579cf84c0a02fde65201c2744f67939,0.7239482402801514,0.7239482402801514,0.0
4575,4b128410da2b5a5995946fa808ec6af19721d5e6adc3cdecec1a288c5b3dc29d,0.5500437021255493,0.5500437021255493,0.0
4576,c1bc9f0998a905ee040e0030438cb0cf776654ad3659399c970cd955577989c5,0.4432389140129089,0.44323891401290894,5.551115123125783e-17
4577,b9337534642e6de7926c0e655b75d5ee3b11ca8b073d51c803363ba4dab7b480,0.4635007381439209,0.4635007381439209,0.0
4578,ed1992cbcb576aba3235985ab6a997f61c0881682d4720b683c8beb1a8e2750f,0.524536520242691,0.524536520242691,0.0
4579,536e1a4b9a36a11173a104b768264330081db2a88f3523be4b117c27edb02ad5,0.6490735113620758,0.6490735113620758,0.0
4580,894a5b4fefbbc27194a3900e9b76a8cbd6df4a60aaf04f29ba969a8d1311192a,0.5929625034332275,0.5929625034332275,0.0
4581,e7c208566d3d12cd2fcd47714a43f8e0dae1e98f5545eff40a221cb573b44556,0.5182533264160156,0.5182533264160156,0.0
4582,a95e383e9df673806cae5dee39eb098f43250d067abce74e69a64e3b95603a86,0.611908346414566,0.611908346414566,0.0
4583,89a27bb9a5db82d484d7ad53f515ba3970751aeddea3db62dac15bbe212dee60,0.6200948059558868,0.6200948059558868,0.0
4584,59b455a5c1c0cb808a63eb885db1b961815935b8c7cd1610c60c4d6f2e2928e0,0.5879085659980774,0.5879085659980774,0.0
4585,1f1323d46120a5191588295b51486c38d68f46c6499267fa1ec99178a29e22a2,0.6599501371383667,0.6599501371383667,0.0
4586,a687a92a45118c3c1ed5bb45e8e0eda8d2feaa0395425cc2dccb259b3aa4c848,0.6038898825645447,0.6038898825645447,0.0
4587,63f40b5e88b18c6c537bc39b24deb5592b7c529dda2f8bdf5a9d4564494479b2,0.6015981137752533,0.6015981137752533,0.0
4588,f57ec5b5203e3822190a359157b5e620be46826f1b770832987c5ec6a6cac148,0.5687628984451294,0.5687628984451294,0.0
4589,eb5cc6adfddc749621cae2e44fa8824fefec0212534f9e91fc5220bc27462aa4,0.6862029731273651,0.6862029731273651,0.0
4590,e44e4854e1bf9642aae663686a8bb98a7656fb3262a6e979a8d9515aad693fb1,0.6101349890232086,0.6101349890232086,0.0
4591,24cc7d76b134a80a7ff829e5eaf44ac696a516cb01088a06110fd378a84fec8d,0.5576176643371582,0.5576176643371582,0.0
4592,c5885f391247d5d06e1641fd5484fa3e1e5365a2ce0cede7a70539492720b916,0.6425194144248962,0.6425194144248962,0.0
4593,35c0698f7e4e8fe1461890d349c85263bc616bfde2f3ecda98e8090293c8a8fd,0.6287523806095123,0.6287523806095123,0.0
4594,3791993bf6def85b9f8f4d6aa39b3876fa511b999a1850dfbbaee98a72c974e0,0.5473960638046265,0.5473960638046265,0.0
4595,5c09c2a70263439cbe496d6b6d5b011a4be99885aba2361a37b1e8367c31c6ea,0.5589057803153992,0.5589057803153992,0.0
4596,34927ec357cfc5b2040fcda1cbf9c036d3647089f3c30cde78d554ca208dd8ba,0.5890529453754425,0.5890529453754425,0.0
4597,7f8db5a78ebb8d4a7dd65a1ace753d0aa670d5da0cba324aaaf4c8c1a5ddc33d,0.645328551530838,0.645328551530838,0.0
4598,f3061e4a2b4807ff408ff62ff84402561534695b9811ae272317d13109d4fef2,0.633631706237793,0.633631706237793,0.0
4599,9f74e7ee913c870f004016832ae06263d8d01d7020dd527cf99b38c14e2c5caf,0.595030665397644,0.595030665397644,0.0
4600,86508efa118b42983bc3b15bc3ebc519d13ac5acf88047867c63044a9e850cac,0.6373913586139679,0.6373913586139679,0.0
4601,16079ffd22cca44a648076f451d8029032f745515bd197ddaedf06a85fba132c,0.6530696749687195,0.6530696749687195,0.0
4602,d4299e6578fe42a45498f2b4e2776b02991df6a1eed266adc3d1c432544f4ded,0.6922619044780731,0.6922619044780731,0.0
4603,4859dd989a9f13506765e28945a4c2b19b0130b8b5596d980b11b508e68fdaac,0.599590003490448,0.599590003490448,0.0
4604,ef9a9e6d14878f074c2ce1db0ae4c71388173b706b8190c3a898a205d2352689,0.6188121140003204,0.6188121140003204,0.0
4605,d3a8180f26c0761d160a8af493fd66cb1489b3664e7e75ad57948633ec03cbd1,0.6049613356590271,0.6049613356590271,0.0
4606,9e8416247790bcb1f827f58bf54779ed7e016c6c2936755034bbd7c8688c6739,0.6310864090919495,0.6310864090919495,0.0
4607,9c9f6e36bb365271489bbd2df74363af5afe2d19fee08292ff7c3f553dc694b7,0.6516926288604736,0.6516926288604736,0.0
4608,3fcd5f872017d091c9b9b490cc6fd96bd4655244237ddbde1621f22d81de8c1c,0.5918194651603699,0.5918194651603699,0.0
4609,4797610c3691a82c86f5ea02d89117fc484f74008dfc63723c529494f16c5213,0.5109726190567017,0.5109726190567017,0.0
4610,4797610c3691a82c86f5ea02d89117fc484f74008dfc63723c529494f16c5213,0.5109726190567017,0.5109726190567017,0.0
4611,c7b4a0fbbcfc043fc2f53908831481916ea6b4770ff3d36c531ccd8ca6016728,0.5223684906959534,0.5223684906959534,0.0
4612,a7c63b697cde29f6713340568da69f8d78ee31809a417bf78298619572172fbb,0.5067550241947174,0.5067550241947174,0.0
4613,a7c63b697cde29f6713340568da69f8d78ee31809a417bf78298619572172fbb,0.5067550241947174,0.5067550241947174,0.0
4614,fb2070823160aa97beca211077c23e397cf596b711916c1b8e424035be32d643,0.529625654220581,0.529625654220581,0.0
4615,cc8d61f7e0251e43e5d8ca79af2cdda41cad6d99848fa626340daa80afa81c50,0.6083518266677856,0.6083518266677856,0.0
4616,cc8d61f7e0251e43e5d8ca79af2cdda41cad6d99848fa626340daa80afa81c50,0.6083518266677856,0.6083518266677856,0.0
4617,30b19549e4137be458318a670ff67dc92fe2ee414162c538fa4c69a631bc737a,0.5742993950843811,0.5742993950843811,0.0
4618,0cb8e96a4939b28f64bc0525c7f31c7594d773687938e97d2136e7d18b0adddc,0.6533255279064178,0.6533255279064178,0.0
4619,0cb8e96a4939b28f64bc0525c7f31c7594d773687938e97d2136e7d18b0adddc,0.6533255279064178,0.6533255279064178,0.0
4620,b63cb2795b68c2350fd2d99d46e89e302f3f2f3399c848c87b4e8dd1ffb9f916,0.7173836827278137,0.7173836827278137,0.0
4621,03828d4dbbfc37824e2949a90b43ce81d8fe9e925ad950ac22d2ed73444cde19,0.5903007388114929,0.5903007388114929,0.0
4622,03828d4dbbfc37824e2949a90b43ce81d8fe9e925ad950ac22d2ed73444cde19,0.5903007388114929,0.5903007388114929,0.0
4623,28fc0397973f7aa9ca3d30e435964d297308cd928a24503bc8de5de551f767b6,0.5767276585102081,0.5767276585102081,0.0
4624,42fe590e0119704ef2afbb26deab9d0e744f0015720f0ebce9232b83254cb7db,0.6553690135478973,0.6553690135478973,0.0
4625,42fe590e0119704ef2afbb26deab9d0e744f0015720f0ebce9232b83254cb7db,0.6553690135478973,0.6553690135478973,0.0
4626,e0deb9d1a20321478523aadd412355e0803fcd46e354eace7a1d66a90e0639ca,0.6344912648200989,0.6344912648200989,0.0
4627,ede62161e767eb8a128d8591d8f0822914246512f016b8485583df0c97dd9b5d,0.6355510950088501,0.6355510950088501,0.0
4628,ede62161e767eb8a128d8591d8f0822914246512f016b8485583df0c97dd9b5d,0.6355510950088501,0.6355510950088501,0.0
4629,2e42b88ce49d69819a27a089591344f998159dc89352f299fd5f0288c9e4181c,0.7572187930345535,0.7572187930345535,0.0
4630,8e273ddf30308e99e01a0bd0b1f4887b8c7efafe92e77689e9002a81004f6f71,0.7466147541999817,0.7466147541999817,0.0
4631,500118535eb5d717f5a28f7b6f80adb070184d1a65b3df746470d341e91b804f,0.7361962497234344,0.7361962497234344,0.0
4632,ef6c02f13ff6e39c0a1243d4113efe6be8c634cc517433a2e99e0781390ed3b5,0.6307750046253204,0.6307750046253204,0.0
4633,4ecd039db07c77a74d28e35ad555603fc8765596c1f10dd8d4582c78ed264fac,0.5119142234325409,0.5119142234325409,0.0
4634,d72ee3ea11359539bf314dc4df07175eaf2e91e454562574378d65547bf83924,0.5372750759124756,0.5372750759124756,0.0
4635,0b9d7dccf694f0e20b19cf68dd7edf1cae84a5abea7ac556d5963afa4635fa37,0.4545007944107055,0.45450079441070557,5.551115123125783e-17
4636,d4728a4abf96c2669e8b655f0bb1987b667c41e7762b2793507642b357b31eae,0.6418749988079071,0.6418749988079071,0.0
4637,65500c547e7af21eba89a9e18503248effe9dd47e1c0eba8ecc39af2b6d358b5,0.6341713666915894,0.6341713666915894,0.0
4638,579ae514a4944e898808737ddda56f62c28bea5f2022332e40229b494d1fe145,0.6232103109359741,0.6232103109359741,0.0
4639,e74fa4fe15a54221f2132437d3c2c1ab1b6bd1b8bd13d5f6b1e2a5fb1c06cb4c,0.5540738105773926,0.5540738105773926,0.0
4640,99325c9a1a0668e8a18d20455f3f6cdcb041be821b2b45440dddfbbade92c3d8,0.5256737768650055,0.5256737768650055,0.0
4641,1509c7a199bb4cb6712196cb2cbb2a127f29882be7c8068eed759a4d1936a8c0,0.552584171295166,0.552584171295166,0.0
4642,caece7f54666c5c22cc0177763f9e170449a1712414589ff01374768315d8d4a,0.53133824467659,0.53133824467659,0.0
4643,95ef990b36ce3e691f7f6cdd8cf50db2224840da3216b9934805836b6c501ffd,0.4863611459732055,0.48636114597320557,5.551115123125783e-17
4644,4bf947926f6acb7b3b42fdf9fed6d42dec910674a41f860886ec6bf7c0a1705c,0.5307970941066742,0.5307970941066742,0.0
4645,03fdfc2eed45255e9348959b70699c3afa1d9d53b9ba96f171577b4a272c1679,0.6311959326267242,0.6311959326267242,0.0
4646,a40e59bbde8fe952708649bf93ad919c0105c97c28bf9088dcf3435b92e2cf45,0.6291235387325287,0.6291235387325287,0.0
4647,df285a58cc5ec05d2ad9f98f9a45f0ac7ae1129fc4d82d9247ab7f80320ef970,0.5654527246952057,0.5654527246952057,0.0
4648,e329dd0d481bf33f9c5c835f22e68877dce702ecf8235aeb73736c1ee10b2dc3,0.6021875143051147,0.6021875143051147,0.0
4649,515311b3825d6735931cd9a4fd90610af39b693841b19a175048c838dbb72cf6,0.4949337244033813,0.49493372440338135,5.551115123125783e-17
4650,071790c0eab4308d8ff3536cf47bb554085c3fdfba3234205ea2687072bc7e58,0.5623862743377686,0.5623862743377686,0.0
4651,d3ce3cca4e406056b1e9a33b73589e674c8c473f0b23de73124049832a35b540,0.6481956839561462,0.6481956839561462,0.0
4652,b1e319d05abf4ca6706d34654ebd223fa13d20e7f46b3d1e126016f8ebe93d7f,0.6355413794517517,0.6355413794517517,0.0
4653,704ec3bca4991ae590f660e083725dda79ac71ff1cb46a5aa3306f205e57a2d5,0.6473213136196136,0.6473213136196136,0.0
4654,3b2190b792334c4cdccf6512e3c2b4af26192a20631af0d22f5653d764a00411,0.656080424785614,0.656080424785614,0.0
4655,2da0034cbbc150529eb06e9deb0a67cb8e9c70d44f10cfd41367c395a978ef2c,0.623818576335907,0.623818576335907,0.0
4656,7fabbd733e99be2d6a0d8954b800eff0af6bacbd1a4f6814b3f90fc6ba9c501e,0.53986856341362,0.53986856341362,0.0
4657,77c13a2d4d4b4dbf872dfecbd7c15dc35b3c145cc0e21db1bc0ee95dd02b786b,0.7091275155544281,0.7091275155544281,0.0
4658,512578dadc6da4cca4bea1f5c2c68c4f939ab778536ffcdd5d0000cfb0db6d92,0.7083530426025391,0.7083530426025391,0.0
4659,09c7196aa4de03f5991851e5d686b6cbf39b99b3b4ce65dd6a6a46e95f0a2234,0.6746698021888733,0.6746698021888733,0.0
4660,c332b4477012418567b64bfc26ab36b52ab70b11f511a6340cb9f0e66af55528,0.5733614563941956,0.5733614563941956,0.0
4661,4bd9131559b88e6de77b3edea50ba50314df3dd039868c5d7742a0597488dc0b,0.6454384326934814,0.6454384326934814,0.0
4662,b3da2779c64a6552232a5a3d14a4e5545ccee2592e317b00e24b1cf288a3435c,0.5194415152072906,0.5194415152072906,0.0
4663,b2d46b28c2bd7e531afbf2f933c367a98bba929e8abe03655d3b9cbf42b33bf1,0.7413493096828461,0.7413493096828461,0.0
4664,ea868d9f79a991f552371e70d1699d692579cf84c0a02fde65201c2744f67939,0.7239482402801514,0.7239482402801514,0.0
4665,4b128410da2b5a5995946fa808ec6af19721d5e6adc3cdecec1a288c5b3dc29d,0.5500437021255493,0.5500437021255493,0.0
4666,c1bc9f0998a905ee040e0030438cb0cf776654ad3659399c970cd955577989c5,0.4432389140129089,0.44323891401290894,5.551115123125783e-17
4667,b9337534642e6de7926c0e655b75d5ee3b11ca8b073d51c803363ba4dab7b480,0.4635007381439209,0.4635007381439209,0.0
4668,ed1992cbcb576aba3235985ab6a997f61c0881682d4720b683c8beb1a8e2750f,0.524536520242691,0.524536520242691,0.0
4669,536e1a4b9a36a11173a104b768264330081db2a88f3523be4b117c27edb02ad5,0.6490735113620758,0.6490735113620758,0.0
4670,894a5b4fefbbc27194a3900e9b76a8cbd6df4a60aaf04f29ba969a8d1311192a,0.5929625034332275,0.5929625034332275,0.0
4671,e7c208566d3d12cd2fcd47714a43f8e0dae1e98f5545eff40a221cb573b44556,0.5182533264160156,0.5182533264160156,0.0
4672,a95e383e9df673806cae5dee39eb098f43250d067abce74e69a64e3b95603a86,0.611908346414566,0.611908346414566,0.0
4673,89a27bb9a5db82d484d7ad53f515ba3970751aeddea3db62dac15bbe212dee60,0.6200948059558868,0.6200948059558868,0.0
4674,59b455a5c1c0cb808a63eb885db1b961815935b8c7cd1610c60c4d6f2e2928e0,0.5879085659980774,0.5879085659980774,0.0
4675,1f1323d46120a5191588295b51486c38d68f46c6499267fa1ec99178a29e22a2,0.6599501371383667,0.6599501371383667,0.0
4676,a687a92a45118c3c1ed5bb45e8e0eda8d2feaa0395425cc2dccb259b3aa4c848,0.6038898825645447,0.6038898825645447,0.0
4677,63f40b5e88b18c6c537bc39b24deb5592b7c529dda2f8bdf5a9d4564494479b2,0.6015981137752533,0.6015981137752533,0.0
4678,f57ec5b5203e3822190a359157b5e620be46826f1b770832987c5ec6a6cac148,0.5687628984451294,0.5687628984451294,0.0
4679,eb5cc6adfddc749621cae2e44fa8824fefec0212534f9e91fc5220bc27462aa4,0.6862029731273651,0.6862029731273651,0.0
4680,e44e4854e1bf9642aae663686a8bb98a7656fb3262a6e979a8d9515aad693fb1,0.6101349890232086,0.6101349890232086,0.0
4681,24cc7d76b134a80a7ff829e5eaf44ac696a516cb01088a06110fd378a84fec8d,0.5576176643371582,0.5576176643371582,0.0
4682,c5885f391247d5d06e1641fd5484fa3e1e5365a2ce0cede7a70539492720b916,0.6425194144248962,0.6425194144248962,0.0
4683,35c0698f7e4e8fe1461890d349c85263bc616bfde2f3ecda98e8090293c8a8fd,0.6287523806095123,0.6287523806095123,0.0
4684,3791993bf6def85b9f8f4d6aa39b3876fa511b999a1850dfbbaee98a72c974e0,0.5473960638046265,0.5473960638046265,0.0
4685,5c09c2a70263439cbe496d6b6d5b011a4be99885aba2361a37b1e8367c31c6ea,0.5589057803153992,0.5589057803153992,0.0
4686,34927ec357cfc5b2040fcda1cbf9c036d3647089f3c30cde78d554ca208dd8ba,0.5890529453754425,0.5890529453754425,0.0
4687,7f8db5a78ebb8d4a7dd65a1ace753d0aa670d5da0cba324aaaf4c8c1a5ddc33d,0.645328551530838,0.645328551530838,0.0
4688,f3061e4a2b4807ff408ff62ff84402561534695b9811ae272317d13109d4fef2,0.633631706237793,0.633631706237793,0.0
4689,9f74e7ee913c870f004016832ae06263d8d01d7020dd527cf99b38c14e2c5caf,0.595030665397644,0.595030665397644,0.0
4690,86508efa118b42983bc3b15bc3ebc519d13ac5acf88047867c63044a9e850cac,0.6373913586139679,0.6373913586139679,0.0
4691,16079ffd22cca44a648076f451d8029032f745515bd197ddaedf06a85fba132c,0.6530696749687195,0.6530696749687195,0.0
4692,d4299e6578fe42a45498f2b4e2776b02991df6a1eed266adc3d1c432544f4ded,0.6922619044780731,0.6922619044780731,0.0
4693,4859dd989a9f13506765e28945a4c2b19b0130b8b5596d980b11b508e68fdaac,0.599590003490448,0.599590003490448,0.0
4694,ef9a9e6d14878f074c2ce1db0ae4c71388173b706b8190c3a898a205d2352689,0.6188121140003204,0.6188121140003204,0.0
4695,d3a8180f26c0761d160a8af493fd66cb1489b3664e7e75ad57948633ec03cbd1,0.6049613356590271,0.6049613356590271,0.0
4696,9e8416247790bcb1f827f58bf54779ed7e016c6c2936755034bbd7c8688c6739,0.6310864090919495,0.6310864090919495,0.0
4697,9c9f6e36bb365271489bbd2df74363af5afe2d19fee08292ff7c3f553dc694b7,0.6516926288604736,0.6516926288604736,0.0
4698,3fcd5f872017d091c9b9b490cc6fd96bd4655244237ddbde1621f22d81de8c1c,0.5918194651603699,0.5918194651603699,0.0
4699,4797610c3691a82c86f5ea02d89117fc484f74008dfc63723c529494f16c5213,0.5109726190567017,0.5109726190567017,0.0
4700,4797610c3691a82c86f5ea02d89117fc484f74008dfc63723c529494f16c5213,0.5109726190567017,0.5109726190567017,0.0
4701,c7b4a0fbbcfc043fc2f53908831481916ea6b4770ff3d36c531ccd8ca6016728,0.5223684906959534,0.5223684906959534,0.0
4702,a7c63b697cde29f6713340568da69f8d78ee31809a417bf78298619572172fbb,0.5067550241947174,0.5067550241947174,0.0
4703,a7c63b697cde29f6713340568da69f8d78ee31809a417bf78298619572172fbb,0.5067550241947174,0.5067550241947174,0.0
4704,fb2070823160aa97beca211077c23e397cf596b711916c1b8e424035be32d643,0.529625654220581,0.529625654220581,0.0
4705,cc8d61f7e0251e43e5d8ca79af2cdda41cad6d99848fa626340daa80afa81c50,0.6083518266677856,0.6083518266677856,0.0
4706,cc8d61f7e0251e43e5d8ca79af2cdda41cad6d99848fa626340daa80afa81c50,0.6083518266677856,0.6083518266677856,0.0
4707,30b19549e4137be458318a670ff67dc92fe2ee414162c538fa4c69a631bc737a,0.5742993950843811,0.5742993950843811,0.0
4708,0cb8e96a4939b28f64bc0525c7f31c7594d773687938e97d2136e7d18b0adddc,0.6533255279064178,0.6533255279064178,0.0
4709,0cb8e96a4939b28f64bc0525c7f31c7594d773687938e97d2136e7d18b0adddc,0.6533255279064178,0.6533255279064178,0.0
4710,b63cb2795b68c2350fd2d99d46e89e302f3f2f3399c848c87b4e8dd1ffb9f916,0.7173836827278137,0.7173836827278137,0.0
4711,03828d4dbbfc37824e2949a90b43ce81d8fe9e925ad950ac22d2ed73444cde19,0.5903007388114929,0.5903007388114929,0.0
4712,03828d4dbbfc37824e2949a90b43ce81d8fe9e925ad950ac22d2ed73444cde19,0.5903007388114929,0.5903007388114929,0.0
4713,28fc0397973f7aa9ca3d30e435964d297308cd928a24503bc8de5de551f767b6,0.5767276585102081,0.5767276585102081,0.0
4714,42fe590e0119704ef2afbb26deab9d0e744f0015720f0ebce9232b83254cb7db,0.6553690135478973,0.6553690135478973,0.0
4715,42fe590e0119704ef2afbb26deab9d0e744f0015720f0ebce9232b83254cb7db,0.6553690135478973,0.6553690135478973,0.0
4716,e0deb9d1a20321478523aadd412355e0803fcd46e354eace7a1d66a90e0639ca,0.6344912648200989,0.6344912648200989,0.0
4717,ede62161e767eb8a128d8591d8f0822914246512f016b8485583df0c97dd9b5d,0.6355510950088501,0.6355510950088501,0.0
4718,ede62161e767eb8a128d8591d8f0822914246512f016b8485583df0c97dd9b5d,0.6355510950088501,0.6355510950088501,0.0
4719,2e42b88ce49d69819a27a089591344f998159dc89352f299fd5f0288c9e4181c,0.7572187930345535,0.7572187930345535,0.0
4720,8e273ddf30308e99e01a0bd0b1f4887b8c7efafe92e77689e9002a81004f6f71,0.7466147541999817,0.7466147541999817,0.0
4721,500118535eb5d717f5a28f7b6f80adb070184d1a65b3df746470d341e91b804f,0.7361962497234344,0.7361962497234344,0.0
4722,ef6c02f13ff6e39c0a1243d4113efe6be8c634cc517433a2e99e0781390ed3b5,0.6307750046253204,0.6307750046253204,0.0
4723,4ecd039db07c77a74d28e35ad555603fc8765596c1f10dd8d4582c78ed264fac,0.5119142234325409,0.5119142234325409,0.0
4724,d72ee3ea11359539bf314dc4df07175eaf2e91e454562574378d65547bf83924,0.5372750759124756,0.5372750759124756,0.0
4725,0b9d7dccf694f0e20b19cf68dd7edf1cae84a5abea7ac556d5963afa4635fa37,0.4545007944107055,0.45450079441070557,5.551115123125783e-17
4726,d4728a4abf96c2669e8b655f0bb1987b667c41e7762b2793507642b357b31eae,0.6418749988079071,0.6418749988079071,0.0
4727,65500c547e7af21eba89a9e18503248effe9dd47e1c0eba8ecc39af2b6d358b5,0.6341713666915894,0.6341713666915894,0.0
4728,579ae514a4944e898808737ddda56f62c28bea5f2022332e40229b494d1fe145,0.6232103109359741,0.6232103109359741,0.0
4729,e74fa4fe15a54221f2132437d3c2c1ab1b6bd1b8bd13d5f6b1e2a5fb1c06cb4c,0.5540738105773926,0.5540738105773926,0.0
4730,99325c9a1a0668e8a18d20455f3f6cdcb041be821b2b45440dddfbbade92c3d8,0.5256737768650055,0.5256737768650055,0.0
4731,1509c7a199bb4cb6712196cb2cbb2a127f29882be7c8068eed759a4d1936a8c0,0.552584171295166,0.552584171295166,0.0
4732,caece7f54666c5c22cc0177763f9e170449a1712414589ff01374768315d8d4a,0.53133824467659,0.53133824467659,0.0
4733,95ef990b36ce3e691f7f6cdd8cf50db2224840da3216b9934805836b6c501ffd,0.4863611459732055,0.48636114597320557,5.551115123125783e-17
4734,4bf947926f6acb7b3b42fdf9fed6d42dec910674a41f860886ec6bf7c0a1705c,0.5307970941066742,0.5307970941066742,0.0
4735,03fdfc2eed45255e9348959b70699c3afa1d9d53b9ba96f171577b4a272c1679,0.6311959326267242,0.6311959326267242,0.0
4736,a40e59bbde8fe952708649bf93ad919c0105c97c28bf9088dcf3435b92e2cf45,0.6291235387325287,0.6291235387325287,0.0
4737,df285a58cc5ec05d2ad9f98f9a45f0ac7ae1129fc4d82d9247ab7f80320ef970,0.5654527246952057,0.5654527246952057,0.0
4738,e329dd0d481bf33f9c5c835f22e68877dce702ecf8235aeb73736c1ee10b2dc3,0.6021875143051147,0.6021875143051147,0.0
4739,515311b3825d6735931cd9a4fd90610af39b693841b19a175048c838dbb72cf6,0.4949337244033813,0.49493372440338135,5.551115123125783e-17
4740,071790c0eab4308d8ff3536cf47bb554085c3fdfba3234205ea2687072bc7e58,0.5623862743377686,0.5623862743377686,0.0
4741,d3ce3cca4e406056b1e9a33b73589e674c8c473f0b23de73124049832a35b540,0.6481956839561462,0.6481956839561462,0.0
4742,b1e319d05abf4ca6706d34654ebd223fa13d20e7f46b3d1e126016f8ebe93d7f,0.6355413794517517,0.6355413794517517,0.0
4743,704ec3bca4991ae590f660e083725dda79ac71ff1cb46a5aa3306f205e57a2d5,0.6473213136196136,0.6473213136196136,0.0
4744,3b2190b792334c4cdccf6512e3c2b4af26192a20631af0d22f5653d764a00411,0.656080424785614,0.656080424785614,0.0
4745,2da0034cbbc150529eb06e9deb0a67cb8e9c70d44f10cfd41367c395a978ef2c,0.623818576335907,0.623818576335907,0.0
4746,7fabbd733e99be2d6a0d8954b800eff0af6bacbd1a4f6814b3f90fc6ba9c501e,0.53986856341362,0.53986856341362,0.0
4747,77c13a2d4d4b4dbf872dfecbd7c15dc35b3c145cc0e21db1bc0ee95dd02b786b,0.7091275155544281,0.7091275155544281,0.0
4748,512578dadc6da4cca4bea1f5c2c68c4f939ab778536ffcdd5d0000cfb0db6d92,0.7083530426025391,0.7083530426025391,0.0
4749,09c7196aa4de03f5991851e5d686b6cbf39b99b3b4ce65dd6a6a46e95f0a2234,0.6746698021888733,0.6746698021888733,0.0
4750,c332b4477012418567b64bfc26ab36b52ab70b11f511a6340cb9f0e66af55528,0.5733614563941956,0.5733614563941956,0.0
4751,4bd9131559b88e6de77b3edea50ba50314df3dd039868c5d7742a0597488dc0b,0.6454384326934814,0.6454384326934814,0.0
4752,b3da2779c64a6552232a5a3d14a4e5545ccee2592e317b00e24b1cf288a3435c,0.5194415152072906,0.5194415152072906,0.0
4753,b2d46b28c2bd7e531afbf2f933c367a98bba929e8abe03655d3b9cbf42b33bf1,0.7413493096828461,0.7413493096828461,0.0
4754,ea868d9f79a991f552371e70d1699d692579cf84c0a02fde65201c2744f67939,0.7239482402801514,0.7239482402801514,0.0
4755,4b128410da2b5a5995946fa808ec6af19721d5e6adc3cdecec1a288c5b3dc29d,0.5500437021255493,0.5500437021255493,0.0
4756,c1bc9f0998a905ee040e0030438cb0cf776654ad3659399c970cd955577989c5,0.4432389140129089,0.44323891401290894,5.551115123125783e-17
4757,b9337534642e6de7926c0e655b75d5ee3b11ca8b073d51c803363ba4dab7b480,0.4635007381439209,0.4635007381439209,0.0
4758,ed1992cbcb576aba3235985ab6a997f61c0881682d4720b683c8beb1a8e2750f,0.524536520242691,0.524536520242691,0.0
4759,536e1a4b9a36a11173a104b768264330081db2a88f3523be4b117c27edb02ad5,0.6490735113620758,0.6490735113620758,0.0
4760,894a5b4fefbbc27194a3900e9b76a8cbd6df4a60aaf04f29ba969a8d1311192a,0.5929625034332275,0.5929625034332275,0.0
4761,e7c208566d3d12cd2fcd47714a43f8e0dae1e98f5545eff40a221cb573b44556,0.5182533264160156,0.5182533264160156,0.0
4762,a95e383e9df673806cae5dee39eb098f43250d067abce74e69a64e3b95603a86,0.611908346414566,0.611908346414566,0.0
4763,89a27bb9a5db82d484d7ad53f515ba3970751aeddea3db62dac15bbe212dee60,0.6200948059558868,0.6200948059558868,0.0
4764,59b455a5c1c0cb808a63eb885db1b961815935b8c7cd1610c60c4d6f2e2928e0,0.5879085659980774,0.5879085659980774,0.0
4765,1f1323d46120a5191588295b51486c38d68f46c6499267fa1ec99178a29e22a2,0.6599501371383667,0.6599501371383667,0.0
4766,a687a92a45118c3c1ed5bb45e8e0eda8d2feaa0395425cc2dccb259b3aa4c848,0.6038898825645447,0.6038898825645447,0.0
4767,63f40b5e88b18c6c537bc39b24deb5592b7c529dda2f8bdf5a9d4564494479b2,0.6015981137752533,0.6015981137752533,0.0
4768,f57ec5b5203e3822190a359157b5e620be46826f1b770832987c5ec6a6cac148,0.5687628984451294,0.5687628984451294,0.0
4769,eb5cc6adfddc749621cae2e44fa8824fefec0212534f9e91fc5220bc27462aa4,0.6862029731273651,0.6862029731273651,0.0
4770,e44e4854e1bf9642aae663686a8bb98a7656fb3262a6e979a8d9515aad693fb1,0.6101349890232086,0.6101349890232086,0.0
4771,24cc7d76b134a80a7ff829e5eaf44ac696a516cb01088a06110fd378a84fec8d,0.5576176643371582,0.5576176643371582,0.0
4772,c5885f391247d5d06e1641fd5484fa3e1e5365a2ce0cede7a70539492720b916,0.6425194144248962,0.6425194144248962,0.0
4773,35c0698f7e4e8fe1461890d349c85263bc616bfde2f3ecda98e8090293c8a8fd,0.6287523806095123,0.6287523806095123,0.0
4774,3791993bf6def85b9f8f4d6aa39b3876fa511b999a1850dfbbaee98a72c974e0,0.5473960638046265,0.5473960638046265,0.0
4775,5c09c2a70263439cbe496d6b6d5b011a4be99885aba2361a37b1e8367c31c6ea,0.5589057803153992,0.5589057803153992,0.0
4776,34927ec357cfc5b2040fcda1cbf9c036d3647089f3c30cde78d554ca208dd8ba,0.5890529453754425,0.5890529453754425,0.0
4777,7f8db5a78ebb8d4a7dd65a1ace753d0aa670d5da0cba324aaaf4c8c1a5ddc33d,0.645328551530838,0.645328551530838,0.0
4778,f3061e4a2b4807ff408ff62ff84402561534695b9811ae272317d13109d4fef2,0.633631706237793,0.633631706237793,0.0
4779,9f74e7ee913c870f004016832ae06263d8d01d7020dd527cf99b38c14e2c5caf,0.595030665397644,0.595030665397644,0.0
4780,86508efa118b42983bc3b15bc3ebc519d13ac5acf88047867c63044a9e850cac,0.6373913586139679,0.6373913586139679,0.0
4781,16079ffd22cca44a648076f451d8029032f745515bd197ddaedf06a85fba132c,0.6530696749687195,0.6530696749687195,0.0
4782,d4299e6578fe42a45498f2b4e2776b02991df6a1eed266adc3d1c432544f4ded,0.6922619044780731,0.6922619044780731,0.0
4783,4859dd989a9f13506765e28945a4c2b19b0130b8b5596d980b11b508e68fdaac,0.599590003490448,0.599590003490448,0.0
4784,ef9a9e6d14878f074c2ce1db0ae4c71388173b706b8190c3a898a205d2352689,0.6188121140003204,0.6188121140003204,0.0
4785,d3a8180f26c0761d160a8af493fd66cb1489b3664e7e75ad57948633ec03cbd1,0.6049613356590271,0.6049613356590271,0.0
4786,9e8416247790bcb1f827f58bf54779ed7e016c6c2936755034bbd7c8688c6739,0.6310864090919495,0.6310864090919495,0.0
4787,9c9f6e36bb365271489bbd2df74363af5afe2d19fee08292ff7c3f553dc694b7,0.6516926288604736,0.6516926288604736,0.0
4788,3fcd5f872017d091c9b9b490cc6fd96bd4655244237ddbde1621f22d81de8c1c,0.5918194651603699,0.5918194651603699,0.0
4789,4797610c3691a82c86f5ea02d89117fc484f74008dfc63723c529494f16c5213,0.5109726190567017,0.5109726190567017,0.0
4790,4797610c3691a82c86f5ea02d89117fc484f74008dfc63723c529494f16c5213,0.5109726190567017,0.5109726190567017,0.0
4791,c7b4a0fbbcfc043fc2f53908831481916ea6b4770ff3d36c531ccd8ca6016728,0.5223684906959534,0.5223684906959534,0.0
4792,a7c63b697cde29f6713340568da69f8d78ee31809a417bf78298619572172fbb,0.5067550241947174,0.5067550241947174,0.0
4793,a7c63b697cde29f6713340568da69f8d78ee31809a417bf78298619572172fbb,0.5067550241947174,0.5067550241947174,0.0
4794,fb2070823160aa97beca211077c23e397cf596b711916c1b8e424035be32d643,0.529625654220581,0.529625654220581,0.0
4795,cc8d61f7e0251e43e5d8ca79af2cdda41cad6d99848fa626340daa80afa81c50,0.6083518266677856,0.6083518266677856,0.0
4796,cc8d61f7e0251e43e5d8ca79af2cdda41cad6d99848fa626340daa80afa81c50,0.6083518266677856,0.6083518266677856,0.0
4797,30b19549e4137be458318a670ff67dc92fe2ee414162c538fa4c69a631bc737a,0.5742993950843811,0.5742993950843811,0.0
4798,0cb8e96a4939b28f64bc0525c7f31c7594d773687938e97d2136e7d18b0adddc,0.6533255279064178,0.6533255279064178,0.0
4799,0cb8e96a4939b28f64bc0525c7f31c7594d773687938e97d2136e7d18b0adddc,0.6533255279064178,0.6533255279064178,0.0
4800,b63cb2795b68c2350fd2d99d46e89e302f3f2f3399c848c87b4e8dd1ffb9f916,0.7173836827278137,0.7173836827278137,0.0
4801,03828d4dbbfc37824e2949a90b43ce81d8fe9e925ad950ac22d2ed73444cde19,0.5903007388114929,0.5903007388114929,0.0
4802,03828d4dbbfc37824e2949a90b43ce81d8fe9e925ad950ac22d2ed73444cde19,0.5903007388114929,0.5903007388114929,0.0
4803,28fc0397973f7aa9ca3d30e435964d297308cd928a24503bc8de5de551f767b6,0.5767276585102081,0.5767276585102081,0.0
4804,42fe590e0119704ef2afbb26deab9d0e744f0015720f0ebce9232b83254cb7db,0.6553690135478973,0.6553690135478973,0.0
4805,42fe590e0119704ef2afbb26deab9d0e744f0015720f0ebce9232b83254cb7db,0.6553690135478973,0.6553690135478973,0.0
4806,e0deb9d1a20321478523aadd412355e0803fcd46e354eace7a1d66a90e0639ca,0.6344912648200989,0.6344912648200989,0.0
4807,ede62161e767eb8a128d8591d8f0822914246512f016b8485583df0c97dd9b5d,0.6355510950088501,0.6355510950088501,0.0
4808,ede62161e767eb8a128d8591d8f0822914246512f016b8485583df0c97dd9b5d,0.6355510950088501,0.6355510950088501,0.0
4809,2e42b88ce49d69819a27a089591344f998159dc89352f299fd5f0288c9e4181c,0.7572187930345535,0.7572187930345535,0.0
4810,8e273ddf30308e99e01a0bd0b1f4887b8c7efafe92e77689e9002a81004f6f71,0.7466147541999817,0.7466147541999817,0.0
4811,500118535eb5d717f5a28f7b6f80adb070184d1a65b3df746470d341e91b804f,0.7361962497234344,0.7361962497234344,0.0
4812,ef6c02f13ff6e39c0a1243d4113efe6be8c634cc517433a2e99e0781390ed3b5,0.6307750046253204,0.6307750046253204,0.0
4813,4ecd039db07c77a74d28e35ad555603fc8765596c1f10dd8d4582c78ed264fac,0.5119142234325409,0.5119142234325409,0.0
4814,d72ee3ea11359539bf314dc4df07175eaf2e91e454562574378d65547bf83924,0.5372750759124756,0.5372750759124756,0.0
4815,0b9d7dccf694f0e20b19cf68dd7edf1cae84a5abea7ac556d5963afa4635fa37,0.4545007944107055,0.45450079441070557,5.551115123125783e-17
4816,d4728a4abf96c2669e8b655f0bb1987b667c41e7762b2793507642b357b31eae,0.6418749988079071,0.6418749988079071,0.0
4817,65500c547e7af21eba89a9e18503248effe9dd47e1c0eba8ecc39af2b6d358b5,0.6341713666915894,0.6341713666915894,0.0
4818,579ae514a4944e898808737ddda56f62c28bea5f2022332e40229b494d1fe145,0.6232103109359741,0.6232103109359741,0.0
4819,e74fa4fe15a54221f2132437d3c2c1ab1b6bd1b8bd13d5f6b1e2a5fb1c06cb4c,0.5540738105773926,0.5540738105773926,0.0
4820,99325c9a1a0668e8a18d20455f3f6cdcb041be821b2b45440dddfbbade92c3d8,0.5256737768650055,0.5256737768650055,0.0
4821,1509c7a199bb4cb6712196cb2cbb2a127f29882be7c8068eed759a4d1936a8c0,0.552584171295166,0.552584171295166,0.0
4822,caece7f54666c5c22cc0177763f9e170449a1712414589ff01374768315d8d4a,0.53133824467659,0.53133824467659,0.0
4823,95ef990b36ce3e691f7f6cdd8cf50db2224840da3216b9934805836b6c501ffd,0.4863611459732055,0.48636114597320557,5.551115123125783e-17
4824,4bf947926f6acb7b3b42fdf9fed6d42dec910674a41f860886ec6bf7c0a1705c,0.5307970941066742,0.5307970941066742,0.0
4825,03fdfc2eed45255e9348959b70699c3afa1d9d53b9ba96f171577b4a272c1679,0.6311959326267242,0.6311959326267242,0.0
4826,a40e59bbde8fe952708649bf93ad919c0105c97c28bf9088dcf3435b92e2cf45,0.6291235387325287,0.6291235387325287,0.0
4827,df285a58cc5ec05d2ad9f98f9a45f0ac7ae1129fc4d82d9247ab7f80320ef970,0.5654527246952057,0.5654527246952057,0.0
4828,e329dd0d481bf33f9c5c835f22e68877dce702ecf8235aeb73736c1ee10b2dc3,0.6021875143051147,0.6021875143051147,0.0
4829,515311b3825d6735931cd9a4fd90610af39b693841b19a175048c838dbb72cf6,0.4949337244033813,0.49493372440338135,5.551115123125783e-17
4830,071790c0eab4308d8ff3536cf47bb554085c3fdfba3234205ea2687072bc7e58,0.5623862743377686,0.5623862743377686,0.0
4831,d3ce3cca4e406056b1e9a33b73589e674c8c473f0b23de73124049832a35b540,0.6481956839561462,0.6481956839561462,0.0
4832,b1e319d05abf4ca6706d34654ebd223fa13d20e7f46b3d1e126016f8ebe93d7f,0.6355413794517517,0.6355413794517517,0.0
4833,704ec3bca4991ae590f660e083725dda79ac71ff1cb46a5aa3306f205e57a2d5,0.6473213136196136,0.6473213136196136,0.0
4834,3b2190b792334c4cdccf6512e3c2b4af26192a20631af0d22f5653d764a00411,0.656080424785614,0.656080424785614,0.0
4835,2da0034cbbc150529eb06e9deb0a67cb8e9c70d44f10cfd41367c395a978ef2c,0.623818576335907,0.623818576335907,0.0
4836,7fabbd733e99be2d6a0d8954b800eff0af6bacbd1a4f6814b3f90fc6ba9c501e,0.53986856341362,0.53986856341362,0.0
4837,77c13a2d4d4b4dbf872dfecbd7c15dc35b3c145cc0e21db1bc0ee95dd02b786b,0.7091275155544281,0.7091275155544281,0.0
4838,512578dadc6da4cca4bea1f5c2c68c4f939ab778536ffcdd5d0000cfb0db6d92,0.7083530426025391,0.7083530426025391,0.0
4839,09c7196aa4de03f5991851e5d686b6cbf39b99b3b4ce65dd6a6a46e95f0a2234,0.6746698021888733,0.6746698021888733,0.0
4840,c332b4477012418567b64bfc26ab36b52ab70b11f511a6340cb9f0e66af55528,0.5733614563941956,0.5733614563941956,0.0
4841,4bd9131559b88e6de77b3edea50ba50314df3dd039868c5d7742a0597488dc0b,0.6454384326934814,0.6454384326934814,0.0
4842,b3da2779c64a6552232a5a3d14a4e5545ccee2592e317b00e24b1cf288a3435c,0.5194415152072906,0.5194415152072906,0.0
4843,b2d46b28c2bd7e531afbf2f933c367a98bba929e8abe03655d3b9cbf42b33bf1,0.7413493096828461,0.7413493096828461,0.0
4844,ea868d9f79a991f552371e70d1699d692579cf84c0a02fde65201c2744f67939,0.7239482402801514,0.7239482402801514,0.0
4845,4b128410da2b5a5995946fa808ec6af19721d5e6adc3cdecec1a288c5b3dc29d,0.5500437021255493,0.5500437021255493,0.0
4846,c1bc9f0998a905ee040e0030438cb0cf776654ad3659399c970cd955577989c5,0.4432389140129089,0.44323891401290894,5.551115123125783e-17
4847,b9337534642e6de7926c0e655b75d5ee3b11ca8b073d51c803363ba4dab7b480,0.4635007381439209,0.4635007381439209,0.0
4848,ed1992cbcb576aba3235985ab6a997f61c0881682d4720b683c8beb1a8e2750f,0.524536520242691,0.524536520242691,0.0
4849,536e1a4b9a36a11173a104b768264330081db2a88f3523be4b117c27edb02ad5,0.6490735113620758,0.6490735113620758,0.0
4850,894a5b4fefbbc27194a3900e9b76a8cbd6df4a60aaf04f29ba969a8d1311192a,0.5929625034332275,0.5929625034332275,0.0
4851,e7c208566d3d12cd2fcd47714a43f8e0dae1e98f5545eff40a221cb573b44556,0.5182533264160156,0.5182533264160156,0.0
4852,a95e383e9df673806cae5dee39eb098f43250d067abce74e69a64e3b95603a86,0.611908346414566,0.611908346414566,0.0
4853,89a27bb9a5db82d484d7ad53f515ba3970751aeddea3db62dac15bbe212dee60,0.6200948059558868,0.6200948059558868,0.0
4854,59b455a5c1c0cb808a63eb885db1b961815935b8c7cd1610c60c4d6f2e2928e0,0.5879085659980774,0.5879085659980774,0.0
4855,1f1323d46120a5191588295b51486c38d68f46c6499267fa1ec99178a29e22a2,0.6599501371383667,0.6599501371383667,0.0
4856,a687a92a45118c3c1ed5bb45e8e0eda8d2feaa0395425cc2dccb259b3aa4c848,0.6038898825645447,0.6038898825645447,0.0
4857,63f40b5e88b18c6c537bc39b24deb5592b7c529dda2f8bdf5a9d4564494479b2,0.6015981137752533,0.6015981137752533,0.0
4858,f57ec5b5203e3822190a359157b5e620be46826f1b770832987c5ec6a6cac148,0.5687628984451294,0.5687628984451294,0.0
4859,eb5cc6adfddc749621cae2e44fa8824fefec0212534f9e91fc5220bc27462aa4,0.6862029731273651,0.6862029731273651,0.0
4860,e44e4854e1bf9642aae663686a8bb98a7656fb3262a6e979a8d9515aad693fb1,0.6101349890232086,0.6101349890232086,0.0
4861,24cc7d76b134a80a7ff829e5eaf44ac696a516cb01088a06110fd378a84fec8d,0.5576176643371582,0.5576176643371582,0.0
4862,c5885f391247d5d06e1641fd5484fa3e1e5365a2ce0cede7a70539492720b916,0.6425194144248962,0.6425194144248962,0.0
4863,35c0698f7e4e8fe1461890d349c85263bc616bfde2f3ecda98e8090293c8a8fd,0.6287523806095123,0.6287523806095123,0.0
4864,3791993bf6def85b9f8f4d6aa39b3876fa511b999a1850dfbbaee98a72c974e0,0.5473960638046265,0.5473960638046265,0.0
4865,5c09c2a70263439cbe496d6b6d5b011a4be99885aba2361a37b1e8367c31c6ea,0.5589057803153992,0.5589057803153992,0.0
4866,34927ec357cfc5b2040fcda1cbf9c036d3647089f3c30cde78d554ca208dd8ba,0.5890529453754425,0.5890529453754425,0.0
4867,7f8db5a78ebb8d4a7dd65a1ace753d0aa670d5da0cba324aaaf4c8c1a5ddc33d,0.645328551530838,0.645328551530838,0.0
4868,f3061e4a2b4807ff408ff62ff84402561534695b9811ae272317d13109d4fef2,0.633631706237793,0.633631706237793,0.0
4869,9f74e7ee913c870f004016832ae06263d8d01d7020dd527cf99b38c14e2c5caf,0.595030665397644,0.595030665397644,0.0
4870,86508efa118b42983bc3b15bc3ebc519d13ac5acf88047867c63044a9e850cac,0.6373913586139679,0.6373913586139679,0.0
4871,16079ffd22cca44a648076f451d8029032f745515bd197ddaedf06a85fba132c,0.6530696749687195,0.6530696749687195,0.0
4872,d4299e6578fe42a45498f2b4e2776b02991df6a1eed266adc3d1c432544f4ded,0.6922619044780731,0.6922619044780731,0.0
4873,4859dd989a9f13506765e28945a4c2b19b0130b8b5596d980b11b508e68fdaac,0.599590003490448,0.599590003490448,0.0
4874,ef9a9e6d14878f074c2ce1db0ae4c71388173b706b8190c3a898a205d2352689,0.6188121140003204,0.6188121140003204,0.0
4875,d3a8180f26c0761d160a8af493fd66cb1489b3664e7e75ad57948633ec03cbd1,0.6049613356590271,0.6049613356590271,0.0
4876,9e8416247790bcb1f827f58bf54779ed7e016c6c2936755034bbd7c8688c6739,0.6310864090919495,0.6310864090919495,0.0
4877,9c9f6e36bb365271489bbd2df74363af5afe2d19fee08292ff7c3f553dc694b7,0.6516926288604736,0.6516926288604736,0.0
4878,3fcd5f872017d091c9b9b490cc6fd96bd4655244237ddbde1621f22d81de8c1c,0.5918194651603699,0.5918194651603699,0.0
4879,4797610c3691a82c86f5ea02d89117fc484f74008dfc63723c529494f16c5213,0.5109726190567017,0.5109726190567017,0.0
4880,4797610c3691a82c86f5ea02d89117fc484f74008dfc63723c529494f16c5213,0.5109726190567017,0.5109726190567017,0.0
4881,c7b4a0fbbcfc043fc2f53908831481916ea6b4770ff3d36c531ccd8ca6016728,0.5223684906959534,0.5223684906959534,0.0
4882,a7c63b697cde29f6713340568da69f8d78ee31809a417bf78298619572172fbb,0.5067550241947174,0.5067550241947174,0.0
4883,a7c63b697cde29f6713340568da69f8d78ee31809a417bf78298619572172fbb,0.5067550241947174,0.5067550241947174,0.0
4884,fb2070823160aa97beca211077c23e397cf596b711916c1b8e424035be32d643,0.529625654220581,0.529625654220581,0.0
4885,cc8d61f7e0251e43e5d8ca79af2cdda41cad6d99848fa626340daa80afa81c50,0.6083518266677856,0.6083518266677856,0.0
4886,cc8d61f7e0251e43e5d8ca79af2cdda41cad6d99848fa626340daa80afa81c50,0.6083518266677856,0.6083518266677856,0.0
4887,30b19549e4137be458318a670ff67dc92fe2ee414162c538fa4c69a631bc737a,0.5742993950843811,0.5742993950843811,0.0
4888,0cb8e96a4939b28f64bc0525c7f31c7594d773687938e97d2136e7d18b0adddc,0.6533255279064178,0.6533255279064178,0.0
4889,0cb8e96a4939b28f64bc0525c7f31c7594d773687938e97d2136e7d18b0adddc,0.6533255279064178,0.6533255279064178,0.0
4890,b63cb2795b68c2350fd2d99d46e89e302f3f2f3399c848c87b4e8dd1ffb9f916,0.7173836827278137,0.7173836827278137,0.0
4891,03828d4dbbfc37824e2949a90b43ce81d8fe9e925ad950ac22d2ed73444cde19,0.5903007388114929,0.5903007388114929,0.0
4892,03828d4dbbfc37824e2949a90b43ce81d8fe9e925ad950ac22d2ed73444cde19,0.5903007388114929,0.5903007388114929,0.0
4893,28fc0397973f7aa9ca3d30e435964d297308cd928a24503bc8de5de551f767b6,0.5767276585102081,0.5767276585102081,0.0
4894,42fe590e0119704ef2afbb26deab9d0e744f0015720f0ebce9232b83254cb7db,0.6553690135478973,0.6553690135478973,0.0
4895,42fe590e0119704ef2afbb26deab9d0e744f0015720f0ebce9232b83254cb7db,0.6553690135478973,0.6553690135478973,0.0
4896,e0deb9d1a20321478523aadd412355e0803fcd46e354eace7a1d66a90e0639ca,0.6344912648200989,0.6344912648200989,0.0
4897,ede62161e767eb8a128d8591d8f0822914246512f016b8485583df0c97dd9b5d,0.6355510950088501,0.6355510950088501,0.0
4898,ede62161e767eb8a128d8591d8f0822914246512f016b8485583df0c97dd9b5d,0.6355510950088501,0.6355510950088501,0.0
4899,2e42b88ce49d69819a27a089591344f998159dc89352f299fd5f0288c9e4181c,0.7572187930345535,0.7572187930345535,0.0
4900,8e273ddf30308e99e01a0bd0b1f4887b8c7efafe92e77689e9002a81004f6f71,0.7466147541999817,0.7466147541999817,0.0
4901,500118535eb5d717f5a28f7b6f80adb070184d1a65b3df746470d341e91b804f,0.7361962497234344,0.7361962497234344,0.0
4902,ef6c02f13ff6e39c0a1243d4113efe6be8c634cc517433a2e99e0781390ed3b5,0.6307750046253204,0.6307750046253204,0.0
4903,4ecd039db07c77a74d28e35ad555603fc8765596c1f10dd8d4582c78ed264fac,0.5119142234325409,0.5119142234325409,0.0
4904,d72ee3ea11359539bf314dc4df07175eaf2e91e454562574378d65547bf83924,0.5372750759124756,0.5372750759124756,0.0
4905,0b9d7dccf694f0e20b19cf68dd7edf1cae84a5abea7ac556d5963afa4635fa37,0.4545007944107055,0.45450079441070557,5.551115123125783e-17
4906,d4728a4abf96c2669e8b655f0bb1987b667c41e7762b2793507642b357b31eae,0.6418749988079071,0.6418749988079071,0.0
4907,65500c547e7af21eba89a9e18503248effe9dd47e1c0eba8ecc39af2b6d358b5,0.6341713666915894,0.6341713666915894,0.0
4908,579ae514a4944e898808737ddda56f62c28bea5f2022332e40229b494d1fe145,0.6232103109359741,0.6232103109359741,0.0
4909,e74fa4fe15a54221f2132437d3c2c1ab1b6bd1b8bd13d5f6b1e2a5fb1c06cb4c,0.5540738105773926,0.5540738105773926,0.0
4910,99325c9a1a0668e8a18d20455f3f6cdcb041be821b2b45440dddfbbade92c3d8,0.5256737768650055,0.5256737768650055,0.0
4911,1509c7a199bb4cb6712196cb2cbb2a127f29882be7c8068eed759a4d1936a8c0,0.552584171295166,0.552584171295166,0.0
4912,caece7f54666c5c22cc0177763f9e170449a1712414589ff01374768315d8d4a,0.53133824467659,0.53133824467659,0.0
4913,95ef990b36ce3e691f7f6cdd8cf50db2224840da3216b9934805836b6c501ffd,0.4863611459732055,0.48636114597320557,5.551115123125783e-17
4914,4bf947926f6acb7b3b42fdf9fed6d42dec910674a41f860886ec6bf7c0a1705c,0.5307970941066742,0.5307970941066742,0.0
4915,03fdfc2eed45255e9348959b70699c3afa1d9d53b9ba96f171577b4a272c1679,0.6311959326267242,0.6311959326267242,0.0
4916,a40e59bbde8fe952708649bf93ad919c0105c97c28bf9088dcf3435b92e2cf45,0.6291235387325287,0.6291235387325287,0.0
4917,df285a58cc5ec05d2ad9f98f9a45f0ac7ae1129fc4d82d9247ab7f80320ef970,0.5654527246952057,0.5654527246952057,0.0
4918,e329dd0d481bf33f9c5c835f22e68877dce702ecf8235aeb73736c1ee10b2dc3,0.6021875143051147,0.6021875143051147,0.0
4919,515311b3825d6735931cd9a4fd90610af39b693841b19a175048c838dbb72cf6,0.4949337244033813,0.49493372440338135,5.551115123125783e-17
4920,071790c0eab4308d8ff3536cf47bb554085c3fdfba3234205ea2687072bc7e58,0.5623862743377686,0.5623862743377686,0.0
4921,d3ce3cca4e406056b1e9a33b73589e674c8c473f0b23de73124049832a35b540,0.6481956839561462,0.6481956839561462,0.0
4922,b1e319d05abf4ca6706d34654ebd223fa13d20e7f46b3d1e126016f8ebe93d7f,0.6355413794517517,0.6355413794517517,0.0
4923,704ec3bca4991ae590f660e083725dda79ac71ff1cb46a5aa3306f205e57a2d5,0.6473213136196136,0.6473213136196136,0.0
4924,3b2190b792334c4cdccf6512e3c2b4af26192a20631af0d22f5653d764a00411,0.656080424785614,0.656080424785614,0.0
4925,2da0034cbbc150529eb06e9deb0a67cb8e9c70d44f10cfd41367c395a978ef2c,0.623818576335907,0.623818576335907,0.0
4926,7fabbd733e99be2d6a0d8954b800eff0af6bacbd1a4f6814b3f90fc6ba9c501e,0.53986856341362,0.53986856341362,0.0
4927,77c13a2d4d4b4dbf872dfecbd7c15dc35b3c145cc0e21db1bc0ee95dd02b786b,0.7091275155544281,0.7091275155544281,0.0
4928,512578dadc6da4cca4bea1f5c2c68c4f939ab778536ffcdd5d0000cfb0db6d92,0.7083530426025391,0.7083530426025391,0.0
4929,09c7196aa4de03f5991851e5d686b6cbf39b99b3b4ce65dd6a6a46e95f0a2234,0.6746698021888733,0.6746698021888733,0.0
4930,c332b4477012418567b64bfc26ab36b52ab70b11f511a6340cb9f0e66af55528,0.5733614563941956,0.5733614563941956,0.0
4931,4bd9131559b88e6de77b3edea50ba50314df3dd039868c5d7742a0597488dc0b,0.6454384326934814,0.6454384326934814,0.0
4932,b3da2779c64a6552232a5a3d14a4e5545ccee2592e317b00e24b1cf288a3435c,0.5194415152072906,0.5194415152072906,0.0
4933,b2d46b28c2bd7e531afbf2f933c367a98bba929e8abe03655d3b9cbf42b33bf1,0.7413493096828461,0.7413493096828461,0.0
4934,ea868d9f79a991f552371e70d1699d692579cf84c0a02fde65201c2744f67939,0.7239482402801514,0.7239482402801514,0.0
4935,4b128410da2b5a5995946fa808ec6af19721d5e6adc3cdecec1a288c5b3dc29d,0.5500437021255493,0.5500437021255493,0.0
4936,c1bc9f0998a905ee040e0030438cb0cf776654ad3659399c970cd955577989c5,0.4432389140129089,0.44323891401290894,5.551115123125783e-17
4937,b9337534642e6de7926c0e655b75d5ee3b11ca8b073d51c803363ba4dab7b480,0.4635007381439209,0.4635007381439209,0.0
4938,ed1992cbcb576aba3235985ab6a997f61c0881682d4720b683c8beb1a8e2750f,0.524536520242691,0.524536520242691,0.0
4939,536e1a4b9a36a11173a104b768264330081db2a88f3523be4b117c27edb02ad5,0.6490735113620758,0.6490735113620758,0.0
4940,894a5b4fefbbc27194a3900e9b76a8cbd6df4a60aaf04f29ba969a8d1311192a,0.5929625034332275,0.5929625034332275,0.0
4941,e7c208566d3d12cd2fcd47714a43f8e0dae1e98f5545eff40a221cb573b44556,0.5182533264160156,0.5182533264160156,0.0
4942,a95e383e9df673806cae5dee39eb098f43250d067abce74e69a64e3b95603a86,0.611908346414566,0.611908346414566,0.0
4943,89a27bb9a5db82d484d7ad53f515ba3970751aeddea3db62dac15bbe212dee60,0.6200948059558868,0.6200948059558868,0.0
4944,59b455a5c1c0cb808a63eb885db1b961815935b8c7cd1610c60c4d6f2e2928e0,0.5879085659980774,0.5879085659980774,0.0
4945,1f1323d46120a5191588295b51486c38d68f46c6499267fa1ec99178a29e22a2,0.6599501371383667,0.6599501371383667,0.0
4946,a687a92a45118c3c1ed5bb45e8e0eda8d2feaa0395425cc2dccb259b3aa4c848,0.6038898825645447,0.6038898825645447,0.0
4947,63f40b5e88b18c6c537bc39b24deb5592b7c529dda2f8bdf5a9d4564494479b2,0.6015981137752533,0.6015981137752533,0.0
4948,f57ec5b5203e3822190a359157b5e620be46826f1b770832987c5ec6a6cac148,0.5687628984451294,0.5687628984451294,0.0
4949,eb5cc6adfddc749621cae2e44fa8824fefec0212534f9e91fc5220bc27462aa4,0.6862029731273651,0.6862029731273651,0.0
4950,e44e4854e1bf9642aae663686a8bb98a7656fb3262a6e979a8d9515aad693fb1,0.6101349890232086,0.6101349890232086,0.0
4951,24cc7d76b134a80a7ff829e5eaf44ac696a516cb01088a06110fd378a84fec8d,0.5576176643371582,0.5576176643371582,0.0
4952,c5885f391247d5d06e1641fd5484fa3e1e5365a2ce0cede7a70539492720b916,0.6425194144248962,0.6425194144248962,0.0
4953,35c0698f7e4e8fe1461890d349c85263bc616bfde2f3ecda98e8090293c8a8fd,0.6287523806095123,0.6287523806095123,0.0
4954,3791993bf6def85b9f8f4d6aa39b3876fa511b999a1850dfbbaee98a72c974e0,0.5473960638046265,0.5473960638046265,0.0
4955,5c09c2a70263439cbe496d6b6d5b011a4be99885aba2361a37b1e8367c31c6ea,0.5589057803153992,0.5589057803153992,0.0
4956,34927ec357cfc5b2040fcda1cbf9c036d3647089f3c30cde78d554ca208dd8ba,0.5890529453754425,0.5890529453754425,0.0
4957,7f8db5a78ebb8d4a7dd65a1ace753d0aa670d5da0cba324aaaf4c8c1a5ddc33d,0.645328551530838,0.645328551530838,0.0
4958,f3061e4a2b4807ff408ff62ff84402561534695b9811ae272317d13109d4fef2,0.633631706237793,0.633631706237793,0.0
4959,9f74e7ee913c870f004016832ae06263d8d01d7020dd527cf99b38c14e2c5caf,0.595030665397644,0.595030665397644,0.0
4960,86508efa118b42983bc3b15bc3ebc519d13ac5acf88047867c63044a9e850cac,0.6373913586139679,0.6373913586139679,0.0
4961,16079ffd22cca44a648076f451d8029032f745515bd197ddaedf06a85fba132c,0.6530696749687195,0.6530696749687195,0.0
4962,d4299e6578fe42a45498f2b4e2776b02991df6a1eed266adc3d1c432544f4ded,0.6922619044780731,0.6922619044780731,0.0
4963,4859dd989a9f13506765e28945a4c2b19b0130b8b5596d980b11b508e68fdaac,0.599590003490448,0.599590003490448,0.0
4964,ef9a9e6d14878f074c2ce1db0ae4c71388173b706b8190c3a898a205d2352689,0.6188121140003204,0.6188121140003204,0.0
4965,d3a8180f26c0761d160a8af493fd66cb1489b3664e7e75ad57948633ec03cbd1,0.6049613356590271,0.6049613356590271,0.0
4966,9e8416247790bcb1f827f58bf54779ed7e016c6c2936755034bbd7c8688c6739,0.6310864090919495,0.6310864090919495,0.0
4967,9c9f6e36bb365271489bbd2df74363af5afe2d19fee08292ff7c3f553dc694b7,0.6516926288604736,0.6516926288604736,0.0
4968,3fcd5f872017d091c9b9b490cc6fd96bd4655244237ddbde1621f22d81de8c1c,0.5918194651603699,0.5918194651603699,0.0
4969,4797610c3691a82c86f5ea02d89117fc484f74008dfc63723c529494f16c5213,0.5109726190567017,0.5109726190567017,0.0
4970,4797610c3691a82c86f5ea02d89117fc484f74008dfc63723c529494f16c5213,0.5109726190567017,0.5109726190567017,0.0
4971,c7b4a0fbbcfc043fc2f53908831481916ea6b4770ff3d36c531ccd8ca6016728,0.5223684906959534,0.5223684906959534,0.0
4972,a7c63b697cde29f6713340568da69f8d78ee31809a417bf78298619572172fbb,0.5067550241947174,0.5067550241947174,0.0
4973,a7c63b697cde29f6713340568da69f8d78ee31809a417bf78298619572172fbb,0.5067550241947174,0.5067550241947174,0.0
4974,fb2070823160aa97beca211077c23e397cf596b711916c1b8e424035be32d643,0.529625654220581,0.529625654220581,0.0
4975,cc8d61f7e0251e43e5d8ca79af2cdda41cad6d99848fa626340daa80afa81c50,0.6083518266677856,0.6083518266677856,0.0
4976,cc8d61f7e0251e43e5d8ca79af2cdda41cad6d99848fa626340daa80afa81c50,0.6083518266677856,0.6083518266677856,0.0
4977,30b19549e4137be458318a670ff67dc92fe2ee414162c538fa4c69a631bc737a,0.5742993950843811,0.5742993950843811,0.0
4978,0cb8e96a4939b28f64bc0525c7f31c7594d773687938e97d2136e7d18b0adddc,0.6533255279064178,0.6533255279064178,0.0
4979,0cb8e96a4939b28f64bc0525c7f31c7594d773687938e97d2136e7d18b0adddc,0.6533255279064178,0.6533255279064178,0.0
4980,b63cb2795b68c2350fd2d99d46e89e302f3f2f3399c848c87b4e8dd1ffb9f916,0.7173836827278137,0.7173836827278137,0.0
4981,03828d4dbbfc37824e2949a90b43ce81d8fe9e925ad950ac22d2ed73444cde19,0.5903007388114929,0.5903007388114929,0.0
4982,03828d4dbbfc37824e2949a90b43ce81d8fe9e925ad950ac22d2ed73444cde19,0.5903007388114929,0.5903007388114929,0.0
4983,28fc0397973f7aa9ca3d30e435964d297308cd928a24503bc8de5de551f767b6,0.5767276585102081,0.5767276585102081,0.0
4984,42fe590e0119704ef2afbb26deab9d0e744f0015720f0ebce9232b83254cb7db,0.6553690135478973,0.6553690135478973,0.0
4985,42fe590e0119704ef2afbb26deab9d0e744f0015720f0ebce9232b83254cb7db,0.6553690135478973,0.6553690135478973,0.0
4986,e0deb9d1a20321478523aadd412355e0803fcd46e354eace7a1d66a90e0639ca,0.6344912648200989,0.6344912648200989,0.0
4987,ede62161e767eb8a128d8591d8f0822914246512f016b8485583df0c97dd9b5d,0.6355510950088501,0.6355510950088501,0.0
4988,ede62161e767eb8a128d8591d8f0822914246512f016b8485583df0c97dd9b5d,0.6355510950088501,0.6355510950088501,0.0
4989,2e42b88ce49d69819a27a089591344f998159dc89352f299fd5f0288c9e4181c,0.7572187930345535,0.7572187930345535,0.0
4990,8e273ddf30308e99e01a0bd0b1f4887b8c7efafe92e77689e9002a81004f6f71,0.7466147541999817,0.7466147541999817,0.0
4991,500118535eb5d717f5a28f7b6f80adb070184d1a65b3df746470d341e91b804f,0.7361962497234344,0.7361962497234344,0.0
4992,ef6c02f13ff6e39c0a1243d4113efe6be8c634cc517433a2e99e0781390ed3b5,0.6307750046253204,0.6307750046253204,0.0
4993,4ecd039db07c77a74d28e35ad555603fc8765596c1f10dd8d4582c78ed264fac,0.5119142234325409,0.5119142234325409,0.0
4994,d72ee3ea11359539bf314dc4df07175eaf2e91e454562574378d65547bf83924,0.5372750759124756,0.5372750759124756,0.0
4995,0b9d7dccf694f0e20b19cf68dd7edf1cae84a5abea7ac556d5963afa4635fa37,0.4545007944107055,0.45450079441070557,5.551115123125783e-17
4996,d4728a4abf96c2669e8b655f0bb1987b667c41e7762b2793507642b357b31eae,0.6418749988079071,0.6418749988079071,0.0
4997,65500c547e7af21eba89a9e18503248effe9dd47e1c0eba8ecc39af2b6d358b5,0.6341713666915894,0.6341713666915894,0.0
4998,579ae514a4944e898808737ddda56f62c28bea5f2022332e40229b494d1fe145,0.6232103109359741,0.6232103109359741,0.0
4999,e74fa4fe15a54221f2132437d3c2c1ab1b6bd1b8bd13d5f6b1e2a5fb1c06cb4c,0.5540738105773926,0.5540738105773926,0.0
5000,99325c9a1a0668e8a18d20455f3f6cdcb041be821b2b45440dddfbbade92c3d8,0.5256737768650055,0.5256737768650055,0.0
5001,1509c7a199bb4cb6712196cb2cbb2a127f29882be7c8068eed759a4d1936a8c0,0.552584171295166,0.552584171295166,0.0
5002,caece7f54666c5c22cc0177763f9e170449a1712414589ff01374768315d8d4a,0.53133824467659,0.53133824467659,0.0
5003,95ef990b36ce3e691f7f6cdd8cf50db2224840da3216b9934805836b6c501ffd,0.4863611459732055,0.48636114597320557,5.551115123125783e-17
5004,4bf947926f6acb7b3b42fdf9fed6d42dec910674a41f860886ec6bf7c0a1705c,0.5307970941066742,0.5307970941066742,0.0
5005,03fdfc2eed45255e9348959b70699c3afa1d9d53b9ba96f171577b4a272c1679,0.6311959326267242,0.6311959326267242,0.0
5006,a40e59bbde8fe952708649bf93ad919c0105c97c28bf9088dcf3435b92e2cf45,0.6291235387325287,0.6291235387325287,0.0
5007,df285a58cc5ec05d2ad9f98f9a45f0ac7ae1129fc4d82d9247ab7f80320ef970,0.5654527246952057,0.5654527246952057,0.0
5008,e329dd0d481bf33f9c5c835f22e68877dce702ecf8235aeb73736c1ee10b2dc3,0.6021875143051147,0.6021875143051147,0.0
5009,515311b3825d6735931cd9a4fd90610af39b693841b19a175048c838dbb72cf6,0.4949337244033813,0.49493372440338135,5.551115123125783e-17
5010,071790c0eab4308d8ff3536cf47bb554085c3fdfba3234205ea2687072bc7e58,0.5623862743377686,0.5623862743377686,0.0
5011,d3ce3cca4e406056b1e9a33b73589e674c8c473f0b23de73124049832a35b540,0.6481956839561462,0.6481956839561462,0.0
5012,b1e319d05abf4ca6706d34654ebd223fa13d20e7f46b3d1e126016f8ebe93d7f,0.6355413794517517,0.6355413794517517,0.0
5013,704ec3bca4991ae590f660e083725dda79ac71ff1cb46a5aa3306f205e57a2d5,0.6473213136196136,0.6473213136196136,0.0
5014,3b2190b792334c4cdccf6512e3c2b4af26192a20631af0d22f5653d764a00411,0.656080424785614,0.656080424785614,0.0
5015,2da0034cbbc150529eb06e9deb0a67cb8e9c70d44f10cfd41367c395a978ef2c,0.623818576335907,0.623818576335907,0.0
5016,7fabbd733e99be2d6a0d8954b800eff0af6bacbd1a4f6814b3f90fc6ba9c501e,0.53986856341362,0.53986856341362,0.0
5017,77c13a2d4d4b4dbf872dfecbd7c15dc35b3c145cc0e21db1bc0ee95dd02b786b,0.7091275155544281,0.7091275155544281,0.0
5018,512578dadc6da4cca4bea1f5c2c68c4f939ab778536ffcdd5d0000cfb0db6d92,0.7083530426025391,0.7083530426025391,0.0
5019,09c7196aa4de03f5991851e5d686b6cbf39b99b3b4ce65dd6a6a46e95f0a2234,0.6746698021888733,0.6746698021888733,0.0
5020,c332b4477012418567b64bfc26ab36b52ab70b11f511a6340cb9f0e66af55528,0.5733614563941956,0.5733614563941956,0.0
5021,4bd9131559b88e6de77b3edea50ba50314df3dd039868c5d7742a0597488dc0b,0.6454384326934814,0.6454384326934814,0.0
5022,b3da2779c64a6552232a5a3d14a4e5545ccee2592e317b00e24b1cf288a3435c,0.5194415152072906,0.5194415152072906,0.0
5023,b2d46b28c2bd7e531afbf2f933c367a98bba929e8abe03655d3b9cbf42b33bf1,0.7413493096828461,0.7413493096828461,0.0
5024,ea868d9f79a991f552371e70d1699d692579cf84c0a02fde65201c2744f67939,0.7239482402801514,0.7239482402801514,0.0
5025,4b128410da2b5a5995946fa808ec6af19721d5e6adc3cdecec1a288c5b3dc29d,0.5500437021255493,0.5500437021255493,0.0
5026,c1bc9f0998a905ee040e0030438cb0cf776654ad3659399c970cd955577989c5,0.4432389140129089,0.44323891401290894,5.551115123125783e-17
5027,b9337534642e6de7926c0e655b75d5ee3b11ca8b073d51c803363ba4dab7b480,0.4635007381439209,0.4635007381439209,0.0
5028,ed1992cbcb576aba3235985ab6a997f61c0881682d4720b683c8beb1a8e2750f,0.524536520242691,0.524536520242691,0.0
5029,536e1a4b9a36a11173a104b768264330081db2a88f3523be4b117c27edb02ad5,0.6490735113620758,0.6490735113620758,0.0
5030,894a5b4fefbbc27194a3900e9b76a8cbd6df4a60aaf04f29ba969a8d1311192a,0.5929625034332275,0.5929625034332275,0.0
5031,e7c208566d3d12cd2fcd47714a43f8e0dae1e98f5545eff40a221cb573b44556,0.5182533264160156,0.5182533264160156,0.0
5032,a95e383e9df673806cae5dee39eb098f43250d067abce74e69a64e3b95603a86,0.611908346414566,0.611908346414566,0.0
5033,89a27bb9a5db82d484d7ad53f515ba3970751aeddea3db62dac15bbe212dee60,0.6200948059558868,0.6200948059558868,0.0
5034,59b455a5c1c0cb808a63eb885db1b961815935b8c7cd1610c60c4d6f2e2928e0,0.5879085659980774,0.5879085659980774,0.0
5035,1f1323d46120a5191588295b51486c38d68f46c6499267fa1ec99178a29e22a2,0.6599501371383667,0.6599501371383667,0.0
5036,a687a92a45118c3c1ed5bb45e8e0eda8d2feaa0395425cc2dccb259b3aa4c848,0.6038898825645447,0.6038898825645447,0.0
5037,63f40b5e88b18c6c537bc39b24deb5592b7c529dda2f8bdf5a9d4564494479b2,0.6015981137752533,0.6015981137752533,0.0
5038,f57ec5b5203e3822190a359157b5e620be46826f1b770832987c5ec6a6cac148,0.5687628984451294,0.5687628984451294,0.0
5039,eb5cc6adfddc749621cae2e44fa8824fefec0212534f9e91fc5220bc27462aa4,0.6862029731273651,0.6862029731273651,0.0
5040,e44e4854e1bf9642aae663686a8bb98a7656fb3262a6e979a8d9515aad693fb1,0.6101349890232086,0.6101349890232086,0.0
5041,24cc7d76b134a80a7ff829e5eaf44ac696a516cb01088a06110fd378a84fec8d,0.5576176643371582,0.5576176643371582,0.0
5042,c5885f391247d5d06e1641fd5484fa3e1e5365a2ce0cede7a70539492720b916,0.6425194144248962,0.6425194144248962,0.0
5043,35c0698f7e4e8fe1461890d349c85263bc616bfde2f3ecda98e8090293c8a8fd,0.6287523806095123,0.6287523806095123,0.0
5044,3791993bf6def85b9f8f4d6aa39b3876fa511b999a1850dfbbaee98a72c974e0,0.5473960638046265,0.5473960638046265,0.0
5045,5c09c2a70263439cbe496d6b6d5b011a4be99885aba2361a37b1e8367c31c6ea,0.5589057803153992,0.5589057803153992,0.0
5046,34927ec357cfc5b2040fcda1cbf9c036d3647089f3c30cde78d554ca208dd8ba,0.5890529453754425,0.5890529453754425,0.0
5047,7f8db5a78ebb8d4a7dd65a1ace753d0aa670d5da0cba324aaaf4c8c1a5ddc33d,0.645328551530838,0.645328551530838,0.0
5048,f3061e4a2b4807ff408ff62ff84402561534695b9811ae272317d13109d4fef2,0.633631706237793,0.633631706237793,0.0
5049,9f74e7ee913c870f004016832ae06263d8d01d7020dd527cf99b38c14e2c5caf,0.595030665397644,0.595030665397644,0.0
5050,86508efa118b42983bc3b15bc3ebc519d13ac5acf88047867c63044a9e850cac,0.6373913586139679,0.6373913586139679,0.0
5051,16079ffd22cca44a648076f451d8029032f745515bd197ddaedf06a85fba132c,0.6530696749687195,0.6530696749687195,0.0
5052,d4299e6578fe42a45498f2b4e2776b02991df6a1eed266adc3d1c432544f4ded,0.6922619044780731,0.6922619044780731,0.0
5053,4859dd989a9f13506765e28945a4c2b19b0130b8b5596d980b11b508e68fdaac,0.599590003490448,0.599590003490448,0.0
5054,ef9a9e6d14878f074c2ce1db0ae4c71388173b706b8190c3a898a205d2352689,0.6188121140003204,0.6188121140003204,0.0
5055,d3a8180f26c0761d160a8af493fd66cb1489b3664e7e75ad57948633ec03cbd1,0.6049613356590271,0.6049613356590271,0.0
5056,9e8416247790bcb1f827f58bf54779ed7e016c6c2936755034bbd7c8688c6739,0.6310864090919495,0.6310864090919495,0.0
5057,9c9f6e36bb365271489bbd2df74363af5afe2d19fee08292ff7c3f553dc694b7,0.6516926288604736,0.6516926288604736,0.0
5058,3fcd5f872017d091c9b9b490cc6fd96bd4655244237ddbde1621f22d81de8c1c,0.5918194651603699,0.5918194651603699,0.0
5059,4797610c3691a82c86f5ea02d89117fc484f74008dfc63723c529494f16c5213,0.5109726190567017,0.5109726190567017,0.0
5060,4797610c3691a82c86f5ea02d89117fc484f74008dfc63723c529494f16c5213,0.5109726190567017,0.5109726190567017,0.0
5061,c7b4a0fbbcfc043fc2f53908831481916ea6b4770ff3d36c531ccd8ca6016728,0.5223684906959534,0.5223684906959534,0.0
5062,a7c63b697cde29f6713340568da69f8d78ee31809a417bf78298619572172fbb,0.5067550241947174,0.5067550241947174,0.0
5063,a7c63b697cde29f6713340568da69f8d78ee31809a417bf78298619572172fbb,0.5067550241947174,0.5067550241947174,0.0
5064,fb2070823160aa97beca211077c23e397cf596b711916c1b8e424035be32d643,0.529625654220581,0.529625654220581,0.0
5065,cc8d61f7e0251e43e5d8ca79af2cdda41cad6d99848fa626340daa80afa81c50,0.6083518266677856,0.6083518266677856,0.0
5066,cc8d61f7e0251e43e5d8ca79af2cdda41cad6d99848fa626340daa80afa81c50,0.6083518266677856,0.6083518266677856,0.0
5067,30b19549e4137be458318a670ff67dc92fe2ee414162c538fa4c69a631bc737a,0.5742993950843811,0.5742993950843811,0.0
5068,0cb8e96a4939b28f64bc0525c7f31c7594d773687938e97d2136e7d18b0adddc,0.6533255279064178,0.6533255279064178,0.0
5069,0cb8e96a4939b28f64bc0525c7f31c7594d773687938e97d2136e7d18b0adddc,0.6533255279064178,0.6533255279064178,0.0
5070,b63cb2795b68c2350fd2d99d46e89e302f3f2f3399c848c87b4e8dd1ffb9f916,0.7173836827278137,0.7173836827278137,0.0
5071,03828d4dbbfc37824e2949a90b43ce81d8fe9e925ad950ac22d2ed73444cde19,0.5903007388114929,0.5903007388114929,0.0
5072,03828d4dbbfc37824e2949a90b43ce81d8fe9e925ad950ac22d2ed73444cde19,0.5903007388114929,0.5903007388114929,0.0
5073,28fc0397973f7aa9ca3d30e435964d297308cd928a24503bc8de5de551f767b6,0.5767276585102081,0.5767276585102081,0.0
5074,42fe590e0119704ef2afbb26deab9d0e744f0015720f0ebce9232b83254cb7db,0.6553690135478973,0.6553690135478973,0.0
5075,42fe590e0119704ef2afbb26deab9d0e744f0015720f0ebce9232b83254cb7db,0.6553690135478973,0.6553690135478973,0.0
5076,e0deb9d1a20321478523aadd412355e0803fcd46e354eace7a1d66a90e0639ca,0.6344912648200989,0.6344912648200989,0.0
5077,ede62161e767eb8a128d8591d8f0822914246512f016b8485583df0c97dd9b5d,0.6355510950088501,0.6355510950088501,0.0
5078,ede62161e767eb8a128d8591d8f0822914246512f016b8485583df0c97dd9b5d,0.6355510950088501,0.6355510950088501,0.0
5079,2e42b88ce49d69819a27a089591344f998159dc89352f299fd5f0288c9e4181c,0.7572187930345535,0.7572187930345535,0.0
5080,8e273ddf30308e99e01a0bd0b1f4887b8c7efafe92e77689e9002a81004f6f71,0.7466147541999817,0.7466147541999817,0.0
5081,500118535eb5d717f5a28f7b6f80adb070184d1a65b3df746470d341e91b804f,0.7361962497234344,0.7361962497234344,0.0
5082,ef6c02f13ff6e39c0a1243d4113efe6be8c634cc517433a2e99e0781390ed3b5,0.6307750046253204,0.6307750046253204,0.0
5083,4ecd039db07c77a74d28e35ad555603fc8765596c1f10dd8d4582c78ed264fac,0.5119142234325409,0.5119142234325409,0.0
5084,d72ee3ea11359539bf314dc4df07175eaf2e91e454562574378d65547bf83924,0.5372750759124756,0.5372750759124756,0.0
5085,0b9d7dccf694f0e20b19cf68dd7edf1cae84a5abea7ac556d5963afa4635fa37,0.4545007944107055,0.45450079441070557,5.551115123125783e-17
5086,d4728a4abf96c2669e8b655f0bb1987b667c41e7762b2793507642b357b31eae,0.6418749988079071,0.6418749988079071,0.0
5087,65500c547e7af21eba89a9e18503248effe9dd47e1c0eba8ecc39af2b6d358b5,0.6341713666915894,0.6341713666915894,0.0
5088,579ae514a4944e898808737ddda56f62c28bea5f2022332e40229b494d1fe145,0.6232103109359741,0.6232103109359741,0.0
5089,e74fa4fe15a54221f2132437d3c2c1ab1b6bd1b8bd13d5f6b1e2a5fb1c06cb4c,0.5540738105773926,0.5540738105773926,0.0
5090,99325c9a1a0668e8a18d20455f3f6cdcb041be821b2b45440dddfbbade92c3d8,0.5256737768650055,0.5256737768650055,0.0
5091,1509c7a199bb4cb6712196cb2cbb2a127f29882be7c8068eed759a4d1936a8c0,0.552584171295166,0.552584171295166,0.0
5092,caece7f54666c5c22cc0177763f9e170449a1712414589ff01374768315d8d4a,0.53133824467659,0.53133824467659,0.0
5093,95ef990b36ce3e691f7f6cdd8cf50db2224840da3216b9934805836b6c501ffd,0.4863611459732055,0.48636114597320557,5.551115123125783e-17
5094,4bf947926f6acb7b3b42fdf9fed6d42dec910674a41f860886ec6bf7c0a1705c,0.5307970941066742,0.5307970941066742,0.0
5095,03fdfc2eed45255e9348959b70699c3afa1d9d53b9ba96f171577b4a272c1679,0.6311959326267242,0.6311959326267242,0.0
5096,a40e59bbde8fe952708649bf93ad919c0105c97c28bf9088dcf3435b92e2cf45,0.6291235387325287,0.6291235387325287,0.0
5097,df285a58cc5ec05d2ad9f98f9a45f0ac7ae1129fc4d82d9247ab7f80320ef970,0.5654527246952057,0.5654527246952057,0.0
5098,e329dd0d481bf33f9c5c835f22e68877dce702ecf8235aeb73736c1ee10b2dc3,0.6021875143051147,0.6021875143051147,0.0
5099,515311b3825d6735931cd9a4fd90610af39b693841b19a175048c838dbb72cf6,0.4949337244033813,0.49493372440338135,5.551115123125783e-17
5100,071790c0eab4308d8ff3536cf47bb554085c3fdfba3234205ea2687072bc7e58,0.5623862743377686,0.5623862743377686,0.0
5101,d3ce3cca4e406056b1e9a33b73589e674c8c473f0b23de73124049832a35b540,0.6481956839561462,0.6481956839561462,0.0
5102,b1e319d05abf4ca6706d34654ebd223fa13d20e7f46b3d1e126016f8ebe93d7f,0.6355413794517517,0.6355413794517517,0.0
5103,704ec3bca4991ae590f660e083725dda79ac71ff1cb46a5aa3306f205e57a2d5,0.6473213136196136,0.6473213136196136,0.0
5104,3b2190b792334c4cdccf6512e3c2b4af26192a20631af0d22f5653d764a00411,0.656080424785614,0.656080424785614,0.0
5105,2da0034cbbc150529eb06e9deb0a67cb8e9c70d44f10cfd41367c395a978ef2c,0.623818576335907,0.623818576335907,0.0
5106,7fabbd733e99be2d6a0d8954b800eff0af6bacbd1a4f6814b3f90fc6ba9c501e,0.53986856341362,0.53986856341362,0.0
5107,77c13a2d4d4b4dbf872dfecbd7c15dc35b3c145cc0e21db1bc0ee95dd02b786b,0.7091275155544281,0.7091275155544281,0.0
5108,512578dadc6da4cca4bea1f5c2c68c4f939ab778536ffcdd5d0000cfb0db6d92,0.7083530426025391,0.7083530426025391,0.0
5109,09c7196aa4de03f5991851e5d686b6cbf39b99b3b4ce65dd6a6a46e95f0a2234,0.6746698021888733,0.6746698021888733,0.0
5110,c332b4477012418567b64bfc26ab36b52ab70b11f511a6340cb9f0e66af55528,0.5733614563941956,0.5733614563941956,0.0
5111,4bd9131559b88e6de77b3edea50ba50314df3dd039868c5d7742a0597488dc0b,0.6454384326934814,0.6454384326934814,0.0
5112,b3da2779c64a6552232a5a3d14a4e5545ccee2592e317b00e24b1cf288a3435c,0.5194415152072906,0.5194415152072906,0.0
5113,b2d46b28c2bd7e531afbf2f933c367a98bba929e8abe03655d3b9cbf42b33bf1,0.7413493096828461,0.7413493096828461,0.0
5114,ea868d9f79a991f552371e70d1699d692579cf84c0a02fde65201c2744f67939,0.7239482402801514,0.7239482402801514,0.0
5115,4b128410da2b5a5995946fa808ec6af19721d5e6adc3cdecec1a288c5b3dc29d,0.5500437021255493,0.5500437021255493,0.0
5116,c1bc9f0998a905ee040e0030438cb0cf776654ad3659399c970cd955577989c5,0.4432389140129089,0.44323891401290894,5.551115123125783e-17
5117,b9337534642e6de7926c0e655b75d5ee3b11ca8b073d51c803363ba4dab7b480,0.4635007381439209,0.4635007381439209,0.0
5118,ed1992cbcb576aba3235985ab6a997f61c0881682d4720b683c8beb1a8e2750f,0.524536520242691,0.524536520242691,0.0
5119,536e1a4b9a36a11173a104b768264330081db2a88f3523be4b117c27edb02ad5,0.6490735113620758,0.6490735113620758,0.0
5120,894a5b4fefbbc27194a3900e9b76a8cbd6df4a60aaf04f29ba969a8d1311192a,0.5929625034332275,0.5929625034332275,0.0
5121,e7c208566d3d12cd2fcd47714a43f8e0dae1e98f5545eff40a221cb573b44556,0.5182533264160156,0.5182533264160156,0.0
5122,a95e383e9df673806cae5dee39eb098f43250d067abce74e69a64e3b95603a86,0.611908346414566,0.611908346414566,0.0
5123,89a27bb9a5db82d484d7ad53f515ba3970751aeddea3db62dac15bbe212dee60,0.6200948059558868,0.6200948059558868,0.0
5124,59b455a5c1c0cb808a63eb885db1b961815935b8c7cd1610c60c4d6f2e2928e0,0.5879085659980774,0.5879085659980774,0.0
5125,1f1323d46120a5191588295b51486c38d68f46c6499267fa1ec99178a29e22a2,0.6599501371383667,0.6599501371383667,0.0
5126,a687a92a45118c3c1ed5bb45e8e0eda8d2feaa0395425cc2dccb259b3aa4c848,0.6038898825645447,0.6038898825645447,0.0
5127,63f40b5e88b18c6c537bc39b24deb5592b7c529dda2f8bdf5a9d4564494479b2,0.6015981137752533,0.6015981137752533,0.0
5128,f57ec5b5203e3822190a359157b5e620be46826f1b770832987c5ec6a6cac148,0.5687628984451294,0.5687628984451294,0.0
5129,eb5cc6adfddc749621cae2e44fa8824fefec0212534f9e91fc5220bc27462aa4,0.6862029731273651,0.6862029731273651,0.0
5130,e44e4854e1bf9642aae663686a8bb98a7656fb3262a6e979a8d9515aad693fb1,0.6101349890232086,0.6101349890232086,0.0
5131,24cc7d76b134a80a7ff829e5eaf44ac696a516cb01088a06110fd378a84fec8d,0.5576176643371582,0.5576176643371582,0.0
5132,c5885f391247d5d06e1641fd5484fa3e1e5365a2ce0cede7a70539492720b916,0.6425194144248962,0.6425194144248962,0.0
5133,35c0698f7e4e8fe1461890d349c85263bc616bfde2f3ecda98e8090293c8a8fd,0.6287523806095123,0.6287523806095123,0.0
5134,3791993bf6def85b9f8f4d6aa39b3876fa511b999a1850dfbbaee98a72c974e0,0.5473960638046265,0.5473960638046265,0.0
5135,5c09c2a70263439cbe496d6b6d5b011a4be99885aba2361a37b1e8367c31c6ea,0.5589057803153992,0.5589057803153992,0.0
5136,34927ec357cfc5b2040fcda1cbf9c036d3647089f3c30cde78d554ca208dd8ba,0.5890529453754425,0.5890529453754425,0.0
5137,7f8db5a78ebb8d4a7dd65a1ace753d0aa670d5da0cba324aaaf4c8c1a5ddc33d,0.645328551530838,0.645328551530838,0.0
5138,f3061e4a2b4807ff408ff62ff84402561534695b9811ae272317d13109d4fef2,0.633631706237793,0.633631706237793,0.0
5139,9f74e7ee913c870f004016832ae06263d8d01d7020dd527cf99b38c14e2c5caf,0.595030665397644,0.595030665397644,0.0
5140,86508efa118b42983bc3b15bc3ebc519d13ac5acf88047867c63044a9e850cac,0.6373913586139679,0.6373913586139679,0.0
5141,16079ffd22cca44a648076f451d8029032f745515bd197ddaedf06a85fba132c,0.6530696749687195,0.6530696749687195,0.0
5142,d4299e6578fe42a45498f2b4e2776b02991df6a1eed266adc3d1c432544f4ded,0.6922619044780731,0.6922619044780731,0.0
5143,4859dd989a9f13506765e28945a4c2b19b0130b8b5596d980b11b508e68fdaac,0.599590003490448,0.599590003490448,0.0
5144,ef9a9e6d14878f074c2ce1db0ae4c71388173b706b8190c3a898a205d2352689,0.6188121140003204,0.6188121140003204,0.0
5145,d3a8180f26c0761d160a8af493fd66cb1489b3664e7e75ad57948633ec03cbd1,0.6049613356590271,0.6049613356590271,0.0
5146,9e8416247790bcb1f827f58bf54779ed7e016c6c2936755034bbd7c8688c6739,0.6310864090919495,0.6310864090919495,0.0
5147,9c9f6e36bb365271489bbd2df74363af5afe2d19fee08292ff7c3f553dc694b7,0.6516926288604736,0.6516926288604736,0.0
5148,3fcd5f872017d091c9b9b490cc6fd96bd4655244237ddbde1621f22d81de8c1c,0.5918194651603699,0.5918194651603699,0.0
5149,4797610c3691a82c86f5ea02d89117fc484f74008dfc63723c529494f16c5213,0.5109726190567017,0.5109726190567017,0.0
5150,4797610c3691a82c86f5ea02d89117fc484f74008dfc63723c529494f16c5213,0.5109726190567017,0.5109726190567017,0.0
5151,c7b4a0fbbcfc043fc2f53908831481916ea6b4770ff3d36c531ccd8ca6016728,0.5223684906959534,0.5223684906959534,0.0
5152,a7c63b697cde29f6713340568da69f8d78ee31809a417bf78298619572172fbb,0.5067550241947174,0.5067550241947174,0.0
5153,a7c63b697cde29f6713340568da69f8d78ee31809a417bf78298619572172fbb,0.5067550241947174,0.5067550241947174,0.0
5154,fb2070823160aa97beca211077c23e397cf596b711916c1b8e424035be32d643,0.529625654220581,0.529625654220581,0.0
5155,cc8d61f7e0251e43e5d8ca79af2cdda41cad6d99848fa626340daa80afa81c50,0.6083518266677856,0.6083518266677856,0.0
5156,cc8d61f7e0251e43e5d8ca79af2cdda41cad6d99848fa626340daa80afa81c50,0.6083518266677856,0.6083518266677856,0.0
5157,30b19549e4137be458318a670ff67dc92fe2ee414162c538fa4c69a631bc737a,0.5742993950843811,0.5742993950843811,0.0
5158,0cb8e96a4939b28f64bc0525c7f31c7594d773687938e97d2136e7d18b0adddc,0.6533255279064178,0.6533255279064178,0.0
5159,0cb8e96a4939b28f64bc0525c7f31c7594d773687938e97d2136e7d18b0adddc,0.6533255279064178,0.6533255279064178,0.0
5160,b63cb2795b68c2350fd2d99d46e89e302f3f2f3399c848c87b4e8dd1ffb9f916,0.7173836827278137,0.7173836827278137,0.0
5161,03828d4dbbfc37824e2949a90b43ce81d8fe9e925ad950ac22d2ed73444cde19,0.5903007388114929,0.5903007388114929,0.0
5162,03828d4dbbfc37824e2949a90b43ce81d8fe9e925ad950ac22d2ed73444cde19,0.5903007388114929,0.5903007388114929,0.0
5163,28fc0397973f7aa9ca3d30e435964d297308cd928a24503bc8de5de551f767b6,0.5767276585102081,0.5767276585102081,0.0
5164,42fe590e0119704ef2afbb26deab9d0e744f0015720f0ebce9232b83254cb7db,0.6553690135478973,0.6553690135478973,0.0
5165,42fe590e0119704ef2afbb26deab9d0e744f0015720f0ebce9232b83254cb7db,0.6553690135478973,0.6553690135478973,0.0
5166,e0deb9d1a20321478523aadd412355e0803fcd46e354eace7a1d66a90e0639ca,0.6344912648200989,0.6344912648200989,0.0
5167,ede62161e767eb8a128d8591d8f0822914246512f016b8485583df0c97dd9b5d,0.6355510950088501,0.6355510950088501,0.0
5168,ede62161e767eb8a128d8591d8f0822914246512f016b8485583df0c97dd9b5d,0.6355510950088501,0.6355510950088501,0.0
5169,2e42b88ce49d69819a27a089591344f998159dc89352f299fd5f0288c9e4181c,0.7572187930345535,0.7572187930345535,0.0
5170,8e273ddf30308e99e01a0bd0b1f4887b8c7efafe92e77689e9002a81004f6f71,0.7466147541999817,0.7466147541999817,0.0
5171,500118535eb5d717f5a28f7b6f80adb070184d1a65b3df746470d341e91b804f,0.7361962497234344,0.7361962497234344,0.0
5172,ef6c02f13ff6e39c0a1243d4113efe6be8c634cc517433a2e99e0781390ed3b5,0.6307750046253204,0.6307750046253204,0.0
5173,4ecd039db07c77a74d28e35ad555603fc8765596c1f10dd8d4582c78ed264fac,0.5119142234325409,0.5119142234325409,0.0
5174,d72ee3ea11359539bf314dc4df07175eaf2e91e454562574378d65547bf83924,0.5372750759124756,0.5372750759124756,0.0
5175,0b9d7dccf694f0e20b19cf68dd7edf1cae84a5abea7ac556d5963afa4635fa37,0.4545007944107055,0.45450079441070557,5.551115123125783e-17
5176,d4728a4abf96c2669e8b655f0bb1987b667c41e7762b2793507642b357b31eae,0.6418749988079071,0.6418749988079071,0.0
5177,65500c547e7af21eba89a9e18503248effe9dd47e1c0eba8ecc39af2b6d358b5,0.6341713666915894,0.6341713666915894,0.0
5178,579ae514a4944e898808737ddda56f62c28bea5f2022332e40229b494d1fe145,0.6232103109359741,0.6232103109359741,0.0
5179,e74fa4fe15a54221f2132437d3c2c1ab1b6bd1b8bd13d5f6b1e2a5fb1c06cb4c,0.5540738105773926,0.5540738105773926,0.0
5180,99325c9a1a0668e8a18d20455f3f6cdcb041be821b2b45440dddfbbade92c3d8,0.5256737768650055,0.5256737768650055,0.0
5181,1509c7a199bb4cb6712196cb2cbb2a127f29882be7c8068eed759a4d1936a8c0,0.552584171295166,0.552584171295166,0.0
5182,caece7f54666c5c22cc0177763f9e170449a1712414589ff01374768315d8d4a,0.53133824467659,0.53133824467659,0.0
5183,95ef990b36ce3e691f7f6cdd8cf50db2224840da3216b9934805836b6c501ffd,0.4863611459732055,0.48636114597320557,5.551115123125783e-17
5184,4bf947926f6acb7b3b42fdf9fed6d42dec910674a41f860886ec6bf7c0a1705c,0.5307970941066742,0.5307970941066742,0.0
5185,03fdfc2eed45255e9348959b70699c3afa1d9d53b9ba96f171577b4a272c1679,0.6311959326267242,0.6311959326267242,0.0
5186,a40e59bbde8fe952708649bf93ad919c0105c97c28bf9088dcf3435b92e2cf45,0.6291235387325287,0.6291235387325287,0.0
5187,df285a58cc5ec05d2ad9f98f9a45f0ac7ae1129fc4d82d9247ab7f80320ef970,0.5654527246952057,0.5654527246952057,0.0
5188,e329dd0d481bf33f9c5c835f22e68877dce702ecf8235aeb73736c1ee10b2dc3,0.6021875143051147,0.6021875143051147,0.0
5189,515311b3825d6735931cd9a4fd90610af39b693841b19a175048c838dbb72cf6,0.4949337244033813,0.49493372440338135,5.551115123125783e-17
5190,071790c0eab4308d8ff3536cf47bb554085c3fdfba3234205ea2687072bc7e58,0.5623862743377686,0.5623862743377686,0.0
5191,d3ce3cca4e406056b1e9a33b73589e674c8c473f0b23de73124049832a35b540,0.6481956839561462,0.6481956839561462,0.0
5192,b1e319d05abf4ca6706d34654ebd223fa13d20e7f46b3d1e126016f8ebe93d7f,0.6355413794517517,0.6355413794517517,0.0
5193,704ec3bca4991ae590f660e083725dda79ac71ff1cb46a5aa3306f205e57a2d5,0.6473213136196136,0.6473213136196136,0.0
5194,3b2190b792334c4cdccf6512e3c2b4af26192a20631af0d22f5653d764a00411,0.656080424785614,0.656080424785614,0.0
5195,2da0034cbbc150529eb06e9deb0a67cb8e9c70d44f10cfd41367c395a978ef2c,0.623818576335907,0.623818576335907,0.0
5196,7fabbd733e99be2d6a0d8954b800eff0af6bacbd1a4f6814b3f90fc6ba9c501e,0.53986856341362,0.53986856341362,0.0
5197,77c13a2d4d4b4dbf872dfecbd7c15dc35b3c145cc0e21db1bc0ee95dd02b786b,0.7091275155544281,0.7091275155544281,0.0
5198,512578dadc6da4cca4bea1f5c2c68c4f939ab778536ffcdd5d0000cfb0db6d92,0.7083530426025391,0.7083530426025391,0.0
5199,09c7196aa4de03f5991851e5d686b6cbf39b99b3b4ce65dd6a6a46e95f0a2234,0.6746698021888733,0.6746698021888733,0.0
5200,c332b4477012418567b64bfc26ab36b52ab70b11f511a6340cb9f0e66af55528,0.5733614563941956,0.5733614563941956,0.0
5201,4bd9131559b88e6de77b3edea50ba50314df3dd039868c5d7742a0597488dc0b,0.6454384326934814,0.6454384326934814,0.0
5202,b3da2779c64a6552232a5a3d14a4e5545ccee2592e317b00e24b1cf288a3435c,0.5194415152072906,0.5194415152072906,0.0
5203,b2d46b28c2bd7e531afbf2f933c367a98bba929e8abe03655d3b9cbf42b33bf1,0.7413493096828461,0.7413493096828461,0.0
5204,ea868d9f79a991f552371e70d1699d692579cf84c0a02fde65201c2744f67939,0.7239482402801514,0.7239482402801514,0.0
5205,4b128410da2b5a5995946fa808ec6af19721d5e6adc3cdecec1a288c5b3dc29d,0.5500437021255493,0.5500437021255493,0.0
5206,c1bc9f0998a905ee040e0030438cb0cf776654ad3659399c970cd955577989c5,0.4432389140129089,0.44323891401290894,5.551115123125783e-17
5207,b9337534642e6de7926c0e655b75d5ee3b11ca8b073d51c803363ba4dab7b480,0.4635007381439209,0.4635007381439209,0.0
5208,ed1992cbcb576aba3235985ab6a997f61c0881682d4720b683c8beb1a8e2750f,0.524536520242691,0.524536520242691,0.0
5209,536e1a4b9a36a11173a104b768264330081db2a88f3523be4b117c27edb02ad5,0.6490735113620758,0.6490735113620758,0.0
5210,894a5b4fefbbc27194a3900e9b76a8cbd6df4a60aaf04f29ba969a8d1311192a,0.5929625034332275,0.5929625034332275,0.0
5211,e7c208566d3d12cd2fcd47714a43f8e0dae1e98f5545eff40a221cb573b44556,0.5182533264160156,0.5182533264160156,0.0
5212,a95e383e9df673806cae5dee39eb098f43250d067abce74e69a64e3b95603a86,0.611908346414566,0.611908346414566,0.0
5213,89a27bb9a5db82d484d7ad53f515ba3970751aeddea3db62dac15bbe212dee60,0.6200948059558868,0.6200948059558868,0.0
5214,59b455a5c1c0cb808a63eb885db1b961815935b8c7cd1610c60c4d6f2e2928e0,0.5879085659980774,0.5879085659980774,0.0
5215,1f1323d46120a5191588295b51486c38d68f46c6499267fa1ec99178a29e22a2,0.6599501371383667,0.6599501371383667,0.0
5216,a687a92a45118c3c1ed5bb45e8e0eda8d2feaa0395425cc2dccb259b3aa4c848,0.6038898825645447,0.6038898825645447,0.0
5217,63f40b5e88b18c6c537bc39b24deb5592b7c529dda2f8bdf5a9d4564494479b2,0.6015981137752533,0.6015981137752533,0.0
5218,f57ec5b5203e3822190a359157b5e620be46826f1b770832987c5ec6a6cac148,0.5687628984451294,0.5687628984451294,0.0
5219,eb5cc6adfddc749621cae2e44fa8824fefec0212534f9e91fc5220bc27462aa4,0.6862029731273651,0.6862029731273651,0.0
5220,e44e4854e1bf9642aae663686a8bb98a7656fb3262a6e979a8d9515aad693fb1,0.6101349890232086,0.6101349890232086,0.0
5221,24cc7d76b134a80a7ff829e5eaf44ac696a516cb01088a06110fd378a84fec8d,0.5576176643371582,0.5576176643371582,0.0
5222,c5885f391247d5d06e1641fd5484fa3e1e5365a2ce0cede7a70539492720b916,0.6425194144248962,0.6425194144248962,0.0
5223,35c0698f7e4e8fe1461890d349c85263bc616bfde2f3ecda98e8090293c8a8fd,0.6287523806095123,0.6287523806095123,0.0
5224,3791993bf6def85b9f8f4d6aa39b3876fa511b999a1850dfbbaee98a72c974e0,0.5473960638046265,0.5473960638046265,0.0
5225,5c09c2a70263439cbe496d6b6d5b011a4be99885aba2361a37b1e8367c31c6ea,0.5589057803153992,0.5589057803153992,0.0
5226,34927ec357cfc5b2040fcda1cbf9c036d3647089f3c30cde78d554ca208dd8ba,0.5890529453754425,0.5890529453754425,0.0
5227,7f8db5a78ebb8d4a7dd65a1ace753d0aa670d5da0cba324aaaf4c8c1a5ddc33d,0.645328551530838,0.645328551530838,0.0
5228,f3061e4a2b4807ff408ff62ff84402561534695b9811ae272317d13109d4fef2,0.633631706237793,0.633631706237793,0.0
5229,9f74e7ee913c870f004016832ae06263d8d01d7020dd527cf99b38c14e2c5caf,0.595030665397644,0.595030665397644,0.0
5230,86508efa118b42983bc3b15bc3ebc519d13ac5acf88047867c63044a9e850cac,0.6373913586139679,0.6373913586139679,0.0
5231,16079ffd22cca44a648076f451d8029032f745515bd197ddaedf06a85fba132c,0.6530696749687195,0.6530696749687195,0.0
5232,d4299e6578fe42a45498f2b4e2776b02991df6a1eed266adc3d1c432544f4ded,0.6922619044780731,0.6922619044780731,0.0
5233,4859dd989a9f13506765e28945a4c2b19b0130b8b5596d980b11b508e68fdaac,0.599590003490448,0.599590003490448,0.0
5234,ef9a9e6d14878f074c2ce1db0ae4c71388173b706b8190c3a898a205d2352689,0.6188121140003204,0.6188121140003204,0.0
5235,d3a8180f26c0761d160a8af493fd66cb1489b3664e7e75ad57948633ec03cbd1,0.6049613356590271,0.6049613356590271,0.0
5236,9e8416247790bcb1f827f58bf54779ed7e016c6c2936755034bbd7c8688c6739,0.6310864090919495,0.6310864090919495,0.0
5237,9c9f6e36bb365271489bbd2df74363af5afe2d19fee08292ff7c3f553dc694b7,0.6516926288604736,0.6516926288604736,0.0
5238,3fcd5f872017d091c9b9b490cc6fd96bd4655244237ddbde1621f22d81de8c1c,0.5918194651603699,0.5918194651603699,0.0
5239,4797610c3691a82c86f5ea02d89117fc484f74008dfc63723c529494f16c5213,0.5109726190567017,0.5109726190567017,0.0
5240,4797610c3691a82c86f5ea02d89117fc484f74008dfc63723c529494f16c5213,0.5109726190567017,0.5109726190567017,0.0
5241,c7b4a0fbbcfc043fc2f53908831481916ea6b4770ff3d36c531ccd8ca6016728,0.5223684906959534,0.5223684906959534,0.0
5242,a7c63b697cde29f6713340568da69f8d78ee31809a417bf78298619572172fbb,0.5067550241947174,0.5067550241947174,0.0
5243,a7c63b697cde29f6713340568da69f8d78ee31809a417bf78298619572172fbb,0.5067550241947174,0.5067550241947174,0.0
5244,fb2070823160aa97beca211077c23e397cf596b711916c1b8e424035be32d643,0.529625654220581,0.529625654220581,0.0
5245,cc8d61f7e0251e43e5d8ca79af2cdda41cad6d99848fa626340daa80afa81c50,0.6083518266677856,0.6083518266677856,0.0
5246,cc8d61f7e0251e43e5d8ca79af2cdda41cad6d99848fa626340daa80afa81c50,0.6083518266677856,0.6083518266677856,0.0
5247,30b19549e4137be458318a670ff67dc92fe2ee414162c538fa4c69a631bc737a,0.5742993950843811,0.5742993950843811,0.0
5248,0cb8e96a4939b28f64bc0525c7f31c7594d773687938e97d2136e7d18b0adddc,0.6533255279064178,0.6533255279064178,0.0
5249,0cb8e96a4939b28f64bc0525c7f31c7594d773687938e97d2136e7d18b0adddc,0.6533255279064178,0.6533255279064178,0.0
5250,b63cb2795b68c2350fd2d99d46e89e302f3f2f3399c848c87b4e8dd1ffb9f916,0.7173836827278137,0.7173836827278137,0.0
5251,03828d4dbbfc37824e2949a90b43ce81d8fe9e925ad950ac22d2ed73444cde19,0.5903007388114929,0.5903007388114929,0.0
5252,03828d4dbbfc37824e2949a90b43ce81d8fe9e925ad950ac22d2ed73444cde19,0.5903007388114929,0.5903007388114929,0.0
5253,28fc0397973f7aa9ca3d30e435964d297308cd928a24503bc8de5de551f767b6,0.5767276585102081,0.5767276585102081,0.0
5254,42fe590e0119704ef2afbb26deab9d0e744f0015720f0ebce9232b83254cb7db,0.6553690135478973,0.6553690135478973,0.0
5255,42fe590e0119704ef2afbb26deab9d0e744f0015720f0ebce9232b83254cb7db,0.6553690135478973,0.6553690135478973,0.0
5256,e0deb9d1a20321478523aadd412355e0803fcd46e354eace7a1d66a90e0639ca,0.6344912648200989,0.6344912648200989,0.0
5257,ede62161e767eb8a128d8591d8f0822914246512f016b8485583df0c97dd9b5d,0.6355510950088501,0.6355510950088501,0.0
5258,ede62161e767eb8a128d8591d8f0822914246512f016b8485583df0c97dd9b5d,0.6355510950088501,0.6355510950088501,0.0
5259,2e42b88ce49d69819a27a089591344f998159dc89352f299fd5f0288c9e4181c,0.7572187930345535,0.7572187930345535,0.0
5260,8e273ddf30308e99e01a0bd0b1f4887b8c7efafe92e77689e9002a81004f6f71,0.7466147541999817,0.7466147541999817,0.0
5261,500118535eb5d717f5a28f7b6f80adb070184d1a65b3df746470d341e91b804f,0.7361962497234344,0.7361962497234344,0.0
5262,ef6c02f13ff6e39c0a1243d4113efe6be8c634cc517433a2e99e0781390ed3b5,0.6307750046253204,0.6307750046253204,0.0
5263,4ecd039db07c77a74d28e35ad555603fc8765596c1f10dd8d4582c78ed264fac,0.5119142234325409,0.5119142234325409,0.0
5264,d72ee3ea11359539bf314dc4df07175eaf2e91e454562574378d65547bf83924,0.5372750759124756,0.5372750759124756,0.0
5265,0b9d7dccf694f0e20b19cf68dd7edf1cae84a5abea7ac556d5963afa4635fa37,0.4545007944107055,0.45450079441070557,5.551115123125783e-17
5266,d4728a4abf96c2669e8b655f0bb1987b667c41e7762b2793507642b357b31eae,0.6418749988079071,0.6418749988079071,0.0
5267,65500c547e7af21eba89a9e18503248effe9dd47e1c0eba8ecc39af2b6d358b5,0.6341713666915894,0.6341713666915894,0.0
5268,579ae514a4944e898808737ddda56f62c28bea5f2022332e40229b494d1fe145,0.6232103109359741,0.6232103109359741,0.0
5269,e74fa4fe15a54221f2132437d3c2c1ab1b6bd1b8bd13d5f6b1e2a5fb1c06cb4c,0.5540738105773926,0.5540738105773926,0.0
5270,99325c9a1a0668e8a18d20455f3f6cdcb041be821b2b45440dddfbbade92c3d8,0.5256737768650055,0.5256737768650055,0.0
5271,1509c7a199bb4cb6712196cb2cbb2a127f29882be7c8068eed759a4d1936a8c0,0.552584171295166,0.552584171295166,0.0
5272,caece7f54666c5c22cc0177763f9e170449a1712414589ff01374768315d8d4a,0.53133824467659,0.53133824467659,0.0
5273,95ef990b36ce3e691f7f6cdd8cf50db2224840da3216b9934805836b6c501ffd,0.4863611459732055,0.48636114597320557,5.551115123125783e-17
5274,4bf947926f6acb7b3b42fdf9fed6d42dec910674a41f860886ec6bf7c0a1705c,0.5307970941066742,0.5307970941066742,0.0
5275,03fdfc2eed45255e9348959b70699c3afa1d9d53b9ba96f171577b4a272c1679,0.6311959326267242,0.6311959326267242,0.0
5276,a40e59bbde8fe952708649bf93ad919c0105c97c28bf9088dcf3435b92e2cf45,0.6291235387325287,0.6291235387325287,0.0
5277,df285a58cc5ec05d2ad9f98f9a45f0ac7ae1129fc4d82d9247ab7f80320ef970,0.5654527246952057,0.5654527246952057,0.0
5278,e329dd0d481bf33f9c5c835f22e68877dce702ecf8235aeb73736c1ee10b2dc3,0.6021875143051147,0.6021875143051147,0.0
5279,515311b3825d6735931cd9a4fd90610af39b693841b19a175048c838dbb72cf6,0.4949337244033813,0.49493372440338135,5.551115123125783e-17
5280,071790c0eab4308d8ff3536cf47bb554085c3fdfba3234205ea2687072bc7e58,0.5623862743377686,0.5623862743377686,0.0
5281,d3ce3cca4e406056b1e9a33b73589e674c8c473f0b23de73124049832a35b540,0.6481956839561462,0.6481956839561462,0.0
5282,b1e319d05abf4ca6706d34654ebd223fa13d20e7f46b3d1e126016f8ebe93d7f,0.6355413794517517,0.6355413794517517,0.0
5283,704ec3bca4991ae590f660e083725dda79ac71ff1cb46a5aa3306f205e57a2d5,0.6473213136196136,0.6473213136196136,0.0
5284,3b2190b792334c4cdccf6512e3c2b4af26192a20631af0d22f5653d764a00411,0.656080424785614,0.656080424785614,0.0
5285,2da0034cbbc150529eb06e9deb0a67cb8e9c70d44f10cfd41367c395a978ef2c,0.623818576335907,0.623818576335907,0.0
5286,7fabbd733e99be2d6a0d8954b800eff0af6bacbd1a4f6814b3f90fc6ba9c501e,0.53986856341362,0.53986856341362,0.0
5287,77c13a2d4d4b4dbf872dfecbd7c15dc35b3c145cc0e21db1bc0ee95dd02b786b,0.7091275155544281,0.7091275155544281,0.0
5288,512578dadc6da4cca4bea1f5c2c68c4f939ab778536ffcdd5d0000cfb0db6d92,0.7083530426025391,0.7083530426025391,0.0
5289,09c7196aa4de03f5991851e5d686b6cbf39b99b3b4ce65dd6a6a46e95f0a2234,0.6746698021888733,0.6746698021888733,0.0
5290,c332b4477012418567b64bfc26ab36b52ab70b11f511a6340cb9f0e66af55528,0.5733614563941956,0.5733614563941956,0.0
5291,4bd9131559b88e6de77b3edea50ba50314df3dd039868c5d7742a0597488dc0b,0.6454384326934814,0.6454384326934814,0.0
5292,b3da2779c64a6552232a5a3d14a4e5545ccee2592e317b00e24b1cf288a3435c,0.5194415152072906,0.5194415152072906,0.0
5293,b2d46b28c2bd7e531afbf2f933c367a98bba929e8abe03655d3b9cbf42b33bf1,0.7413493096828461,0.7413493096828461,0.0
5294,ea868d9f79a991f552371e70d1699d692579cf84c0a02fde65201c2744f67939,0.7239482402801514,0.7239482402801514,0.0
5295,4b128410da2b5a5995946fa808ec6af19721d5e6adc3cdecec1a288c5b3dc29d,0.5500437021255493,0.5500437021255493,0.0
5296,c1bc9f0998a905ee040e0030438cb0cf776654ad3659399c970cd955577989c5,0.4432389140129089,0.44323891401290894,5.551115123125783e-17
5297,b9337534642e6de7926c0e655b75d5ee3b11ca8b073d51c803363ba4dab7b480,0.4635007381439209,0.4635007381439209,0.0
5298,ed1992cbcb576aba3235985ab6a997f61c0881682d4720b683c8beb1a8e2750f,0.524536520242691,0.524536520242691,0.0
5299,536e1a4b9a36a11173a104b768264330081db2a88f3523be4b117c27edb02ad5,0.6490735113620758,0.6490735113620758,0.0
5300,894a5b4fefbbc27194a3900e9b76a8cbd6df4a60aaf04f29ba969a8d1311192a,0.5929625034332275,0.5929625034332275,0.0
5301,e7c208566d3d12cd2fcd47714a43f8e0dae1e98f5545eff40a221cb573b44556,0.5182533264160156,0.5182533264160156,0.0
5302,a95e383e9df673806cae5dee39eb098f43250d067abce74e69a64e3b95603a86,0.611908346414566,0.611908346414566,0.0
5303,89a27bb9a5db82d484d7ad53f515ba3970751aeddea3db62dac15bbe212dee60,0.6200948059558868,0.6200948059558868,0.0
5304,59b455a5c1c0cb808a63eb885db1b961815935b8c7cd1610c60c4d6f2e2928e0,0.5879085659980774,0.5879085659980774,0.0
5305,1f1323d46120a5191588295b51486c38d68f46c6499267fa1ec99178a29e22a2,0.6599501371383667,0.6599501371383667,0.0
5306,a687a92a45118c3c1ed5bb45e8e0eda8d2feaa0395425cc2dccb259b3aa4c848,0.6038898825645447,0.6038898825645447,0.0
5307,63f40b5e88b18c6c537bc39b24deb5592b7c529dda2f8bdf5a9d4564494479b2,0.6015981137752533,0.6015981137752533,0.0
5308,f57ec5b5203e3822190a359157b5e620be46826f1b770832987c5ec6a6cac148,0.5687628984451294,0.5687628984451294,0.0
5309,eb5cc6adfddc749621cae2e44fa8824fefec0212534f9e91fc5220bc27462aa4,0.6862029731273651,0.6862029731273651,0.0
5310,e44e4854e1bf9642aae663686a8bb98a7656fb3262a6e979a8d9515aad693fb1,0.6101349890232086,0.6101349890232086,0.0
5311,24cc7d76b134a80a7ff829e5eaf44ac696a516cb01088a06110fd378a84fec8d,0.5576176643371582,0.5576176643371582,0.0
5312,c5885f391247d5d06e1641fd5484fa3e1e5365a2ce0cede7a70539492720b916,0.6425194144248962,0.6425194144248962,0.0
5313,35c0698f7e4e8fe1461890d349c85263bc616bfde2f3ecda98e8090293c8a8fd,0.6287523806095123,0.6287523806095123,0.0
5314,3791993bf6def85b9f8f4d6aa39b3876fa511b999a1850dfbbaee98a72c974e0,0.5473960638046265,0.5473960638046265,0.0
5315,5c09c2a70263439cbe496d6b6d5b011a4be99885aba2361a37b1e8367c31c6ea,0.5589057803153992,0.5589057803153992,0.0
5316,34927ec357cfc5b2040fcda1cbf9c036d3647089f3c30cde78d554ca208dd8ba,0.5890529453754425,0.5890529453754425,0.0
5317,7f8db5a78ebb8d4a7dd65a1ace753d0aa670d5da0cba324aaaf4c8c1a5ddc33d,0.645328551530838,0.645328551530838,0.0
5318,f3061e4a2b4807ff408ff62ff84402561534695b9811ae272317d13109d4fef2,0.633631706237793,0.633631706237793,0.0
5319,9f74e7ee913c870f004016832ae06263d8d01d7020dd527cf99b38c14e2c5caf,0.595030665397644,0.595030665397644,0.0
5320,86508efa118b42983bc3b15bc3ebc519d13ac5acf88047867c63044a9e850cac,0.6373913586139679,0.6373913586139679,0.0
5321,16079ffd22cca44a648076f451d8029032f745515bd197ddaedf06a85fba132c,0.6530696749687195,0.6530696749687195,0.0
5322,d4299e6578fe42a45498f2b4e2776b02991df6a1eed266adc3d1c432544f4ded,0.6922619044780731,0.6922619044780731,0.0
5323,4859dd989a9f13506765e28945a4c2b19b0130b8b5596d980b11b508e68fdaac,0.599590003490448,0.599590003490448,0.0
5324,ef9a9e6d14878f074c2ce1db0ae4c71388173b706b8190c3a898a205d2352689,0.6188121140003204,0.6188121140003204,0.0
5325,d3a8180f26c0761d160a8af493fd66cb1489b3664e7e75ad57948633ec03cbd1,0.6049613356590271,0.6049613356590271,0.0
5326,9e8416247790bcb1f827f58bf54779ed7e016c6c2936755034bbd7c8688c6739,0.6310864090919495,0.6310864090919495,0.0
5327,9c9f6e36bb365271489bbd2df74363af5afe2d19fee08292ff7c3f553dc694b7,0.6516926288604736,0.6516926288604736,0.0
5328,3fcd5f872017d091c9b9b490cc6fd96bd4655244237ddbde1621f22d81de8c1c,0.5918194651603699,0.5918194651603699,0.0
5329,4797610c3691a82c86f5ea02d89117fc484f74008dfc63723c529494f16c5213,0.5109726190567017,0.5109726190567017,0.0
5330,4797610c3691a82c86f5ea02d89117fc484f74008dfc63723c529494f16c5213,0.5109726190567017,0.5109726190567017,0.0
5331,c7b4a0fbbcfc043fc2f53908831481916ea6b4770ff3d36c531ccd8ca6016728,0.5223684906959534,0.5223684906959534,0.0
5332,a7c63b697cde29f6713340568da69f8d78ee31809a417bf78298619572172fbb,0.5067550241947174,0.5067550241947174,0.0
5333,a7c63b697cde29f6713340568da69f8d78ee31809a417bf78298619572172fbb,0.5067550241947174,0.5067550241947174,0.0
5334,fb2070823160aa97beca211077c23e397cf596b711916c1b8e424035be32d643,0.529625654220581,0.529625654220581,0.0
5335,cc8d61f7e0251e43e5d8ca79af2cdda41cad6d99848fa626340daa80afa81c50,0.6083518266677856,0.6083518266677856,0.0
5336,cc8d61f7e0251e43e5d8ca79af2cdda41cad6d99848fa626340daa80afa81c50,0.6083518266677856,0.6083518266677856,0.0
5337,30b19549e4137be458318a670ff67dc92fe2ee414162c538fa4c69a631bc737a,0.5742993950843811,0.5742993950843811,0.0
5338,0cb8e96a4939b28f64bc0525c7f31c7594d773687938e97d2136e7d18b0adddc,0.6533255279064178,0.6533255279064178,0.0
5339,0cb8e96a4939b28f64bc0525c7f31c7594d773687938e97d2136e7d18b0adddc,0.6533255279064178,0.6533255279064178,0.0
5340,b63cb2795b68c2350fd2d99d46e89e302f3f2f3399c848c87b4e8dd1ffb9f916,0.7173836827278137,0.7173836827278137,0.0
5341,03828d4dbbfc37824e2949a90b43ce81d8fe9e925ad950ac22d2ed73444cde19,0.5903007388114929,0.5903007388114929,0.0
5342,03828d4dbbfc37824e2949a90b43ce81d8fe9e925ad950ac22d2ed73444cde19,0.5903007388114929,0.5903007388114929,0.0
5343,28fc0397973f7aa9ca3d30e435964d297308cd928a24503bc8de5de551f767b6,0.5767276585102081,0.5767276585102081,0.0
5344,42fe590e0119704ef2afbb26deab9d0e744f0015720f0ebce9232b83254cb7db,0.6553690135478973,0.6553690135478973,0.0
5345,42fe590e0119704ef2afbb26deab9d0e744f0015720f0ebce9232b83254cb7db,0.6553690135478973,0.6553690135478973,0.0
5346,e0deb9d1a20321478523aadd412355e0803fcd46e354eace7a1d66a90e0639ca,0.6344912648200989,0.6344912648200989,0.0
5347,ede62161e767eb8a128d8591d8f0822914246512f016b8485583df0c97dd9b5d,0.6355510950088501,0.6355510950088501,0.0
5348,ede62161e767eb8a128d8591d8f0822914246512f016b8485583df0c97dd9b5d,0.6355510950088501,0.6355510950088501,0.0
5349,2e42b88ce49d69819a27a089591344f998159dc89352f299fd5f0288c9e4181c,0.7572187930345535,0.7572187930345535,0.0
5350,8e273ddf30308e99e01a0bd0b1f4887b8c7efafe92e77689e9002a81004f6f71,0.7466147541999817,0.7466147541999817,0.0
5351,500118535eb5d717f5a28f7b6f80adb070184d1a65b3df746470d341e91b804f,0.7361962497234344,0.7361962497234344,0.0
5352,ef6c02f13ff6e39c0a1243d4113efe6be8c634cc517433a2e99e0781390ed3b5,0.6307750046253204,0.6307750046253204,0.0
5353,4ecd039db07c77a74d28e35ad555603fc8765596c1f10dd8d4582c78ed264fac,0.5119142234325409,0.5119142234325409,0.0
5354,d72ee3ea11359539bf314dc4df07175eaf2e91e454562574378d65547bf83924,0.5372750759124756,0.5372750759124756,0.0
5355,0b9d7dccf694f0e20b19cf68dd7edf1cae84a5abea7ac556d5963afa4635fa37,0.4545007944107055,0.45450079441070557,5.551115123125783e-17
5356,d4728a4abf96c2669e8b655f0bb1987b667c41e7762b2793507642b357b31eae,0.6418749988079071,0.6418749988079071,0.0
5357,65500c547e7af21eba89a9e18503248effe9dd47e1c0eba8ecc39af2b6d358b5,0.6341713666915894,0.6341713666915894,0.0
5358,579ae514a4944e898808737ddda56f62c28bea5f2022332e40229b494d1fe145,0.6232103109359741,0.6232103109359741,0.0
5359,e74fa4fe15a54221f2132437d3c2c1ab1b6bd1b8bd13d5f6b1e2a5fb1c06cb4c,0.5540738105773926,0.5540738105773926,0.0
5360,99325c9a1a0668e8a18d20455f3f6cdcb041be821b2b45440dddfbbade92c3d8,0.5256737768650055,0.5256737768650055,0.0
5361,1509c7a199bb4cb6712196cb2cbb2a127f29882be7c8068eed759a4d1936a8c0,0.552584171295166,0.552584171295166,0.0
5362,caece7f54666c5c22cc0177763f9e170449a1712414589ff01374768315d8d4a,0.53133824467659,0.53133824467659,0.0
5363,95ef990b36ce3e691f7f6cdd8cf50db2224840da3216b9934805836b6c501ffd,0.4863611459732055,0.48636114597320557,5.551115123125783e-17
5364,4bf947926f6acb7b3b42fdf9fed6d42dec910674a41f860886ec6bf7c0a1705c,0.5307970941066742,0.5307970941066742,0.0
5365,03fdfc2eed45255e9348959b70699c3afa1d9d53b9ba96f171577b4a272c1679,0.6311959326267242,0.6311959326267242,0.0
5366,a40e59bbde8fe952708649bf93ad919c0105c97c28bf9088dcf3435b92e2cf45,0.6291235387325287,0.6291235387325287,0.0
5367,df285a58cc5ec05d2ad9f98f9a45f0ac7ae1129fc4d82d9247ab7f80320ef970,0.5654527246952057,0.5654527246952057,0.0
5368,e329dd0d481bf33f9c5c835f22e68877dce702ecf8235aeb73736c1ee10b2dc3,0.6021875143051147,0.6021875143051147,0.0
5369,515311b3825d6735931cd9a4fd90610af39b693841b19a175048c838dbb72cf6,0.4949337244033813,0.49493372440338135,5.551115123125783e-17
5370,071790c0eab4308d8ff3536cf47bb554085c3fdfba3234205ea2687072bc7e58,0.5623862743377686,0.5623862743377686,0.0
5371,d3ce3cca4e406056b1e9a33b73589e674c8c473f0b23de73124049832a35b540,0.6481956839561462,0.6481956839561462,0.0
5372,b1e319d05abf4ca6706d34654ebd223fa13d20e7f46b3d1e126016f8ebe93d7f,0.6355413794517517,0.6355413794517517,0.0
5373,704ec3bca4991ae590f660e083725dda79ac71ff1cb46a5aa3306f205e57a2d5,0.6473213136196136,0.6473213136196136,0.0
5374,3b2190b792334c4cdccf6512e3c2b4af26192a20631af0d22f5653d764a00411,0.656080424785614,0.656080424785614,0.0
5375,2da0034cbbc150529eb06e9deb0a67cb8e9c70d44f10cfd41367c395a978ef2c,0.623818576335907,0.623818576335907,0.0
5376,7fabbd733e99be2d6a0d8954b800eff0af6bacbd1a4f6814b3f90fc6ba9c501e,0.53986856341362,0.53986856341362,0.0
5377,77c13a2d4d4b4dbf872dfecbd7c15dc35b3c145cc0e21db1bc0ee95dd02b786b,0.7091275155544281,0.7091275155544281,0.0
5378,512578dadc6da4cca4bea1f5c2c68c4f939ab778536ffcdd5d0000cfb0db6d92,0.7083530426025391,0.7083530426025391,0.0
5379,09c7196aa4de03f5991851e5d686b6cbf39b99b3b4ce65dd6a6a46e95f0a2234,0.6746698021888733,0.6746698021888733,0.0
5380,c332b4477012418567b64bfc26ab36b52ab70b11f511a6340cb9f0e66af55528,0.5733614563941956,0.5733614563941956,0.0
5381,4bd9131559b88e6de77b3edea50ba50314df3dd039868c5d7742a0597488dc0b,0.6454384326934814,0.6454384326934814,0.0
5382,b3da2779c64a6552232a5a3d14a4e5545ccee2592e317b00e24b1cf288a3435c,0.5194415152072906,0.5194415152072906,0.0
5383,b2d46b28c2bd7e531afbf2f933c367a98bba929e8abe03655d3b9cbf42b33bf1,0.7413493096828461,0.7413493096828461,0.0
5384,ea868d9f79a991f552371e70d1699d692579cf84c0a02fde65201c2744f67939,0.7239482402801514,0.7239482402801514,0.0
5385,4b128410da2b5a5995946fa808ec6af19721d5e6adc3cdecec1a288c5b3dc29d,0.5500437021255493,0.5500437021255493,0.0
5386,c1bc9f0998a905ee040e0030438cb0cf776654ad3659399c970cd955577989c5,0.4432389140129089,0.44323891401290894,5.551115123125783e-17
5387,b9337534642e6de7926c0e655b75d5ee3b11ca8b073d51c803363ba4dab7b480,0.4635007381439209,0.4635007381439209,0.0
5388,ed1992cbcb576aba3235985ab6a997f61c0881682d4720b683c8beb1a8e2750f,0.524536520242691,0.524536520242691,0.0
5389,536e1a4b9a36a11173a104b768264330081db2a88f3523be4b117c27edb02ad5,0.6490735113620758,0.6490735113620758,0.0
5390,894a5b4fefbbc27194a3900e9b76a8cbd6df4a60aaf04f29ba969a8d1311192a,0.5929625034332275,0.5929625034332275,0.0
5391,e7c208566d3d12cd2fcd47714a43f8e0dae1e98f5545eff40a221cb573b44556,0.5182533264160156,0.5182533264160156,0.0
5392,a95e383e9df673806cae5dee39eb098f43250d067abce74e69a64e3b95603a86,0.611908346414566,0.611908346414566,0.0
5393,89a27bb9a5db82d484d7ad53f515ba3970751aeddea3db62dac15bbe212dee60,0.6200948059558868,0.6200948059558868,0.0
5394,59b455a5c1c0cb808a63eb885db1b961815935b8c7cd1610c60c4d6f2e2928e0,0.5879085659980774,0.5879085659980774,0.0
5395,1f1323d46120a5191588295b51486c38d68f46c6499267fa1ec99178a29e22a2,0.6599501371383667,0.6599501371383667,0.0
5396,a687a92a45118c3c1ed5bb45e8e0eda8d2feaa0395425cc2dccb259b3aa4c848,0.6038898825645447,0.6038898825645447,0.0
5397,63f40b5e88b18c6c537bc39b24deb5592b7c529dda2f8bdf5a9d4564494479b2,0.6015981137752533,0.6015981137752533,0.0
5398,f57ec5b5203e3822190a359157b5e620be46826f1b770832987c5ec6a6cac148,0.5687628984451294,0.5687628984451294,0.0
5399,eb5cc6adfddc749621cae2e44fa8824fefec0212534f9e91fc5220bc27462aa4,0.6862029731273651,0.6862029731273651,0.0
5400,e44e4854e1bf9642aae663686a8bb98a7656fb3262a6e979a8d9515aad693fb1,0.6101349890232086,0.6101349890232086,0.0
5401,24cc7d76b134a80a7ff829e5eaf44ac696a516cb01088a06110fd378a84fec8d,0.5576176643371582,0.5576176643371582,0.0
5402,c5885f391247d5d06e1641fd5484fa3e1e5365a2ce0cede7a70539492720b916,0.6425194144248962,0.6425194144248962,0.0
5403,35c0698f7e4e8fe1461890d349c85263bc616bfde2f3ecda98e8090293c8a8fd,0.6287523806095123,0.6287523806095123,0.0
5404,3791993bf6def85b9f8f4d6aa39b3876fa511b999a1850dfbbaee98a72c974e0,0.5473960638046265,0.5473960638046265,0.0
5405,5c09c2a70263439cbe496d6b6d5b011a4be99885aba2361a37b1e8367c31c6ea,0.5589057803153992,0.5589057803153992,0.0
5406,34927ec357cfc5b2040fcda1cbf9c036d3647089f3c30cde78d554ca208dd8ba,0.5890529453754425,0.5890529453754425,0.0
5407,7f8db5a78ebb8d4a7dd65a1ace753d0aa670d5da0cba324aaaf4c8c1a5ddc33d,0.645328551530838,0.645328551530838,0.0
5408,f3061e4a2b4807ff408ff62ff84402561534695b9811ae272317d13109d4fef2,0.633631706237793,0.633631706237793,0.0
5409,9f74e7ee913c870f004016832ae06263d8d01d7020dd527cf99b38c14e2c5caf,0.595030665397644,0.595030665397644,0.0
5410,86508efa118b42983bc3b15bc3ebc519d13ac5acf88047867c63044a9e850cac,0.6373913586139679,0.6373913586139679,0.0
5411,16079ffd22cca44a648076f451d8029032f745515bd197ddaedf06a85fba132c,0.6530696749687195,0.6530696749687195,0.0
5412,d4299e6578fe42a45498f2b4e2776b02991df6a1eed266adc3d1c432544f4ded,0.6922619044780731,0.6922619044780731,0.0
5413,4859dd989a9f13506765e28945a4c2b19b0130b8b5596d980b11b508e68fdaac,0.599590003490448,0.599590003490448,0.0
5414,ef9a9e6d14878f074c2ce1db0ae4c71388173b706b8190c3a898a205d2352689,0.6188121140003204,0.6188121140003204,0.0
5415,d3a8180f26c0761d160a8af493fd66cb1489b3664e7e75ad57948633ec03cbd1,0.6049613356590271,0.6049613356590271,0.0
5416,9e8416247790bcb1f827f58bf54779ed7e016c6c2936755034bbd7c8688c6739,0.6310864090919495,0.6310864090919495,0.0
5417,9c9f6e36bb365271489bbd2df74363af5afe2d19fee08292ff7c3f553dc694b7,0.6516926288604736,0.6516926288604736,0.0
5418,3fcd5f872017d091c9b9b490cc6fd96bd4655244237ddbde1621f22d81de8c1c,0.5918194651603699,0.5918194651603699,0.0
5419,c7b4a0fbbcfc043fc2f53908831481916ea6b4770ff3d36c531ccd8ca6016728,0.5223684906959534,0.5223684906959534,0.0
5420,c7b4a0fbbcfc043fc2f53908831481916ea6b4770ff3d36c531ccd8ca6016728,0.5223684906959534,0.5223684906959534,0.0
5421,c7b4a0fbbcfc043fc2f53908831481916ea6b4770ff3d36c531ccd8ca6016728,0.5223684906959534,0.5223684906959534,0.0
5422,fb2070823160aa97beca211077c23e397cf596b711916c1b8e424035be32d643,0.529625654220581,0.529625654220581,0.0
5423,fb2070823160aa97beca211077c23e397cf596b711916c1b8e424035be32d643,0.529625654220581,0.529625654220581,0.0
5424,fb2070823160aa97beca211077c23e397cf596b711916c1b8e424035be32d643,0.529625654220581,0.529625654220581,0.0
5425,30b19549e4137be458318a670ff67dc92fe2ee414162c538fa4c69a631bc737a,0.5742993950843811,0.5742993950843811,0.0
5426,30b19549e4137be458318a670ff67dc92fe2ee414162c538fa4c69a631bc737a,0.5742993950843811,0.5742993950843811,0.0
5427,30b19549e4137be458318a670ff67dc92fe2ee414162c538fa4c69a631bc737a,0.5742993950843811,0.5742993950843811,0.0
5428,b63cb2795b68c2350fd2d99d46e89e302f3f2f3399c848c87b4e8dd1ffb9f916,0.7173836827278137,0.7173836827278137,0.0
5429,b63cb2795b68c2350fd2d99d46e89e302f3f2f3399c848c87b4e8dd1ffb9f916,0.7173836827278137,0.7173836827278137,0.0
5430,b63cb2795b68c2350fd2d99d46e89e302f3f2f3399c848c87b4e8dd1ffb9f916,0.7173836827278137,0.7173836827278137,0.0
5431,28fc0397973f7aa9ca3d30e435964d297308cd928a24503bc8de5de551f767b6,0.5767276585102081,0.5767276585102081,0.0
5432,28fc0397973f7aa9ca3d30e435964d297308cd928a24503bc8de5de551f767b6,0.5767276585102081,0.5767276585102081,0.0
5433,28fc0397973f7aa9ca3d30e435964d297308cd928a24503bc8de5de551f767b6,0.5767276585102081,0.5767276585102081,0.0
5434,e0deb9d1a20321478523aadd412355e0803fcd46e354eace7a1d66a90e0639ca,0.6344912648200989,0.6344912648200989,0.0
5435,e0deb9d1a20321478523aadd412355e0803fcd46e354eace7a1d66a90e0639ca,0.6344912648200989,0.6344912648200989,0.0
5436,e0deb9d1a20321478523aadd412355e0803fcd46e354eace7a1d66a90e0639ca,0.6344912648200989,0.6344912648200989,0.0
5437,2e42b88ce49d69819a27a089591344f998159dc89352f299fd5f0288c9e4181c,0.7572187930345535,0.7572187930345535,0.0
5438,2e42b88ce49d69819a27a089591344f998159dc89352f299fd5f0288c9e4181c,0.7572187930345535,0.7572187930345535,0.0
5439,2e42b88ce49d69819a27a089591344f998159dc89352f299fd5f0288c9e4181c,0.7572187930345535,0.7572187930345535,0.0
5440,ef6c02f13ff6e39c0a1243d4113efe6be8c634cc517433a2e99e0781390ed3b5,0.6307750046253204,0.6307750046253204,0.0
5441,ef6c02f13ff6e39c0a1243d4113efe6be8c634cc517433a2e99e0781390ed3b5,0.6307750046253204,0.6307750046253204,0.0
5442,ef6c02f13ff6e39c0a1243d4113efe6be8c634cc517433a2e99e0781390ed3b5,0.6307750046253204,0.6307750046253204,0.0
5443,0b9d7dccf694f0e20b19cf68dd7edf1cae84a5abea7ac556d5963afa4635fa37,0.4545007944107055,0.45450079441070557,5.551115123125783e-17
5444,0b9d7dccf694f0e20b19cf68dd7edf1cae84a5abea7ac556d5963afa4635fa37,0.4545007944107055,0.45450079441070557,5.551115123125783e-17
5445,0b9d7dccf694f0e20b19cf68dd7edf1cae84a5abea7ac556d5963afa4635fa37,0.4545007944107055,0.45450079441070557,5.551115123125783e-17
5446,579ae514a4944e898808737ddda56f62c28bea5f2022332e40229b494d1fe145,0.6232103109359741,0.6232103109359741,0.0
5447,579ae514a4944e898808737ddda56f62c28bea5f2022332e40229b494d1fe145,0.6232103109359741,0.6232103109359741,0.0
5448,579ae514a4944e898808737ddda56f62c28bea5f2022332e40229b494d1fe145,0.6232103109359741,0.6232103109359741,0.0
5449,1509c7a199bb4cb6712196cb2cbb2a127f29882be7c8068eed759a4d1936a8c0,0.552584171295166,0.552584171295166,0.0
5450,1509c7a199bb4cb6712196cb2cbb2a127f29882be7c8068eed759a4d1936a8c0,0.552584171295166,0.552584171295166,0.0
5451,1509c7a199bb4cb6712196cb2cbb2a127f29882be7c8068eed759a4d1936a8c0,0.552584171295166,0.552584171295166,0.0
5452,4bf947926f6acb7b3b42fdf9fed6d42dec910674a41f860886ec6bf7c0a1705c,0.5307970941066742,0.5307970941066742,0.0
5453,4bf947926f6acb7b3b42fdf9fed6d42dec910674a41f860886ec6bf7c0a1705c,0.5307970941066742,0.5307970941066742,0.0
5454,4bf947926f6acb7b3b42fdf9fed6d42dec910674a41f860886ec6bf7c0a1705c,0.5307970941066742,0.5307970941066742,0.0
5455,df285a58cc5ec05d2ad9f98f9a45f0ac7ae1129fc4d82d9247ab7f80320ef970,0.5654527246952057,0.5654527246952057,0.0
5456,df285a58cc5ec05d2ad9f98f9a45f0ac7ae1129fc4d82d9247ab7f80320ef970,0.5654527246952057,0.5654527246952057,0.0
5457,df285a58cc5ec05d2ad9f98f9a45f0ac7ae1129fc4d82d9247ab7f80320ef970,0.5654527246952057,0.5654527246952057,0.0
5458,071790c0eab4308d8ff3536cf47bb554085c3fdfba3234205ea2687072bc7e58,0.5623862743377686,0.5623862743377686,0.0
5459,071790c0eab4308d8ff3536cf47bb554085c3fdfba3234205ea2687072bc7e58,0.5623862743377686,0.5623862743377686,0.0
5460,071790c0eab4308d8ff3536cf47bb554085c3fdfba3234205ea2687072bc7e58,0.5623862743377686,0.5623862743377686,0.0
5461,704ec3bca4991ae590f660e083725dda79ac71ff1cb46a5aa3306f205e57a2d5,0.6473213136196136,0.6473213136196136,0.0
5462,704ec3bca4991ae590f660e083725dda79ac71ff1cb46a5aa3306f205e57a2d5,0.6473213136196136,0.6473213136196136,0.0
5463,704ec3bca4991ae590f660e083725dda79ac71ff1cb46a5aa3306f205e57a2d5,0.6473213136196136,0.6473213136196136,0.0
5464,7fabbd733e99be2d6a0d8954b800eff0af6bacbd1a4f6814b3f90fc6ba9c501e,0.53986856341362,0.53986856341362,0.0
5465,7fabbd733e99be2d6a0d8954b800eff0af6bacbd1a4f6814b3f90fc6ba9c501e,0.53986856341362,0.53986856341362,0.0
5466,7fabbd733e99be2d6a0d8954b800eff0af6bacbd1a4f6814b3f90fc6ba9c501e,0.53986856341362,0.53986856341362,0.0
5467,09c7196aa4de03f5991851e5d686b6cbf39b99b3b4ce65dd6a6a46e95f0a2234,0.6746698021888733,0.6746698021888733,0.0
5468,09c7196aa4de03f5991851e5d686b6cbf39b99b3b4ce65dd6a6a46e95f0a2234,0.6746698021888733,0.6746698021888733,0.0
5469,09c7196aa4de03f5991851e5d686b6cbf39b99b3b4ce65dd6a6a46e95f0a2234,0.6746698021888733,0.6746698021888733,0.0
5470,b3da2779c64a6552232a5a3d14a4e5545ccee2592e317b00e24b1cf288a3435c,0.5194415152072906,0.5194415152072906,0.0
5471,b3da2779c64a6552232a5a3d14a4e5545ccee2592e317b00e24b1cf288a3435c,0.5194415152072906,0.5194415152072906,0.0
5472,b3da2779c64a6552232a5a3d14a4e5545ccee2592e317b00e24b1cf288a3435c,0.5194415152072906,0.5194415152072906,0.0
5473,4b128410da2b5a5995946fa808ec6af19721d5e6adc3cdecec1a288c5b3dc29d,0.5500437021255493,0.5500437021255493,0.0
5474,4b128410da2b5a5995946fa808ec6af19721d5e6adc3cdecec1a288c5b3dc29d,0.5500437021255493,0.5500437021255493,0.0
5475,4b128410da2b5a5995946fa808ec6af19721d5e6adc3cdecec1a288c5b3dc29d,0.5500437021255493,0.5500437021255493,0.0
5476,ed1992cbcb576aba3235985ab6a997f61c0881682d4720b683c8beb1a8e2750f,0.524536520242691,0.524536520242691,0.0
5477,ed1992cbcb576aba3235985ab6a997f61c0881682d4720b683c8beb1a8e2750f,0.524536520242691,0.524536520242691,0.0
5478,ed1992cbcb576aba3235985ab6a997f61c0881682d4720b683c8beb1a8e2750f,0.524536520242691,0.524536520242691,0.0
5479,e7c208566d3d12cd2fcd47714a43f8e0dae1e98f5545eff40a221cb573b44556,0.5182533264160156,0.5182533264160156,0.0
5480,e7c208566d3d12cd2fcd47714a43f8e0dae1e98f5545eff40a221cb573b44556,0.5182533264160156,0.5182533264160156,0.0
5481,e7c208566d3d12cd2fcd47714a43f8e0dae1e98f5545eff40a221cb573b44556,0.5182533264160156,0.5182533264160156,0.0
5482,59b455a5c1c0cb808a63eb885db1b961815935b8c7cd1610c60c4d6f2e2928e0,0.5879085659980774,0.5879085659980774,0.0
5483,59b455a5c1c0cb808a63eb885db1b961815935b8c7cd1610c60c4d6f2e2928e0,0.5879085659980774,0.5879085659980774,0.0
5484,59b455a5c1c0cb808a63eb885db1b961815935b8c7cd1610c60c4d6f2e2928e0,0.5879085659980774,0.5879085659980774,0.0
5485,63f40b5e88b18c6c537bc39b24deb5592b7c529dda2f8bdf5a9d4564494479b2,0.6015981137752533,0.6015981137752533,0.0
5486,63f40b5e88b18c6c537bc39b24deb5592b7c529dda2f8bdf5a9d4564494479b2,0.6015981137752533,0.6015981137752533,0.0
5487,63f40b5e88b18c6c537bc39b24deb5592b7c529dda2f8bdf5a9d4564494479b2,0.6015981137752533,0.6015981137752533,0.0
5488,e44e4854e1bf9642aae663686a8bb98a7656fb3262a6e979a8d9515aad693fb1,0.6101349890232086,0.6101349890232086,0.0
5489,e44e4854e1bf9642aae663686a8bb98a7656fb3262a6e979a8d9515aad693fb1,0.6101349890232086,0.6101349890232086,0.0
5490,e44e4854e1bf9642aae663686a8bb98a7656fb3262a6e979a8d9515aad693fb1,0.6101349890232086,0.6101349890232086,0.0
5491,35c0698f7e4e8fe1461890d349c85263bc616bfde2f3ecda98e8090293c8a8fd,0.6287523806095123,0.6287523806095123,0.0
5492,35c0698f7e4e8fe1461890d349c85263bc616bfde2f3ecda98e8090293c8a8fd,0.6287523806095123,0.6287523806095123,0.0
5493,35c0698f7e4e8fe1461890d349c85263bc616bfde2f3ecda98e8090293c8a8fd,0.6287523806095123,0.6287523806095123,0.0
5494,34927ec357cfc5b2040fcda1cbf9c036d3647089f3c30cde78d554ca208dd8ba,0.5890529453754425,0.5890529453754425,0.0
5495,34927ec357cfc5b2040fcda1cbf9c036d3647089f3c30cde78d554ca208dd8ba,0.5890529453754425,0.5890529453754425,0.0
5496,34927ec357cfc5b2040fcda1cbf9c036d3647089f3c30cde78d554ca208dd8ba,0.5890529453754425,0.5890529453754425,0.0
5497,9f74e7ee913c870f004016832ae06263d8d01d7020dd527cf99b38c14e2c5caf,0.595030665397644,0.595030665397644,0.0
5498,9f74e7ee913c870f004016832ae06263d8d01d7020dd527cf99b38c14e2c5caf,0.595030665397644,0.595030665397644,0.0
5499,9f74e7ee913c870f004016832ae06263d8d01d7020dd527cf99b38c14e2c5caf,0.595030665397644,0.595030665397644,0.0
5500,d4299e6578fe42a45498f2b4e2776b02991df6a1eed266adc3d1c432544f4ded,0.6922619044780731,0.6922619044780731,0.0
5501,d4299e6578fe42a45498f2b4e2776b02991df6a1eed266adc3d1c432544f4ded,0.6922619044780731,0.6922619044780731,0.0
5502,d4299e6578fe42a45498f2b4e2776b02991df6a1eed266adc3d1c432544f4ded,0.6922619044780731,0.6922619044780731,0.0
5503,d3a8180f26c0761d160a8af493fd66cb1489b3664e7e75ad57948633ec03cbd1,0.6049613356590271,0.6049613356590271,0.0
5504,d3a8180f26c0761d160a8af493fd66cb1489b3664e7e75ad57948633ec03cbd1,0.6049613356590271,0.6049613356590271,0.0
5505,d3a8180f26c0761d160a8af493fd66cb1489b3664e7e75ad57948633ec03cbd1,0.6049613356590271,0.6049613356590271,0.0
5506,3fcd5f872017d091c9b9b490cc6fd96bd4655244237ddbde1621f22d81de8c1c,0.5918194651603699,0.5918194651603699,0.0
5507,3fcd5f872017d091c9b9b490cc6fd96bd4655244237ddbde1621f22d81de8c1c,0.5918194651603699,0.5918194651603699,0.0
5508,3fcd5f872017d091c9b9b490cc6fd96bd4655244237ddbde1621f22d81de8c1c,0.5918194651603699,0.5918194651603699,0.0
5509,c7b4a0fbbcfc043fc2f53908831481916ea6b4770ff3d36c531ccd8ca6016728,0.5223684906959534,0.5223684906959534,0.0
5510,c7b4a0fbbcfc043fc2f53908831481916ea6b4770ff3d36c531ccd8ca6016728,0.5223684906959534,0.5223684906959534,0.0
5511,c7b4a0fbbcfc043fc2f53908831481916ea6b4770ff3d36c531ccd8ca6016728,0.5223684906959534,0.5223684906959534,0.0
5512,fb2070823160aa97beca211077c23e397cf596b711916c1b8e424035be32d643,0.529625654220581,0.529625654220581,0.0
5513,fb2070823160aa97beca211077c23e397cf596b711916c1b8e424035be32d643,0.529625654220581,0.529625654220581,0.0
5514,fb2070823160aa97beca211077c23e397cf596b711916c1b8e424035be32d643,0.529625654220581,0.529625654220581,0.0
5515,30b19549e4137be458318a670ff67dc92fe2ee414162c538fa4c69a631bc737a,0.5742993950843811,0.5742993950843811,0.0
5516,30b19549e4137be458318a670ff67dc92fe2ee414162c538fa4c69a631bc737a,0.5742993950843811,0.5742993950843811,0.0
5517,30b19549e4137be458318a670ff67dc92fe2ee414162c538fa4c69a631bc737a,0.5742993950843811,0.5742993950843811,0.0
5518,b63cb2795b68c2350fd2d99d46e89e302f3f2f3399c848c87b4e8dd1ffb9f916,0.7173836827278137,0.7173836827278137,0.0
5519,b63cb2795b68c2350fd2d99d46e89e302f3f2f3399c848c87b4e8dd1ffb9f916,0.7173836827278137,0.7173836827278137,0.0
5520,b63cb2795b68c2350fd2d99d46e89e302f3f2f3399c848c87b4e8dd1ffb9f916,0.7173836827278137,0.7173836827278137,0.0
5521,28fc0397973f7aa9ca3d30e435964d297308cd928a24503bc8de5de551f767b6,0.5767276585102081,0.5767276585102081,0.0
5522,28fc0397973f7aa9ca3d30e435964d297308cd928a24503bc8de5de551f767b6,0.5767276585102081,0.5767276585102081,0.0
5523,28fc0397973f7aa9ca3d30e435964d297308cd928a24503bc8de5de551f767b6,0.5767276585102081,0.5767276585102081,0.0
5524,e0deb9d1a20321478523aadd412355e0803fcd46e354eace7a1d66a90e0639ca,0.6344912648200989,0.6344912648200989,0.0
5525,e0deb9d1a20321478523aadd412355e0803fcd46e354eace7a1d66a90e0639ca,0.6344912648200989,0.6344912648200989,0.0
5526,e0deb9d1a20321478523aadd412355e0803fcd46e354eace7a1d66a90e0639ca,0.6344912648200989,0.6344912648200989,0.0
5527,2e42b88ce49d69819a27a089591344f998159dc89352f299fd5f0288c9e4181c,0.7572187930345535,0.7572187930345535,0.0
5528,2e42b88ce49d69819a27a089591344f998159dc89352f299fd5f0288c9e4181c,0.7572187930345535,0.7572187930345535,0.0
5529,2e42b88ce49d69819a27a089591344f998159dc89352f299fd5f0288c9e4181c,0.7572187930345535,0.7572187930345535,0.0
5530,ef6c02f13ff6e39c0a1243d4113efe6be8c634cc517433a2e99e0781390ed3b5,0.6307750046253204,0.6307750046253204,0.0
5531,ef6c02f13ff6e39c0a1243d4113efe6be8c634cc517433a2e99e0781390ed3b5,0.6307750046253204,0.6307750046253204,0.0
5532,ef6c02f13ff6e39c0a1243d4113efe6be8c634cc517433a2e99e0781390ed3b5,0.6307750046253204,0.6307750046253204,0.0
5533,0b9d7dccf694f0e20b19cf68dd7edf1cae84a5abea7ac556d5963afa4635fa37,0.4545007944107055,0.45450079441070557,5.551115123125783e-17
5534,0b9d7dccf694f0e20b19cf68dd7edf1cae84a5abea7ac556d5963afa4635fa37,0.4545007944107055,0.45450079441070557,5.551115123125783e-17
5535,0b9d7dccf694f0e20b19cf68dd7edf1cae84a5abea7ac556d5963afa4635fa37,0.4545007944107055,0.45450079441070557,5.551115123125783e-17
5536,579ae514a4944e898808737ddda56f62c28bea5f2022332e40229b494d1fe145,0.6232103109359741,0.6232103109359741,0.0
5537,579ae514a4944e898808737ddda56f62c28bea5f2022332e40229b494d1fe145,0.6232103109359741,0.6232103109359741,0.0
5538,579ae514a4944e898808737ddda56f62c28bea5f2022332e40229b494d1fe145,0.6232103109359741,0.6232103109359741,0.0
5539,1509c7a199bb4cb6712196cb2cbb2a127f29882be7c8068eed759a4d1936a8c0,0.552584171295166,0.552584171295166,0.0
5540,1509c7a199bb4cb6712196cb2cbb2a127f29882be7c8068eed759a4d1936a8c0,0.552584171295166,0.552584171295166,0.0
5541,1509c7a199bb4cb6712196cb2cbb2a127f29882be7c8068eed759a4d1936a8c0,0.552584171295166,0.552584171295166,0.0
5542,4bf947926f6acb7b3b42fdf9fed6d42dec910674a41f860886ec6bf7c0a1705c,0.5307970941066742,0.5307970941066742,0.0
5543,4bf947926f6acb7b3b42fdf9fed6d42dec910674a41f860886ec6bf7c0a1705c,0.5307970941066742,0.5307970941066742,0.0
5544,4bf947926f6acb7b3b42fdf9fed6d42dec910674a41f860886ec6bf7c0a1705c,0.5307970941066742,0.5307970941066742,0.0
5545,df285a58cc5ec05d2ad9f98f9a45f0ac7ae1129fc4d82d9247ab7f80320ef970,0.5654527246952057,0.5654527246952057,0.0
5546,df285a58cc5ec05d2ad9f98f9a45f0ac7ae1129fc4d82d9247ab7f80320ef970,0.5654527246952057,0.5654527246952057,0.0
5547,df285a58cc5ec05d2ad9f98f9a45f0ac7ae1129fc4d82d9247ab7f80320ef970,0.5654527246952057,0.5654527246952057,0.0
5548,071790c0eab4308d8ff3536cf47bb554085c3fdfba3234205ea2687072bc7e58,0.5623862743377686,0.5623862743377686,0.0
5549,071790c0eab4308d8ff3536cf47bb554085c3fdfba3234205ea2687072bc7e58,0.5623862743377686,0.5623862743377686,0.0
5550,071790c0eab4308d8ff3536cf47bb554085c3fdfba3234205ea2687072bc7e58,0.5623862743377686,0.5623862743377686,0.0
5551,704ec3bca4991ae590f660e083725dda79ac71ff1cb46a5aa3306f205e57a2d5,0.6473213136196136,0.6473213136196136,0.0
5552,704ec3bca4991ae590f660e083725dda79ac71ff1cb46a5aa3306f205e57a2d5,0.6473213136196136,0.6473213136196136,0.0
5553,704ec3bca4991ae590f660e083725dda79ac71ff1cb46a5aa3306f205e57a2d5,0.6473213136196136,0.6473213136196136,0.0
5554,7fabbd733e99be2d6a0d8954b800eff0af6bacbd1a4f6814b3f90fc6ba9c501e,0.53986856341362,0.53986856341362,0.0
5555,7fabbd733e99be2d6a0d8954b800eff0af6bacbd1a4f6814b3f90fc6ba9c501e,0.53986856341362,0.53986856341362,0.0
5556,7fabbd733e99be2d6a0d8954b800eff0af6bacbd1a4f6814b3f90fc6ba9c501e,0.53986856341362,0.53986856341362,0.0
5557,09c7196aa4de03f5991851e5d686b6cbf39b99b3b4ce65dd6a6a46e95f0a2234,0.6746698021888733,0.6746698021888733,0.0
5558,09c7196aa4de03f5991851e5d686b6cbf39b99b3b4ce65dd6a6a46e95f0a2234,0.6746698021888733,0.6746698021888733,0.0
5559,09c7196aa4de03f5991851e5d686b6cbf39b99b3b4ce65dd6a6a46e95f0a2234,0.6746698021888733,0.6746698021888733,0.0
5560,b3da2779c64a6552232a5a3d14a4e5545ccee2592e317b00e24b1cf288a3435c,0.5194415152072906,0.5194415152072906,0.0
5561,b3da2779c64a6552232a5a3d14a4e5545ccee2592e317b00e24b1cf288a3435c,0.5194415152072906,0.5194415152072906,0.0
5562,b3da2779c64a6552232a5a3d14a4e5545ccee2592e317b00e24b1cf288a3435c,0.5194415152072906,0.5194415152072906,0.0
5563,4b128410da2b5a5995946fa808ec6af19721d5e6adc3cdecec1a288c5b3dc29d,0.5500437021255493,0.5500437021255493,0.0
5564,4b128410da2b5a5995946fa808ec6af19721d5e6adc3cdecec1a288c5b3dc29d,0.5500437021255493,0.5500437021255493,0.0
5565,4b128410da2b5a5995946fa808ec6af19721d5e6adc3cdecec1a288c5b3dc29d,0.5500437021255493,0.5500437021255493,0.0
5566,ed1992cbcb576aba3235985ab6a997f61c0881682d4720b683c8beb1a8e2750f,0.524536520242691,0.524536520242691,0.0
5567,ed1992cbcb576aba3235985ab6a997f61c0881682d4720b683c8beb1a8e2750f,0.524536520242691,0.524536520242691,0.0
5568,ed1992cbcb576aba3235985ab6a997f61c0881682d4720b683c8beb1a8e2750f,0.524536520242691,0.524536520242691,0.0
5569,e7c208566d3d12cd2fcd47714a43f8e0dae1e98f5545eff40a221cb573b44556,0.5182533264160156,0.5182533264160156,0.0
5570,e7c208566d3d12cd2fcd47714a43f8e0dae1e98f5545eff40a221cb573b44556,0.5182533264160156,0.5182533264160156,0.0
5571,e7c208566d3d12cd2fcd47714a43f8e0dae1e98f5545eff40a221cb573b44556,0.5182533264160156,0.5182533264160156,0.0
5572,59b455a5c1c0cb808a63eb885db1b961815935b8c7cd1610c60c4d6f2e2928e0,0.5879085659980774,0.5879085659980774,0.0
5573,59b455a5c1c0cb808a63eb885db1b961815935b8c7cd1610c60c4d6f2e2928e0,0.5879085659980774,0.5879085659980774,0.0
5574,59b455a5c1c0cb808a63eb885db1b961815935b8c7cd1610c60c4d6f2e2928e0,0.5879085659980774,0.5879085659980774,0.0
5575,63f40b5e88b18c6c537bc39b24deb5592b7c529dda2f8bdf5a9d4564494479b2,0.6015981137752533,0.6015981137752533,0.0
5576,63f40b5e88b18c6c537bc39b24deb5592b7c529dda2f8bdf5a9d4564494479b2,0.6015981137752533,0.6015981137752533,0.0
5577,63f40b5e88b18c6c537bc39b24deb5592b7c529dda2f8bdf5a9d4564494479b2,0.6015981137752533,0.6015981137752533,0.0
5578,e44e4854e1bf9642aae663686a8bb98a7656fb3262a6e979a8d9515aad693fb1,0.6101349890232086,0.6101349890232086,0.0
5579,e44e4854e1bf9642aae663686a8bb98a7656fb3262a6e979a8d9515aad693fb1,0.6101349890232086,0.6101349890232086,0.0
5580,e44e4854e1bf9642aae663686a8bb98a7656fb3262a6e979a8d9515aad693fb1,0.6101349890232086,0.6101349890232086,0.0
5581,35c0698f7e4e8fe1461890d349c85263bc616bfde2f3ecda98e8090293c8a8fd,0.6287523806095123,0.6287523806095123,0.0
5582,35c0698f7e4e8fe1461890d349c85263bc616bfde2f3ecda98e8090293c8a8fd,0.6287523806095123,0.6287523806095123,0.0
5583,35c0698f7e4e8fe1461890d349c85263bc616bfde2f3ecda98e8090293c8a8fd,0.6287523806095123,0.6287523806095123,0.0
5584,34927ec357cfc5b2040fcda1cbf9c036d3647089f3c30cde78d554ca208dd8ba,0.5890529453754425,0.5890529453754425,0.0
5585,34927ec357cfc5b2040fcda1cbf9c036d3647089f3c30cde78d554ca208dd8ba,0.5890529453754425,0.5890529453754425,0.0
5586,34927ec357cfc5b2040fcda1cbf9c036d3647089f3c30cde78d554ca208dd8ba,0.5890529453754425,0.5890529453754425,0.0
5587,9f74e7ee913c870f004016832ae06263d8d01d7020dd527cf99b38c14e2c5caf,0.595030665397644,0.595030665397644,0.0
5588,9f74e7ee913c870f004016832ae06263d8d01d7020dd527cf99b38c14e2c5caf,0.595030665397644,0.595030665397644,0.0
5589,9f74e7ee913c870f004016832ae06263d8d01d7020dd527cf99b38c14e2c5caf,0.595030665397644,0.595030665397644,0.0
5590,d4299e6578fe42a45498f2b4e2776b02991df6a1eed266adc3d1c432544f4ded,0.6922619044780731,0.6922619044780731,0.0
5591,d4299e6578fe42a45498f2b4e2776b02991df6a1eed266adc3d1c432544f4ded,0.6922619044780731,0.6922619044780731,0.0
5592,d4299e6578fe42a45498f2b4e2776b02991df6a1eed266adc3d1c432544f4ded,0.6922619044780731,0.6922619044780731,0.0
5593,d3a8180f26c0761d160a8af493fd66cb1489b3664e7e75ad57948633ec03cbd1,0.6049613356590271,0.6049613356590271,0.0
5594,d3a8180f26c0761d160a8af493fd66cb1489b3664e7e75ad57948633ec03cbd1,0.6049613356590271,0.6049613356590271,0.0
5595,d3a8180f26c0761d160a8af493fd66cb1489b3664e7e75ad57948633ec03cbd1,0.6049613356590271,0.6049613356590271,0.0
5596,3fcd5f872017d091c9b9b490cc6fd96bd4655244237ddbde1621f22d81de8c1c,0.5918194651603699,0.5918194651603699,0.0
5597,3fcd5f872017d091c9b9b490cc6fd96bd4655244237ddbde1621f22d81de8c1c,0.5918194651603699,0.5918194651603699,0.0
5598,3fcd5f872017d091c9b9b490cc6fd96bd4655244237ddbde1621f22d81de8c1c,0.5918194651603699,0.5918194651603699,0.0
5599,c7b4a0fbbcfc043fc2f53908831481916ea6b4770ff3d36c531ccd8ca6016728,0.5223684906959534,0.5223684906959534,0.0
5600,c7b4a0fbbcfc043fc2f53908831481916ea6b4770ff3d36c531ccd8ca6016728,0.5223684906959534,0.5223684906959534,0.0
5601,c7b4a0fbbcfc043fc2f53908831481916ea6b4770ff3d36c531ccd8ca6016728,0.5223684906959534,0.5223684906959534,0.0
5602,fb2070823160aa97beca211077c23e397cf596b711916c1b8e424035be32d643,0.529625654220581,0.529625654220581,0.0
5603,fb2070823160aa97beca211077c23e397cf596b711916c1b8e424035be32d643,0.529625654220581,0.529625654220581,0.0
5604,fb2070823160aa97beca211077c23e397cf596b711916c1b8e424035be32d643,0.529625654220581,0.529625654220581,0.0
5605,30b19549e4137be458318a670ff67dc92fe2ee414162c538fa4c69a631bc737a,0.5742993950843811,0.5742993950843811,0.0
5606,30b19549e4137be458318a670ff67dc92fe2ee414162c538fa4c69a631bc737a,0.5742993950843811,0.5742993950843811,0.0
5607,30b19549e4137be458318a670ff67dc92fe2ee414162c538fa4c69a631bc737a,0.5742993950843811,0.5742993950843811,0.0
5608,b63cb2795b68c2350fd2d99d46e89e302f3f2f3399c848c87b4e8dd1ffb9f916,0.7173836827278137,0.7173836827278137,0.0
5609,b63cb2795b68c2350fd2d99d46e89e302f3f2f3399c848c87b4e8dd1ffb9f916,0.7173836827278137,0.7173836827278137,0.0
5610,b63cb2795b68c2350fd2d99d46e89e302f3f2f3399c848c87b4e8dd1ffb9f916,0.7173836827278137,0.7173836827278137,0.0
5611,28fc0397973f7aa9ca3d30e435964d297308cd928a24503bc8de5de551f767b6,0.5767276585102081,0.5767276585102081,0.0
5612,28fc0397973f7aa9ca3d30e435964d297308cd928a24503bc8de5de551f767b6,0.5767276585102081,0.5767276585102081,0.0
5613,28fc0397973f7aa9ca3d30e435964d297308cd928a24503bc8de5de551f767b6,0.5767276585102081,0.5767276585102081,0.0
5614,e0deb9d1a20321478523aadd412355e0803fcd46e354eace7a1d66a90e0639ca,0.6344912648200989,0.6344912648200989,0.0
5615,e0deb9d1a20321478523aadd412355e0803fcd46e354eace7a1d66a90e0639ca,0.6344912648200989,0.6344912648200989,0.0
5616,e0deb9d1a20321478523aadd412355e0803fcd46e354eace7a1d66a90e0639ca,0.6344912648200989,0.6344912648200989,0.0
5617,2e42b88ce49d69819a27a089591344f998159dc89352f299fd5f0288c9e4181c,0.7572187930345535,0.7572187930345535,0.0
5618,2e42b88ce49d69819a27a089591344f998159dc89352f299fd5f0288c9e4181c,0.7572187930345535,0.7572187930345535,0.0
5619,2e42b88ce49d69819a27a089591344f998159dc89352f299fd5f0288c9e4181c,0.7572187930345535,0.7572187930345535,0.0
5620,ef6c02f13ff6e39c0a1243d4113efe6be8c634cc517433a2e99e0781390ed3b5,0.6307750046253204,0.6307750046253204,0.0
5621,ef6c02f13ff6e39c0a1243d4113efe6be8c634cc517433a2e99e0781390ed3b5,0.6307750046253204,0.6307750046253204,0.0
5622,ef6c02f13ff6e39c0a1243d4113efe6be8c634cc517433a2e99e0781390ed3b5,0.6307750046253204,0.6307750046253204,0.0
5623,0b9d7dccf694f0e20b19cf68dd7edf1cae84a5abea7ac556d5963afa4635fa37,0.4545007944107055,0.45450079441070557,5.551115123125783e-17
5624,0b9d7dccf694f0e20b19cf68dd7edf1cae84a5abea7ac556d5963afa4635fa37,0.4545007944107055,0.45450079441070557,5.551115123125783e-17
5625,0b9d7dccf694f0e20b19cf68dd7edf1cae84a5abea7ac556d5963afa4635fa37,0.4545007944107055,0.45450079441070557,5.551115123125783e-17
5626,579ae514a4944e898808737ddda56f62c28bea5f2022332e40229b494d1fe145,0.6232103109359741,0.6232103109359741,0.0
5627,579ae514a4944e898808737ddda56f62c28bea5f2022332e40229b494d1fe145,0.6232103109359741,0.6232103109359741,0.0
5628,579ae514a4944e898808737ddda56f62c28bea5f2022332e40229b494d1fe145,0.6232103109359741,0.6232103109359741,0.0
5629,1509c7a199bb4cb6712196cb2cbb2a127f29882be7c8068eed759a4d1936a8c0,0.552584171295166,0.552584171295166,0.0
5630,1509c7a199bb4cb6712196cb2cbb2a127f29882be7c8068eed759a4d1936a8c0,0.552584171295166,0.552584171295166,0.0
5631,1509c7a199bb4cb6712196cb2cbb2a127f29882be7c8068eed759a4d1936a8c0,0.552584171295166,0.552584171295166,0.0
5632,4bf947926f6acb7b3b42fdf9fed6d42dec910674a41f860886ec6bf7c0a1705c,0.5307970941066742,0.5307970941066742,0.0
5633,4bf947926f6acb7b3b42fdf9fed6d42dec910674a41f860886ec6bf7c0a1705c,0.5307970941066742,0.5307970941066742,0.0
5634,4bf947926f6acb7b3b42fdf9fed6d42dec910674a41f860886ec6bf7c0a1705c,0.5307970941066742,0.5307970941066742,0.0
5635,df285a58cc5ec05d2ad9f98f9a45f0ac7ae1129fc4d82d9247ab7f80320ef970,0.5654527246952057,0.5654527246952057,0.0
5636,df285a58cc5ec05d2ad9f98f9a45f0ac7ae1129fc4d82d9247ab7f80320ef970,0.5654527246952057,0.5654527246952057,0.0
5637,df285a58cc5ec05d2ad9f98f9a45f0ac7ae1129fc4d82d9247ab7f80320ef970,0.5654527246952057,0.5654527246952057,0.0
5638,071790c0eab4308d8ff3536cf47bb554085c3fdfba3234205ea2687072bc7e58,0.5623862743377686,0.5623862743377686,0.0
5639,071790c0eab4308d8ff3536cf47bb554085c3fdfba3234205ea2687072bc7e58,0.5623862743377686,0.5623862743377686,0.0
5640,071790c0eab4308d8ff3536cf47bb554085c3fdfba3234205ea2687072bc7e58,0.5623862743377686,0.5623862743377686,0.0
5641,704ec3bca4991ae590f660e083725dda79ac71ff1cb46a5aa3306f205e57a2d5,0.6473213136196136,0.6473213136196136,0.0
5642,704ec3bca4991ae590f660e083725dda79ac71ff1cb46a5aa3306f205e57a2d5,0.6473213136196136,0.6473213136196136,0.0
5643,704ec3bca4991ae590f660e083725dda79ac71ff1cb46a5aa3306f205e57a2d5,0.6473213136196136,0.6473213136196136,0.0
5644,7fabbd733e99be2d6a0d8954b800eff0af6bacbd1a4f6814b3f90fc6ba9c501e,0.53986856341362,0.53986856341362,0.0
5645,7fabbd733e99be2d6a0d8954b800eff0af6bacbd1a4f6814b3f90fc6ba9c501e,0.53986856341362,0.53986856341362,0.0
5646,7fabbd733e99be2d6a0d8954b800eff0af6bacbd1a4f6814b3f90fc6ba9c501e,0.53986856341362,0.53986856341362,0.0
5647,09c7196aa4de03f5991851e5d686b6cbf39b99b3b4ce65dd6a6a46e95f0a2234,0.6746698021888733,0.6746698021888733,0.0
5648,09c7196aa4de03f5991851e5d686b6cbf39b99b3b4ce65dd6a6a46e95f0a2234,0.6746698021888733,0.6746698021888733,0.0
5649,09c7196aa4de03f5991851e5d686b6cbf39b99b3b4ce65dd6a6a46e95f0a2234,0.6746698021888733,0.6746698021888733,0.0
5650,b3da2779c64a6552232a5a3d14a4e5545ccee2592e317b00e24b1cf288a3435c,0.5194415152072906,0.5194415152072906,0.0
5651,b3da2779c64a6552232a5a3d14a4e5545ccee2592e317b00e24b1cf288a3435c,0.5194415152072906,0.5194415152072906,0.0
5652,b3da2779c64a6552232a5a3d14a4e5545ccee2592e317b00e24b1cf288a3435c,0.5194415152072906,0.5194415152072906,0.0
5653,4b128410da2b5a5995946fa808ec6af19721d5e6adc3cdecec1a288c5b3dc29d,0.5500437021255493,0.5500437021255493,0.0
5654,4b128410da2b5a5995946fa808ec6af19721d5e6adc3cdecec1a288c5b3dc29d,0.5500437021255493,0.5500437021255493,0.0
5655,4b128410da2b5a5995946fa808ec6af19721d5e6adc3cdecec1a288c5b3dc29d,0.5500437021255493,0.5500437021255493,0.0
5656,ed1992cbcb576aba3235985ab6a997f61c0881682d4720b683c8beb1a8e2750f,0.524536520242691,0.524536520242691,0.0
5657,ed1992cbcb576aba3235985ab6a997f61c0881682d4720b683c8beb1a8e2750f,0.524536520242691,0.524536520242691,0.0
5658,ed1992cbcb576aba3235985ab6a997f61c0881682d4720b683c8beb1a8e2750f,0.524536520242691,0.524536520242691,0.0
5659,e7c208566d3d12cd2fcd47714a43f8e0dae1e98f5545eff40a221cb573b44556,0.5182533264160156,0.5182533264160156,0.0
5660,e7c208566d3d12cd2fcd47714a43f8e0dae1e98f5545eff40a221cb573b44556,0.5182533264160156,0.5182533264160156,0.0
5661,e7c208566d3d12cd2fcd47714a43f8e0dae1e98f5545eff40a221cb573b44556,0.5182533264160156,0.5182533264160156,0.0
5662,59b455a5c1c0cb808a63eb885db1b961815935b8c7cd1610c60c4d6f2e2928e0,0.5879085659980774,0.5879085659980774,0.0
5663,59b455a5c1c0cb808a63eb885db1b961815935b8c7cd1610c60c4d6f2e2928e0,0.5879085659980774,0.5879085659980774,0.0
5664,59b455a5c1c0cb808a63eb885db1b961815935b8c7cd1610c60c4d6f2e2928e0,0.5879085659980774,0.5879085659980774,0.0
5665,63f40b5e88b18c6c537bc39b24deb5592b7c529dda2f8bdf5a9d4564494479b2,0.6015981137752533,0.6015981137752533,0.0
5666,63f40b5e88b18c6c537bc39b24deb5592b7c529dda2f8bdf5a9d4564494479b2,0.6015981137752533,0.6015981137752533,0.0
5667,63f40b5e88b18c6c537bc39b24deb5592b7c529dda2f8bdf5a9d4564494479b2,0.6015981137752533,0.6015981137752533,0.0
5668,e44e4854e1bf9642aae663686a8bb98a7656fb3262a6e979a8d9515aad693fb1,0.6101349890232086,0.6101349890232086,0.0
5669,e44e4854e1bf9642aae663686a8bb98a7656fb3262a6e979a8d9515aad693fb1,0.6101349890232086,0.6101349890232086,0.0
5670,e44e4854e1bf9642aae663686a8bb98a7656fb3262a6e979a8d9515aad693fb1,0.6101349890232086,0.6101349890232086,0.0
5671,35c0698f7e4e8fe1461890d349c85263bc616bfde2f3ecda98e8090293c8a8fd,0.6287523806095123,0.6287523806095123,0.0
5672,35c0698f7e4e8fe1461890d349c85263bc616bfde2f3ecda98e8090293c8a8fd,0.6287523806095123,0.6287523806095123,0.0
5673,35c0698f7e4e8fe1461890d349c85263bc616bfde2f3ecda98e8090293c8a8fd,0.6287523806095123,0.6287523806095123,0.0
5674,34927ec357cfc5b2040fcda1cbf9c036d3647089f3c30cde78d554ca208dd8ba,0.5890529453754425,0.5890529453754425,0.0
5675,34927ec357cfc5b2040fcda1cbf9c036d3647089f3c30cde78d554ca208dd8ba,0.5890529453754425,0.5890529453754425,0.0
5676,34927ec357cfc5b2040fcda1cbf9c036d3647089f3c30cde78d554ca208dd8ba,0.5890529453754425,0.5890529453754425,0.0
5677,9f74e7ee913c870f004016832ae06263d8d01d7020dd527cf99b38c14e2c5caf,0.595030665397644,0.595030665397644,0.0
5678,9f74e7ee913c870f004016832ae06263d8d01d7020dd527cf99b38c14e2c5caf,0.595030665397644,0.595030665397644,0.0
5679,9f74e7ee913c870f004016832ae06263d8d01d7020dd527cf99b38c14e2c5caf,0.595030665397644,0.595030665397644,0.0
5680,d4299e6578fe42a45498f2b4e2776b02991df6a1eed266adc3d1c432544f4ded,0.6922619044780731,0.6922619044780731,0.0
5681,d4299e6578fe42a45498f2b4e2776b02991df6a1eed266adc3d1c432544f4ded,0.6922619044780731,0.6922619044780731,0.0
5682,d4299e6578fe42a45498f2b4e2776b02991df6a1eed266adc3d1c432544f4ded,0.6922619044780731,0.6922619044780731,0.0
5683,d3a8180f26c0761d160a8af493fd66cb1489b3664e7e75ad57948633ec03cbd1,0.6049613356590271,0.6049613356590271,0.0
5684,d3a8180f26c0761d160a8af493fd66cb1489b3664e7e75ad57948633ec03cbd1,0.6049613356590271,0.6049613356590271,0.0
5685,d3a8180f26c0761d160a8af493fd66cb1489b3664e7e75ad57948633ec03cbd1,0.6049613356590271,0.6049613356590271,0.0
5686,3fcd5f872017d091c9b9b490cc6fd96bd4655244237ddbde1621f22d81de8c1c,0.5918194651603699,0.5918194651603699,0.0
5687,3fcd5f872017d091c9b9b490cc6fd96bd4655244237ddbde1621f22d81de8c1c,0.5918194651603699,0.5918194651603699,0.0
5688,3fcd5f872017d091c9b9b490cc6fd96bd4655244237ddbde1621f22d81de8c1c,0.5918194651603699,0.5918194651603699,0.0
5689,c7b4a0fbbcfc043fc2f53908831481916ea6b4770ff3d36c531ccd8ca6016728,0.5223684906959534,0.5223684906959534,0.0
5690,c7b4a0fbbcfc043fc2f53908831481916ea6b4770ff3d36c531ccd8ca6016728,0.5223684906959534,0.5223684906959534,0.0
5691,c7b4a0fbbcfc043fc2f53908831481916ea6b4770ff3d36c531ccd8ca6016728,0.5223684906959534,0.5223684906959534,0.0
5692,fb2070823160aa97beca211077c23e397cf596b711916c1b8e424035be32d643,0.529625654220581,0.529625654220581,0.0
5693,fb2070823160aa97beca211077c23e397cf596b711916c1b8e424035be32d643,0.529625654220581,0.529625654220581,0.0
5694,fb2070823160aa97beca211077c23e397cf596b711916c1b8e424035be32d643,0.529625654220581,0.529625654220581,0.0
5695,30b19549e4137be458318a670ff67dc92fe2ee414162c538fa4c69a631bc737a,0.5742993950843811,0.5742993950843811,0.0
5696,30b19549e4137be458318a670ff67dc92fe2ee414162c538fa4c69a631bc737a,0.5742993950843811,0.5742993950843811,0.0
5697,30b19549e4137be458318a670ff67dc92fe2ee414162c538fa4c69a631bc737a,0.5742993950843811,0.5742993950843811,0.0
5698,b63cb2795b68c2350fd2d99d46e89e302f3f2f3399c848c87b4e8dd1ffb9f916,0.7173836827278137,0.7173836827278137,0.0
5699,b63cb2795b68c2350fd2d99d46e89e302f3f2f3399c848c87b4e8dd1ffb9f916,0.7173836827278137,0.7173836827278137,0.0
5700,b63cb2795b68c2350fd2d99d46e89e302f3f2f3399c848c87b4e8dd1ffb9f916,0.7173836827278137,0.7173836827278137,0.0
5701,28fc0397973f7aa9ca3d30e435964d297308cd928a24503bc8de5de551f767b6,0.5767276585102081,0.5767276585102081,0.0
5702,28fc0397973f7aa9ca3d30e435964d297308cd928a24503bc8de5de551f767b6,0.5767276585102081,0.5767276585102081,0.0
5703,28fc0397973f7aa9ca3d30e435964d297308cd928a24503bc8de5de551f767b6,0.5767276585102081,0.5767276585102081,0.0
5704,e0deb9d1a20321478523aadd412355e0803fcd46e354eace7a1d66a90e0639ca,0.6344912648200989,0.6344912648200989,0.0
5705,e0deb9d1a20321478523aadd412355e0803fcd46e354eace7a1d66a90e0639ca,0.6344912648200989,0.6344912648200989,0.0
5706,e0deb9d1a20321478523aadd412355e0803fcd46e354eace7a1d66a90e0639ca,0.6344912648200989,0.6344912648200989,0.0
5707,2e42b88ce49d69819a27a089591344f998159dc89352f299fd5f0288c9e4181c,0.7572187930345535,0.7572187930345535,0.0
5708,2e42b88ce49d69819a27a089591344f998159dc89352f299fd5f0288c9e4181c,0.7572187930345535,0.7572187930345535,0.0
5709,2e42b88ce49d69819a27a089591344f998159dc89352f299fd5f0288c9e4181c,0.7572187930345535,0.7572187930345535,0.0
5710,ef6c02f13ff6e39c0a1243d4113efe6be8c634cc517433a2e99e0781390ed3b5,0.6307750046253204,0.6307750046253204,0.0
5711,ef6c02f13ff6e39c0a1243d4113efe6be8c634cc517433a2e99e0781390ed3b5,0.6307750046253204,0.6307750046253204,0.0
5712,ef6c02f13ff6e39c0a1243d4113efe6be8c634cc517433a2e99e0781390ed3b5,0.6307750046253204,0.6307750046253204,0.0
5713,0b9d7dccf694f0e20b19cf68dd7edf1cae84a5abea7ac556d5963afa4635fa37,0.4545007944107055,0.45450079441070557,5.551115123125783e-17
5714,0b9d7dccf694f0e20b19cf68dd7edf1cae84a5abea7ac556d5963afa4635fa37,0.4545007944107055,0.45450079441070557,5.551115123125783e-17
5715,0b9d7dccf694f0e20b19cf68dd7edf1cae84a5abea7ac556d5963afa4635fa37,0.4545007944107055,0.45450079441070557,5.551115123125783e-17
5716,579ae514a4944e898808737ddda56f62c28bea5f2022332e40229b494d1fe145,0.6232103109359741,0.6232103109359741,0.0
5717,579ae514a4944e898808737ddda56f62c28bea5f2022332e40229b494d1fe145,0.6232103109359741,0.6232103109359741,0.0
5718,579ae514a4944e898808737ddda56f62c28bea5f2022332e40229b494d1fe145,0.6232103109359741,0.6232103109359741,0.0
5719,1509c7a199bb4cb6712196cb2cbb2a127f29882be7c8068eed759a4d1936a8c0,0.552584171295166,0.552584171295166,0.0
5720,1509c7a199bb4cb6712196cb2cbb2a127f29882be7c8068eed759a4d1936a8c0,0.552584171295166,0.552584171295166,0.0
5721,1509c7a199bb4cb6712196cb2cbb2a127f29882be7c8068eed759a4d1936a8c0,0.552584171295166,0.552584171295166,0.0
5722,4bf947926f6acb7b3b42fdf9fed6d42dec910674a41f860886ec6bf7c0a1705c,0.5307970941066742,0.5307970941066742,0.0
5723,4bf947926f6acb7b3b42fdf9fed6d42dec910674a41f860886ec6bf7c0a1705c,0.5307970941066742,0.5307970941066742,0.0
5724,4bf947926f6acb7b3b42fdf9fed6d42dec910674a41f860886ec6bf7c0a1705c,0.5307970941066742,0.5307970941066742,0.0
5725,df285a58cc5ec05d2ad9f98f9a45f0ac7ae1129fc4d82d9247ab7f80320ef970,0.5654527246952057,0.5654527246952057,0.0
5726,df285a58cc5ec05d2ad9f98f9a45f0ac7ae1129fc4d82d9247ab7f80320ef970,0.5654527246952057,0.5654527246952057,0.0
5727,df285a58cc5ec05d2ad9f98f9a45f0ac7ae1129fc4d82d9247ab7f80320ef970,0.5654527246952057,0.5654527246952057,0.0
5728,071790c0eab4308d8ff3536cf47bb554085c3fdfba3234205ea2687072bc7e58,0.5623862743377686,0.5623862743377686,0.0
5729,071790c0eab4308d8ff3536cf47bb554085c3fdfba3234205ea2687072bc7e58,0.5623862743377686,0.5623862743377686,0.0
5730,071790c0eab4308d8ff3536cf47bb554085c3fdfba3234205ea2687072bc7e58,0.5623862743377686,0.5623862743377686,0.0
5731,704ec3bca4991ae590f660e083725dda79ac71ff1cb46a5aa3306f205e57a2d5,0.6473213136196136,0.6473213136196136,0.0
5732,704ec3bca4991ae590f660e083725dda79ac71ff1cb46a5aa3306f205e57a2d5,0.6473213136196136,0.6473213136196136,0.0
5733,704ec3bca4991ae590f660e083725dda79ac71ff1cb46a5aa3306f205e57a2d5,0.6473213136196136,0.6473213136196136,0.0
5734,7fabbd733e99be2d6a0d8954b800eff0af6bacbd1a4f6814b3f90fc6ba9c501e,0.53986856341362,0.53986856341362,0.0
5735,7fabbd733e99be2d6a0d8954b800eff0af6bacbd1a4f6814b3f90fc6ba9c501e,0.53986856341362,0.53986856341362,0.0
5736,7fabbd733e99be2d6a0d8954b800eff0af6bacbd1a4f6814b3f90fc6ba9c501e,0.53986856341362,0.53986856341362,0.0
5737,09c7196aa4de03f5991851e5d686b6cbf39b99b3b4ce65dd6a6a46e95f0a2234,0.6746698021888733,0.6746698021888733,0.0
5738,09c7196aa4de03f5991851e5d686b6cbf39b99b3b4ce65dd6a6a46e95f0a2234,0.6746698021888733,0.6746698021888733,0.0
5739,09c7196aa4de03f5991851e5d686b6cbf39b99b3b4ce65dd6a6a46e95f0a2234,0.6746698021888733,0.6746698021888733,0.0
5740,b3da2779c64a6552232a5a3d14a4e5545ccee2592e317b00e24b1cf288a3435c,0.5194415152072906,0.5194415152072906,0.0
5741,b3da2779c64a6552232a5a3d14a4e5545ccee2592e317b00e24b1cf288a3435c,0.5194415152072906,0.5194415152072906,0.0
5742,b3da2779c64a6552232a5a3d14a4e5545ccee2592e317b00e24b1cf288a3435c,0.5194415152072906,0.5194415152072906,0.0
5743,4b128410da2b5a5995946fa808ec6af19721d5e6adc3cdecec1a288c5b3dc29d,0.5500437021255493,0.5500437021255493,0.0
5744,4b128410da2b5a5995946fa808ec6af19721d5e6adc3cdecec1a288c5b3dc29d,0.5500437021255493,0.5500437021255493,0.0
5745,4b128410da2b5a5995946fa808ec6af19721d5e6adc3cdecec1a288c5b3dc29d,0.5500437021255493,0.5500437021255493,0.0
5746,ed1992cbcb576aba3235985ab6a997f61c0881682d4720b683c8beb1a8e2750f,0.524536520242691,0.524536520242691,0.0
5747,ed1992cbcb576aba3235985ab6a997f61c0881682d4720b683c8beb1a8e2750f,0.524536520242691,0.524536520242691,0.0
5748,ed1992cbcb576aba3235985ab6a997f61c0881682d4720b683c8beb1a8e2750f,0.524536520242691,0.524536520242691,0.0
5749,e7c208566d3d12cd2fcd47714a43f8e0dae1e98f5545eff40a221cb573b44556,0.5182533264160156,0.5182533264160156,0.0
5750,e7c208566d3d12cd2fcd47714a43f8e0dae1e98f5545eff40a221cb573b44556,0.5182533264160156,0.5182533264160156,0.0
5751,e7c208566d3d12cd2fcd47714a43f8e0dae1e98f5545eff40a221cb573b44556,0.5182533264160156,0.5182533264160156,0.0
5752,59b455a5c1c0cb808a63eb885db1b961815935b8c7cd1610c60c4d6f2e2928e0,0.5879085659980774,0.5879085659980774,0.0
5753,59b455a5c1c0cb808a63eb885db1b961815935b8c7cd1610c60c4d6f2e2928e0,0.5879085659980774,0.5879085659980774,0.0
5754,59b455a5c1c0cb808a63eb885db1b961815935b8c7cd1610c60c4d6f2e2928e0,0.5879085659980774,0.5879085659980774,0.0
5755,63f40b5e88b18c6c537bc39b24deb5592b7c529dda2f8bdf5a9d4564494479b2,0.6015981137752533,0.6015981137752533,0.0
5756,63f40b5e88b18c6c537bc39b24deb5592b7c529dda2f8bdf5a9d4564494479b2,0.6015981137752533,0.6015981137752533,0.0
5757,63f40b5e88b18c6c537bc39b24deb5592b7c529dda2f8bdf5a9d4564494479b2,0.6015981137752533,0.6015981137752533,0.0
5758,e44e4854e1bf9642aae663686a8bb98a7656fb3262a6e979a8d9515aad693fb1,0.6101349890232086,0.6101349890232086,0.0
5759,e44e4854e1bf9642aae663686a8bb98a7656fb3262a6e979a8d9515aad693fb1,0.6101349890232086,0.6101349890232086,0.0
5760,e44e4854e1bf9642aae663686a8bb98a7656fb3262a6e979a8d9515aad693fb1,0.6101349890232086,0.6101349890232086,0.0
5761,35c0698f7e4e8fe1461890d349c85263bc616bfde2f3ecda98e8090293c8a8fd,0.6287523806095123,0.6287523806095123,0.0
5762,35c0698f7e4e8fe1461890d349c85263bc616bfde2f3ecda98e8090293c8a8fd,0.6287523806095123,0.6287523806095123,0.0
5763,35c0698f7e4e8fe1461890d349c85263bc616bfde2f3ecda98e8090293c8a8fd,0.6287523806095123,0.6287523806095123,0.0
5764,34927ec357cfc5b2040fcda1cbf9c036d3647089f3c30cde78d554ca208dd8ba,0.5890529453754425,0.5890529453754425,0.0
5765,34927ec357cfc5b2040fcda1cbf9c036d3647089f3c30cde78d554ca208dd8ba,0.5890529453754425,0.5890529453754425,0.0
5766,34927ec357cfc5b2040fcda1cbf9c036d3647089f3c30cde78d554ca208dd8ba,0.5890529453754425,0.5890529453754425,0.0
5767,9f74e7ee913c870f004016832ae06263d8d01d7020dd527cf99b38c14e2c5caf,0.595030665397644,0.595030665397644,0.0
5768,9f74e7ee913c870f004016832ae06263d8d01d7020dd527cf99b38c14e2c5caf,0.595030665397644,0.595030665397644,0.0
5769,9f74e7ee913c870f004016832ae06263d8d01d7020dd527cf99b38c14e2c5caf,0.595030665397644,0.595030665397644,0.0
5770,d4299e6578fe42a45498f2b4e2776b02991df6a1eed266adc3d1c432544f4ded,0.6922619044780731,0.6922619044780731,0.0
5771,d4299e6578fe42a45498f2b4e2776b02991df6a1eed266adc3d1c432544f4ded,0.6922619044780731,0.6922619044780731,0.0
5772,d4299e6578fe42a45498f2b4e2776b02991df6a1eed266adc3d1c432544f4ded,0.6922619044780731,0.6922619044780731,0.0
5773,d3a8180f26c0761d160a8af493fd66cb1489b3664e7e75ad57948633ec03cbd1,0.6049613356590271,0.6049613356590271,0.0
5774,d3a8180f26c0761d160a8af493fd66cb1489b3664e7e75ad57948633ec03cbd1,0.6049613356590271,0.6049613356590271,0.0
5775,d3a8180f26c0761d160a8af493fd66cb1489b3664e7e75ad57948633ec03cbd1,0.6049613356590271,0.6049613356590271,0.0
5776,3fcd5f872017d091c9b9b490cc6fd96bd4655244237ddbde1621f22d81de8c1c,0.5918194651603699,0.5918194651603699,0.0
5777,3fcd5f872017d091c9b9b490cc6fd96bd4655244237ddbde1621f22d81de8c1c,0.5918194651603699,0.5918194651603699,0.0
5778,3fcd5f872017d091c9b9b490cc6fd96bd4655244237ddbde1621f22d81de8c1c,0.5918194651603699,0.5918194651603699,0.0
5779,c7b4a0fbbcfc043fc2f53908831481916ea6b4770ff3d36c531ccd8ca6016728,0.5223684906959534,0.5223684906959534,0.0
5780,c7b4a0fbbcfc043fc2f53908831481916ea6b4770ff3d36c531ccd8ca6016728,0.5223684906959534,0.5223684906959534,0.0
5781,c7b4a0fbbcfc043fc2f53908831481916ea6b4770ff3d36c531ccd8ca6016728,0.5223684906959534,0.5223684906959534,0.0
5782,fb2070823160aa97beca211077c23e397cf596b711916c1b8e424035be32d643,0.529625654220581,0.529625654220581,0.0
5783,fb2070823160aa97beca211077c23e397cf596b711916c1b8e424035be32d643,0.529625654220581,0.529625654220581,0.0
5784,fb2070823160aa97beca211077c23e397cf596b711916c1b8e424035be32d643,0.529625654220581,0.529625654220581,0.0
5785,30b19549e4137be458318a670ff67dc92fe2ee414162c538fa4c69a631bc737a,0.5742993950843811,0.5742993950843811,0.0
5786,30b19549e4137be458318a670ff67dc92fe2ee414162c538fa4c69a631bc737a,0.5742993950843811,0.5742993950843811,0.0
5787,30b19549e4137be458318a670ff67dc92fe2ee414162c538fa4c69a631bc737a,0.5742993950843811,0.5742993950843811,0.0
5788,b63cb2795b68c2350fd2d99d46e89e302f3f2f3399c848c87b4e8dd1ffb9f916,0.7173836827278137,0.7173836827278137,0.0
5789,b63cb2795b68c2350fd2d99d46e89e302f3f2f3399c848c87b4e8dd1ffb9f916,0.7173836827278137,0.7173836827278137,0.0
5790,b63cb2795b68c2350fd2d99d46e89e302f3f2f3399c848c87b4e8dd1ffb9f916,0.7173836827278137,0.7173836827278137,0.0
5791,28fc0397973f7aa9ca3d30e435964d297308cd928a24503bc8de5de551f767b6,0.5767276585102081,0.5767276585102081,0.0
5792,28fc0397973f7aa9ca3d30e435964d297308cd928a24503bc8de5de551f767b6,0.5767276585102081,0.5767276585102081,0.0
5793,28fc0397973f7aa9ca3d30e435964d297308cd928a24503bc8de5de551f767b6,0.5767276585102081,0.5767276585102081,0.0
5794,e0deb9d1a20321478523aadd412355e0803fcd46e354eace7a1d66a90e0639ca,0.6344912648200989,0.6344912648200989,0.0
5795,e0deb9d1a20321478523aadd412355e0803fcd46e354eace7a1d66a90e0639ca,0.6344912648200989,0.6344912648200989,0.0
5796,e0deb9d1a20321478523aadd412355e0803fcd46e354eace7a1d66a90e0639ca,0.6344912648200989,0.6344912648200989,0.0
5797,2e42b88ce49d69819a27a089591344f998159dc89352f299fd5f0288c9e4181c,0.7572187930345535,0.7572187930345535,0.0
5798,2e42b88ce49d69819a27a089591344f998159dc89352f299fd5f0288c9e4181c,0.7572187930345535,0.7572187930345535,0.0
5799,2e42b88ce49d69819a27a089591344f998159dc89352f299fd5f0288c9e4181c,0.7572187930345535,0.7572187930345535,0.0
5800,ef6c02f13ff6e39c0a1243d4113efe6be8c634cc517433a2e99e0781390ed3b5,0.6307750046253204,0.6307750046253204,0.0
5801,ef6c02f13ff6e39c0a1243d4113efe6be8c634cc517433a2e99e0781390ed3b5,0.6307750046253204,0.6307750046253204,0.0
5802,ef6c02f13ff6e39c0a1243d4113efe6be8c634cc517433a2e99e0781390ed3b5,0.6307750046253204,0.6307750046253204,0.0
5803,0b9d7dccf694f0e20b19cf68dd7edf1cae84a5abea7ac556d5963afa4635fa37,0.4545007944107055,0.45450079441070557,5.551115123125783e-17
5804,0b9d7dccf694f0e20b19cf68dd7edf1cae84a5abea7ac556d5963afa4635fa37,0.4545007944107055,0.45450079441070557,5.551115123125783e-17
5805,0b9d7dccf694f0e20b19cf68dd7edf1cae84a5abea7ac556d5963afa4635fa37,0.4545007944107055,0.45450079441070557,5.551115123125783e-17
5806,579ae514a4944e898808737ddda56f62c28bea5f2022332e40229b494d1fe145,0.6232103109359741,0.6232103109359741,0.0
5807,579ae514a4944e898808737ddda56f62c28bea5f2022332e40229b494d1fe145,0.6232103109359741,0.6232103109359741,0.0
5808,579ae514a4944e898808737ddda56f62c28bea5f2022332e40229b494d1fe145,0.6232103109359741,0.6232103109359741,0.0
5809,1509c7a199bb4cb6712196cb2cbb2a127f29882be7c8068eed759a4d1936a8c0,0.552584171295166,0.552584171295166,0.0
5810,1509c7a199bb4cb6712196cb2cbb2a127f29882be7c8068eed759a4d1936a8c0,0.552584171295166,0.552584171295166,0.0
5811,1509c7a199bb4cb6712196cb2cbb2a127f29882be7c8068eed759a4d1936a8c0,0.552584171295166,0.552584171295166,0.0
5812,4bf947926f6acb7b3b42fdf9fed6d42dec910674a41f860886ec6bf7c0a1705c,0.5307970941066742,0.5307970941066742,0.0
5813,4bf947926f6acb7b3b42fdf9fed6d42dec910674a41f860886ec6bf7c0a1705c,0.5307970941066742,0.5307970941066742,0.0
5814,4bf947926f6acb7b3b42fdf9fed6d42dec910674a41f860886ec6bf7c0a1705c,0.5307970941066742,0.5307970941066742,0.0
5815,df285a58cc5ec05d2ad9f98f9a45f0ac7ae1129fc4d82d9247ab7f80320ef970,0.5654527246952057,0.5654527246952057,0.0
5816,df285a58cc5ec05d2ad9f98f9a45f0ac7ae1129fc4d82d9247ab7f80320ef970,0.5654527246952057,0.5654527246952057,0.0
5817,df285a58cc5ec05d2ad9f98f9a45f0ac7ae1129fc4d82d9247ab7f80320ef970,0.5654527246952057,0.5654527246952057,0.0
5818,071790c0eab4308d8ff3536cf47bb554085c3fdfba3234205ea2687072bc7e58,0.5623862743377686,0.5623862743377686,0.0
5819,071790c0eab4308d8ff3536cf47bb554085c3fdfba3234205ea2687072bc7e58,0.5623862743377686,0.5623862743377686,0.0
5820,071790c0eab4308d8ff3536cf47bb554085c3fdfba3234205ea2687072bc7e58,0.5623862743377686,0.5623862743377686,0.0
5821,704ec3bca4991ae590f660e083725dda79ac71ff1cb46a5aa3306f205e57a2d5,0.6473213136196136,0.6473213136196136,0.0
5822,704ec3bca4991ae590f660e083725dda79ac71ff1cb46a5aa3306f205e57a2d5,0.6473213136196136,0.6473213136196136,0.0
5823,704ec3bca4991ae590f660e083725dda79ac71ff1cb46a5aa3306f205e57a2d5,0.6473213136196136,0.6473213136196136,0.0
5824,7fabbd733e99be2d6a0d8954b800eff0af6bacbd1a4f6814b3f90fc6ba9c501e,0.53986856341362,0.53986856341362,0.0
5825,7fabbd733e99be2d6a0d8954b800eff0af6bacbd1a4f6814b3f90fc6ba9c501e,0.53986856341362,0.53986856341362,0.0
5826,7fabbd733e99be2d6a0d8954b800eff0af6bacbd1a4f6814b3f90fc6ba9c501e,0.53986856341362,0.53986856341362,0.0
5827,09c7196aa4de03f5991851e5d686b6cbf39b99b3b4ce65dd6a6a46e95f0a2234,0.6746698021888733,0.6746698021888733,0.0
5828,09c7196aa4de03f5991851e5d686b6cbf39b99b3b4ce65dd6a6a46e95f0a2234,0.6746698021888733,0.6746698021888733,0.0
5829,09c7196aa4de03f5991851e5d686b6cbf39b99b3b4ce65dd6a6a46e95f0a2234,0.6746698021888733,0.6746698021888733,0.0
5830,b3da2779c64a6552232a5a3d14a4e5545ccee2592e317b00e24b1cf288a3435c,0.5194415152072906,0.5194415152072906,0.0
5831,b3da2779c64a6552232a5a3d14a4e5545ccee2592e317b00e24b1cf288a3435c,0.5194415152072906,0.5194415152072906,0.0
5832,b3da2779c64a6552232a5a3d14a4e5545ccee2592e317b00e24b1cf288a3435c,0.5194415152072906,0.5194415152072906,0.0
5833,4b128410da2b5a5995946fa808ec6af19721d5e6adc3cdecec1a288c5b3dc29d,0.5500437021255493,0.5500437021255493,0.0
5834,4b128410da2b5a5995946fa808ec6af19721d5e6adc3cdecec1a288c5b3dc29d,0.5500437021255493,0.5500437021255493,0.0
5835,4b128410da2b5a5995946fa808ec6af19721d5e6adc3cdecec1a288c5b3dc29d,0.5500437021255493,0.5500437021255493,0.0
5836,ed1992cbcb576aba3235985ab6a997f61c0881682d4720b683c8beb1a8e2750f,0.524536520242691,0.524536520242691,0.0
5837,ed1992cbcb576aba3235985ab6a997f61c0881682d4720b683c8beb1a8e2750f,0.524536520242691,0.524536520242691,0.0
5838,ed1992cbcb576aba3235985ab6a997f61c0881682d4720b683c8beb1a8e2750f,0.524536520242691,0.524536520242691,0.0
5839,e7c208566d3d12cd2fcd47714a43f8e0dae1e98f5545eff40a221cb573b44556,0.5182533264160156,0.5182533264160156,0.0
5840,e7c208566d3d12cd2fcd47714a43f8e0dae1e98f5545eff40a221cb573b44556,0.5182533264160156,0.5182533264160156,0.0
5841,e7c208566d3d12cd2fcd47714a43f8e0dae1e98f5545eff40a221cb573b44556,0.5182533264160156,0.5182533264160156,0.0
5842,59b455a5c1c0cb808a63eb885db1b961815935b8c7cd1610c60c4d6f2e2928e0,0.5879085659980774,0.5879085659980774,0.0
5843,59b455a5c1c0cb808a63eb885db1b961815935b8c7cd1610c60c4d6f2e2928e0,0.5879085659980774,0.5879085659980774,0.0
5844,59b455a5c1c0cb808a63eb885db1b961815935b8c7cd1610c60c4d6f2e2928e0,0.5879085659980774,0.5879085659980774,0.0
5845,63f40b5e88b18c6c537bc39b24deb5592b7c529dda2f8bdf5a9d4564494479b2,0.6015981137752533,0.6015981137752533,0.0
5846,63f40b5e88b18c6c537bc39b24deb5592b7c529dda2f8bdf5a9d4564494479b2,0.6015981137752533,0.6015981137752533,0.0
5847,63f40b5e88b18c6c537bc39b24deb5592b7c529dda2f8bdf5a9d4564494479b2,0.6015981137752533,0.6015981137752533,0.0
5848,e44e4854e1bf9642aae663686a8bb98a7656fb3262a6e979a8d9515aad693fb1,0.6101349890232086,0.6101349890232086,0.0
5849,e44e4854e1bf9642aae663686a8bb98a7656fb3262a6e979a8d9515aad693fb1,0.6101349890232086,0.6101349890232086,0.0
5850,e44e4854e1bf9642aae663686a8bb98a7656fb3262a6e979a8d9515aad693fb1,0.6101349890232086,0.6101349890232086,0.0
5851,35c0698f7e4e8fe1461890d349c85263bc616bfde2f3ecda98e8090293c8a8fd,0.6287523806095123,0.6287523806095123,0.0
5852,35c0698f7e4e8fe1461890d349c85263bc616bfde2f3ecda98e8090293c8a8fd,0.6287523806095123,0.6287523806095123,0.0
5853,35c0698f7e4e8fe1461890d349c85263bc616bfde2f3ecda98e8090293c8a8fd,0.6287523806095123,0.6287523806095123,0.0
5854,34927ec357cfc5b2040fcda1cbf9c036d3647089f3c30cde78d554ca208dd8ba,0.5890529453754425,0.5890529453754425,0.0
5855,34927ec357cfc5b2040fcda1cbf9c036d3647089f3c30cde78d554ca208dd8ba,0.5890529453754425,0.5890529453754425,0.0
5856,34927ec357cfc5b2040fcda1cbf9c036d3647089f3c30cde78d554ca208dd8ba,0.5890529453754425,0.5890529453754425,0.0
5857,9f74e7ee913c870f004016832ae06263d8d01d7020dd527cf99b38c14e2c5caf,0.595030665397644,0.595030665397644,0.0
5858,9f74e7ee913c870f004016832ae06263d8d01d7020dd527cf99b38c14e2c5caf,0.595030665397644,0.595030665397644,0.0
5859,9f74e7ee913c870f004016832ae06263d8d01d7020dd527cf99b38c14e2c5caf,0.595030665397644,0.595030665397644,0.0
5860,d4299e6578fe42a45498f2b4e2776b02991df6a1eed266adc3d1c432544f4ded,0.6922619044780731,0.6922619044780731,0.0
5861,d4299e6578fe42a45498f2b4e2776b02991df6a1eed266adc3d1c432544f4ded,0.6922619044780731,0.6922619044780731,0.0
5862,d4299e6578fe42a45498f2b4e2776b02991df6a1eed266adc3d1c432544f4ded,0.6922619044780731,0.6922619044780731,0.0
5863,d3a8180f26c0761d160a8af493fd66cb1489b3664e7e75ad57948633ec03cbd1,0.6049613356590271,0.6049613356590271,0.0
5864,d3a8180f26c0761d160a8af493fd66cb1489b3664e7e75ad57948633ec03cbd1,0.6049613356590271,0.6049613356590271,0.0
5865,d3a8180f26c0761d160a8af493fd66cb1489b3664e7e75ad57948633ec03cbd1,0.6049613356590271,0.6049613356590271,0.0
5866,3fcd5f872017d091c9b9b490cc6fd96bd4655244237ddbde1621f22d81de8c1c,0.5918194651603699,0.5918194651603699,0.0
5867,3fcd5f872017d091c9b9b490cc6fd96bd4655244237ddbde1621f22d81de8c1c,0.5918194651603699,0.5918194651603699,0.0
5868,3fcd5f872017d091c9b9b490cc6fd96bd4655244237ddbde1621f22d81de8c1c,0.5918194651603699,0.5918194651603699,0.0
5869,4797610c3691a82c86f5ea02d89117fc484f74008dfc63723c529494f16c5213,0.5109726190567017,0.5109726190567017,0.0
5870,4797610c3691a82c86f5ea02d89117fc484f74008dfc63723c529494f16c5213,0.5109726190567017,0.5109726190567017,0.0
5871,c7b4a0fbbcfc043fc2f53908831481916ea6b4770ff3d36c531ccd8ca6016728,0.5223684906959534,0.5223684906959534,0.0
5872,a7c63b697cde29f6713340568da69f8d78ee31809a417bf78298619572172fbb,0.5067550241947174,0.5067550241947174,0.0
5873,a7c63b697cde29f6713340568da69f8d78ee31809a417bf78298619572172fbb,0.5067550241947174,0.5067550241947174,0.0
5874,fb2070823160aa97beca211077c23e397cf596b711916c1b8e424035be32d643,0.529625654220581,0.529625654220581,0.0
5875,cc8d61f7e0251e43e5d8ca79af2cdda41cad6d99848fa626340daa80afa81c50,0.6083518266677856,0.6083518266677856,0.0
5876,cc8d61f7e0251e43e5d8ca79af2cdda41cad6d99848fa626340daa80afa81c50,0.6083518266677856,0.6083518266677856,0.0
5877,30b19549e4137be458318a670ff67dc92fe2ee414162c538fa4c69a631bc737a,0.5742993950843811,0.5742993950843811,0.0
5878,0cb8e96a4939b28f64bc0525c7f31c7594d773687938e97d2136e7d18b0adddc,0.6533255279064178,0.6533255279064178,0.0
5879,0cb8e96a4939b28f64bc0525c7f31c7594d773687938e97d2136e7d18b0adddc,0.6533255279064178,0.6533255279064178,0.0
5880,b63cb2795b68c2350fd2d99d46e89e302f3f2f3399c848c87b4e8dd1ffb9f916,0.7173836827278137,0.7173836827278137,0.0
5881,03828d4dbbfc37824e2949a90b43ce81d8fe9e925ad950ac22d2ed73444cde19,0.5903007388114929,0.5903007388114929,0.0
5882,03828d4dbbfc37824e2949a90b43ce81d8fe9e925ad950ac22d2ed73444cde19,0.5903007388114929,0.5903007388114929,0.0
5883,28fc0397973f7aa9ca3d30e435964d297308cd928a24503bc8de5de551f767b6,0.5767276585102081,0.5767276585102081,0.0
5884,42fe590e0119704ef2afbb26deab9d0e744f0015720f0ebce9232b83254cb7db,0.6553690135478973,0.6553690135478973,0.0
5885,42fe590e0119704ef2afbb26deab9d0e744f0015720f0ebce9232b83254cb7db,0.6553690135478973,0.6553690135478973,0.0
5886,e0deb9d1a20321478523aadd412355e0803fcd46e354eace7a1d66a90e0639ca,0.6344912648200989,0.6344912648200989,0.0
5887,ede62161e767eb8a128d8591d8f0822914246512f016b8485583df0c97dd9b5d,0.6355510950088501,0.6355510950088501,0.0
5888,ede62161e767eb8a128d8591d8f0822914246512f016b8485583df0c97dd9b5d,0.6355510950088501,0.6355510950088501,0.0
5889,2e42b88ce49d69819a27a089591344f998159dc89352f299fd5f0288c9e4181c,0.7572187930345535,0.7572187930345535,0.0
5890,500118535eb5d717f5a28f7b6f80adb070184d1a65b3df746470d341e91b804f,0.7361962497234344,0.7361962497234344,0.0
5891,500118535eb5d717f5a28f7b6f80adb070184d1a65b3df746470d341e91b804f,0.7361962497234344,0.7361962497234344,0.0
5892,ef6c02f13ff6e39c0a1243d4113efe6be8c634cc517433a2e99e0781390ed3b5,0.6307750046253204,0.6307750046253204,0.0
5893,d72ee3ea11359539bf314dc4df07175eaf2e91e454562574378d65547bf83924,0.5372750759124756,0.5372750759124756,0.0
5894,d72ee3ea11359539bf314dc4df07175eaf2e91e454562574378d65547bf83924,0.5372750759124756,0.5372750759124756,0.0
5895,0b9d7dccf694f0e20b19cf68dd7edf1cae84a5abea7ac556d5963afa4635fa37,0.4545007944107055,0.45450079441070557,5.551115123125783e-17
5896,65500c547e7af21eba89a9e18503248effe9dd47e1c0eba8ecc39af2b6d358b5,0.6341713666915894,0.6341713666915894,0.0
5897,65500c547e7af21eba89a9e18503248effe9dd47e1c0eba8ecc39af2b6d358b5,0.6341713666915894,0.6341713666915894,0.0
5898,579ae514a4944e898808737ddda56f62c28bea5f2022332e40229b494d1fe145,0.6232103109359741,0.6232103109359741,0.0
5899,99325c9a1a0668e8a18d20455f3f6cdcb041be821b2b45440dddfbbade92c3d8,0.5256737768650055,0.5256737768650055,0.0
5900,99325c9a1a0668e8a18d20455f3f6cdcb041be821b2b45440dddfbbade92c3d8,0.5256737768650055,0.5256737768650055,0.0
5901,1509c7a199bb4cb6712196cb2cbb2a127f29882be7c8068eed759a4d1936a8c0,0.552584171295166,0.552584171295166,0.0
5902,95ef990b36ce3e691f7f6cdd8cf50db2224840da3216b9934805836b6c501ffd,0.4863611459732055,0.48636114597320557,5.551115123125783e-17
5903,95ef990b36ce3e691f7f6cdd8cf50db2224840da3216b9934805836b6c501ffd,0.4863611459732055,0.48636114597320557,5.551115123125783e-17
5904,4bf947926f6acb7b3b42fdf9fed6d42dec910674a41f860886ec6bf7c0a1705c,0.5307970941066742,0.5307970941066742,0.0
5905,a40e59bbde8fe952708649bf93ad919c0105c97c28bf9088dcf3435b92e2cf45,0.6291235387325287,0.6291235387325287,0.0
5906,a40e59bbde8fe952708649bf93ad919c0105c97c28bf9088dcf3435b92e2cf45,0.6291235387325287,0.6291235387325287,0.0
5907,df285a58cc5ec05d2ad9f98f9a45f0ac7ae1129fc4d82d9247ab7f80320ef970,0.5654527246952057,0.5654527246952057,0.0
5908,515311b3825d6735931cd9a4fd90610af39b693841b19a175048c838dbb72cf6,0.4949337244033813,0.49493372440338135,5.551115123125783e-17
5909,515311b3825d6735931cd9a4fd90610af39b693841b19a175048c838dbb72cf6,0.4949337244033813,0.49493372440338135,5.551115123125783e-17
5910,071790c0eab4308d8ff3536cf47bb554085c3fdfba3234205ea2687072bc7e58,0.5623862743377686,0.5623862743377686,0.0
5911,b1e319d05abf4ca6706d34654ebd223fa13d20e7f46b3d1e126016f8ebe93d7f,0.6355413794517517,0.6355413794517517,0.0
5912,b1e319d05abf4ca6706d34654ebd223fa13d20e7f46b3d1e126016f8ebe93d7f,0.6355413794517517,0.6355413794517517,0.0
5913,704ec3bca4991ae590f660e083725dda79ac71ff1cb46a5aa3306f205e57a2d5,0.6473213136196136,0.6473213136196136,0.0
5914,2da0034cbbc150529eb06e9deb0a67cb8e9c70d44f10cfd41367c395a978ef2c,0.623818576335907,0.623818576335907,0.0
5915,2da0034cbbc150529eb06e9deb0a67cb8e9c70d44f10cfd41367c395a978ef2c,0.623818576335907,0.623818576335907,0.0
5916,7fabbd733e99be2d6a0d8954b800eff0af6bacbd1a4f6814b3f90fc6ba9c501e,0.53986856341362,0.53986856341362,0.0
5917,512578dadc6da4cca4bea1f5c2c68c4f939ab778536ffcdd5d0000cfb0db6d92,0.7083530426025391,0.7083530426025391,0.0
5918,512578dadc6da4cca4bea1f5c2c68c4f939ab778536ffcdd5d0000cfb0db6d92,0.7083530426025391,0.7083530426025391,0.0
5919,09c7196aa4de03f5991851e5d686b6cbf39b99b3b4ce65dd6a6a46e95f0a2234,0.6746698021888733,0.6746698021888733,0.0
5920,4bd9131559b88e6de77b3edea50ba50314df3dd039868c5d7742a0597488dc0b,0.6454384326934814,0.6454384326934814,0.0
5921,4bd9131559b88e6de77b3edea50ba50314df3dd039868c5d7742a0597488dc0b,0.6454384326934814,0.6454384326934814,0.0
5922,b3da2779c64a6552232a5a3d14a4e5545ccee2592e317b00e24b1cf288a3435c,0.5194415152072906,0.5194415152072906,0.0
5923,ea868d9f79a991f552371e70d1699d692579cf84c0a02fde65201c2744f67939,0.7239482402801514,0.7239482402801514,0.0
5924,ea868d9f79a991f552371e70d1699d692579cf84c0a02fde65201c2744f67939,0.7239482402801514,0.7239482402801514,0.0
5925,4b128410da2b5a5995946fa808ec6af19721d5e6adc3cdecec1a288c5b3dc29d,0.5500437021255493,0.5500437021255493,0.0
5926,b9337534642e6de7926c0e655b75d5ee3b11ca8b073d51c803363ba4dab7b480,0.4635007381439209,0.4635007381439209,0.0
5927,b9337534642e6de7926c0e655b75d5ee3b11ca8b073d51c803363ba4dab7b480,0.4635007381439209,0.4635007381439209,0.0
5928,ed1992cbcb576aba3235985ab6a997f61c0881682d4720b683c8beb1a8e2750f,0.524536520242691,0.524536520242691,0.0
5929,894a5b4fefbbc27194a3900e9b76a8cbd6df4a60aaf04f29ba969a8d1311192a,0.5929625034332275,0.5929625034332275,0.0
5930,894a5b4fefbbc27194a3900e9b76a8cbd6df4a60aaf04f29ba969a8d1311192a,0.5929625034332275,0.5929625034332275,0.0
5931,e7c208566d3d12cd2fcd47714a43f8e0dae1e98f5545eff40a221cb573b44556,0.5182533264160156,0.5182533264160156,0.0
5932,89a27bb9a5db82d484d7ad53f515ba3970751aeddea3db62dac15bbe212dee60,0.6200948059558868,0.6200948059558868,0.0
5933,89a27bb9a5db82d484d7ad53f515ba3970751aeddea3db62dac15bbe212dee60,0.6200948059558868,0.6200948059558868,0.0
5934,59b455a5c1c0cb808a63eb885db1b961815935b8c7cd1610c60c4d6f2e2928e0,0.5879085659980774,0.5879085659980774,0.0
5935,a687a92a45118c3c1ed5bb45e8e0eda8d2feaa0395425cc2dccb259b3aa4c848,0.6038898825645447,0.6038898825645447,0.0
5936,a687a92a45118c3c1ed5bb45e8e0eda8d2feaa0395425cc2dccb259b3aa4c848,0.6038898825645447,0.6038898825645447,0.0
5937,63f40b5e88b18c6c537bc39b24deb5592b7c529dda2f8bdf5a9d4564494479b2,0.6015981137752533,0.6015981137752533,0.0
5938,eb5cc6adfddc749621cae2e44fa8824fefec0212534f9e91fc5220bc27462aa4,0.6862029731273651,0.6862029731273651,0.0
5939,eb5cc6adfddc749621cae2e44fa8824fefec0212534f9e91fc5220bc27462aa4,0.6862029731273651,0.6862029731273651,0.0
5940,e44e4854e1bf9642aae663686a8bb98a7656fb3262a6e979a8d9515aad693fb1,0.6101349890232086,0.6101349890232086,0.0
5941,c5885f391247d5d06e1641fd5484fa3e1e5365a2ce0cede7a70539492720b916,0.6425194144248962,0.6425194144248962,0.0
5942,c5885f391247d5d06e1641fd5484fa3e1e5365a2ce0cede7a70539492720b916,0.6425194144248962,0.6425194144248962,0.0
5943,35c0698f7e4e8fe1461890d349c85263bc616bfde2f3ecda98e8090293c8a8fd,0.6287523806095123,0.6287523806095123,0.0
5944,5c09c2a70263439cbe496d6b6d5b011a4be99885aba2361a37b1e8367c31c6ea,0.5589057803153992,0.5589057803153992,0.0
5945,5c09c2a70263439cbe496d6b6d5b011a4be99885aba2361a37b1e8367c31c6ea,0.5589057803153992,0.5589057803153992,0.0
5946,34927ec357cfc5b2040fcda1cbf9c036d3647089f3c30cde78d554ca208dd8ba,0.5890529453754425,0.5890529453754425,0.0
5947,f3061e4a2b4807ff408ff62ff84402561534695b9811ae272317d13109d4fef2,0.633631706237793,0.633631706237793,0.0
5948,f3061e4a2b4807ff408ff62ff84402561534695b9811ae272317d13109d4fef2,0.633631706237793,0.633631706237793,0.0
5949,9f74e7ee913c870f004016832ae06263d8d01d7020dd527cf99b38c14e2c5caf,0.595030665397644,0.595030665397644,0.0
5950,16079ffd22cca44a648076f451d8029032f745515bd197ddaedf06a85fba132c,0.6530696749687195,0.6530696749687195,0.0
5951,16079ffd22cca44a648076f451d8029032f745515bd197ddaedf06a85fba132c,0.6530696749687195,0.6530696749687195,0.0
5952,d4299e6578fe42a45498f2b4e2776b02991df6a1eed266adc3d1c432544f4ded,0.6922619044780731,0.6922619044780731,0.0
5953,ef9a9e6d14878f074c2ce1db0ae4c71388173b706b8190c3a898a205d2352689,0.6188121140003204,0.6188121140003204,0.0
5954,ef9a9e6d14878f074c2ce1db0ae4c71388173b706b8190c3a898a205d2352689,0.6188121140003204,0.6188121140003204,0.0
5955,d3a8180f26c0761d160a8af493fd66cb1489b3664e7e75ad57948633ec03cbd1,0.6049613356590271,0.6049613356590271,0.0
5956,9c9f6e36bb365271489bbd2df74363af5afe2d19fee08292ff7c3f553dc694b7,0.6516926288604736,0.6516926288604736,0.0
5957,9c9f6e36bb365271489bbd2df74363af5afe2d19fee08292ff7c3f553dc694b7,0.6516926288604736,0.6516926288604736,0.0
5958,3fcd5f872017d091c9b9b490cc6fd96bd4655244237ddbde1621f22d81de8c1c,0.5918194651603699,0.5918194651603699,0.0
5959,4797610c3691a82c86f5ea02d89117fc484f74008dfc63723c529494f16c5213,0.5109726190567017,0.5109726190567017,0.0
5960,4797610c3691a82c86f5ea02d89117fc484f74008dfc63723c529494f16c5213,0.5109726190567017,0.5109726190567017,0.0
5961,c7b4a0fbbcfc043fc2f53908831481916ea6b4770ff3d36c531ccd8ca6016728,0.5223684906959534,0.5223684906959534,0.0
5962,a7c63b697cde29f6713340568da69f8d78ee31809a417bf78298619572172fbb,0.5067550241947174,0.5067550241947174,0.0
5963,a7c63b697cde29f6713340568da69f8d78ee31809a417bf78298619572172fbb,0.5067550241947174,0.5067550241947174,0.0
5964,fb2070823160aa97beca211077c23e397cf596b711916c1b8e424035be32d643,0.529625654220581,0.529625654220581,0.0
5965,cc8d61f7e0251e43e5d8ca79af2cdda41cad6d99848fa626340daa80afa81c50,0.6083518266677856,0.6083518266677856,0.0
5966,cc8d61f7e0251e43e5d8ca79af2cdda41cad6d99848fa626340daa80afa81c50,0.6083518266677856,0.6083518266677856,0.0
5967,30b19549e4137be458318a670ff67dc92fe2ee414162c538fa4c69a631bc737a,0.5742993950843811,0.5742993950843811,0.0
5968,0cb8e96a4939b28f64bc0525c7f31c7594d773687938e97d2136e7d18b0adddc,0.6533255279064178,0.6533255279064178,0.0
5969,0cb8e96a4939b28f64bc0525c7f31c7594d773687938e97d2136e7d18b0adddc,0.6533255279064178,0.6533255279064178,0.0
5970,b63cb2795b68c2350fd2d99d46e89e302f3f2f3399c848c87b4e8dd1ffb9f916,0.7173836827278137,0.7173836827278137,0.0
5971,03828d4dbbfc37824e2949a90b43ce81d8fe9e925ad950ac22d2ed73444cde19,0.5903007388114929,0.5903007388114929,0.0
5972,03828d4dbbfc37824e2949a90b43ce81d8fe9e925ad950ac22d2ed73444cde19,0.5903007388114929,0.5903007388114929,0.0
5973,28fc0397973f7aa9ca3d30e435964d297308cd928a24503bc8de5de551f767b6,0.5767276585102081,0.5767276585102081,0.0
5974,42fe590e0119704ef2afbb26deab9d0e744f0015720f0ebce9232b83254cb7db,0.6553690135478973,0.6553690135478973,0.0
5975,42fe590e0119704ef2afbb26deab9d0e744f0015720f0ebce9232b83254cb7db,0.6553690135478973,0.6553690135478973,0.0
5976,e0deb9d1a20321478523aadd412355e0803fcd46e354eace7a1d66a90e0639ca,0.6344912648200989,0.6344912648200989,0.0
5977,ede62161e767eb8a128d8591d8f0822914246512f016b8485583df0c97dd9b5d,0.6355510950088501,0.6355510950088501,0.0
5978,ede62161e767eb8a128d8591d8f0822914246512f016b8485583df0c97dd9b5d,0.6355510950088501,0.6355510950088501,0.0
5979,2e42b88ce49d69819a27a089591344f998159dc89352f299fd5f0288c9e4181c,0.7572187930345535,0.7572187930345535,0.0
5980,500118535eb5d717f5a28f7b6f80adb070184d1a65b3df746470d341e91b804f,0.7361962497234344,0.7361962497234344,0.0
5981,500118535eb5d717f5a28f7b6f80adb070184d1a65b3df746470d341e91b804f,0.7361962497234344,0.7361962497234344,0.0
5982,ef6c02f13ff6e39c0a1243d4113efe6be8c634cc517433a2e99e0781390ed3b5,0.6307750046253204,0.6307750046253204,0.0
5983,d72ee3ea11359539bf314dc4df07175eaf2e91e454562574378d65547bf83924,0.5372750759124756,0.5372750759124756,0.0
5984,d72ee3ea11359539bf314dc4df07175eaf2e91e454562574378d65547bf83924,0.5372750759124756,0.5372750759124756,0.0
5985,0b9d7dccf694f0e20b19cf68dd7edf1cae84a5abea7ac556d5963afa4635fa37,0.4545007944107055,0.45450079441070557,5.551115123125783e-17
5986,65500c547e7af21eba89a9e18503248effe9dd47e1c0eba8ecc39af2b6d358b5,0.6341713666915894,0.6341713666915894,0.0
5987,65500c547e7af21eba89a9e18503248effe9dd47e1c0eba8ecc39af2b6d358b5,0.6341713666915894,0.6341713666915894,0.0
5988,579ae514a4944e898808737ddda56f62c28bea5f2022332e40229b494d1fe145,0.6232103109359741,0.6232103109359741,0.0
5989,99325c9a1a0668e8a18d20455f3f6cdcb041be821b2b45440dddfbbade92c3d8,0.5256737768650055,0.5256737768650055,0.0
5990,99325c9a1a0668e8a18d20455f3f6cdcb041be821b2b45440dddfbbade92c3d8,0.5256737768650055,0.5256737768650055,0.0
5991,1509c7a199bb4cb6712196cb2cbb2a127f29882be7c8068eed759a4d1936a8c0,0.552584171295166,0.552584171295166,0.0
5992,95ef990b36ce3e691f7f6cdd8cf50db2224840da3216b9934805836b6c501ffd,0.4863611459732055,0.48636114597320557,5.551115123125783e-17
5993,95ef990b36ce3e691f7f6cdd8cf50db2224840da3216b9934805836b6c501ffd,0.4863611459732055,0.48636114597320557,5.551115123125783e-17
5994,4bf947926f6acb7b3b42fdf9fed6d42dec910674a41f860886ec6bf7c0a1705c,0.5307970941066742,0.5307970941066742,0.0
5995,a40e59bbde8fe952708649bf93ad919c0105c97c28bf9088dcf3435b92e2cf45,0.6291235387325287,0.6291235387325287,0.0
5996,a40e59bbde8fe952708649bf93ad919c0105c97c28bf9088dcf3435b92e2cf45,0.6291235387325287,0.6291235387325287,0.0
5997,df285a58cc5ec05d2ad9f98f9a45f0ac7ae1129fc4d82d9247ab7f80320ef970,0.5654527246952057,0.5654527246952057,0.0
5998,515311b3825d6735931cd9a4fd90610af39b693841b19a175048c838dbb72cf6,0.4949337244033813,0.49493372440338135,5.551115123125783e-17
5999,515311b3825d6735931cd9a4fd90610af39b693841b19a175048c838dbb72cf6,0.4949337244033813,0.49493372440338135,5.551115123125783e-17
6000,071790c0eab4308d8ff3536cf47bb554085c3fdfba3234205ea2687072bc7e58,0.5623862743377686,0.5623862743377686,0.0
6001,b1e319d05abf4ca6706d34654ebd223fa13d20e7f46b3d1e126016f8ebe93d7f,0.6355413794517517,0.6355413794517517,0.0
6002,b1e319d05abf4ca6706d34654ebd223fa13d20e7f46b3d1e126016f8ebe93d7f,0.6355413794517517,0.6355413794517517,0.0
6003,704ec3bca4991ae590f660e083725dda79ac71ff1cb46a5aa3306f205e57a2d5,0.6473213136196136,0.6473213136196136,0.0
6004,2da0034cbbc150529eb06e9deb0a67cb8e9c70d44f10cfd41367c395a978ef2c,0.623818576335907,0.623818576335907,0.0
6005,2da0034cbbc150529eb06e9deb0a67cb8e9c70d44f10cfd41367c395a978ef2c,0.623818576335907,0.623818576335907,0.0
6006,7fabbd733e99be2d6a0d8954b800eff0af6bacbd1a4f6814b3f90fc6ba9c501e,0.53986856341362,0.53986856341362,0.0
6007,512578dadc6da4cca4bea1f5c2c68c4f939ab778536ffcdd5d0000cfb0db6d92,0.7083530426025391,0.7083530426025391,0.0
6008,512578dadc6da4cca4bea1f5c2c68c4f939ab778536ffcdd5d0000cfb0db6d92,0.7083530426025391,0.7083530426025391,0.0
6009,09c7196aa4de03f5991851e5d686b6cbf39b99b3b4ce65dd6a6a46e95f0a2234,0.6746698021888733,0.6746698021888733,0.0
6010,4bd9131559b88e6de77b3edea50ba50314df3dd039868c5d7742a0597488dc0b,0.6454384326934814,0.6454384326934814,0.0
6011,4bd9131559b88e6de77b3edea50ba50314df3dd039868c5d7742a0597488dc0b,0.6454384326934814,0.6454384326934814,0.0
6012,b3da2779c64a6552232a5a3d14a4e5545ccee2592e317b00e24b1cf288a3435c,0.5194415152072906,0.5194415152072906,0.0
6013,ea868d9f79a991f552371e70d1699d692579cf84c0a02fde65201c2744f67939,0.7239482402801514,0.7239482402801514,0.0
6014,ea868d9f79a991f552371e70d1699d692579cf84c0a02fde65201c2744f67939,0.7239482402801514,0.7239482402801514,0.0
6015,4b128410da2b5a5995946fa808ec6af19721d5e6adc3cdecec1a288c5b3dc29d,0.5500437021255493,0.5500437021255493,0.0
6016,b9337534642e6de7926c0e655b75d5ee3b11ca8b073d51c803363ba4dab7b480,0.4635007381439209,0.4635007381439209,0.0
6017,b9337534642e6de7926c0e655b75d5ee3b11ca8b073d51c803363ba4dab7b480,0.4635007381439209,0.4635007381439209,0.0
6018,ed1992cbcb576aba3235985ab6a997f61c0881682d4720b683c8beb1a8e2750f,0.524536520242691,0.524536520242691,0.0
6019,894a5b4fefbbc27194a3900e9b76a8cbd6df4a60aaf04f29ba969a8d1311192a,0.5929625034332275,0.5929625034332275,0.0
6020,894a5b4fefbbc27194a3900e9b76a8cbd6df4a60aaf04f29ba969a8d1311192a,0.5929625034332275,0.5929625034332275,0.0
6021,e7c208566d3d12cd2fcd47714a43f8e0dae1e98f5545eff40a221cb573b44556,0.5182533264160156,0.5182533264160156,0.0
6022,89a27bb9a5db82d484d7ad53f515ba3970751aeddea3db62dac15bbe212dee60,0.6200948059558868,0.6200948059558868,0.0
6023,89a27bb9a5db82d484d7ad53f515ba3970751aeddea3db62dac15bbe212dee60,0.6200948059558868,0.6200948059558868,0.0
6024,59b455a5c1c0cb808a63eb885db1b961815935b8c7cd1610c60c4d6f2e2928e0,0.5879085659980774,0.5879085659980774,0.0
6025,a687a92a45118c3c1ed5bb45e8e0eda8d2feaa0395425cc2dccb259b3aa4c848,0.6038898825645447,0.6038898825645447,0.0
6026,a687a92a45118c3c1ed5bb45e8e0eda8d2feaa0395425cc2dccb259b3aa4c848,0.6038898825645447,0.6038898825645447,0.0
6027,63f40b5e88b18c6c537bc39b24deb5592b7c529dda2f8bdf5a9d4564494479b2,0.6015981137752533,0.6015981137752533,0.0
6028,eb5cc6adfddc749621cae2e44fa8824fefec0212534f9e91fc5220bc27462aa4,0.6862029731273651,0.6862029731273651,0.0
6029,eb5cc6adfddc749621cae2e44fa8824fefec0212534f9e91fc5220bc27462aa4,0.6862029731273651,0.6862029731273651,0.0
6030,e44e4854e1bf9642aae663686a8bb98a7656fb3262a6e979a8d9515aad693fb1,0.6101349890232086,0.6101349890232086,0.0
6031,c5885f391247d5d06e1641fd5484fa3e1e5365a2ce0cede7a70539492720b916,0.6425194144248962,0.6425194144248962,0.0
6032,c5885f391247d5d06e1641fd5484fa3e1e5365a2ce0cede7a70539492720b916,0.6425194144248962,0.6425194144248962,0.0
6033,35c0698f7e4e8fe1461890d349c85263bc616bfde2f3ecda98e8090293c8a8fd,0.6287523806095123,0.6287523806095123,0.0
6034,5c09c2a70263439cbe496d6b6d5b011a4be99885aba2361a37b1e8367c31c6ea,0.5589057803153992,0.5589057803153992,0.0
6035,5c09c2a70263439cbe496d6b6d5b011a4be99885aba2361a37b1e8367c31c6ea,0.5589057803153992,0.5589057803153992,0.0
6036,34927ec357cfc5b2040fcda1cbf9c036d3647089f3c30cde78d554ca208dd8ba,0.5890529453754425,0.5890529453754425,0.0
6037,f3061e4a2b4807ff408ff62ff84402561534695b9811ae272317d13109d4fef2,0.633631706237793,0.633631706237793,0.0
6038,f3061e4a2b4807ff408ff62ff84402561534695b9811ae272317d13109d4fef2,0.633631706237793,0.633631706237793,0.0
6039,9f74e7ee913c870f004016832ae06263d8d01d7020dd527cf99b38c14e2c5caf,0.595030665397644,0.595030665397644,0.0
6040,16079ffd22cca44a648076f451d8029032f745515bd197ddaedf06a85fba132c,0.6530696749687195,0.6530696749687195,0.0
6041,16079ffd22cca44a648076f451d8029032f745515bd197ddaedf06a85fba132c,0.6530696749687195,0.6530696749687195,0.0
6042,d4299e6578fe42a45498f2b4e2776b02991df6a1eed266adc3d1c432544f4ded,0.6922619044780731,0.6922619044780731,0.0
6043,ef9a9e6d14878f074c2ce1db0ae4c71388173b706b8190c3a898a205d2352689,0.6188121140003204,0.6188121140003204,0.0
6044,ef9a9e6d14878f074c2ce1db0ae4c71388173b706b8190c3a898a205d2352689,0.6188121140003204,0.6188121140003204,0.0
6045,d3a8180f26c0761d160a8af493fd66cb1489b3664e7e75ad57948633ec03cbd1,0.6049613356590271,0.6049613356590271,0.0
6046,9c9f6e36bb365271489bbd2df74363af5afe2d19fee08292ff7c3f553dc694b7,0.6516926288604736,0.6516926288604736,0.0
6047,9c9f6e36bb365271489bbd2df74363af5afe2d19fee08292ff7c3f553dc694b7,0.6516926288604736,0.6516926288604736,0.0
6048,3fcd5f872017d091c9b9b490cc6fd96bd4655244237ddbde1621f22d81de8c1c,0.5918194651603699,0.5918194651603699,0.0
6049,4797610c3691a82c86f5ea02d89117fc484f74008dfc63723c529494f16c5213,0.5109726190567017,0.5109726190567017,0.0
6050,4797610c3691a82c86f5ea02d89117fc484f74008dfc63723c529494f16c5213,0.5109726190567017,0.5109726190567017,0.0
6051,c7b4a0fbbcfc043fc2f53908831481916ea6b4770ff3d36c531ccd8ca6016728,0.5223684906959534,0.5223684906959534,0.0
6052,a7c63b697cde29f6713340568da69f8d78ee31809a417bf78298619572172fbb,0.5067550241947174,0.5067550241947174,0.0
6053,a7c63b697cde29f6713340568da69f8d78ee31809a417bf78298619572172fbb,0.5067550241947174,0.5067550241947174,0.0
6054,fb2070823160aa97beca211077c23e397cf596b711916c1b8e424035be32d643,0.529625654220581,0.529625654220581,0.0
6055,cc8d61f7e0251e43e5d8ca79af2cdda41cad6d99848fa626340daa80afa81c50,0.6083518266677856,0.6083518266677856,0.0
6056,cc8d61f7e0251e43e5d8ca79af2cdda41cad6d99848fa626340daa80afa81c50,0.6083518266677856,0.6083518266677856,0.0
6057,30b19549e4137be458318a670ff67dc92fe2ee414162c538fa4c69a631bc737a,0.5742993950843811,0.5742993950843811,0.0
6058,0cb8e96a4939b28f64bc0525c7f31c7594d773687938e97d2136e7d18b0adddc,0.6533255279064178,0.6533255279064178,0.0
6059,0cb8e96a4939b28f64bc0525c7f31c7594d773687938e97d2136e7d18b0adddc,0.6533255279064178,0.6533255279064178,0.0
6060,b63cb2795b68c2350fd2d99d46e89e302f3f2f3399c848c87b4e8dd1ffb9f916,0.7173836827278137,0.7173836827278137,0.0
6061,03828d4dbbfc37824e2949a90b43ce81d8fe9e925ad950ac22d2ed73444cde19,0.5903007388114929,0.5903007388114929,0.0
6062,03828d4dbbfc37824e2949a90b43ce81d8fe9e925ad950ac22d2ed73444cde19,0.5903007388114929,0.5903007388114929,0.0
6063,28fc0397973f7aa9ca3d30e435964d297308cd928a24503bc8de5de551f767b6,0.5767276585102081,0.5767276585102081,0.0
6064,42fe590e0119704ef2afbb26deab9d0e744f0015720f0ebce9232b83254cb7db,0.6553690135478973,0.6553690135478973,0.0
6065,42fe590e0119704ef2afbb26deab9d0e744f0015720f0ebce9232b83254cb7db,0.6553690135478973,0.6553690135478973,0.0
6066,e0deb9d1a20321478523aadd412355e0803fcd46e354eace7a1d66a90e0639ca,0.6344912648200989,0.6344912648200989,0.0
6067,ede62161e767eb8a128d8591d8f0822914246512f016b8485583df0c97dd9b5d,0.6355510950088501,0.6355510950088501,0.0
6068,ede62161e767eb8a128d8591d8f0822914246512f016b8485583df0c97dd9b5d,0.6355510950088501,0.6355510950088501,0.0
6069,2e42b88ce49d69819a27a089591344f998159dc89352f299fd5f0288c9e4181c,0.7572187930345535,0.7572187930345535,0.0
6070,500118535eb5d717f5a28f7b6f80adb070184d1a65b3df746470d341e91b804f,0.7361962497234344,0.7361962497234344,0.0
6071,500118535eb5d717f5a28f7b6f80adb070184d1a65b3df746470d341e91b804f,0.7361962497234344,0.7361962497234344,0.0
6072,ef6c02f13ff6e39c0a1243d4113efe6be8c634cc517433a2e99e0781390ed3b5,0.6307750046253204,0.6307750046253204,0.0
6073,d72ee3ea11359539bf314dc4df07175eaf2e91e454562574378d65547bf83924,0.5372750759124756,0.5372750759124756,0.0
6074,d72ee3ea11359539bf314dc4df07175eaf2e91e454562574378d65547bf83924,0.5372750759124756,0.5372750759124756,0.0
6075,0b9d7dccf694f0e20b19cf68dd7edf1cae84a5abea7ac556d5963afa4635fa37,0.4545007944107055,0.45450079441070557,5.551115123125783e-17
6076,65500c547e7af21eba89a9e18503248effe9dd47e1c0eba8ecc39af2b6d358b5,0.6341713666915894,0.6341713666915894,0.0
6077,65500c547e7af21eba89a9e18503248effe9dd47e1c0eba8ecc39af2b6d358b5,0.6341713666915894,0.6341713666915894,0.0
6078,579ae514a4944e898808737ddda56f62c28bea5f2022332e40229b494d1fe145,0.6232103109359741,0.6232103109359741,0.0
6079,99325c9a1a0668e8a18d20455f3f6cdcb041be821b2b45440dddfbbade92c3d8,0.5256737768650055,0.5256737768650055,0.0
6080,99325c9a1a0668e8a18d20455f3f6cdcb041be821b2b45440dddfbbade92c3d8,0.5256737768650055,0.5256737768650055,0.0
6081,1509c7a199bb4cb6712196cb2cbb2a127f29882be7c8068eed759a4d1936a8c0,0.552584171295166,0.552584171295166,0.0
6082,95ef990b36ce3e691f7f6cdd8cf50db2224840da3216b9934805836b6c501ffd,0.4863611459732055,0.48636114597320557,5.551115123125783e-17
6083,95ef990b36ce3e691f7f6cdd8cf50db2224840da3216b9934805836b6c501ffd,0.4863611459732055,0.48636114597320557,5.551115123125783e-17
6084,4bf947926f6acb7b3b42fdf9fed6d42dec910674a41f860886ec6bf7c0a1705c,0.5307970941066742,0.5307970941066742,0.0
6085,a40e59bbde8fe952708649bf93ad919c0105c97c28bf9088dcf3435b92e2cf45,0.6291235387325287,0.6291235387325287,0.0
6086,a40e59bbde8fe952708649bf93ad919c0105c97c28bf9088dcf3435b92e2cf45,0.6291235387325287,0.6291235387325287,0.0
6087,df285a58cc5ec05d2ad9f98f9a45f0ac7ae1129fc4d82d9247ab7f80320ef970,0.5654527246952057,0.5654527246952057,0.0
6088,515311b3825d6735931cd9a4fd90610af39b693841b19a175048c838dbb72cf6,0.4949337244033813,0.49493372440338135,5.551115123125783e-17
6089,515311b3825d6735931cd9a4fd90610af39b693841b19a175048c838dbb72cf6,0.4949337244033813,0.49493372440338135,5.551115123125783e-17
6090,071790c0eab4308d8ff3536cf47bb554085c3fdfba3234205ea2687072bc7e58,0.5623862743377686,0.5623862743377686,0.0
6091,b1e319d05abf4ca6706d34654ebd223fa13d20e7f46b3d1e126016f8ebe93d7f,0.6355413794517517,0.6355413794517517,0.0
6092,b1e319d05abf4ca6706d34654ebd223fa13d20e7f46b3d1e126016f8ebe93d7f,0.6355413794517517,0.6355413794517517,0.0
6093,704ec3bca4991ae590f660e083725dda79ac71ff1cb46a5aa3306f205e57a2d5,0.6473213136196136,0.6473213136196136,0.0
6094,2da0034cbbc150529eb06e9deb0a67cb8e9c70d44f10cfd41367c395a978ef2c,0.623818576335907,0.623818576335907,0.0
6095,2da0034cbbc150529eb06e9deb0a67cb8e9c70d44f10cfd41367c395a978ef2c,0.623818576335907,0.623818576335907,0.0
6096,7fabbd733e99be2d6a0d8954b800eff0af6bacbd1a4f6814b3f90fc6ba9c501e,0.53986856341362,0.53986856341362,0.0
6097,512578dadc6da4cca4bea1f5c2c68c4f939ab778536ffcdd5d0000cfb0db6d92,0.7083530426025391,0.7083530426025391,0.0
6098,512578dadc6da4cca4bea1f5c2c68c4f939ab778536ffcdd5d0000cfb0db6d92,0.7083530426025391,0.7083530426025391,0.0
6099,09c7196aa4de03f5991851e5d686b6cbf39b99b3b4ce65dd6a6a46e95f0a2234,0.6746698021888733,0.6746698021888733,0.0
6100,4bd9131559b88e6de77b3edea50ba50314df3dd039868c5d7742a0597488dc0b,0.6454384326934814,0.6454384326934814,0.0
6101,4bd9131559b88e6de77b3edea50ba50314df3dd039868c5d7742a0597488dc0b,0.6454384326934814,0.6454384326934814,0.0
6102,b3da2779c64a6552232a5a3d14a4e5545ccee2592e317b00e24b1cf288a3435c,0.5194415152072906,0.5194415152072906,0.0
6103,ea868d9f79a991f552371e70d1699d692579cf84c0a02fde65201c2744f67939,0.7239482402801514,0.7239482402801514,0.0
6104,ea868d9f79a991f552371e70d1699d692579cf84c0a02fde65201c2744f67939,0.7239482402801514,0.7239482402801514,0.0
6105,4b128410da2b5a5995946fa808ec6af19721d5e6adc3cdecec1a288c5b3dc29d,0.5500437021255493,0.5500437021255493,0.0
6106,b9337534642e6de7926c0e655b75d5ee3b11ca8b073d51c803363ba4dab7b480,0.4635007381439209,0.4635007381439209,0.0
6107,b9337534642e6de7926c0e655b75d5ee3b11ca8b073d51c803363ba4dab7b480,0.4635007381439209,0.4635007381439209,0.0
6108,ed1992cbcb576aba3235985ab6a997f61c0881682d4720b683c8beb1a8e2750f,0.524536520242691,0.524536520242691,0.0
6109,894a5b4fefbbc27194a3900e9b76a8cbd6df4a60aaf04f29ba969a8d1311192a,0.5929625034332275,0.5929625034332275,0.0
6110,894a5b4fefbbc27194a3900e9b76a8cbd6df4a60aaf04f29ba969a8d1311192a,0.5929625034332275,0.5929625034332275,0.0
6111,e7c208566d3d12cd2fcd47714a43f8e0dae1e98f5545eff40a221cb573b44556,0.5182533264160156,0.5182533264160156,0.0
6112,89a27bb9a5db82d484d7ad53f515ba3970751aeddea3db62dac15bbe212dee60,0.6200948059558868,0.6200948059558868,0.0
6113,89a27bb9a5db82d484d7ad53f515ba3970751aeddea3db62dac15bbe212dee60,0.6200948059558868,0.6200948059558868,0.0
6114,59b455a5c1c0cb808a63eb885db1b961815935b8c7cd1610c60c4d6f2e2928e0,0.5879085659980774,0.5879085659980774,0.0
6115,a687a92a45118c3c1ed5bb45e8e0eda8d2feaa0395425cc2dccb259b3aa4c848,0.6038898825645447,0.6038898825645447,0.0
6116,a687a92a45118c3c1ed5bb45e8e0eda8d2feaa0395425cc2dccb259b3aa4c848,0.6038898825645447,0.6038898825645447,0.0
6117,63f40b5e88b18c6c537bc39b24deb5592b7c529dda2f8bdf5a9d4564494479b2,0.6015981137752533,0.6015981137752533,0.0
6118,eb5cc6adfddc749621cae2e44fa8824fefec0212534f9e91fc5220bc27462aa4,0.6862029731273651,0.6862029731273651,0.0
6119,eb5cc6adfddc749621cae2e44fa8824fefec0212534f9e91fc5220bc27462aa4,0.6862029731273651,0.6862029731273651,0.0
6120,e44e4854e1bf9642aae663686a8bb98a7656fb3262a6e979a8d9515aad693fb1,0.6101349890232086,0.6101349890232086,0.0
6121,c5885f391247d5d06e1641fd5484fa3e1e5365a2ce0cede7a70539492720b916,0.6425194144248962,0.6425194144248962,0.0
6122,c5885f391247d5d06e1641fd5484fa3e1e5365a2ce0cede7a70539492720b916,0.6425194144248962,0.6425194144248962,0.0
6123,35c0698f7e4e8fe1461890d349c85263bc616bfde2f3ecda98e8090293c8a8fd,0.6287523806095123,0.6287523806095123,0.0
6124,5c09c2a70263439cbe496d6b6d5b011a4be99885aba2361a37b1e8367c31c6ea,0.5589057803153992,0.5589057803153992,0.0
6125,5c09c2a70263439cbe496d6b6d5b011a4be99885aba2361a37b1e8367c31c6ea,0.5589057803153992,0.5589057803153992,0.0
6126,34927ec357cfc5b2040fcda1cbf9c036d3647089f3c30cde78d554ca208dd8ba,0.5890529453754425,0.5890529453754425,0.0
6127,f3061e4a2b4807ff408ff62ff84402561534695b9811ae272317d13109d4fef2,0.633631706237793,0.633631706237793,0.0
6128,f3061e4a2b4807ff408ff62ff84402561534695b9811ae272317d13109d4fef2,0.633631706237793,0.633631706237793,0.0
6129,9f74e7ee913c870f004016832ae06263d8d01d7020dd527cf99b38c14e2c5caf,0.595030665397644,0.595030665397644,0.0
6130,16079ffd22cca44a648076f451d8029032f745515bd197ddaedf06a85fba132c,0.6530696749687195,0.6530696749687195,0.0
6131,16079ffd22cca44a648076f451d8029032f745515bd197ddaedf06a85fba132c,0.6530696749687195,0.6530696749687195,0.0
6132,d4299e6578fe42a45498f2b4e2776b02991df6a1eed266adc3d1c432544f4ded,0.6922619044780731,0.6922619044780731,0.0
6133,ef9a9e6d14878f074c2ce1db0ae4c71388173b706b8190c3a898a205d2352689,0.6188121140003204,0.6188121140003204,0.0
6134,ef9a9e6d14878f074c2ce1db0ae4c71388173b706b8190c3a898a205d2352689,0.6188121140003204,0.6188121140003204,0.0
6135,d3a8180f26c0761d160a8af493fd66cb1489b3664e7e75ad57948633ec03cbd1,0.6049613356590271,0.6049613356590271,0.0
6136,9c9f6e36bb365271489bbd2df74363af5afe2d19fee08292ff7c3f553dc694b7,0.6516926288604736,0.6516926288604736,0.0
6137,9c9f6e36bb365271489bbd2df74363af5afe2d19fee08292ff7c3f553dc694b7,0.6516926288604736,0.6516926288604736,0.0
6138,3fcd5f872017d091c9b9b490cc6fd96bd4655244237ddbde1621f22d81de8c1c,0.5918194651603699,0.5918194651603699,0.0
6139,4797610c3691a82c86f5ea02d89117fc484f74008dfc63723c529494f16c5213,0.5109726190567017,0.5109726190567017,0.0
6140,4797610c3691a82c86f5ea02d89117fc484f74008dfc63723c529494f16c5213,0.5109726190567017,0.5109726190567017,0.0
6141,c7b4a0fbbcfc043fc2f53908831481916ea6b4770ff3d36c531ccd8ca6016728,0.5223684906959534,0.5223684906959534,0.0
6142,a7c63b697cde29f6713340568da69f8d78ee31809a417bf78298619572172fbb,0.5067550241947174,0.5067550241947174,0.0
6143,a7c63b697cde29f6713340568da69f8d78ee31809a417bf78298619572172fbb,0.5067550241947174,0.5067550241947174,0.0
6144,fb2070823160aa97beca211077c23e397cf596b711916c1b8e424035be32d643,0.529625654220581,0.529625654220581,0.0
6145,cc8d61f7e0251e43e5d8ca79af2cdda41cad6d99848fa626340daa80afa81c50,0.6083518266677856,0.6083518266677856,0.0
6146,cc8d61f7e0251e43e5d8ca79af2cdda41cad6d99848fa626340daa80afa81c50,0.6083518266677856,0.6083518266677856,0.0
6147,30b19549e4137be458318a670ff67dc92fe2ee414162c538fa4c69a631bc737a,0.5742993950843811,0.5742993950843811,0.0
6148,0cb8e96a4939b28f64bc0525c7f31c7594d773687938e97d2136e7d18b0adddc,0.6533255279064178,0.6533255279064178,0.0
6149,0cb8e96a4939b28f64bc0525c7f31c7594d773687938e97d2136e7d18b0adddc,0.6533255279064178,0.6533255279064178,0.0
6150,b63cb2795b68c2350fd2d99d46e89e302f3f2f3399c848c87b4e8dd1ffb9f916,0.7173836827278137,0.7173836827278137,0.0
6151,03828d4dbbfc37824e2949a90b43ce81d8fe9e925ad950ac22d2ed73444cde19,0.5903007388114929,0.5903007388114929,0.0
6152,03828d4dbbfc37824e2949a90b43ce81d8fe9e925ad950ac22d2ed73444cde19,0.5903007388114929,0.5903007388114929,0.0
6153,28fc0397973f7aa9ca3d30e435964d297308cd928a24503bc8de5de551f767b6,0.5767276585102081,0.5767276585102081,0.0
6154,42fe590e0119704ef2afbb26deab9d0e744f0015720f0ebce9232b83254cb7db,0.6553690135478973,0.6553690135478973,0.0
6155,42fe590e0119704ef2afbb26deab9d0e744f0015720f0ebce9232b83254cb7db,0.6553690135478973,0.6553690135478973,0.0
6156,e0deb9d1a20321478523aadd412355e0803fcd46e354eace7a1d66a90e0639ca,0.6344912648200989,0.6344912648200989,0.0
6157,ede62161e767eb8a128d8591d8f0822914246512f016b8485583df0c97dd9b5d,0.6355510950088501,0.6355510950088501,0.0
6158,ede62161e767eb8a128d8591d8f0822914246512f016b8485583df0c97dd9b5d,0.6355510950088501,0.6355510950088501,0.0
6159,2e42b88ce49d69819a27a089591344f998159dc89352f299fd5f0288c9e4181c,0.7572187930345535,0.7572187930345535,0.0
6160,500118535eb5d717f5a28f7b6f80adb070184d1a65b3df746470d341e91b804f,0.7361962497234344,0.7361962497234344,0.0
6161,500118535eb5d717f5a28f7b6f80adb070184d1a65b3df746470d341e91b804f,0.7361962497234344,0.7361962497234344,0.0
6162,ef6c02f13ff6e39c0a1243d4113efe6be8c634cc517433a2e99e0781390ed3b5,0.6307750046253204,0.6307750046253204,0.0
6163,d72ee3ea11359539bf314dc4df07175eaf2e91e454562574378d65547bf83924,0.5372750759124756,0.5372750759124756,0.0
6164,d72ee3ea11359539bf314dc4df07175eaf2e91e454562574378d65547bf83924,0.5372750759124756,0.5372750759124756,0.0
6165,0b9d7dccf694f0e20b19cf68dd7edf1cae84a5abea7ac556d5963afa4635fa37,0.4545007944107055,0.45450079441070557,5.551115123125783e-17
6166,65500c547e7af21eba89a9e18503248effe9dd47e1c0eba8ecc39af2b6d358b5,0.6341713666915894,0.6341713666915894,0.0
6167,65500c547e7af21eba89a9e18503248effe9dd47e1c0eba8ecc39af2b6d358b5,0.6341713666915894,0.6341713666915894,0.0
6168,579ae514a4944e898808737ddda56f62c28bea5f2022332e40229b494d1fe145,0.6232103109359741,0.6232103109359741,0.0
6169,99325c9a1a0668e8a18d20455f3f6cdcb041be821b2b45440dddfbbade92c3d8,0.5256737768650055,0.5256737768650055,0.0
6170,99325c9a1a0668e8a18d20455f3f6cdcb041be821b2b45440dddfbbade92c3d8,0.5256737768650055,0.5256737768650055,0.0
6171,1509c7a199bb4cb6712196cb2cbb2a127f29882be7c8068eed759a4d1936a8c0,0.552584171295166,0.552584171295166,0.0
6172,95ef990b36ce3e691f7f6cdd8cf50db2224840da3216b9934805836b6c501ffd,0.4863611459732055,0.48636114597320557,5.551115123125783e-17
6173,95ef990b36ce3e691f7f6cdd8cf50db2224840da3216b9934805836b6c501ffd,0.4863611459732055,0.48636114597320557,5.551115123125783e-17
6174,4bf947926f6acb7b3b42fdf9fed6d42dec910674a41f860886ec6bf7c0a1705c,0.5307970941066742,0.5307970941066742,0.0
6175,a40e59bbde8fe952708649bf93ad919c0105c97c28bf9088dcf3435b92e2cf45,0.6291235387325287,0.6291235387325287,0.0
6176,a40e59bbde8fe952708649bf93ad919c0105c97c28bf9088dcf3435b92e2cf45,0.6291235387325287,0.6291235387325287,0.0
6177,df285a58cc5ec05d2ad9f98f9a45f0ac7ae1129fc4d82d9247ab7f80320ef970,0.5654527246952057,0.5654527246952057,0.0
6178,515311b3825d6735931cd9a4fd90610af39b693841b19a175048c838dbb72cf6,0.4949337244033813,0.49493372440338135,5.551115123125783e-17
6179,515311b3825d6735931cd9a4fd90610af39b693841b19a175048c838dbb72cf6,0.4949337244033813,0.49493372440338135,5.551115123125783e-17
6180,071790c0eab4308d8ff3536cf47bb554085c3fdfba3234205ea2687072bc7e58,0.5623862743377686,0.5623862743377686,0.0
6181,b1e319d05abf4ca6706d34654ebd223fa13d20e7f46b3d1e126016f8ebe93d7f,0.6355413794517517,0.6355413794517517,0.0
6182,b1e319d05abf4ca6706d34654ebd223fa13d20e7f46b3d1e126016f8ebe93d7f,0.6355413794517517,0.6355413794517517,0.0
6183,704ec3bca4991ae590f660e083725dda79ac71ff1cb46a5aa3306f205e57a2d5,0.6473213136196136,0.6473213136196136,0.0
6184,2da0034cbbc150529eb06e9deb0a67cb8e9c70d44f10cfd41367c395a978ef2c,0.623818576335907,0.623818576335907,0.0
6185,2da0034cbbc150529eb06e9deb0a67cb8e9c70d44f10cfd41367c395a978ef2c,0.623818576335907,0.623818576335907,0.0
6186,7fabbd733e99be2d6a0d8954b800eff0af6bacbd1a4f6814b3f90fc6ba9c501e,0.53986856341362,0.53986856341362,0.0
6187,512578dadc6da4cca4bea1f5c2c68c4f939ab778536ffcdd5d0000cfb0db6d92,0.7083530426025391,0.7083530426025391,0.0
6188,512578dadc6da4cca4bea1f5c2c68c4f939ab778536ffcdd5d0000cfb0db6d92,0.7083530426025391,0.7083530426025391,0.0
6189,09c7196aa4de03f5991851e5d686b6cbf39b99b3b4ce65dd6a6a46e95f0a2234,0.6746698021888733,0.6746698021888733,0.0
6190,4bd9131559b88e6de77b3edea50ba50314df3dd039868c5d7742a0597488dc0b,0.6454384326934814,0.6454384326934814,0.0
6191,4bd9131559b88e6de77b3edea50ba50314df3dd039868c5d7742a0597488dc0b,0.6454384326934814,0.6454384326934814,0.0
6192,b3da2779c64a6552232a5a3d14a4e5545ccee2592e317b00e24b1cf288a3435c,0.5194415152072906,0.5194415152072906,0.0
6193,ea868d9f79a991f552371e70d1699d692579cf84c0a02fde65201c2744f67939,0.7239482402801514,0.7239482402801514,0.0
6194,ea868d9f79a991f552371e70d1699d692579cf84c0a02fde65201c2744f67939,0.7239482402801514,0.7239482402801514,0.0
6195,4b128410da2b5a5995946fa808ec6af19721d5e6adc3cdecec1a288c5b3dc29d,0.5500437021255493,0.5500437021255493,0.0
6196,b9337534642e6de7926c0e655b75d5ee3b11ca8b073d51c803363ba4dab7b480,0.4635007381439209,0.4635007381439209,0.0
6197,b9337534642e6de7926c0e655b75d5ee3b11ca8b073d51c803363ba4dab7b480,0.4635007381439209,0.4635007381439209,0.0
6198,ed1992cbcb576aba3235985ab6a997f61c0881682d4720b683c8beb1a8e2750f,0.524536520242691,0.524536520242691,0.0
6199,894a5b4fefbbc27194a3900e9b76a8cbd6df4a60aaf04f29ba969a8d1311192a,0.5929625034332275,0.5929625034332275,0.0
6200,894a5b4fefbbc27194a3900e9b76a8cbd6df4a60aaf04f29ba969a8d1311192a,0.5929625034332275,0.5929625034332275,0.0
6201,e7c208566d3d12cd2fcd47714a43f8e0dae1e98f5545eff40a221cb573b44556,0.5182533264160156,0.5182533264160156,0.0
6202,89a27bb9a5db82d484d7ad53f515ba3970751aeddea3db62dac15bbe212dee60,0.6200948059558868,0.6200948059558868,0.0
6203,89a27bb9a5db82d484d7ad53f515ba3970751aeddea3db62dac15bbe212dee60,0.6200948059558868,0.6200948059558868,0.0
6204,59b455a5c1c0cb808a63eb885db1b961815935b8c7cd1610c60c4d6f2e2928e0,0.5879085659980774,0.5879085659980774,0.0
6205,a687a92a45118c3c1ed5bb45e8e0eda8d2feaa0395425cc2dccb259b3aa4c848,0.6038898825645447,0.6038898825645447,0.0
6206,a687a92a45118c3c1ed5bb45e8e0eda8d2feaa0395425cc2dccb259b3aa4c848,0.6038898825645447,0.6038898825645447,0.0
6207,63f40b5e88b18c6c537bc39b24deb5592b7c529dda2f8bdf5a9d4564494479b2,0.6015981137752533,0.6015981137752533,0.0
6208,eb5cc6adfddc749621cae2e44fa8824fefec0212534f9e91fc5220bc27462aa4,0.6862029731273651,0.6862029731273651,0.0
6209,eb5cc6adfddc749621cae2e44fa8824fefec0212534f9e91fc5220bc27462aa4,0.6862029731273651,0.6862029731273651,0.0
6210,e44e4854e1bf9642aae663686a8bb98a7656fb3262a6e979a8d9515aad693fb1,0.6101349890232086,0.6101349890232086,0.0
6211,c5885f391247d5d06e1641fd5484fa3e1e5365a2ce0cede7a70539492720b916,0.6425194144248962,0.6425194144248962,0.0
6212,c5885f391247d5d06e1641fd5484fa3e1e5365a2ce0cede7a70539492720b916,0.6425194144248962,0.6425194144248962,0.0
6213,35c0698f7e4e8fe1461890d349c85263bc616bfde2f3ecda98e8090293c8a8fd,0.6287523806095123,0.6287523806095123,0.0
6214,5c09c2a70263439cbe496d6b6d5b011a4be99885aba2361a37b1e8367c31c6ea,0.5589057803153992,0.5589057803153992,0.0
6215,5c09c2a70263439cbe496d6b6d5b011a4be99885aba2361a37b1e8367c31c6ea,0.5589057803153992,0.5589057803153992,0.0
6216,34927ec357cfc5b2040fcda1cbf9c036d3647089f3c30cde78d554ca208dd8ba,0.5890529453754425,0.5890529453754425,0.0
6217,f3061e4a2b4807ff408ff62ff84402561534695b9811ae272317d13109d4fef2,0.633631706237793,0.633631706237793,0.0
6218,f3061e4a2b4807ff408ff62ff84402561534695b9811ae272317d13109d4fef2,0.633631706237793,0.633631706237793,0.0
6219,9f74e7ee913c870f004016832ae06263d8d01d7020dd527cf99b38c14e2c5caf,0.595030665397644,0.595030665397644,0.0
6220,16079ffd22cca44a648076f451d8029032f745515bd197ddaedf06a85fba132c,0.6530696749687195,0.6530696749687195,0.0
6221,16079ffd22cca44a648076f451d8029032f745515bd197ddaedf06a85fba132c,0.6530696749687195,0.6530696749687195,0.0
6222,d4299e6578fe42a45498f2b4e2776b02991df6a1eed266adc3d1c432544f4ded,0.6922619044780731,0.6922619044780731,0.0
6223,ef9a9e6d14878f074c2ce1db0ae4c71388173b706b8190c3a898a205d2352689,0.6188121140003204,0.6188121140003204,0.0
6224,ef9a9e6d14878f074c2ce1db0ae4c71388173b706b8190c3a898a205d2352689,0.6188121140003204,0.6188121140003204,0.0
6225,d3a8180f26c0761d160a8af493fd66cb1489b3664e7e75ad57948633ec03cbd1,0.6049613356590271,0.6049613356590271,0.0
6226,9c9f6e36bb365271489bbd2df74363af5afe2d19fee08292ff7c3f553dc694b7,0.6516926288604736,0.6516926288604736,0.0
6227,9c9f6e36bb365271489bbd2df74363af5afe2d19fee08292ff7c3f553dc694b7,0.6516926288604736,0.6516926288604736,0.0
6228,3fcd5f872017d091c9b9b490cc6fd96bd4655244237ddbde1621f22d81de8c1c,0.5918194651603699,0.5918194651603699,0.0
6229,4797610c3691a82c86f5ea02d89117fc484f74008dfc63723c529494f16c5213,0.5109726190567017,0.5109726190567017,0.0
6230,4797610c3691a82c86f5ea02d89117fc484f74008dfc63723c529494f16c5213,0.5109726190567017,0.5109726190567017,0.0
6231,c7b4a0fbbcfc043fc2f53908831481916ea6b4770ff3d36c531ccd8ca6016728,0.5223684906959534,0.5223684906959534,0.0
6232,a7c63b697cde29f6713340568da69f8d78ee31809a417bf78298619572172fbb,0.5067550241947174,0.5067550241947174,0.0
6233,a7c63b697cde29f6713340568da69f8d78ee31809a417bf78298619572172fbb,0.5067550241947174,0.5067550241947174,0.0
6234,fb2070823160aa97beca211077c23e397cf596b711916c1b8e424035be32d643,0.529625654220581,0.529625654220581,0.0
6235,cc8d61f7e0251e43e5d8ca79af2cdda41cad6d99848fa626340daa80afa81c50,0.6083518266677856,0.6083518266677856,0.0
6236,cc8d61f7e0251e43e5d8ca79af2cdda41cad6d99848fa626340daa80afa81c50,0.6083518266677856,0.6083518266677856,0.0
6237,30b19549e4137be458318a670ff67dc92fe2ee414162c538fa4c69a631bc737a,0.5742993950843811,0.5742993950843811,0.0
6238,0cb8e96a4939b28f64bc0525c7f31c7594d773687938e97d2136e7d18b0adddc,0.6533255279064178,0.6533255279064178,0.0
6239,0cb8e96a4939b28f64bc0525c7f31c7594d773687938e97d2136e7d18b0adddc,0.6533255279064178,0.6533255279064178,0.0
6240,b63cb2795b68c2350fd2d99d46e89e302f3f2f3399c848c87b4e8dd1ffb9f916,0.7173836827278137,0.7173836827278137,0.0
6241,03828d4dbbfc37824e2949a90b43ce81d8fe9e925ad950ac22d2ed73444cde19,0.5903007388114929,0.5903007388114929,0.0
6242,03828d4dbbfc37824e2949a90b43ce81d8fe9e925ad950ac22d2ed73444cde19,0.5903007388114929,0.5903007388114929,0.0
6243,28fc0397973f7aa9ca3d30e435964d297308cd928a24503bc8de5de551f767b6,0.5767276585102081,0.5767276585102081,0.0
6244,42fe590e0119704ef2afbb26deab9d0e744f0015720f0ebce9232b83254cb7db,0.6553690135478973,0.6553690135478973,0.0
6245,42fe590e0119704ef2afbb26deab9d0e744f0015720f0ebce9232b83254cb7db,0.6553690135478973,0.6553690135478973,0.0
6246,e0deb9d1a20321478523aadd412355e0803fcd46e354eace7a1d66a90e0639ca,0.6344912648200989,0.6344912648200989,0.0
6247,ede62161e767eb8a128d8591d8f0822914246512f016b8485583df0c97dd9b5d,0.6355510950088501,0.6355510950088501,0.0
6248,ede62161e767eb8a128d8591d8f0822914246512f016b8485583df0c97dd9b5d,0.6355510950088501,0.6355510950088501,0.0
6249,2e42b88ce49d69819a27a089591344f998159dc89352f299fd5f0288c9e4181c,0.7572187930345535,0.7572187930345535,0.0
6250,500118535eb5d717f5a28f7b6f80adb070184d1a65b3df746470d341e91b804f,0.7361962497234344,0.7361962497234344,0.0
6251,500118535eb5d717f5a28f7b6f80adb070184d1a65b3df746470d341e91b804f,0.7361962497234344,0.7361962497234344,0.0
6252,ef6c02f13ff6e39c0a1243d4113efe6be8c634cc517433a2e99e0781390ed3b5,0.6307750046253204,0.6307750046253204,0.0
6253,d72ee3ea11359539bf314dc4df07175eaf2e91e454562574378d65547bf83924,0.5372750759124756,0.5372750759124756,0.0
6254,d72ee3ea11359539bf314dc4df07175eaf2e91e454562574378d65547bf83924,0.5372750759124756,0.5372750759124756,0.0
6255,0b9d7dccf694f0e20b19cf68dd7edf1cae84a5abea7ac556d5963afa4635fa37,0.4545007944107055,0.45450079441070557,5.551115123125783e-17
6256,65500c547e7af21eba89a9e18503248effe9dd47e1c0eba8ecc39af2b6d358b5,0.6341713666915894,0.6341713666915894,0.0
6257,65500c547e7af21eba89a9e18503248effe9dd47e1c0eba8ecc39af2b6d358b5,0.6341713666915894,0.6341713666915894,0.0
6258,579ae514a4944e898808737ddda56f62c28bea5f2022332e40229b494d1fe145,0.6232103109359741,0.6232103109359741,0.0
6259,99325c9a1a0668e8a18d20455f3f6cdcb041be821b2b45440dddfbbade92c3d8,0.5256737768650055,0.5256737768650055,0.0
6260,99325c9a1a0668e8a18d20455f3f6cdcb041be821b2b45440dddfbbade92c3d8,0.5256737768650055,0.5256737768650055,0.0
6261,1509c7a199bb4cb6712196cb2cbb2a127f29882be7c8068eed759a4d1936a8c0,0.552584171295166,0.552584171295166,0.0
6262,95ef990b36ce3e691f7f6cdd8cf50db2224840da3216b9934805836b6c501ffd,0.4863611459732055,0.48636114597320557,5.551115123125783e-17
6263,95ef990b36ce3e691f7f6cdd8cf50db2224840da3216b9934805836b6c501ffd,0.4863611459732055,0.48636114597320557,5.551115123125783e-17
6264,4bf947926f6acb7b3b42fdf9fed6d42dec910674a41f860886ec6bf7c0a1705c,0.5307970941066742,0.5307970941066742,0.0
6265,a40e59bbde8fe952708649bf93ad919c0105c97c28bf9088dcf3435b92e2cf45,0.6291235387325287,0.6291235387325287,0.0
6266,a40e59bbde8fe952708649bf93ad919c0105c97c28bf9088dcf3435b92e2cf45,0.6291235387325287,0.6291235387325287,0.0
6267,df285a58cc5ec05d2ad9f98f9a45f0ac7ae1129fc4d82d9247ab7f80320ef970,0.5654527246952057,0.5654527246952057,0.0
6268,515311b3825d6735931cd9a4fd90610af39b693841b19a175048c838dbb72cf6,0.4949337244033813,0.49493372440338135,5.551115123125783e-17
6269,515311b3825d6735931cd9a4fd90610af39b693841b19a175048c838dbb72cf6,0.4949337244033813,0.49493372440338135,5.551115123125783e-17
6270,071790c0eab4308d8ff3536cf47bb554085c3fdfba3234205ea2687072bc7e58,0.5623862743377686,0.5623862743377686,0.0
6271,b1e319d05abf4ca6706d34654ebd223fa13d20e7f46b3d1e126016f8ebe93d7f,0.6355413794517517,0.6355413794517517,0.0
6272,b1e319d05abf4ca6706d34654ebd223fa13d20e7f46b3d1e126016f8ebe93d7f,0.6355413794517517,0.6355413794517517,0.0
6273,704ec3bca4991ae590f660e083725dda79ac71ff1cb46a5aa3306f205e57a2d5,0.6473213136196136,0.6473213136196136,0.0
6274,2da0034cbbc150529eb06e9deb0a67cb8e9c70d44f10cfd41367c395a978ef2c,0.623818576335907,0.623818576335907,0.0
6275,2da0034cbbc150529eb06e9deb0a67cb8e9c70d44f10cfd41367c395a978ef2c,0.623818576335907,0.623818576335907,0.0
6276,7fabbd733e99be2d6a0d8954b800eff0af6bacbd1a4f6814b3f90fc6ba9c501e,0.53986856341362,0.53986856341362,0.0
6277,512578dadc6da4cca4bea1f5c2c68c4f939ab778536ffcdd5d0000cfb0db6d92,0.7083530426025391,0.7083530426025391,0.0
6278,512578dadc6da4cca4bea1f5c2c68c4f939ab778536ffcdd5d0000cfb0db6d92,0.7083530426025391,0.7083530426025391,0.0
6279,09c7196aa4de03f5991851e5d686b6cbf39b99b3b4ce65dd6a6a46e95f0a2234,0.6746698021888733,0.6746698021888733,0.0
6280,4bd9131559b88e6de77b3edea50ba50314df3dd039868c5d7742a0597488dc0b,0.6454384326934814,0.6454384326934814,0.0
6281,4bd9131559b88e6de77b3edea50ba50314df3dd039868c5d7742a0597488dc0b,0.6454384326934814,0.6454384326934814,0.0
6282,b3da2779c64a6552232a5a3d14a4e5545ccee2592e317b00e24b1cf288a3435c,0.5194415152072906,0.5194415152072906,0.0
6283,ea868d9f79a991f552371e70d1699d692579cf84c0a02fde65201c2744f67939,0.7239482402801514,0.7239482402801514,0.0
6284,ea868d9f79a991f552371e70d1699d692579cf84c0a02fde65201c2744f67939,0.7239482402801514,0.7239482402801514,0.0
6285,4b128410da2b5a5995946fa808ec6af19721d5e6adc3cdecec1a288c5b3dc29d,0.5500437021255493,0.5500437021255493,0.0
6286,b9337534642e6de7926c0e655b75d5ee3b11ca8b073d51c803363ba4dab7b480,0.4635007381439209,0.4635007381439209,0.0
6287,b9337534642e6de7926c0e655b75d5ee3b11ca8b073d51c803363ba4dab7b480,0.4635007381439209,0.4635007381439209,0.0
6288,ed1992cbcb576aba3235985ab6a997f61c0881682d4720b683c8beb1a8e2750f,0.524536520242691,0.524536520242691,0.0
6289,894a5b4fefbbc27194a3900e9b76a8cbd6df4a60aaf04f29ba969a8d1311192a,0.5929625034332275,0.5929625034332275,0.0
6290,894a5b4fefbbc27194a3900e9b76a8cbd6df4a60aaf04f29ba969a8d1311192a,0.5929625034332275,0.5929625034332275,0.0
6291,e7c208566d3d12cd2fcd47714a43f8e0dae1e98f5545eff40a221cb573b44556,0.5182533264160156,0.5182533264160156,0.0
6292,89a27bb9a5db82d484d7ad53f515ba3970751aeddea3db62dac15bbe212dee60,0.6200948059558868,0.6200948059558868,0.0
6293,89a27bb9a5db82d484d7ad53f515ba3970751aeddea3db62dac15bbe212dee60,0.6200948059558868,0.6200948059558868,0.0
6294,59b455a5c1c0cb808a63eb885db1b961815935b8c7cd1610c60c4d6f2e2928e0,0.5879085659980774,0.5879085659980774,0.0
6295,a687a92a45118c3c1ed5bb45e8e0eda8d2feaa0395425cc2dccb259b3aa4c848,0.6038898825645447,0.6038898825645447,0.0
6296,a687a92a45118c3c1ed5bb45e8e0eda8d2feaa0395425cc2dccb259b3aa4c848,0.6038898825645447,0.6038898825645447,0.0
6297,63f40b5e88b18c6c537bc39b24deb5592b7c529dda2f8bdf5a9d4564494479b2,0.6015981137752533,0.6015981137752533,0.0
6298,eb5cc6adfddc749621cae2e44fa8824fefec0212534f9e91fc5220bc27462aa4,0.6862029731273651,0.6862029731273651,0.0
6299,eb5cc6adfddc749621cae2e44fa8824fefec0212534f9e91fc5220bc27462aa4,0.6862029731273651,0.6862029731273651,0.0
6300,e44e4854e1bf9642aae663686a8bb98a7656fb3262a6e979a8d9515aad693fb1,0.6101349890232086,0.6101349890232086,0.0
6301,c5885f391247d5d06e1641fd5484fa3e1e5365a2ce0cede7a70539492720b916,0.6425194144248962,0.6425194144248962,0.0
6302,c5885f391247d5d06e1641fd5484fa3e1e5365a2ce0cede7a70539492720b916,0.6425194144248962,0.6425194144248962,0.0
6303,35c0698f7e4e8fe1461890d349c85263bc616bfde2f3ecda98e8090293c8a8fd,0.6287523806095123,0.6287523806095123,0.0
6304,5c09c2a70263439cbe496d6b6d5b011a4be99885aba2361a37b1e8367c31c6ea,0.5589057803153992,0.5589057803153992,0.0
6305,5c09c2a70263439cbe496d6b6d5b011a4be99885aba2361a37b1e8367c31c6ea,0.5589057803153992,0.5589057803153992,0.0
6306,34927ec357cfc5b2040fcda1cbf9c036d3647089f3c30cde78d554ca208dd8ba,0.5890529453754425,0.5890529453754425,0.0
6307,f3061e4a2b4807ff408ff62ff84402561534695b9811ae272317d13109d4fef2,0.633631706237793,0.633631706237793,0.0
6308,f3061e4a2b4807ff408ff62ff84402561534695b9811ae272317d13109d4fef2,0.633631706237793,0.633631706237793,0.0
6309,9f74e7ee913c870f004016832ae06263d8d01d7020dd527cf99b38c14e2c5caf,0.595030665397644,0.595030665397644,0.0
6310,16079ffd22cca44a648076f451d8029032f745515bd197ddaedf06a85fba132c,0.6530696749687195,0.6530696749687195,0.0
6311,16079ffd22cca44a648076f451d8029032f745515bd197ddaedf06a85fba132c,0.6530696749687195,0.6530696749687195,0.0
6312,d4299e6578fe42a45498f2b4e2776b02991df6a1eed266adc3d1c432544f4ded,0.6922619044780731,0.6922619044780731,0.0
6313,ef9a9e6d14878f074c2ce1db0ae4c71388173b706b8190c3a898a205d2352689,0.6188121140003204,0.6188121140003204,0.0
6314,ef9a9e6d14878f074c2ce1db0ae4c71388173b706b8190c3a898a205d2352689,0.6188121140003204,0.6188121140003204,0.0
6315,d3a8180f26c0761d160a8af493fd66cb1489b3664e7e75ad57948633ec03cbd1,0.6049613356590271,0.6049613356590271,0.0
6316,9c9f6e36bb365271489bbd2df74363af5afe2d19fee08292ff7c3f553dc694b7,0.6516926288604736,0.6516926288604736,0.0
6317,9c9f6e36bb365271489bbd2df74363af5afe2d19fee08292ff7c3f553dc694b7,0.6516926288604736,0.6516926288604736,0.0
6318,3fcd5f872017d091c9b9b490cc6fd96bd4655244237ddbde1621f22d81de8c1c,0.5918194651603699,0.5918194651603699,0.0
6319,58383a4b0d4342ca068a211360945d96068a8a5ea2442889867977fc52ae6c1d,0.4759359359741211,0.4759359359741211,0.0
6320,c7b4a0fbbcfc043fc2f53908831481916ea6b4770ff3d36c531ccd8ca6016728,0.5223684906959534,0.5223684906959534,0.0
6321,c7b4a0fbbcfc043fc2f53908831481916ea6b4770ff3d36c531ccd8ca6016728,0.5223684906959534,0.5223684906959534,0.0
6322,378553eca47a425805a6fe49c6b933835f945f356c1496f86b54770002fb869c,0.4731966257095337,0.4731966257095337,0.0
6323,fb2070823160aa97beca211077c23e397cf596b711916c1b8e424035be32d643,0.529625654220581,0.529625654220581,0.0
6324,fb2070823160aa97beca211077c23e397cf596b711916c1b8e424035be32d643,0.529625654220581,0.529625654220581,0.0
6325,97237d2c3df71dd2f80e91b38280e80682c7284dceda2c1f166a776d7d21249f,0.6095997989177704,0.6095997989177704,0.0
6326,30b19549e4137be458318a670ff67dc92fe2ee414162c538fa4c69a631bc737a,0.5742993950843811,0.5742993950843811,0.0
6327,30b19549e4137be458318a670ff67dc92fe2ee414162c538fa4c69a631bc737a,0.5742993950843811,0.5742993950843811,0.0
6328,5e984d3fa5abf538cfe91c18430028c257d89cf8b757ddff9cf805c7f36e9521,0.5912789404392242,0.5912789404392242,0.0
6329,b63cb2795b68c2350fd2d99d46e89e302f3f2f3399c848c87b4e8dd1ffb9f916,0.7173836827278137,0.7173836827278137,0.0
6330,b63cb2795b68c2350fd2d99d46e89e302f3f2f3399c848c87b4e8dd1ffb9f916,0.7173836827278137,0.7173836827278137,0.0
6331,a7c77f5a225e9c2fad225d4139db566b4d9120213141aeed373bb2ece5f9dbd2,0.6079907715320587,0.6079907715320587,0.0
6332,28fc0397973f7aa9ca3d30e435964d297308cd928a24503bc8de5de551f767b6,0.5767276585102081,0.5767276585102081,0.0
6333,28fc0397973f7aa9ca3d30e435964d297308cd928a24503bc8de5de551f767b6,0.5767276585102081,0.5767276585102081,0.0
6334,1653a4a0dbb58e9482fc0838d716662eae22976adb0f350ed99a6c5ee36e71ef,0.647249162197113,0.647249162197113,0.0
6335,e0deb9d1a20321478523aadd412355e0803fcd46e354eace7a1d66a90e0639ca,0.6344912648200989,0.6344912648200989,0.0
6336,e0deb9d1a20321478523aadd412355e0803fcd46e354eace7a1d66a90e0639ca,0.6344912648200989,0.6344912648200989,0.0
6337,f7fca0715333a9e95be4a72112620eb67b3a8b71ed7d99cde262a99597ead419,0.6776280403137207,0.6776280403137207,0.0
6338,2e42b88ce49d69819a27a089591344f998159dc89352f299fd5f0288c9e4181c,0.7572187930345535,0.7572187930345535,0.0
6339,2e42b88ce49d69819a27a089591344f998159dc89352f299fd5f0288c9e4181c,0.7572187930345535,0.7572187930345535,0.0
6340,bad6dc3bd87a07c9ccfda25924f09e6a929c90100ba49969b519a1621aa4e745,0.6556699275970459,0.6556699275970459,0.0
6341,ef6c02f13ff6e39c0a1243d4113efe6be8c634cc517433a2e99e0781390ed3b5,0.6307750046253204,0.6307750046253204,0.0
6342,ef6c02f13ff6e39c0a1243d4113efe6be8c634cc517433a2e99e0781390ed3b5,0.6307750046253204,0.6307750046253204,0.0
6343,ada7e80e0fe280fb60ca8a5baa48c96ffca44d0a7cb1ca66942d2f87f4ba8f35,0.5149631500244141,0.5149631500244141,0.0
6344,0b9d7dccf694f0e20b19cf68dd7edf1cae84a5abea7ac556d5963afa4635fa37,0.4545007944107055,0.45450079441070557,5.551115123125783e-17
6345,0b9d7dccf694f0e20b19cf68dd7edf1cae84a5abea7ac556d5963afa4635fa37,0.4545007944107055,0.45450079441070557,5.551115123125783e-17
6346,0fb04d934f74dfc4b96f6b05b4875ed451b944bc39d548b7e894000157e95088,0.6493087112903595,0.6493087112903595,0.0
6347,579ae514a4944e898808737ddda56f62c28bea5f2022332e40229b494d1fe145,0.6232103109359741,0.6232103109359741,0.0
6348,579ae514a4944e898808737ddda56f62c28bea5f2022332e40229b494d1fe145,0.6232103109359741,0.6232103109359741,0.0
6349,7881296ec85e4cf88220baa6ab231dbff68ab2cc77bbc15e61368f02c6978a6f,0.5899388790130615,0.5899388790130615,0.0
6350,1509c7a199bb4cb6712196cb2cbb2a127f29882be7c8068eed759a4d1936a8c0,0.552584171295166,0.552584171295166,0.0
6351,1509c7a199bb4cb6712196cb2cbb2a127f29882be7c8068eed759a4d1936a8c0,0.552584171295166,0.552584171295166,0.0
6352,4d547b40c740c9bd54d384f0624157addfe18c01da63e68325086455629909f7,0.6005275845527649,0.6005275845527649,0.0
6353,4bf947926f6acb7b3b42fdf9fed6d42dec910674a41f860886ec6bf7c0a1705c,0.5307970941066742,0.5307970941066742,0.0
6354,4bf947926f6acb7b3b42fdf9fed6d42dec910674a41f860886ec6bf7c0a1705c,0.5307970941066742,0.5307970941066742,0.0
6355,efda09b8e8b8ad51c0257150a67e54d0f9011207b474bb256c04b5dc535bcbb7,0.5760874152183533,0.5760874152183533,0.0
6356,df285a58cc5ec05d2ad9f98f9a45f0ac7ae1129fc4d82d9247ab7f80320ef970,0.5654527246952057,0.5654527246952057,0.0
6357,df285a58cc5ec05d2ad9f98f9a45f0ac7ae1129fc4d82d9247ab7f80320ef970,0.5654527246952057,0.5654527246952057,0.0
6358,4529bf289e88e54440d0181dc2f8aa059f60c7735013d7ca3052923218495cca,0.4728731513023376,0.47287315130233765,5.551115123125783e-17
6359,071790c0eab4308d8ff3536cf47bb554085c3fdfba3234205ea2687072bc7e58,0.5623862743377686,0.5623862743377686,0.0
6360,071790c0eab4308d8ff3536cf47bb554085c3fdfba3234205ea2687072bc7e58,0.5623862743377686,0.5623862743377686,0.0
6361,3eb584ec87ddecd73e766f4c513b64eea56b955855f219395c7a48a505b9e1f5,0.5717001557350159,0.5717001557350159,0.0
6362,704ec3bca4991ae590f660e083725dda79ac71ff1cb46a5aa3306f205e57a2d5,0.6473213136196136,0.6473213136196136,0.0
6363,704ec3bca4991ae590f660e083725dda79ac71ff1cb46a5aa3306f205e57a2d5,0.6473213136196136,0.6473213136196136,0.0
6364,690dac9952a966aa418fac150b9d3875d0353a07b49e4363ea95acddd992f68e,0.5607163310050964,0.5607163310050964,0.0
6365,7fabbd733e99be2d6a0d8954b800eff0af6bacbd1a4f6814b3f90fc6ba9c501e,0.53986856341362,0.53986856341362,0.0
6366,7fabbd733e99be2d6a0d8954b800eff0af6bacbd1a4f6814b3f90fc6ba9c501e,0.53986856341362,0.53986856341362,0.0
6367,99c0047a590e7c85ad44ae7e28dfc4a2df17857df1e008aa7b093d828afc2847,0.6840507388114929,0.6840507388114929,0.0
6368,09c7196aa4de03f5991851e5d686b6cbf39b99b3b4ce65dd6a6a46e95f0a2234,0.6746698021888733,0.6746698021888733,0.0
6369,09c7196aa4de03f5991851e5d686b6cbf39b99b3b4ce65dd6a6a46e95f0a2234,0.6746698021888733,0.6746698021888733,0.0
6370,256f28f788aefb28e0fd3fa2d6c6694f090e59b051552ee1670af38471ed05e3,0.5614125728607178,0.5614125728607178,0.0
6371,b3da2779c64a6552232a5a3d14a4e5545ccee2592e317b00e24b1cf288a3435c,0.5194415152072906,0.5194415152072906,0.0
6372,b3da2779c64a6552232a5a3d14a4e5545ccee2592e317b00e24b1cf288a3435c,0.5194415152072906,0.5194415152072906,0.0
6373,0cee52a4cc7dcafb66b923e20a437e5e14a9f24c814c6ae4a9e15dc4c5662b40,0.6510955989360809,0.6510955989360809,0.0
6374,4b128410da2b5a5995946fa808ec6af19721d5e6adc3cdecec1a288c5b3dc29d,0.5500437021255493,0.5500437021255493,0.0
6375,4b128410da2b5a5995946fa808ec6af19721d5e6adc3cdecec1a288c5b3dc29d,0.5500437021255493,0.5500437021255493,0.0
6376,d6b7fc8089cfb4bb3532d446a3fb5db0e2c43dc610569fc37333ead5f9af72be,0.5620201528072357,0.5620201528072357,0.0
6377,ed1992cbcb576aba3235985ab6a997f61c0881682d4720b683c8beb1a8e2750f,0.524536520242691,0.524536520242691,0.0
6378,ed1992cbcb576aba3235985ab6a997f61c0881682d4720b683c8beb1a8e2750f,0.524536520242691,0.524536520242691,0.0
6379,cb1ea35c4fad4b31ab1a78739edc46fa7911cd5d2a179652ff1587ed9a78884d,0.5823162198066711,0.5823162198066711,0.0
6380,e7c208566d3d12cd2fcd47714a43f8e0dae1e98f5545eff40a221cb573b44556,0.5182533264160156,0.5182533264160156,0.0
6381,e7c208566d3d12cd2fcd47714a43f8e0dae1e98f5545eff40a221cb573b44556,0.5182533264160156,0.5182533264160156,0.0
6382,f2dc3b32aaa8f6f97a1b390b8d46235b90755368ecb6fbc231b6f45fd8821961,0.5522853434085846,0.5522853434085846,0.0
6383,59b455a5c1c0cb808a63eb885db1b961815935b8c7cd1610c60c4d6f2e2928e0,0.5879085659980774,0.5879085659980774,0.0
6384,59b455a5c1c0cb808a63eb885db1b961815935b8c7cd1610c60c4d6f2e2928e0,0.5879085659980774,0.5879085659980774,0.0
6385,98aab40d9db9331ae9bcddf3237a6770cd6a61ddfdcc541c3e49e204fba2c42d,0.594655841588974,0.594655841588974,0.0
6386,63f40b5e88b18c6c537bc39b24deb5592b7c529dda2f8bdf5a9d4564494479b2,0.6015981137752533,0.6015981137752533,0.0
6387,63f40b5e88b18c6c537bc39b24deb5592b7c529dda2f8bdf5a9d4564494479b2,0.6015981137752533,0.6015981137752533,0.0
6388,5f43a443090d6d1dbd5672749f4ba2dfc0c747cbc238d1b557c23d13c286d4fb,0.6036348342895508,0.6036348342895508,0.0
6389,e44e4854e1bf9642aae663686a8bb98a7656fb3262a6e979a8d9515aad693fb1,0.6101349890232086,0.6101349890232086,0.0
6390,e44e4854e1bf9642aae663686a8bb98a7656fb3262a6e979a8d9515aad693fb1,0.6101349890232086,0.6101349890232086,0.0
6391,610b2a01e38c3b5ac8a7f112125905c19feec96bea8d09e9506aefd7c6cd2fd3,0.539085865020752,0.539085865020752,0.0
6392,35c0698f7e4e8fe1461890d349c85263bc616bfde2f3ecda98e8090293c8a8fd,0.6287523806095123,0.6287523806095123,0.0
6393,35c0698f7e4e8fe1461890d349c85263bc616bfde2f3ecda98e8090293c8a8fd,0.6287523806095123,0.6287523806095123,0.0
6394,7b7aca1182ea7dffc754639d23b7e353be01823f492ef8dacce6004915e33e12,0.5957452058792114,0.5957452058792114,0.0
6395,34927ec357cfc5b2040fcda1cbf9c036d3647089f3c30cde78d554ca208dd8ba,0.5890529453754425,0.5890529453754425,0.0
6396,34927ec357cfc5b2040fcda1cbf9c036d3647089f3c30cde78d554ca208dd8ba,0.5890529453754425,0.5890529453754425,0.0
6397,90133f9ef2f356cc8bf4a32abd63f43f3c2d1be44248d8735c18afaac3146129,0.591002494096756,0.591002494096756,0.0
6398,9f74e7ee913c870f004016832ae06263d8d01d7020dd527cf99b38c14e2c5caf,0.595030665397644,0.595030665397644,0.0
6399,9f74e7ee913c870f004016832ae06263d8d01d7020dd527cf99b38c14e2c5caf,0.595030665397644,0.595030665397644,0.0
6400,586fe9376b7e094ae57441ef37ab1c9f65388fa685cc89b9993d30cb8d40ea91,0.5753562152385712,0.5753562152385712,0.0
6401,d4299e6578fe42a45498f2b4e2776b02991df6a1eed266adc3d1c432544f4ded,0.6922619044780731,0.6922619044780731,0.0
6402,d4299e6578fe42a45498f2b4e2776b02991df6a1eed266adc3d1c432544f4ded,0.6922619044780731,0.6922619044780731,0.0
6403,934603df68e341f48a838c3962110a97dccefaf456253c540b4ca56e9c38cd66,0.5907914936542511,0.5907914936542511,0.0
6404,d3a8180f26c0761d160a8af493fd66cb1489b3664e7e75ad57948633ec03cbd1,0.6049613356590271,0.6049613356590271,0.0
6405,d3a8180f26c0761d160a8af493fd66cb1489b3664e7e75ad57948633ec03cbd1,0.6049613356590271,0.6049613356590271,0.0
6406,bd968a34790e58c7260ff8676dd6fe5ea766acec18a5968cdf79e23a092224a9,0.619748055934906,0.619748055934906,0.0
6407,3fcd5f872017d091c9b9b490cc6fd96bd4655244237ddbde1621f22d81de8c1c,0.5918194651603699,0.5918194651603699,0.0
6408,3fcd5f872017d091c9b9b490cc6fd96bd4655244237ddbde1621f22d81de8c1c,0.5918194651603699,0.5918194651603699,0.0
6409,58383a4b0d4342ca068a211360945d96068a8a5ea2442889867977fc52ae6c1d,0.4759359359741211,0.4759359359741211,0.0
6410,c7b4a0fbbcfc043fc2f53908831481916ea6b4770ff3d36c531ccd8ca6016728,0.5223684906959534,0.5223684906959534,0.0
6411,c7b4a0fbbcfc043fc2f53908831481916ea6b4770ff3d36c531ccd8ca6016728,0.5223684906959534,0.5223684906959534,0.0
6412,378553eca47a425805a6fe49c6b933835f945f356c1496f86b54770002fb869c,0.4731966257095337,0.4731966257095337,0.0
6413,fb2070823160aa97beca211077c23e397cf596b711916c1b8e424035be32d643,0.529625654220581,0.529625654220581,0.0
6414,fb2070823160aa97beca211077c23e397cf596b711916c1b8e424035be32d643,0.529625654220581,0.529625654220581,0.0
6415,97237d2c3df71dd2f80e91b38280e80682c7284dceda2c1f166a776d7d21249f,0.6095997989177704,0.6095997989177704,0.0
6416,30b19549e4137be458318a670ff67dc92fe2ee414162c538fa4c69a631bc737a,0.5742993950843811,0.5742993950843811,0.0
6417,30b19549e4137be458318a670ff67dc92fe2ee414162c538fa4c69a631bc737a,0.5742993950843811,0.5742993950843811,0.0
6418,5e984d3fa5abf538cfe91c18430028c257d89cf8b757ddff9cf805c7f36e9521,0.5912789404392242,0.5912789404392242,0.0
6419,b63cb2795b68c2350fd2d99d46e89e302f3f2f3399c848c87b4e8dd1ffb9f916,0.7173836827278137,0.7173836827278137,0.0
6420,b63cb2795b68c2350fd2d99d46e89e302f3f2f3399c848c87b4e8dd1ffb9f916,0.7173836827278137,0.7173836827278137,0.0
6421,a7c77f5a225e9c2fad225d4139db566b4d9120213141aeed373bb2ece5f9dbd2,0.6079907715320587,0.6079907715320587,0.0
6422,28fc0397973f7aa9ca3d30e435964d297308cd928a24503bc8de5de551f767b6,0.5767276585102081,0.5767276585102081,0.0
6423,28fc0397973f7aa9ca3d30e435964d297308cd928a24503bc8de5de551f767b6,0.5767276585102081,0.5767276585102081,0.0
6424,1653a4a0dbb58e9482fc0838d716662eae22976adb0f350ed99a6c5ee36e71ef,0.647249162197113,0.647249162197113,0.0
6425,e0deb9d1a20321478523aadd412355e0803fcd46e354eace7a1d66a90e0639ca,0.6344912648200989,0.6344912648200989,0.0
6426,e0deb9d1a20321478523aadd412355e0803fcd46e354eace7a1d66a90e0639ca,0.6344912648200989,0.6344912648200989,0.0
6427,f7fca0715333a9e95be4a72112620eb67b3a8b71ed7d99cde262a99597ead419,0.6776280403137207,0.6776280403137207,0.0
6428,2e42b88ce49d69819a27a089591344f998159dc89352f299fd5f0288c9e4181c,0.7572187930345535,0.7572187930345535,0.0
6429,2e42b88ce49d69819a27a089591344f998159dc89352f299fd5f0288c9e4181c,0.7572187930345535,0.7572187930345535,0.0
6430,bad6dc3bd87a07c9ccfda25924f09e6a929c90100ba49969b519a1621aa4e745,0.6556699275970459,0.6556699275970459,0.0
6431,ef6c02f13ff6e39c0a1243d4113efe6be8c634cc517433a2e99e0781390ed3b5,0.6307750046253204,0.6307750046253204,0.0
6432,ef6c02f13ff6e39c0a1243d4113efe6be8c634cc517433a2e99e0781390ed3b5,0.6307750046253204,0.6307750046253204,0.0
6433,ada7e80e0fe280fb60ca8a5baa48c96ffca44d0a7cb1ca66942d2f87f4ba8f35,0.5149631500244141,0.5149631500244141,0.0
6434,0b9d7dccf694f0e20b19cf68dd7edf1cae84a5abea7ac556d5963afa4635fa37,0.4545007944107055,0.45450079441070557,5.551115123125783e-17
6435,0b9d7dccf694f0e20b19cf68dd7edf1cae84a5abea7ac556d5963afa4635fa37,0.4545007944107055,0.45450079441070557,5.551115123125783e-17
6436,0fb04d934f74dfc4b96f6b05b4875ed451b944bc39d548b7e894000157e95088,0.6493087112903595,0.6493087112903595,0.0
6437,579ae514a4944e898808737ddda56f62c28bea5f2022332e40229b494d1fe145,0.6232103109359741,0.6232103109359741,0.0
6438,579ae514a4944e898808737ddda56f62c28bea5f2022332e40229b494d1fe145,0.6232103109359741,0.6232103109359741,0.0
6439,7881296ec85e4cf88220baa6ab231dbff68ab2cc77bbc15e61368f02c6978a6f,0.5899388790130615,0.5899388790130615,0.0
6440,1509c7a199bb4cb6712196cb2cbb2a127f29882be7c8068eed759a4d1936a8c0,0.552584171295166,0.552584171295166,0.0
6441,1509c7a199bb4cb6712196cb2cbb2a127f29882be7c8068eed759a4d1936a8c0,0.552584171295166,0.552584171295166,0.0
6442,4d547b40c740c9bd54d384f0624157addfe18c01da63e68325086455629909f7,0.6005275845527649,0.6005275845527649,0.0
6443,4bf947926f6acb7b3b42fdf9fed6d42dec910674a41f860886ec6bf7c0a1705c,0.5307970941066742,0.5307970941066742,0.0
6444,4bf947926f6acb7b3b42fdf9fed6d42dec910674a41f860886ec6bf7c0a1705c,0.5307970941066742,0.5307970941066742,0.0
6445,efda09b8e8b8ad51c0257150a67e54d0f9011207b474bb256c04b5dc535bcbb7,0.5760874152183533,0.5760874152183533,0.0
6446,df285a58cc5ec05d2ad9f98f9a45f0ac7ae1129fc4d82d9247ab7f80320ef970,0.5654527246952057,0.5654527246952057,0.0
6447,df285a58cc5ec05d2ad9f98f9a45f0ac7ae1129fc4d82d9247ab7f80320ef970,0.5654527246952057,0.5654527246952057,0.0
6448,4529bf289e88e54440d0181dc2f8aa059f60c7735013d7ca3052923218495cca,0.4728731513023376,0.47287315130233765,5.551115123125783e-17
6449,071790c0eab4308d8ff3536cf47bb554085c3fdfba3234205ea2687072bc7e58,0.5623862743377686,0.5623862743377686,0.0
6450,071790c0eab4308d8ff3536cf47bb554085c3fdfba3234205ea2687072bc7e58,0.5623862743377686,0.5623862743377686,0.0
6451,3eb584ec87ddecd73e766f4c513b64eea56b955855f219395c7a48a505b9e1f5,0.5717001557350159,0.5717001557350159,0.0
6452,704ec3bca4991ae590f660e083725dda79ac71ff1cb46a5aa3306f205e57a2d5,0.6473213136196136,0.6473213136196136,0.0
6453,704ec3bca4991ae590f660e083725dda79ac71ff1cb46a5aa3306f205e57a2d5,0.6473213136196136,0.6473213136196136,0.0
6454,690dac9952a966aa418fac150b9d3875d0353a07b49e4363ea95acddd992f68e,0.5607163310050964,0.5607163310050964,0.0
6455,7fabbd733e99be2d6a0d8954b800eff0af6bacbd1a4f6814b3f90fc6ba9c501e,0.53986856341362,0.53986856341362,0.0
6456,7fabbd733e99be2d6a0d8954b800eff0af6bacbd1a4f6814b3f90fc6ba9c501e,0.53986856341362,0.53986856341362,0.0
6457,99c0047a590e7c85ad44ae7e28dfc4a2df17857df1e008aa7b093d828afc2847,0.6840507388114929,0.6840507388114929,0.0
6458,09c7196aa4de03f5991851e5d686b6cbf39b99b3b4ce65dd6a6a46e95f0a2234,0.6746698021888733,0.6746698021888733,0.0
6459,09c7196aa4de03f5991851e5d686b6cbf39b99b3b4ce65dd6a6a46e95f0a2234,0.6746698021888733,0.6746698021888733,0.0
6460,256f28f788aefb28e0fd3fa2d6c6694f090e59b051552ee1670af38471ed05e3,0.5614125728607178,0.5614125728607178,0.0
6461,b3da2779c64a6552232a5a3d14a4e5545ccee2592e317b00e24b1cf288a3435c,0.5194415152072906,0.5194415152072906,0.0
6462,b3da2779c64a6552232a5a3d14a4e5545ccee2592e317b00e24b1cf288a3435c,0.5194415152072906,0.5194415152072906,0.0
6463,0cee52a4cc7dcafb66b923e20a437e5e14a9f24c814c6ae4a9e15dc4c5662b40,0.6510955989360809,0.6510955989360809,0.0
6464,4b128410da2b5a5995946fa808ec6af19721d5e6adc3cdecec1a288c5b3dc29d,0.5500437021255493,0.5500437021255493,0.0
6465,4b128410da2b5a5995946fa808ec6af19721d5e6adc3cdecec1a288c5b3dc29d,0.5500437021255493,0.5500437021255493,0.0
6466,d6b7fc8089cfb4bb3532d446a3fb5db0e2c43dc610569fc37333ead5f9af72be,0.5620201528072357,0.5620201528072357,0.0
6467,ed1992cbcb576aba3235985ab6a997f61c0881682d4720b683c8beb1a8e2750f,0.524536520242691,0.524536520242691,0.0
6468,ed1992cbcb576aba3235985ab6a997f61c0881682d4720b683c8beb1a8e2750f,0.524536520242691,0.524536520242691,0.0
6469,cb1ea35c4fad4b31ab1a78739edc46fa7911cd5d2a179652ff1587ed9a78884d,0.5823162198066711,0.5823162198066711,0.0
6470,e7c208566d3d12cd2fcd47714a43f8e0dae1e98f5545eff40a221cb573b44556,0.5182533264160156,0.5182533264160156,0.0
6471,e7c208566d3d12cd2fcd47714a43f8e0dae1e98f5545eff40a221cb573b44556,0.5182533264160156,0.5182533264160156,0.0
6472,f2dc3b32aaa8f6f97a1b390b8d46235b90755368ecb6fbc231b6f45fd8821961,0.5522853434085846,0.5522853434085846,0.0
6473,59b455a5c1c0cb808a63eb885db1b961815935b8c7cd1610c60c4d6f2e2928e0,0.5879085659980774,0.5879085659980774,0.0
6474,59b455a5c1c0cb808a63eb885db1b961815935b8c7cd1610c60c4d6f2e2928e0,0.5879085659980774,0.5879085659980774,0.0
6475,98aab40d9db9331ae9bcddf3237a6770cd6a61ddfdcc541c3e49e204fba2c42d,0.594655841588974,0.594655841588974,0.0
6476,63f40b5e88b18c6c537bc39b24deb5592b7c529dda2f8bdf5a9d4564494479b2,0.6015981137752533,0.6015981137752533,0.0
6477,63f40b5e88b18c6c537bc39b24deb5592b7c529dda2f8bdf5a9d4564494479b2,0.6015981137752533,0.6015981137752533,0.0
6478,5f43a443090d6d1dbd5672749f4ba2dfc0c747cbc238d1b557c23d13c286d4fb,0.6036348342895508,0.6036348342895508,0.0
6479,e44e4854e1bf9642aae663686a8bb98a7656fb3262a6e979a8d9515aad693fb1,0.6101349890232086,0.6101349890232086,0.0
6480,e44e4854e1bf9642aae663686a8bb98a7656fb3262a6e979a8d9515aad693fb1,0.6101349890232086,0.6101349890232086,0.0
6481,610b2a01e38c3b5ac8a7f112125905c19feec96bea8d09e9506aefd7c6cd2fd3,0.539085865020752,0.539085865020752,0.0
6482,35c0698f7e4e8fe1461890d349c85263bc616bfde2f3ecda98e8090293c8a8fd,0.6287523806095123,0.6287523806095123,0.0
6483,35c0698f7e4e8fe1461890d349c85263bc616bfde2f3ecda98e8090293c8a8fd,0.6287523806095123,0.6287523806095123,0.0
6484,7b7aca1182ea7dffc754639d23b7e353be01823f492ef8dacce6004915e33e12,0.5957452058792114,0.5957452058792114,0.0
6485,34927ec357cfc5b2040fcda1cbf9c036d3647089f3c30cde78d554ca208dd8ba,0.5890529453754425,0.5890529453754425,0.0
6486,34927ec357cfc5b2040fcda1cbf9c036d3647089f3c30cde78d554ca208dd8ba,0.5890529453754425,0.5890529453754425,0.0
6487,90133f9ef2f356cc8bf4a32abd63f43f3c2d1be44248d8735c18afaac3146129,0.591002494096756,0.591002494096756,0.0
6488,9f74e7ee913c870f004016832ae06263d8d01d7020dd527cf99b38c14e2c5caf,0.595030665397644,0.595030665397644,0.0
6489,9f74e7ee913c870f004016832ae06263d8d01d7020dd527cf99b38c14e2c5caf,0.595030665397644,0.595030665397644,0.0
6490,586fe9376b7e094ae57441ef37ab1c9f65388fa685cc89b9993d30cb8d40ea91,0.5753562152385712,0.5753562152385712,0.0
6491,d4299e6578fe42a45498f2b4e2776b02991df6a1eed266adc3d1c432544f4ded,0.6922619044780731,0.6922619044780731,0.0
6492,d4299e6578fe42a45498f2b4e2776b02991df6a1eed266adc3d1c432544f4ded,0.6922619044780731,0.6922619044780731,0.0
6493,934603df68e341f48a838c3962110a97dccefaf456253c540b4ca56e9c38cd66,0.5907914936542511,0.5907914936542511,0.0
6494,d3a8180f26c0761d160a8af493fd66cb1489b3664e7e75ad57948633ec03cbd1,0.6049613356590271,0.6049613356590271,0.0
6495,d3a8180f26c0761d160a8af493fd66cb1489b3664e7e75ad57948633ec03cbd1,0.6049613356590271,0.6049613356590271,0.0
6496,bd968a34790e58c7260ff8676dd6fe5ea766acec18a5968cdf79e23a092224a9,0.619748055934906,0.619748055934906,0.0
6497,3fcd5f872017d091c9b9b490cc6fd96bd4655244237ddbde1621f22d81de8c1c,0.5918194651603699,0.5918194651603699,0.0
6498,3fcd5f872017d091c9b9b490cc6fd96bd4655244237ddbde1621f22d81de8c1c,0.5918194651603699,0.5918194651603699,0.0
6499,58383a4b0d4342ca068a211360945d96068a8a5ea2442889867977fc52ae6c1d,0.4759359359741211,0.4759359359741211,0.0
6500,c7b4a0fbbcfc043fc2f53908831481916ea6b4770ff3d36c531ccd8ca6016728,0.5223684906959534,0.5223684906959534,0.0
6501,c7b4a0fbbcfc043fc2f53908831481916ea6b4770ff3d36c531ccd8ca6016728,0.5223684906959534,0.5223684906959534,0.0
6502,378553eca47a425805a6fe49c6b933835f945f356c1496f86b54770002fb869c,0.4731966257095337,0.4731966257095337,0.0
6503,fb2070823160aa97beca211077c23e397cf596b711916c1b8e424035be32d643,0.529625654220581,0.529625654220581,0.0
6504,fb2070823160aa97beca211077c23e397cf596b711916c1b8e424035be32d643,0.529625654220581,0.529625654220581,0.0
6505,97237d2c3df71dd2f80e91b38280e80682c7284dceda2c1f166a776d7d21249f,0.6095997989177704,0.6095997989177704,0.0
6506,30b19549e4137be458318a670ff67dc92fe2ee414162c538fa4c69a631bc737a,0.5742993950843811,0.5742993950843811,0.0
6507,30b19549e4137be458318a670ff67dc92fe2ee414162c538fa4c69a631bc737a,0.5742993950843811,0.5742993950843811,0.0
6508,5e984d3fa5abf538cfe91c18430028c257d89cf8b757ddff9cf805c7f36e9521,0.5912789404392242,0.5912789404392242,0.0
6509,b63cb2795b68c2350fd2d99d46e89e302f3f2f3399c848c87b4e8dd1ffb9f916,0.7173836827278137,0.7173836827278137,0.0
6510,b63cb2795b68c2350fd2d99d46e89e302f3f2f3399c848c87b4e8dd1ffb9f916,0.7173836827278137,0.7173836827278137,0.0
6511,a7c77f5a225e9c2fad225d4139db566b4d9120213141aeed373bb2ece5f9dbd2,0.6079907715320587,0.6079907715320587,0.0
6512,28fc0397973f7aa9ca3d30e435964d297308cd928a24503bc8de5de551f767b6,0.5767276585102081,0.5767276585102081,0.0
6513,28fc0397973f7aa9ca3d30e435964d297308cd928a24503bc8de5de551f767b6,0.5767276585102081,0.5767276585102081,0.0
6514,1653a4a0dbb58e9482fc0838d716662eae22976adb0f350ed99a6c5ee36e71ef,0.647249162197113,0.647249162197113,0.0
6515,e0deb9d1a20321478523aadd412355e0803fcd46e354eace7a1d66a90e0639ca,0.6344912648200989,0.6344912648200989,0.0
6516,e0deb9d1a20321478523aadd412355e0803fcd46e354eace7a1d66a90e0639ca,0.6344912648200989,0.6344912648200989,0.0
6517,f7fca0715333a9e95be4a72112620eb67b3a8b71ed7d99cde262a99597ead419,0.6776280403137207,0.6776280403137207,0.0
6518,2e42b88ce49d69819a27a089591344f998159dc89352f299fd5f0288c9e4181c,0.7572187930345535,0.7572187930345535,0.0
6519,2e42b88ce49d69819a27a089591344f998159dc89352f299fd5f0288c9e4181c,0.7572187930345535,0.7572187930345535,0.0
6520,bad6dc3bd87a07c9ccfda25924f09e6a929c90100ba49969b519a1621aa4e745,0.6556699275970459,0.6556699275970459,0.0
6521,ef6c02f13ff6e39c0a1243d4113efe6be8c634cc517433a2e99e0781390ed3b5,0.6307750046253204,0.6307750046253204,0.0
6522,ef6c02f13ff6e39c0a1243d4113efe6be8c634cc517433a2e99e0781390ed3b5,0.6307750046253204,0.6307750046253204,0.0
6523,ada7e80e0fe280fb60ca8a5baa48c96ffca44d0a7cb1ca66942d2f87f4ba8f35,0.5149631500244141,0.5149631500244141,0.0
6524,0b9d7dccf694f0e20b19cf68dd7edf1cae84a5abea7ac556d5963afa4635fa37,0.4545007944107055,0.45450079441070557,5.551115123125783e-17
6525,0b9d7dccf694f0e20b19cf68dd7edf1cae84a5abea7ac556d5963afa4635fa37,0.4545007944107055,0.45450079441070557,5.551115123125783e-17
6526,0fb04d934f74dfc4b96f6b05b4875ed451b944bc39d548b7e894000157e95088,0.6493087112903595,0.6493087112903595,0.0
6527,579ae514a4944e898808737ddda56f62c28bea5f2022332e40229b494d1fe145,0.6232103109359741,0.6232103109359741,0.0
6528,579ae514a4944e898808737ddda56f62c28bea5f2022332e40229b494d1fe145,0.6232103109359741,0.6232103109359741,0.0
6529,7881296ec85e4cf88220baa6ab231dbff68ab2cc77bbc15e61368f02c6978a6f,0.5899388790130615,0.5899388790130615,0.0
6530,1509c7a199bb4cb6712196cb2cbb2a127f29882be7c8068eed759a4d1936a8c0,0.552584171295166,0.552584171295166,0.0
6531,1509c7a199bb4cb6712196cb2cbb2a127f29882be7c8068eed759a4d1936a8c0,0.552584171295166,0.552584171295166,0.0
6532,4d547b40c740c9bd54d384f0624157addfe18c01da63e68325086455629909f7,0.6005275845527649,0.6005275845527649,0.0
6533,4bf947926f6acb7b3b42fdf9fed6d42dec910674a41f860886ec6bf7c0a1705c,0.5307970941066742,0.5307970941066742,0.0
6534,4bf947926f6acb7b3b42fdf9fed6d42dec910674a41f860886ec6bf7c0a1705c,0.5307970941066742,0.5307970941066742,0.0
6535,efda09b8e8b8ad51c0257150a67e54d0f9011207b474bb256c04b5dc535bcbb7,0.5760874152183533,0.5760874152183533,0.0
6536,df285a58cc5ec05d2ad9f98f9a45f0ac7ae1129fc4d82d9247ab7f80320ef970,0.5654527246952057,0.5654527246952057,0.0
6537,df285a58cc5ec05d2ad9f98f9a45f0ac7ae1129fc4d82d9247ab7f80320ef970,0.5654527246952057,0.5654527246952057,0.0
6538,4529bf289e88e54440d0181dc2f8aa059f60c7735013d7ca3052923218495cca,0.4728731513023376,0.47287315130233765,5.551115123125783e-17
6539,071790c0eab4308d8ff3536cf47bb554085c3fdfba3234205ea2687072bc7e58,0.5623862743377686,0.5623862743377686,0.0
6540,071790c0eab4308d8ff3536cf47bb554085c3fdfba3234205ea2687072bc7e58,0.5623862743377686,0.5623862743377686,0.0
6541,3eb584ec87ddecd73e766f4c513b64eea56b955855f219395c7a48a505b9e1f5,0.5717001557350159,0.5717001557350159,0.0
6542,704ec3bca4991ae590f660e083725dda79ac71ff1cb46a5aa3306f205e57a2d5,0.6473213136196136,0.6473213136196136,0.0
6543,704ec3bca4991ae590f660e083725dda79ac71ff1cb46a5aa3306f205e57a2d5,0.6473213136196136,0.6473213136196136,0.0
6544,690dac9952a966aa418fac150b9d3875d0353a07b49e4363ea95acddd992f68e,0.5607163310050964,0.5607163310050964,0.0
6545,7fabbd733e99be2d6a0d8954b800eff0af6bacbd1a4f6814b3f90fc6ba9c501e,0.53986856341362,0.53986856341362,0.0
6546,7fabbd733e99be2d6a0d8954b800eff0af6bacbd1a4f6814b3f90fc6ba9c501e,0.53986856341362,0.53986856341362,0.0
6547,99c0047a590e7c85ad44ae7e28dfc4a2df17857df1e008aa7b093d828afc2847,0.6840507388114929,0.6840507388114929,0.0
6548,09c7196aa4de03f5991851e5d686b6cbf39b99b3b4ce65dd6a6a46e95f0a2234,0.6746698021888733,0.6746698021888733,0.0
6549,09c7196aa4de03f5991851e5d686b6cbf39b99b3b4ce65dd6a6a46e95f0a2234,0.6746698021888733,0.6746698021888733,0.0
6550,256f28f788aefb28e0fd3fa2d6c6694f090e59b051552ee1670af38471ed05e3,0.5614125728607178,0.5614125728607178,0.0
6551,b3da2779c64a6552232a5a3d14a4e5545ccee2592e317b00e24b1cf288a3435c,0.5194415152072906,0.5194415152072906,0.0
6552,b3da2779c64a6552232a5a3d14a4e5545ccee2592e317b00e24b1cf288a3435c,0.5194415152072906,0.5194415152072906,0.0
6553,0cee52a4cc7dcafb66b923e20a437e5e14a9f24c814c6ae4a9e15dc4c5662b40,0.6510955989360809,0.6510955989360809,0.0
6554,4b128410da2b5a5995946fa808ec6af19721d5e6adc3cdecec1a288c5b3dc29d,0.5500437021255493,0.5500437021255493,0.0
6555,4b128410da2b5a5995946fa808ec6af19721d5e6adc3cdecec1a288c5b3dc29d,0.5500437021255493,0.5500437021255493,0.0
6556,d6b7fc8089cfb4bb3532d446a3fb5db0e2c43dc610569fc37333ead5f9af72be,0.5620201528072357,0.5620201528072357,0.0
6557,ed1992cbcb576aba3235985ab6a997f61c0881682d4720b683c8beb1a8e2750f,0.524536520242691,0.524536520242691,0.0
6558,ed1992cbcb576aba3235985ab6a997f61c0881682d4720b683c8beb1a8e2750f,0.524536520242691,0.524536520242691,0.0
6559,cb1ea35c4fad4b31ab1a78739edc46fa7911cd5d2a179652ff1587ed9a78884d,0.5823162198066711,0.5823162198066711,0.0
6560,e7c208566d3d12cd2fcd47714a43f8e0dae1e98f5545eff40a221cb573b44556,0.5182533264160156,0.5182533264160156,0.0
6561,e7c208566d3d12cd2fcd47714a43f8e0dae1e98f5545eff40a221cb573b44556,0.5182533264160156,0.5182533264160156,0.0
6562,f2dc3b32aaa8f6f97a1b390b8d46235b90755368ecb6fbc231b6f45fd8821961,0.5522853434085846,0.5522853434085846,0.0
6563,59b455a5c1c0cb808a63eb885db1b961815935b8c7cd1610c60c4d6f2e2928e0,0.5879085659980774,0.5879085659980774,0.0
6564,59b455a5c1c0cb808a63eb885db1b961815935b8c7cd1610c60c4d6f2e2928e0,0.5879085659980774,0.5879085659980774,0.0
6565,98aab40d9db9331ae9bcddf3237a6770cd6a61ddfdcc541c3e49e204fba2c42d,0.594655841588974,0.594655841588974,0.0
6566,63f40b5e88b18c6c537bc39b24deb5592b7c529dda2f8bdf5a9d4564494479b2,0.6015981137752533,0.6015981137752533,0.0
6567,63f40b5e88b18c6c537bc39b24deb5592b7c529dda2f8bdf5a9d4564494479b2,0.6015981137752533,0.6015981137752533,0.0
6568,5f43a443090d6d1dbd5672749f4ba2dfc0c747cbc238d1b557c23d13c286d4fb,0.6036348342895508,0.6036348342895508,0.0
6569,e44e4854e1bf9642aae663686a8bb98a7656fb3262a6e979a8d9515aad693fb1,0.6101349890232086,0.6101349890232086,0.0
6570,e44e4854e1bf9642aae663686a8bb98a7656fb3262a6e979a8d9515aad693fb1,0.6101349890232086,0.6101349890232086,0.0
6571,610b2a01e38c3b5ac8a7f112125905c19feec96bea8d09e9506aefd7c6cd2fd3,0.539085865020752,0.539085865020752,0.0
6572,35c0698f7e4e8fe1461890d349c85263bc616bfde2f3ecda98e8090293c8a8fd,0.6287523806095123,0.6287523806095123,0.0
6573,35c0698f7e4e8fe1461890d349c85263bc616bfde2f3ecda98e8090293c8a8fd,0.6287523806095123,0.6287523806095123,0.0
6574,7b7aca1182ea7dffc754639d23b7e353be01823f492ef8dacce6004915e33e12,0.5957452058792114,0.5957452058792114,0.0
6575,34927ec357cfc5b2040fcda1cbf9c036d3647089f3c30cde78d554ca208dd8ba,0.5890529453754425,0.5890529453754425,0.0
6576,34927ec357cfc5b2040fcda1cbf9c036d3647089f3c30cde78d554ca208dd8ba,0.5890529453754425,0.5890529453754425,0.0
6577,90133f9ef2f356cc8bf4a32abd63f43f3c2d1be44248d8735c18afaac3146129,0.591002494096756,0.591002494096756,0.0
6578,9f74e7ee913c870f004016832ae06263d8d01d7020dd527cf99b38c14e2c5caf,0.595030665397644,0.595030665397644,0.0
6579,9f74e7ee913c870f004016832ae06263d8d01d7020dd527cf99b38c14e2c5caf,0.595030665397644,0.595030665397644,0.0
6580,586fe9376b7e094ae57441ef37ab1c9f65388fa685cc89b9993d30cb8d40ea91,0.5753562152385712,0.5753562152385712,0.0
6581,d4299e6578fe42a45498f2b4e2776b02991df6a1eed266adc3d1c432544f4ded,0.6922619044780731,0.6922619044780731,0.0
6582,d4299e6578fe42a45498f2b4e2776b02991df6a1eed266adc3d1c432544f4ded,0.6922619044780731,0.6922619044780731,0.0
6583,934603df68e341f48a838c3962110a97dccefaf456253c540b4ca56e9c38cd66,0.5907914936542511,0.5907914936542511,0.0
6584,d3a8180f26c0761d160a8af493fd66cb1489b3664e7e75ad57948633ec03cbd1,0.6049613356590271,0.6049613356590271,0.0
6585,d3a8180f26c0761d160a8af493fd66cb1489b3664e7e75ad57948633ec03cbd1,0.6049613356590271,0.6049613356590271,0.0
6586,bd968a34790e58c7260ff8676dd6fe5ea766acec18a5968cdf79e23a092224a9,0.619748055934906,0.619748055934906,0.0
6587,3fcd5f872017d091c9b9b490cc6fd96bd4655244237ddbde1621f22d81de8c1c,0.5918194651603699,0.5918194651603699,0.0
6588,3fcd5f872017d091c9b9b490cc6fd96bd4655244237ddbde1621f22d81de8c1c,0.5918194651603699,0.5918194651603699,0.0
6589,58383a4b0d4342ca068a211360945d96068a8a5ea2442889867977fc52ae6c1d,0.4759359359741211,0.4759359359741211,0.0
6590,c7b4a0fbbcfc043fc2f53908831481916ea6b4770ff3d36c531ccd8ca6016728,0.5223684906959534,0.5223684906959534,0.0
6591,c7b4a0fbbcfc043fc2f53908831481916ea6b4770ff3d36c531ccd8ca6016728,0.5223684906959534,0.5223684906959534,0.0
6592,378553eca47a425805a6fe49c6b933835f945f356c1496f86b54770002fb869c,0.4731966257095337,0.4731966257095337,0.0
6593,fb2070823160aa97beca211077c23e397cf596b711916c1b8e424035be32d643,0.529625654220581,0.529625654220581,0.0
6594,fb2070823160aa97beca211077c23e397cf596b711916c1b8e424035be32d643,0.529625654220581,0.529625654220581,0.0
6595,97237d2c3df71dd2f80e91b38280e80682c7284dceda2c1f166a776d7d21249f,0.6095997989177704,0.6095997989177704,0.0
6596,30b19549e4137be458318a670ff67dc92fe2ee414162c538fa4c69a631bc737a,0.5742993950843811,0.5742993950843811,0.0
6597,30b19549e4137be458318a670ff67dc92fe2ee414162c538fa4c69a631bc737a,0.5742993950843811,0.5742993950843811,0.0
6598,5e984d3fa5abf538cfe91c18430028c257d89cf8b757ddff9cf805c7f36e9521,0.5912789404392242,0.5912789404392242,0.0
6599,b63cb2795b68c2350fd2d99d46e89e302f3f2f3399c848c87b4e8dd1ffb9f916,0.7173836827278137,0.7173836827278137,0.0
6600,b63cb2795b68c2350fd2d99d46e89e302f3f2f3399c848c87b4e8dd1ffb9f916,0.7173836827278137,0.7173836827278137,0.0
6601,a7c77f5a225e9c2fad225d4139db566b4d9120213141aeed373bb2ece5f9dbd2,0.6079907715320587,0.6079907715320587,0.0
6602,28fc0397973f7aa9ca3d30e435964d297308cd928a24503bc8de5de551f767b6,0.5767276585102081,0.5767276585102081,0.0
6603,28fc0397973f7aa9ca3d30e435964d297308cd928a24503bc8de5de551f767b6,0.5767276585102081,0.5767276585102081,0.0
6604,1653a4a0dbb58e9482fc0838d716662eae22976adb0f350ed99a6c5ee36e71ef,0.647249162197113,0.647249162197113,0.0
6605,e0deb9d1a20321478523aadd412355e0803fcd46e354eace7a1d66a90e0639ca,0.6344912648200989,0.6344912648200989,0.0
6606,e0deb9d1a20321478523aadd412355e0803fcd46e354eace7a1d66a90e0639ca,0.6344912648200989,0.6344912648200989,0.0
6607,f7fca0715333a9e95be4a72112620eb67b3a8b71ed7d99cde262a99597ead419,0.6776280403137207,0.6776280403137207,0.0
6608,2e42b88ce49d69819a27a089591344f998159dc89352f299fd5f0288c9e4181c,0.7572187930345535,0.7572187930345535,0.0
6609,2e42b88ce49d69819a27a089591344f998159dc89352f299fd5f0288c9e4181c,0.7572187930345535,0.7572187930345535,0.0
6610,bad6dc3bd87a07c9ccfda25924f09e6a929c90100ba49969b519a1621aa4e745,0.6556699275970459,0.6556699275970459,0.0
6611,ef6c02f13ff6e39c0a1243d4113efe6be8c634cc517433a2e99e0781390ed3b5,0.6307750046253204,0.6307750046253204,0.0
6612,ef6c02f13ff6e39c0a1243d4113efe6be8c634cc517433a2e99e0781390ed3b5,0.6307750046253204,0.6307750046253204,0.0
6613,ada7e80e0fe280fb60ca8a5baa48c96ffca44d0a7cb1ca66942d2f87f4ba8f35,0.5149631500244141,0.5149631500244141,0.0
6614,0b9d7dccf694f0e20b19cf68dd7edf1cae84a5abea7ac556d5963afa4635fa37,0.4545007944107055,0.45450079441070557,5.551115123125783e-17
6615,0b9d7dccf694f0e20b19cf68dd7edf1cae84a5abea7ac556d5963afa4635fa37,0.4545007944107055,0.45450079441070557,5.551115123125783e-17
6616,0fb04d934f74dfc4b96f6b05b4875ed451b944bc39d548b7e894000157e95088,0.6493087112903595,0.6493087112903595,0.0
6617,579ae514a4944e898808737ddda56f62c28bea5f2022332e40229b494d1fe145,0.6232103109359741,0.6232103109359741,0.0
6618,579ae514a4944e898808737ddda56f62c28bea5f2022332e40229b494d1fe145,0.6232103109359741,0.6232103109359741,0.0
6619,7881296ec85e4cf88220baa6ab231dbff68ab2cc77bbc15e61368f02c6978a6f,0.5899388790130615,0.5899388790130615,0.0
6620,1509c7a199bb4cb6712196cb2cbb2a127f29882be7c8068eed759a4d1936a8c0,0.552584171295166,0.552584171295166,0.0
6621,1509c7a199bb4cb6712196cb2cbb2a127f29882be7c8068eed759a4d1936a8c0,0.552584171295166,0.552584171295166,0.0
6622,4d547b40c740c9bd54d384f0624157addfe18c01da63e68325086455629909f7,0.6005275845527649,0.6005275845527649,0.0
6623,4bf947926f6acb7b3b42fdf9fed6d42dec910674a41f860886ec6bf7c0a1705c,0.5307970941066742,0.5307970941066742,0.0
6624,4bf947926f6acb7b3b42fdf9fed6d42dec910674a41f860886ec6bf7c0a1705c,0.5307970941066742,0.5307970941066742,0.0
6625,efda09b8e8b8ad51c0257150a67e54d0f9011207b474bb256c04b5dc535bcbb7,0.5760874152183533,0.5760874152183533,0.0
6626,df285a58cc5ec05d2ad9f98f9a45f0ac7ae1129fc4d82d9247ab7f80320ef970,0.5654527246952057,0.5654527246952057,0.0
6627,df285a58cc5ec05d2ad9f98f9a45f0ac7ae1129fc4d82d9247ab7f80320ef970,0.5654527246952057,0.5654527246952057,0.0
6628,4529bf289e88e54440d0181dc2f8aa059f60c7735013d7ca3052923218495cca,0.4728731513023376,0.47287315130233765,5.551115123125783e-17
6629,071790c0eab4308d8ff3536cf47bb554085c3fdfba3234205ea2687072bc7e58,0.5623862743377686,0.5623862743377686,0.0
6630,071790c0eab4308d8ff3536cf47bb554085c3fdfba3234205ea2687072bc7e58,0.5623862743377686,0.5623862743377686,0.0
6631,3eb584ec87ddecd73e766f4c513b64eea56b955855f219395c7a48a505b9e1f5,0.5717001557350159,0.5717001557350159,0.0
6632,704ec3bca4991ae590f660e083725dda79ac71ff1cb46a5aa3306f205e57a2d5,0.6473213136196136,0.6473213136196136,0.0
6633,704ec3bca4991ae590f660e083725dda79ac71ff1cb46a5aa3306f205e57a2d5,0.6473213136196136,0.6473213136196136,0.0
6634,690dac9952a966aa418fac150b9d3875d0353a07b49e4363ea95acddd992f68e,0.5607163310050964,0.5607163310050964,0.0
6635,7fabbd733e99be2d6a0d8954b800eff0af6bacbd1a4f6814b3f90fc6ba9c501e,0.53986856341362,0.53986856341362,0.0
6636,7fabbd733e99be2d6a0d8954b800eff0af6bacbd1a4f6814b3f90fc6ba9c501e,0.53986856341362,0.53986856341362,0.0
6637,99c0047a590e7c85ad44ae7e28dfc4a2df17857df1e008aa7b093d828afc2847,0.6840507388114929,0.6840507388114929,0.0
6638,09c7196aa4de03f5991851e5d686b6cbf39b99b3b4ce65dd6a6a46e95f0a2234,0.6746698021888733,0.6746698021888733,0.0
6639,09c7196aa4de03f5991851e5d686b6cbf39b99b3b4ce65dd6a6a46e95f0a2234,0.6746698021888733,0.6746698021888733,0.0
6640,256f28f788aefb28e0fd3fa2d6c6694f090e59b051552ee1670af38471ed05e3,0.5614125728607178,0.5614125728607178,0.0
6641,b3da2779c64a6552232a5a3d14a4e5545ccee2592e317b00e24b1cf288a3435c,0.5194415152072906,0.5194415152072906,0.0
6642,b3da2779c64a6552232a5a3d14a4e5545ccee2592e317b00e24b1cf288a3435c,0.5194415152072906,0.5194415152072906,0.0
6643,0cee52a4cc7dcafb66b923e20a437e5e14a9f24c814c6ae4a9e15dc4c5662b40,0.6510955989360809,0.6510955989360809,0.0
6644,4b128410da2b5a5995946fa808ec6af19721d5e6adc3cdecec1a288c5b3dc29d,0.5500437021255493,0.5500437021255493,0.0
6645,4b128410da2b5a5995946fa808ec6af19721d5e6adc3cdecec1a288c5b3dc29d,0.5500437021255493,0.5500437021255493,0.0
6646,d6b7fc8089cfb4bb3532d446a3fb5db0e2c43dc610569fc37333ead5f9af72be,0.5620201528072357,0.5620201528072357,0.0
6647,ed1992cbcb576aba3235985ab6a997f61c0881682d4720b683c8beb1a8e2750f,0.524536520242691,0.524536520242691,0.0
6648,ed1992cbcb576aba3235985ab6a997f61c0881682d4720b683c8beb1a8e2750f,0.524536520242691,0.524536520242691,0.0
6649,cb1ea35c4fad4b31ab1a78739edc46fa7911cd5d2a179652ff1587ed9a78884d,0.5823162198066711,0.5823162198066711,0.0
6650,e7c208566d3d12cd2fcd47714a43f8e0dae1e98f5545eff40a221cb573b44556,0.5182533264160156,0.5182533264160156,0.0
6651,e7c208566d3d12cd2fcd47714a43f8e0dae1e98f5545eff40a221cb573b44556,0.5182533264160156,0.5182533264160156,0.0
6652,f2dc3b32aaa8f6f97a1b390b8d46235b90755368ecb6fbc231b6f45fd8821961,0.5522853434085846,0.5522853434085846,0.0
6653,59b455a5c1c0cb808a63eb885db1b961815935b8c7cd1610c60c4d6f2e2928e0,0.5879085659980774,0.5879085659980774,0.0
6654,59b455a5c1c0cb808a63eb885db1b961815935b8c7cd1610c60c4d6f2e2928e0,0.5879085659980774,0.5879085659980774,0.0
6655,98aab40d9db9331ae9bcddf3237a6770cd6a61ddfdcc541c3e49e204fba2c42d,0.594655841588974,0.594655841588974,0.0
6656,63f40b5e88b18c6c537bc39b24deb5592b7c529dda2f8bdf5a9d4564494479b2,0.6015981137752533,0.6015981137752533,0.0
6657,63f40b5e88b18c6c537bc39b24deb5592b7c529dda2f8bdf5a9d4564494479b2,0.6015981137752533,0.6015981137752533,0.0
6658,5f43a443090d6d1dbd5672749f4ba2dfc0c747cbc238d1b557c23d13c286d4fb,0.6036348342895508,0.6036348342895508,0.0
6659,e44e4854e1bf9642aae663686a8bb98a7656fb3262a6e979a8d9515aad693fb1,0.6101349890232086,0.6101349890232086,0.0
6660,e44e4854e1bf9642aae663686a8bb98a7656fb3262a6e979a8d9515aad693fb1,0.6101349890232086,0.6101349890232086,0.0
6661,610b2a01e38c3b5ac8a7f112125905c19feec96bea8d09e9506aefd7c6cd2fd3,0.539085865020752,0.539085865020752,0.0
6662,35c0698f7e4e8fe1461890d349c85263bc616bfde2f3ecda98e8090293c8a8fd,0.6287523806095123,0.6287523806095123,0.0
6663,35c0698f7e4e8fe1461890d349c85263bc616bfde2f3ecda98e8090293c8a8fd,0.6287523806095123,0.6287523806095123,0.0
6664,7b7aca1182ea7dffc754639d23b7e353be01823f492ef8dacce6004915e33e12,0.5957452058792114,0.5957452058792114,0.0
6665,34927ec357cfc5b2040fcda1cbf9c036d3647089f3c30cde78d554ca208dd8ba,0.5890529453754425,0.5890529453754425,0.0
6666,34927ec357cfc5b2040fcda1cbf9c036d3647089f3c30cde78d554ca208dd8ba,0.5890529453754425,0.5890529453754425,0.0
6667,90133f9ef2f356cc8bf4a32abd63f43f3c2d1be44248d8735c18afaac3146129,0.591002494096756,0.591002494096756,0.0
6668,9f74e7ee913c870f004016832ae06263d8d01d7020dd527cf99b38c14e2c5caf,0.595030665397644,0.595030665397644,0.0
6669,9f74e7ee913c870f004016832ae06263d8d01d7020dd527cf99b38c14e2c5caf,0.595030665397644,0.595030665397644,0.0
6670,586fe9376b7e094ae57441ef37ab1c9f65388fa685cc89b9993d30cb8d40ea91,0.5753562152385712,0.5753562152385712,0.0
6671,d4299e6578fe42a45498f2b4e2776b02991df6a1eed266adc3d1c432544f4ded,0.6922619044780731,0.6922619044780731,0.0
6672,d4299e6578fe42a45498f2b4e2776b02991df6a1eed266adc3d1c432544f4ded,0.6922619044780731,0.6922619044780731,0.0
6673,934603df68e341f48a838c3962110a97dccefaf456253c540b4ca56e9c38cd66,0.5907914936542511,0.5907914936542511,0.0
6674,d3a8180f26c0761d160a8af493fd66cb1489b3664e7e75ad57948633ec03cbd1,0.6049613356590271,0.6049613356590271,0.0
6675,d3a8180f26c0761d160a8af493fd66cb1489b3664e7e75ad57948633ec03cbd1,0.6049613356590271,0.6049613356590271,0.0
6676,bd968a34790e58c7260ff8676dd6fe5ea766acec18a5968cdf79e23a092224a9,0.619748055934906,0.619748055934906,0.0
6677,3fcd5f872017d091c9b9b490cc6fd96bd4655244237ddbde1621f22d81de8c1c,0.5918194651603699,0.5918194651603699,0.0
6678,3fcd5f872017d091c9b9b490cc6fd96bd4655244237ddbde1621f22d81de8c1c,0.5918194651603699,0.5918194651603699,0.0
6679,58383a4b0d4342ca068a211360945d96068a8a5ea2442889867977fc52ae6c1d,0.4759359359741211,0.4759359359741211,0.0
6680,c7b4a0fbbcfc043fc2f53908831481916ea6b4770ff3d36c531ccd8ca6016728,0.5223684906959534,0.5223684906959534,0.0
6681,c7b4a0fbbcfc043fc2f53908831481916ea6b4770ff3d36c531ccd8ca6016728,0.5223684906959534,0.5223684906959534,0.0
6682,378553eca47a425805a6fe49c6b933835f945f356c1496f86b54770002fb869c,0.4731966257095337,0.4731966257095337,0.0
6683,fb2070823160aa97beca211077c23e397cf596b711916c1b8e424035be32d643,0.529625654220581,0.529625654220581,0.0
6684,fb2070823160aa97beca211077c23e397cf596b711916c1b8e424035be32d643,0.529625654220581,0.529625654220581,0.0
6685,97237d2c3df71dd2f80e91b38280e80682c7284dceda2c1f166a776d7d21249f,0.6095997989177704,0.6095997989177704,0.0
6686,30b19549e4137be458318a670ff67dc92fe2ee414162c538fa4c69a631bc737a,0.5742993950843811,0.5742993950843811,0.0
6687,30b19549e4137be458318a670ff67dc92fe2ee414162c538fa4c69a631bc737a,0.5742993950843811,0.5742993950843811,0.0
6688,5e984d3fa5abf538cfe91c18430028c257d89cf8b757ddff9cf805c7f36e9521,0.5912789404392242,0.5912789404392242,0.0
6689,b63cb2795b68c2350fd2d99d46e89e302f3f2f3399c848c87b4e8dd1ffb9f916,0.7173836827278137,0.7173836827278137,0.0
6690,b63cb2795b68c2350fd2d99d46e89e302f3f2f3399c848c87b4e8dd1ffb9f916,0.7173836827278137,0.7173836827278137,0.0
6691,a7c77f5a225e9c2fad225d4139db566b4d9120213141aeed373bb2ece5f9dbd2,0.6079907715320587,0.6079907715320587,0.0
6692,28fc0397973f7aa9ca3d30e435964d297308cd928a24503bc8de5de551f767b6,0.5767276585102081,0.5767276585102081,0.0
6693,28fc0397973f7aa9ca3d30e435964d297308cd928a24503bc8de5de551f767b6,0.5767276585102081,0.5767276585102081,0.0
6694,1653a4a0dbb58e9482fc0838d716662eae22976adb0f350ed99a6c5ee36e71ef,0.647249162197113,0.647249162197113,0.0
6695,e0deb9d1a20321478523aadd412355e0803fcd46e354eace7a1d66a90e0639ca,0.6344912648200989,0.6344912648200989,0.0
6696,e0deb9d1a20321478523aadd412355e0803fcd46e354eace7a1d66a90e0639ca,0.6344912648200989,0.6344912648200989,0.0
6697,f7fca0715333a9e95be4a72112620eb67b3a8b71ed7d99cde262a99597ead419,0.6776280403137207,0.6776280403137207,0.0
6698,2e42b88ce49d69819a27a089591344f998159dc89352f299fd5f0288c9e4181c,0.7572187930345535,0.7572187930345535,0.0
6699,2e42b88ce49d69819a27a089591344f998159dc89352f299fd5f0288c9e4181c,0.7572187930345535,0.7572187930345535,0.0
6700,bad6dc3bd87a07c9ccfda25924f09e6a929c90100ba49969b519a1621aa4e745,0.6556699275970459,0.6556699275970459,0.0
6701,ef6c02f13ff6e39c0a1243d4113efe6be8c634cc517433a2e99e0781390ed3b5,0.6307750046253204,0.6307750046253204,0.0
6702,ef6c02f13ff6e39c0a1243d4113efe6be8c634cc517433a2e99e0781390ed3b5,0.6307750046253204,0.6307750046253204,0.0
6703,ada7e80e0fe280fb60ca8a5baa48c96ffca44d0a7cb1ca66942d2f87f4ba8f35,0.5149631500244141,0.5149631500244141,0.0
6704,0b9d7dccf694f0e20b19cf68dd7edf1cae84a5abea7ac556d5963afa4635fa37,0.4545007944107055,0.45450079441070557,5.551115123125783e-17
6705,0b9d7dccf694f0e20b19cf68dd7edf1cae84a5abea7ac556d5963afa4635fa37,0.4545007944107055,0.45450079441070557,5.551115123125783e-17
6706,0fb04d934f74dfc4b96f6b05b4875ed451b944bc39d548b7e894000157e95088,0.6493087112903595,0.6493087112903595,0.0
6707,579ae514a4944e898808737ddda56f62c28bea5f2022332e40229b494d1fe145,0.6232103109359741,0.6232103109359741,0.0
6708,579ae514a4944e898808737ddda56f62c28bea5f2022332e40229b494d1fe145,0.6232103109359741,0.6232103109359741,0.0
6709,7881296ec85e4cf88220baa6ab231dbff68ab2cc77bbc15e61368f02c6978a6f,0.5899388790130615,0.5899388790130615,0.0
6710,1509c7a199bb4cb6712196cb2cbb2a127f29882be7c8068eed759a4d1936a8c0,0.552584171295166,0.552584171295166,0.0
6711,1509c7a199bb4cb6712196cb2cbb2a127f29882be7c8068eed759a4d1936a8c0,0.552584171295166,0.552584171295166,0.0
6712,4d547b40c740c9bd54d384f0624157addfe18c01da63e68325086455629909f7,0.6005275845527649,0.6005275845527649,0.0
6713,4bf947926f6acb7b3b42fdf9fed6d42dec910674a41f860886ec6bf7c0a1705c,0.5307970941066742,0.5307970941066742,0.0
6714,4bf947926f6acb7b3b42fdf9fed6d42dec910674a41f860886ec6bf7c0a1705c,0.5307970941066742,0.5307970941066742,0.0
6715,efda09b8e8b8ad51c0257150a67e54d0f9011207b474bb256c04b5dc535bcbb7,0.5760874152183533,0.5760874152183533,0.0
6716,df285a58cc5ec05d2ad9f98f9a45f0ac7ae1129fc4d82d9247ab7f80320ef970,0.5654527246952057,0.5654527246952057,0.0
6717,df285a58cc5ec05d2ad9f98f9a45f0ac7ae1129fc4d82d9247ab7f80320ef970,0.5654527246952057,0.5654527246952057,0.0
6718,4529bf289e88e54440d0181dc2f8aa059f60c7735013d7ca3052923218495cca,0.4728731513023376,0.47287315130233765,5.551115123125783e-17
6719,071790c0eab4308d8ff3536cf47bb554085c3fdfba3234205ea2687072bc7e58,0.5623862743377686,0.5623862743377686,0.0
6720,071790c0eab4308d8ff3536cf47bb554085c3fdfba3234205ea2687072bc7e58,0.5623862743377686,0.5623862743377686,0.0
6721,3eb584ec87ddecd73e766f4c513b64eea56b955855f219395c7a48a505b9e1f5,0.5717001557350159,0.5717001557350159,0.0
6722,704ec3bca4991ae590f660e083725dda79ac71ff1cb46a5aa3306f205e57a2d5,0.6473213136196136,0.6473213136196136,0.0
6723,704ec3bca4991ae590f660e083725dda79ac71ff1cb46a5aa3306f205e57a2d5,0.6473213136196136,0.6473213136196136,0.0
6724,690dac9952a966aa418fac150b9d3875d0353a07b49e4363ea95acddd992f68e,0.5607163310050964,0.5607163310050964,0.0
6725,7fabbd733e99be2d6a0d8954b800eff0af6bacbd1a4f6814b3f90fc6ba9c501e,0.53986856341362,0.53986856341362,0.0
6726,7fabbd733e99be2d6a0d8954b800eff0af6bacbd1a4f6814b3f90fc6ba9c501e,0.53986856341362,0.53986856341362,0.0
6727,99c0047a590e7c85ad44ae7e28dfc4a2df17857df1e008aa7b093d828afc2847,0.6840507388114929,0.6840507388114929,0.0
6728,09c7196aa4de03f5991851e5d686b6cbf39b99b3b4ce65dd6a6a46e95f0a2234,0.6746698021888733,0.6746698021888733,0.0
6729,09c7196aa4de03f5991851e5d686b6cbf39b99b3b4ce65dd6a6a46e95f0a2234,0.6746698021888733,0.6746698021888733,0.0
6730,256f28f788aefb28e0fd3fa2d6c6694f090e59b051552ee1670af38471ed05e3,0.5614125728607178,0.5614125728607178,0.0
6731,b3da2779c64a6552232a5a3d14a4e5545ccee2592e317b00e24b1cf288a3435c,0.5194415152072906,0.5194415152072906,0.0
6732,b3da2779c64a6552232a5a3d14a4e5545ccee2592e317b00e24b1cf288a3435c,0.5194415152072906,0.5194415152072906,0.0
6733,0cee52a4cc7dcafb66b923e20a437e5e14a9f24c814c6ae4a9e15dc4c5662b40,0.6510955989360809,0.6510955989360809,0.0
6734,4b128410da2b5a5995946fa808ec6af19721d5e6adc3cdecec1a288c5b3dc29d,0.5500437021255493,0.5500437021255493,0.0
6735,4b128410da2b5a5995946fa808ec6af19721d5e6adc3cdecec1a288c5b3dc29d,0.5500437021255493,0.5500437021255493,0.0
6736,d6b7fc8089cfb4bb3532d446a3fb5db0e2c43dc610569fc37333ead5f9af72be,0.5620201528072357,0.5620201528072357,0.0
6737,ed1992cbcb576aba3235985ab6a997f61c0881682d4720b683c8beb1a8e2750f,0.524536520242691,0.524536520242691,0.0
6738,ed1992cbcb576aba3235985ab6a997f61c0881682d4720b683c8beb1a8e2750f,0.524536520242691,0.524536520242691,0.0
6739,cb1ea35c4fad4b31ab1a78739edc46fa7911cd5d2a179652ff1587ed9a78884d,0.5823162198066711,0.5823162198066711,0.0
6740,e7c208566d3d12cd2fcd47714a43f8e0dae1e98f5545eff40a221cb573b44556,0.5182533264160156,0.5182533264160156,0.0
6741,e7c208566d3d12cd2fcd47714a43f8e0dae1e98f5545eff40a221cb573b44556,0.5182533264160156,0.5182533264160156,0.0
6742,f2dc3b32aaa8f6f97a1b390b8d46235b90755368ecb6fbc231b6f45fd8821961,0.5522853434085846,0.5522853434085846,0.0
6743,59b455a5c1c0cb808a63eb885db1b961815935b8c7cd1610c60c4d6f2e2928e0,0.5879085659980774,0.5879085659980774,0.0
6744,59b455a5c1c0cb808a63eb885db1b961815935b8c7cd1610c60c4d6f2e2928e0,0.5879085659980774,0.5879085659980774,0.0
6745,98aab40d9db9331ae9bcddf3237a6770cd6a61ddfdcc541c3e49e204fba2c42d,0.594655841588974,0.594655841588974,0.0
6746,63f40b5e88b18c6c537bc39b24deb5592b7c529dda2f8bdf5a9d4564494479b2,0.6015981137752533,0.6015981137752533,0.0
6747,63f40b5e88b18c6c537bc39b24deb5592b7c529dda2f8bdf5a9d4564494479b2,0.6015981137752533,0.6015981137752533,0.0
6748,5f43a443090d6d1dbd5672749f4ba2dfc0c747cbc238d1b557c23d13c286d4fb,0.6036348342895508,0.6036348342895508,0.0
6749,e44e4854e1bf9642aae663686a8bb98a7656fb3262a6e979a8d9515aad693fb1,0.6101349890232086,0.6101349890232086,0.0
6750,e44e4854e1bf9642aae663686a8bb98a7656fb3262a6e979a8d9515aad693fb1,0.6101349890232086,0.6101349890232086,0.0
6751,610b2a01e38c3b5ac8a7f112125905c19feec96bea8d09e9506aefd7c6cd2fd3,0.539085865020752,0.539085865020752,0.0
6752,35c0698f7e4e8fe1461890d349c85263bc616bfde2f3ecda98e8090293c8a8fd,0.6287523806095123,0.6287523806095123,0.0
6753,35c0698f7e4e8fe1461890d349c85263bc616bfde2f3ecda98e8090293c8a8fd,0.6287523806095123,0.6287523806095123,0.0
6754,7b7aca1182ea7dffc754639d23b7e353be01823f492ef8dacce6004915e33e12,0.5957452058792114,0.5957452058792114,0.0
6755,34927ec357cfc5b2040fcda1cbf9c036d3647089f3c30cde78d554ca208dd8ba,0.5890529453754425,0.5890529453754425,0.0
6756,34927ec357cfc5b2040fcda1cbf9c036d3647089f3c30cde78d554ca208dd8ba,0.5890529453754425,0.5890529453754425,0.0
6757,90133f9ef2f356cc8bf4a32abd63f43f3c2d1be44248d8735c18afaac3146129,0.591002494096756,0.591002494096756,0.0
6758,9f74e7ee913c870f004016832ae06263d8d01d7020dd527cf99b38c14e2c5caf,0.595030665397644,0.595030665397644,0.0
6759,9f74e7ee913c870f004016832ae06263d8d01d7020dd527cf99b38c14e2c5caf,0.595030665397644,0.595030665397644,0.0
6760,586fe9376b7e094ae57441ef37ab1c9f65388fa685cc89b9993d30cb8d40ea91,0.5753562152385712,0.5753562152385712,0.0
6761,d4299e6578fe42a45498f2b4e2776b02991df6a1eed266adc3d1c432544f4ded,0.6922619044780731,0.6922619044780731,0.0
6762,d4299e6578fe42a45498f2b4e2776b02991df6a1eed266adc3d1c432544f4ded,0.6922619044780731,0.6922619044780731,0.0
6763,934603df68e341f48a838c3962110a97dccefaf456253c540b4ca56e9c38cd66,0.5907914936542511,0.5907914936542511,0.0
6764,d3a8180f26c0761d160a8af493fd66cb1489b3664e7e75ad57948633ec03cbd1,0.6049613356590271,0.6049613356590271,0.0
6765,d3a8180f26c0761d160a8af493fd66cb1489b3664e7e75ad57948633ec03cbd1,0.6049613356590271,0.6049613356590271,0.0
6766,bd968a34790e58c7260ff8676dd6fe5ea766acec18a5968cdf79e23a092224a9,0.619748055934906,0.619748055934906,0.0
6767,3fcd5f872017d091c9b9b490cc6fd96bd4655244237ddbde1621f22d81de8c1c,0.5918194651603699,0.5918194651603699,0.0
6768,3fcd5f872017d091c9b9b490cc6fd96bd4655244237ddbde1621f22d81de8c1c,0.5918194651603699,0.5918194651603699,0.0
6769,c7b4a0fbbcfc043fc2f53908831481916ea6b4770ff3d36c531ccd8ca6016728,0.5223684906959534,0.5223684906959534,0.0
6770,c7b4a0fbbcfc043fc2f53908831481916ea6b4770ff3d36c531ccd8ca6016728,0.5223684906959534,0.5223684906959534,0.0
6771,c7b4a0fbbcfc043fc2f53908831481916ea6b4770ff3d36c531ccd8ca6016728,0.5223684906959534,0.5223684906959534,0.0
6772,fb2070823160aa97beca211077c23e397cf596b711916c1b8e424035be32d643,0.529625654220581,0.529625654220581,0.0
6773,fb2070823160aa97beca211077c23e397cf596b711916c1b8e424035be32d643,0.529625654220581,0.529625654220581,0.0
6774,fb2070823160aa97beca211077c23e397cf596b711916c1b8e424035be32d643,0.529625654220581,0.529625654220581,0.0
6775,30b19549e4137be458318a670ff67dc92fe2ee414162c538fa4c69a631bc737a,0.5742993950843811,0.5742993950843811,0.0
6776,30b19549e4137be458318a670ff67dc92fe2ee414162c538fa4c69a631bc737a,0.5742993950843811,0.5742993950843811,0.0
6777,30b19549e4137be458318a670ff67dc92fe2ee414162c538fa4c69a631bc737a,0.5742993950843811,0.5742993950843811,0.0
6778,b63cb2795b68c2350fd2d99d46e89e302f3f2f3399c848c87b4e8dd1ffb9f916,0.7173836827278137,0.7173836827278137,0.0
6779,b63cb2795b68c2350fd2d99d46e89e302f3f2f3399c848c87b4e8dd1ffb9f916,0.7173836827278137,0.7173836827278137,0.0
6780,b63cb2795b68c2350fd2d99d46e89e302f3f2f3399c848c87b4e8dd1ffb9f916,0.7173836827278137,0.7173836827278137,0.0
6781,8d9ef74fc613d8271538d4bcc6e621f95ce1c7e62f1994267582f0105eb02ab8,0.6220487654209137,0.6220487654209137,0.0
6782,8d9ef74fc613d8271538d4bcc6e621f95ce1c7e62f1994267582f0105eb02ab8,0.6220487654209137,0.6220487654209137,0.0
6783,28fc0397973f7aa9ca3d30e435964d297308cd928a24503bc8de5de551f767b6,0.5767276585102081,0.5767276585102081,0.0
6784,efd051a12cbd00ec82926dbb5a5f2b84ce9e2d98d1eeb9b32f40254e0b746e94,0.6428399980068207,0.6428399980068207,0.0
6785,efd051a12cbd00ec82926dbb5a5f2b84ce9e2d98d1eeb9b32f40254e0b746e94,0.6428399980068207,0.6428399980068207,0.0
6786,e0deb9d1a20321478523aadd412355e0803fcd46e354eace7a1d66a90e0639ca,0.6344912648200989,0.6344912648200989,0.0
6787,c94045e7b75c3f5df82a4fef9756ba9bf48eb4a8e7d8631d3954186f01e094bb,0.752266988158226,0.752266988158226,0.0
6788,c94045e7b75c3f5df82a4fef9756ba9bf48eb4a8e7d8631d3954186f01e094bb,0.752266988158226,0.752266988158226,0.0
6789,2e42b88ce49d69819a27a089591344f998159dc89352f299fd5f0288c9e4181c,0.7572187930345535,0.7572187930345535,0.0
6790,32dfbba79b27f7a4b7d89e295ca8dd2d4a3cd2725713148a70694b60a13184d5,0.6373957395553589,0.6373957395553589,0.0
6791,32dfbba79b27f7a4b7d89e295ca8dd2d4a3cd2725713148a70694b60a13184d5,0.6373957395553589,0.6373957395553589,0.0
6792,ef6c02f13ff6e39c0a1243d4113efe6be8c634cc517433a2e99e0781390ed3b5,0.6307750046253204,0.6307750046253204,0.0
6793,020ca4e8443c3403e298082cbc76ea298be98047d7a3ab868d5b54cff3c29e59,0.4538350701332092,0.45383507013320923,5.551115123125783e-17
6794,020ca4e8443c3403e298082cbc76ea298be98047d7a3ab868d5b54cff3c29e59,0.4538350701332092,0.45383507013320923,5.551115123125783e-17
6795,0b9d7dccf694f0e20b19cf68dd7edf1cae84a5abea7ac556d5963afa4635fa37,0.4545007944107055,0.45450079441070557,5.551115123125783e-17
6796,ddb978facb55d25233d599bf0c6fd11c4a2e8208591f07f1b2a0e7156233711b,0.5237209498882294,0.5237209498882294,0.0
6797,ddb978facb55d25233d599bf0c6fd11c4a2e8208591f07f1b2a0e7156233711b,0.5237209498882294,0.5237209498882294,0.0
6798,579ae514a4944e898808737ddda56f62c28bea5f2022332e40229b494d1fe145,0.6232103109359741,0.6232103109359741,0.0
6799,2873611f1836810a8fc7a1f4164b8318501e1d7905409edd4cf48afc847ffe2e,0.6128386557102203,0.6128386557102203,0.0
6800,2873611f1836810a8fc7a1f4164b8318501e1d7905409edd4cf48afc847ffe2e,0.6128386557102203,0.6128386557102203,0.0
6801,1509c7a199bb4cb6712196cb2cbb2a127f29882be7c8068eed759a4d1936a8c0,0.552584171295166,0.552584171295166,0.0
6802,9b6b40dd06aa847b68af126da12766ad0eb746b3ecb520cfb92546c8e476043a,0.5416944324970245,0.5416944324970245,0.0
6803,9b6b40dd06aa847b68af126da12766ad0eb746b3ecb520cfb92546c8e476043a,0.5416944324970245,0.5416944324970245,0.0
6804,4bf947926f6acb7b3b42fdf9fed6d42dec910674a41f860886ec6bf7c0a1705c,0.5307970941066742,0.5307970941066742,0.0
6805,5476030e3babac5c412ece839d39a15375da22176eddd6c013969c56a1e29929,0.5444102585315704,0.5444102585315704,0.0
6806,5476030e3babac5c412ece839d39a15375da22176eddd6c013969c56a1e29929,0.5444102585315704,0.5444102585315704,0.0
6807,df285a58cc5ec05d2ad9f98f9a45f0ac7ae1129fc4d82d9247ab7f80320ef970,0.5654527246952057,0.5654527246952057,0.0
6808,4f08c8b26a416f7df3eae241e9dad2aab3257e245f82391ae765d10238b8270b,0.5856999456882477,0.5856999456882477,0.0
6809,4f08c8b26a416f7df3eae241e9dad2aab3257e245f82391ae765d10238b8270b,0.5856999456882477,0.5856999456882477,0.0
6810,071790c0eab4308d8ff3536cf47bb554085c3fdfba3234205ea2687072bc7e58,0.5623862743377686,0.5623862743377686,0.0
6811,cf65e9f57d623617ebdda52298cd30be7718d53affc886ceeeeaf113530b9c27,0.6408181488513947,0.6408181488513947,0.0
6812,cf65e9f57d623617ebdda52298cd30be7718d53affc886ceeeeaf113530b9c27,0.6408181488513947,0.6408181488513947,0.0
6813,704ec3bca4991ae590f660e083725dda79ac71ff1cb46a5aa3306f205e57a2d5,0.6473213136196136,0.6473213136196136,0.0
6814,d2e74cdf5042983de00281196b77fe8f32a4b0004bbac4b36529127eeaec41cf,0.5836575627326965,0.5836575627326965,0.0
6815,d2e74cdf5042983de00281196b77fe8f32a4b0004bbac4b36529127eeaec41cf,0.5836575627326965,0.5836575627326965,0.0
6816,7fabbd733e99be2d6a0d8954b800eff0af6bacbd1a4f6814b3f90fc6ba9c501e,0.53986856341362,0.53986856341362,0.0
6817,97dd398519ba15556230335c479844e8f23c49f6d7168f7b88e455b02e2f11a9,0.7004888355731964,0.7004888355731964,0.0
6818,97dd398519ba15556230335c479844e8f23c49f6d7168f7b88e455b02e2f11a9,0.7004888355731964,0.7004888355731964,0.0
6819,09c7196aa4de03f5991851e5d686b6cbf39b99b3b4ce65dd6a6a46e95f0a2234,0.6746698021888733,0.6746698021888733,0.0
6820,0b46ddbf0ee93f7d4d2dd115cba18bc826045716cd03610cf450dc8179d38c10,0.5586375594139099,0.5586375594139099,0.0
6821,0b46ddbf0ee93f7d4d2dd115cba18bc826045716cd03610cf450dc8179d38c10,0.5586375594139099,0.5586375594139099,0.0
6822,b3da2779c64a6552232a5a3d14a4e5545ccee2592e317b00e24b1cf288a3435c,0.5194415152072906,0.5194415152072906,0.0
6823,2f615437cc6cb4846466a3d22f930eb9109b4d160a3a8e53a1fa0b91555392cc,0.627653181552887,0.627653181552887,0.0
6824,2f615437cc6cb4846466a3d22f930eb9109b4d160a3a8e53a1fa0b91555392cc,0.627653181552887,0.627653181552887,0.0
6825,4b128410da2b5a5995946fa808ec6af19721d5e6adc3cdecec1a288c5b3dc29d,0.5500437021255493,0.5500437021255493,0.0
6826,8c832645eed9917b65c9dbf62369dea995ef1637f6eb5d8b4247d55d8d923206,0.6200753152370453,0.6200753152370453,0.0
6827,8c832645eed9917b65c9dbf62369dea995ef1637f6eb5d8b4247d55d8d923206,0.6200753152370453,0.6200753152370453,0.0
6828,ed1992cbcb576aba3235985ab6a997f61c0881682d4720b683c8beb1a8e2750f,0.524536520242691,0.524536520242691,0.0
6829,0c1acc06d6b7fa1af0f4271b6cfeaf71ab3dc6614a7c23c4363fd209fb06c82a,0.652601808309555,0.652601808309555,0.0
6830,0c1acc06d6b7fa1af0f4271b6cfeaf71ab3dc6614a7c23c4363fd209fb06c82a,0.652601808309555,0.652601808309555,0.0
6831,e7c208566d3d12cd2fcd47714a43f8e0dae1e98f5545eff40a221cb573b44556,0.5182533264160156,0.5182533264160156,0.0
6832,076276ee9afcb9b9b0dcf075e1e91796bcd4bebb7418881afe620ac7a051e69d,0.589440792798996,0.589440792798996,0.0
6833,076276ee9afcb9b9b0dcf075e1e91796bcd4bebb7418881afe620ac7a051e69d,0.589440792798996,0.589440792798996,0.0
6834,59b455a5c1c0cb808a63eb885db1b961815935b8c7cd1610c60c4d6f2e2928e0,0.5879085659980774,0.5879085659980774,0.0
6835,484d700bdbd059dd952d0f27cf6a96397aa05dd6c859d5b5017df98a33249504,0.6370672881603241,0.6370672881603241,0.0
6836,484d700bdbd059dd952d0f27cf6a96397aa05dd6c859d5b5017df98a33249504,0.6370672881603241,0.6370672881603241,0.0
6837,63f40b5e88b18c6c537bc39b24deb5592b7c529dda2f8bdf5a9d4564494479b2,0.6015981137752533,0.6015981137752533,0.0
6838,176b9cf34ab301ce15d68b630dab7edcdaecbff325ef8b173c5847da83c69595,0.5776391625404358,0.5776391625404358,0.0
6839,176b9cf34ab301ce15d68b630dab7edcdaecbff325ef8b173c5847da83c69595,0.5776391625404358,0.5776391625404358,0.0
6840,e44e4854e1bf9642aae663686a8bb98a7656fb3262a6e979a8d9515aad693fb1,0.6101349890232086,0.6101349890232086,0.0
6841,421c9cf61cb5c927de98af0ea38f91847315519b01d488c2b1e0e664bd848c80,0.535025030374527,0.535025030374527,0.0
6842,421c9cf61cb5c927de98af0ea38f91847315519b01d488c2b1e0e664bd848c80,0.535025030374527,0.535025030374527,0.0
6843,35c0698f7e4e8fe1461890d349c85263bc616bfde2f3ecda98e8090293c8a8fd,0.6287523806095123,0.6287523806095123,0.0
6844,bf368b4bfaa568416fa760b388e535cbab1ff0cea6200f05f1b91bd51e90348a,0.5210961699485779,0.5210961699485779,0.0
6845,bf368b4bfaa568416fa760b388e535cbab1ff0cea6200f05f1b91bd51e90348a,0.5210961699485779,0.5210961699485779,0.0
6846,34927ec357cfc5b2040fcda1cbf9c036d3647089f3c30cde78d554ca208dd8ba,0.5890529453754425,0.5890529453754425,0.0
6847,6379bee9b36f6b471a72cbd963856265591e0cee681f0323cfdadaf8f77b694d,0.5781242847442627,0.5781242847442627,0.0
6848,6379bee9b36f6b471a72cbd963856265591e0cee681f0323cfdadaf8f77b694d,0.5781242847442627,0.5781242847442627,0.0
6849,9f74e7ee913c870f004016832ae06263d8d01d7020dd527cf99b38c14e2c5caf,0.595030665397644,0.595030665397644,0.0
6850,83a54dbd243f39c9357036ac8ca85a93740c901fbcb14f96619d440fa900b6c3,0.7217028737068176,0.7217028737068176,0.0
6851,83a54dbd243f39c9357036ac8ca85a93740c901fbcb14f96619d440fa900b6c3,0.7217028737068176,0.7217028737068176,0.0
6852,d4299e6578fe42a45498f2b4e2776b02991df6a1eed266adc3d1c432544f4ded,0.6922619044780731,0.6922619044780731,0.0
6853,4f454059c1deea4a65940fde14eb073f0211785b1565dd88f48b78763d86a05d,0.597791999578476,0.597791999578476,0.0
6854,4f454059c1deea4a65940fde14eb073f0211785b1565dd88f48b78763d86a05d,0.597791999578476,0.597791999578476,0.0
6855,d3a8180f26c0761d160a8af493fd66cb1489b3664e7e75ad57948633ec03cbd1,0.6049613356590271,0.6049613356590271,0.0
6856,77b081ec9ea9c57d0b6c31f46dd4f962e0809174356df783f0fe7ef6ae44af6a,0.5082955658435822,0.5082955658435822,0.0
6857,77b081ec9ea9c57d0b6c31f46dd4f962e0809174356df783f0fe7ef6ae44af6a,0.5082955658435822,0.5082955658435822,0.0
6858,3fcd5f872017d091c9b9b490cc6fd96bd4655244237ddbde1621f22d81de8c1c,0.5918194651603699,0.5918194651603699,0.0
6859,c7b4a0fbbcfc043fc2f53908831481916ea6b4770ff3d36c531ccd8ca6016728,0.5223684906959534,0.5223684906959534,0.0
6860,c7b4a0fbbcfc043fc2f53908831481916ea6b4770ff3d36c531ccd8ca6016728,0.5223684906959534,0.5223684906959534,0.0
6861,c7b4a0fbbcfc043fc2f53908831481916ea6b4770ff3d36c531ccd8ca6016728,0.5223684906959534,0.5223684906959534,0.0
6862,fb2070823160aa97beca211077c23e397cf596b711916c1b8e424035be32d643,0.529625654220581,0.529625654220581,0.0
6863,fb2070823160aa97beca211077c23e397cf596b711916c1b8e424035be32d643,0.529625654220581,0.529625654220581,0.0
6864,fb2070823160aa97beca211077c23e397cf596b711916c1b8e424035be32d643,0.529625654220581,0.529625654220581,0.0
6865,30b19549e4137be458318a670ff67dc92fe2ee414162c538fa4c69a631bc737a,0.5742993950843811,0.5742993950843811,0.0
6866,30b19549e4137be458318a670ff67dc92fe2ee414162c538fa4c69a631bc737a,0.5742993950843811,0.5742993950843811,0.0
6867,30b19549e4137be458318a670ff67dc92fe2ee414162c538fa4c69a631bc737a,0.5742993950843811,0.5742993950843811,0.0
6868,b63cb2795b68c2350fd2d99d46e89e302f3f2f3399c848c87b4e8dd1ffb9f916,0.7173836827278137,0.7173836827278137,0.0
6869,b63cb2795b68c2350fd2d99d46e89e302f3f2f3399c848c87b4e8dd1ffb9f916,0.7173836827278137,0.7173836827278137,0.0
6870,b63cb2795b68c2350fd2d99d46e89e302f3f2f3399c848c87b4e8dd1ffb9f916,0.7173836827278137,0.7173836827278137,0.0
6871,8d9ef74fc613d8271538d4bcc6e621f95ce1c7e62f1994267582f0105eb02ab8,0.6220487654209137,0.6220487654209137,0.0
6872,8d9ef74fc613d8271538d4bcc6e621f95ce1c7e62f1994267582f0105eb02ab8,0.6220487654209137,0.6220487654209137,0.0
6873,28fc0397973f7aa9ca3d30e435964d297308cd928a24503bc8de5de551f767b6,0.5767276585102081,0.5767276585102081,0.0
6874,efd051a12cbd00ec82926dbb5a5f2b84ce9e2d98d1eeb9b32f40254e0b746e94,0.6428399980068207,0.6428399980068207,0.0
6875,efd051a12cbd00ec82926dbb5a5f2b84ce9e2d98d1eeb9b32f40254e0b746e94,0.6428399980068207,0.6428399980068207,0.0
6876,e0deb9d1a20321478523aadd412355e0803fcd46e354eace7a1d66a90e0639ca,0.6344912648200989,0.6344912648200989,0.0
6877,c94045e7b75c3f5df82a4fef9756ba9bf48eb4a8e7d8631d3954186f01e094bb,0.752266988158226,0.752266988158226,0.0
6878,c94045e7b75c3f5df82a4fef9756ba9bf48eb4a8e7d8631d3954186f01e094bb,0.752266988158226,0.752266988158226,0.0
6879,2e42b88ce49d69819a27a089591344f998159dc89352f299fd5f0288c9e4181c,0.7572187930345535,0.7572187930345535,0.0
6880,32dfbba79b27f7a4b7d89e295ca8dd2d4a3cd2725713148a70694b60a13184d5,0.6373957395553589,0.6373957395553589,0.0
6881,32dfbba79b27f7a4b7d89e295ca8dd2d4a3cd2725713148a70694b60a13184d5,0.6373957395553589,0.6373957395553589,0.0
6882,ef6c02f13ff6e39c0a1243d4113efe6be8c634cc517433a2e99e0781390ed3b5,0.6307750046253204,0.6307750046253204,0.0
6883,020ca4e8443c3403e298082cbc76ea298be98047d7a3ab868d5b54cff3c29e59,0.4538350701332092,0.45383507013320923,5.551115123125783e-17
6884,020ca4e8443c3403e298082cbc76ea298be98047d7a3ab868d5b54cff3c29e59,0.4538350701332092,0.45383507013320923,5.551115123125783e-17
6885,0b9d7dccf694f0e20b19cf68dd7edf1cae84a5abea7ac556d5963afa4635fa37,0.4545007944107055,0.45450079441070557,5.551115123125783e-17
6886,ddb978facb55d25233d599bf0c6fd11c4a2e8208591f07f1b2a0e7156233711b,0.5237209498882294,0.5237209498882294,0.0
6887,ddb978facb55d25233d599bf0c6fd11c4a2e8208591f07f1b2a0e7156233711b,0.5237209498882294,0.5237209498882294,0.0
6888,579ae514a4944e898808737ddda56f62c28bea5f2022332e40229b494d1fe145,0.6232103109359741,0.6232103109359741,0.0
6889,2873611f1836810a8fc7a1f4164b8318501e1d7905409edd4cf48afc847ffe2e,0.6128386557102203,0.6128386557102203,0.0
6890,2873611f1836810a8fc7a1f4164b8318501e1d7905409edd4cf48afc847ffe2e,0.6128386557102203,0.6128386557102203,0.0
6891,1509c7a199bb4cb6712196cb2cbb2a127f29882be7c8068eed759a4d1936a8c0,0.552584171295166,0.552584171295166,0.0
6892,9b6b40dd06aa847b68af126da12766ad0eb746b3ecb520cfb92546c8e476043a,0.5416944324970245,0.5416944324970245,0.0
6893,9b6b40dd06aa847b68af126da12766ad0eb746b3ecb520cfb92546c8e476043a,0.5416944324970245,0.5416944324970245,0.0
6894,4bf947926f6acb7b3b42fdf9fed6d42dec910674a41f860886ec6bf7c0a1705c,0.5307970941066742,0.5307970941066742,0.0
6895,5476030e3babac5c412ece839d39a15375da22176eddd6c013969c56a1e29929,0.5444102585315704,0.5444102585315704,0.0
6896,5476030e3babac5c412ece839d39a15375da22176eddd6c013969c56a1e29929,0.5444102585315704,0.5444102585315704,0.0
6897,df285a58cc5ec05d2ad9f98f9a45f0ac7ae1129fc4d82d9247ab7f80320ef970,0.5654527246952057,0.5654527246952057,0.0
6898,4f08c8b26a416f7df3eae241e9dad2aab3257e245f82391ae765d10238b8270b,0.5856999456882477,0.5856999456882477,0.0
6899,4f08c8b26a416f7df3eae241e9dad2aab3257e245f82391ae765d10238b8270b,0.5856999456882477,0.5856999456882477,0.0
6900,071790c0eab4308d8ff3536cf47bb554085c3fdfba3234205ea2687072bc7e58,0.5623862743377686,0.5623862743377686,0.0
6901,cf65e9f57d623617ebdda52298cd30be7718d53affc886ceeeeaf113530b9c27,0.6408181488513947,0.6408181488513947,0.0
6902,cf65e9f57d623617ebdda52298cd30be7718d53affc886ceeeeaf113530b9c27,0.6408181488513947,0.6408181488513947,0.0
6903,704ec3bca4991ae590f660e083725dda79ac71ff1cb46a5aa3306f205e57a2d5,0.6473213136196136,0.6473213136196136,0.0
6904,d2e74cdf5042983de00281196b77fe8f32a4b0004bbac4b36529127eeaec41cf,0.5836575627326965,0.5836575627326965,0.0
6905,d2e74cdf5042983de00281196b77fe8f32a4b0004bbac4b36529127eeaec41cf,0.5836575627326965,0.5836575627326965,0.0
6906,7fabbd733e99be2d6a0d8954b800eff0af6bacbd1a4f6814b3f90fc6ba9c501e,0.53986856341362,0.53986856341362,0.0
6907,97dd398519ba15556230335c479844e8f23c49f6d7168f7b88e455b02e2f11a9,0.7004888355731964,0.7004888355731964,0.0
6908,97dd398519ba15556230335c479844e8f23c49f6d7168f7b88e455b02e2f11a9,0.7004888355731964,0.7004888355731964,0.0
6909,09c7196aa4de03f5991851e5d686b6cbf39b99b3b4ce65dd6a6a46e95f0a2234,0.6746698021888733,0.6746698021888733,0.0
6910,0b46ddbf0ee93f7d4d2dd115cba18bc826045716cd03610cf450dc8179d38c10,0.5586375594139099,0.5586375594139099,0.0
6911,0b46ddbf0ee93f7d4d2dd115cba18bc826045716cd03610cf450dc8179d38c10,0.5586375594139099,0.5586375594139099,0.0
6912,b3da2779c64a6552232a5a3d14a4e5545ccee2592e317b00e24b1cf288a3435c,0.5194415152072906,0.5194415152072906,0.0
6913,2f615437cc6cb4846466a3d22f930eb9109b4d160a3a8e53a1fa0b91555392cc,0.627653181552887,0.627653181552887,0.0
6914,2f615437cc6cb4846466a3d22f930eb9109b4d160a3a8e53a1fa0b91555392cc,0.627653181552887,0.627653181552887,0.0
6915,4b128410da2b5a5995946fa808ec6af19721d5e6adc3cdecec1a288c5b3dc29d,0.5500437021255493,0.5500437021255493,0.0
6916,8c832645eed9917b65c9dbf62369dea995ef1637f6eb5d8b4247d55d8d923206,0.6200753152370453,0.6200753152370453,0.0
6917,8c832645eed9917b65c9dbf62369dea995ef1637f6eb5d8b4247d55d8d923206,0.6200753152370453,0.6200753152370453,0.0
6918,ed1992cbcb576aba3235985ab6a997f61c0881682d4720b683c8beb1a8e2750f,0.524536520242691,0.524536520242691,0.0
6919,0c1acc06d6b7fa1af0f4271b6cfeaf71ab3dc6614a7c23c4363fd209fb06c82a,0.652601808309555,0.652601808309555,0.0
6920,0c1acc06d6b7fa1af0f4271b6cfeaf71ab3dc6614a7c23c4363fd209fb06c82a,0.652601808309555,0.652601808309555,0.0
6921,e7c208566d3d12cd2fcd47714a43f8e0dae1e98f5545eff40a221cb573b44556,0.5182533264160156,0.5182533264160156,0.0
6922,076276ee9afcb9b9b0dcf075e1e91796bcd4bebb7418881afe620ac7a051e69d,0.589440792798996,0.589440792798996,0.0
6923,076276ee9afcb9b9b0dcf075e1e91796bcd4bebb7418881afe620ac7a051e69d,0.589440792798996,0.589440792798996,0.0
6924,59b455a5c1c0cb808a63eb885db1b961815935b8c7cd1610c60c4d6f2e2928e0,0.5879085659980774,0.5879085659980774,0.0
6925,484d700bdbd059dd952d0f27cf6a96397aa05dd6c859d5b5017df98a33249504,0.6370672881603241,0.6370672881603241,0.0
6926,484d700bdbd059dd952d0f27cf6a96397aa05dd6c859d5b5017df98a33249504,0.6370672881603241,0.6370672881603241,0.0
6927,63f40b5e88b18c6c537bc39b24deb5592b7c529dda2f8bdf5a9d4564494479b2,0.6015981137752533,0.6015981137752533,0.0
6928,176b9cf34ab301ce15d68b630dab7edcdaecbff325ef8b173c5847da83c69595,0.5776391625404358,0.5776391625404358,0.0
6929,176b9cf34ab301ce15d68b630dab7edcdaecbff325ef8b173c5847da83c69595,0.5776391625404358,0.5776391625404358,0.0
6930,e44e4854e1bf9642aae663686a8bb98a7656fb3262a6e979a8d9515aad693fb1,0.6101349890232086,0.6101349890232086,0.0
6931,421c9cf61cb5c927de98af0ea38f91847315519b01d488c2b1e0e664bd848c80,0.535025030374527,0.535025030374527,0.0
6932,421c9cf61cb5c927de98af0ea38f91847315519b01d488c2b1e0e664bd848c80,0.535025030374527,0.535025030374527,0.0
6933,35c0698f7e4e8fe1461890d349c85263bc616bfde2f3ecda98e8090293c8a8fd,0.6287523806095123,0.6287523806095123,0.0
6934,bf368b4bfaa568416fa760b388e535cbab1ff0cea6200f05f1b91bd51e90348a,0.5210961699485779,0.5210961699485779,0.0
6935,bf368b4bfaa568416fa760b388e535cbab1ff0cea6200f05f1b91bd51e90348a,0.5210961699485779,0.5210961699485779,0.0
6936,34927ec357cfc5b2040fcda1cbf9c036d3647089f3c30cde78d554ca208dd8ba,0.5890529453754425,0.5890529453754425,0.0
6937,6379bee9b36f6b471a72cbd963856265591e0cee681f0323cfdadaf8f77b694d,0.5781242847442627,0.5781242847442627,0.0
6938,6379bee9b36f6b471a72cbd963856265591e0cee681f0323cfdadaf8f77b694d,0.5781242847442627,0.5781242847442627,0.0
6939,9f74e7ee913c870f004016832ae06263d8d01d7020dd527cf99b38c14e2c5caf,0.595030665397644,0.595030665397644,0.0
6940,83a54dbd243f39c9357036ac8ca85a93740c901fbcb14f96619d440fa900b6c3,0.7217028737068176,0.7217028737068176,0.0
6941,83a54dbd243f39c9357036ac8ca85a93740c901fbcb14f96619d440fa900b6c3,0.7217028737068176,0.7217028737068176,0.0
6942,d4299e6578fe42a45498f2b4e2776b02991df6a1eed266adc3d1c432544f4ded,0.6922619044780731,0.6922619044780731,0.0
6943,4f454059c1deea4a65940fde14eb073f0211785b1565dd88f48b78763d86a05d,0.597791999578476,0.597791999578476,0.0
6944,4f454059c1deea4a65940fde14eb073f0211785b1565dd88f48b78763d86a05d,0.597791999578476,0.597791999578476,0.0
6945,d3a8180f26c0761d160a8af493fd66cb1489b3664e7e75ad57948633ec03cbd1,0.6049613356590271,0.6049613356590271,0.0
6946,77b081ec9ea9c57d0b6c31f46dd4f962e0809174356df783f0fe7ef6ae44af6a,0.5082955658435822,0.5082955658435822,0.0
6947,77b081ec9ea9c57d0b6c31f46dd4f962e0809174356df783f0fe7ef6ae44af6a,0.5082955658435822,0.5082955658435822,0.0
6948,3fcd5f872017d091c9b9b490cc6fd96bd4655244237ddbde1621f22d81de8c1c,0.5918194651603699,0.5918194651603699,0.0
6949,c7b4a0fbbcfc043fc2f53908831481916ea6b4770ff3d36c531ccd8ca6016728,0.5223684906959534,0.5223684906959534,0.0
6950,c7b4a0fbbcfc043fc2f53908831481916ea6b4770ff3d36c531ccd8ca6016728,0.5223684906959534,0.5223684906959534,0.0
6951,c7b4a0fbbcfc043fc2f53908831481916ea6b4770ff3d36c531ccd8ca6016728,0.5223684906959534,0.5223684906959534,0.0
6952,fb2070823160aa97beca211077c23e397cf596b711916c1b8e424035be32d643,0.529625654220581,0.529625654220581,0.0
6953,fb2070823160aa97beca211077c23e397cf596b711916c1b8e424035be32d643,0.529625654220581,0.529625654220581,0.0
6954,fb2070823160aa97beca211077c23e397cf596b711916c1b8e424035be32d643,0.529625654220581,0.529625654220581,0.0
6955,30b19549e4137be458318a670ff67dc92fe2ee414162c538fa4c69a631bc737a,0.5742993950843811,0.5742993950843811,0.0
6956,30b19549e4137be458318a670ff67dc92fe2ee414162c538fa4c69a631bc737a,0.5742993950843811,0.5742993950843811,0.0
6957,30b19549e4137be458318a670ff67dc92fe2ee414162c538fa4c69a631bc737a,0.5742993950843811,0.5742993950843811,0.0
6958,b63cb2795b68c2350fd2d99d46e89e302f3f2f3399c848c87b4e8dd1ffb9f916,0.7173836827278137,0.7173836827278137,0.0
6959,b63cb2795b68c2350fd2d99d46e89e302f3f2f3399c848c87b4e8dd1ffb9f916,0.7173836827278137,0.7173836827278137,0.0
6960,b63cb2795b68c2350fd2d99d46e89e302f3f2f3399c848c87b4e8dd1ffb9f916,0.7173836827278137,0.7173836827278137,0.0
6961,8d9ef74fc613d8271538d4bcc6e621f95ce1c7e62f1994267582f0105eb02ab8,0.6220487654209137,0.6220487654209137,0.0
6962,8d9ef74fc613d8271538d4bcc6e621f95ce1c7e62f1994267582f0105eb02ab8,0.6220487654209137,0.6220487654209137,0.0
6963,28fc0397973f7aa9ca3d30e435964d297308cd928a24503bc8de5de551f767b6,0.5767276585102081,0.5767276585102081,0.0
6964,efd051a12cbd00ec82926dbb5a5f2b84ce9e2d98d1eeb9b32f40254e0b746e94,0.6428399980068207,0.6428399980068207,0.0
6965,efd051a12cbd00ec82926dbb5a5f2b84ce9e2d98d1eeb9b32f40254e0b746e94,0.6428399980068207,0.6428399980068207,0.0
6966,e0deb9d1a20321478523aadd412355e0803fcd46e354eace7a1d66a90e0639ca,0.6344912648200989,0.6344912648200989,0.0
6967,c94045e7b75c3f5df82a4fef9756ba9bf48eb4a8e7d8631d3954186f01e094bb,0.752266988158226,0.752266988158226,0.0
6968,c94045e7b75c3f5df82a4fef9756ba9bf48eb4a8e7d8631d3954186f01e094bb,0.752266988158226,0.752266988158226,0.0
6969,2e42b88ce49d69819a27a089591344f998159dc89352f299fd5f0288c9e4181c,0.7572187930345535,0.7572187930345535,0.0
6970,32dfbba79b27f7a4b7d89e295ca8dd2d4a3cd2725713148a70694b60a13184d5,0.6373957395553589,0.6373957395553589,0.0
6971,32dfbba79b27f7a4b7d89e295ca8dd2d4a3cd2725713148a70694b60a13184d5,0.6373957395553589,0.6373957395553589,0.0
6972,ef6c02f13ff6e39c0a1243d4113efe6be8c634cc517433a2e99e0781390ed3b5,0.6307750046253204,0.6307750046253204,0.0
6973,020ca4e8443c3403e298082cbc76ea298be98047d7a3ab868d5b54cff3c29e59,0.4538350701332092,0.45383507013320923,5.551115123125783e-17
6974,020ca4e8443c3403e298082cbc76ea298be98047d7a3ab868d5b54cff3c29e59,0.4538350701332092,0.45383507013320923,5.551115123125783e-17
6975,0b9d7dccf694f0e20b19cf68dd7edf1cae84a5abea7ac556d5963afa4635fa37,0.4545007944107055,0.45450079441070557,5.551115123125783e-17
6976,ddb978facb55d25233d599bf0c6fd11c4a2e8208591f07f1b2a0e7156233711b,0.5237209498882294,0.5237209498882294,0.0
6977,ddb978facb55d25233d599bf0c6fd11c4a2e8208591f07f1b2a0e7156233711b,0.5237209498882294,0.5237209498882294,0.0
6978,579ae514a4944e898808737ddda56f62c28bea5f2022332e40229b494d1fe145,0.6232103109359741,0.6232103109359741,0.0
6979,2873611f1836810a8fc7a1f4164b8318501e1d7905409edd4cf48afc847ffe2e,0.6128386557102203,0.6128386557102203,0.0
6980,2873611f1836810a8fc7a1f4164b8318501e1d7905409edd4cf48afc847ffe2e,0.6128386557102203,0.6128386557102203,0.0
6981,1509c7a199bb4cb6712196cb2cbb2a127f29882be7c8068eed759a4d1936a8c0,0.552584171295166,0.552584171295166,0.0
6982,9b6b40dd06aa847b68af126da12766ad0eb746b3ecb520cfb92546c8e476043a,0.5416944324970245,0.5416944324970245,0.0
6983,9b6b40dd06aa847b68af126da12766ad0eb746b3ecb520cfb92546c8e476043a,0.5416944324970245,0.5416944324970245,0.0
6984,4bf947926f6acb7b3b42fdf9fed6d42dec910674a41f860886ec6bf7c0a1705c,0.5307970941066742,0.5307970941066742,0.0
6985,5476030e3babac5c412ece839d39a15375da22176eddd6c013969c56a1e29929,0.5444102585315704,0.5444102585315704,0.0
6986,5476030e3babac5c412ece839d39a15375da22176eddd6c013969c56a1e29929,0.5444102585315704,0.5444102585315704,0.0
6987,df285a58cc5ec05d2ad9f98f9a45f0ac7ae1129fc4d82d9247ab7f80320ef970,0.5654527246952057,0.5654527246952057,0.0
6988,4f08c8b26a416f7df3eae241e9dad2aab3257e245f82391ae765d10238b8270b,0.5856999456882477,0.5856999456882477,0.0
6989,4f08c8b26a416f7df3eae241e9dad2aab3257e245f82391ae765d10238b8270b,0.5856999456882477,0.5856999456882477,0.0
6990,071790c0eab4308d8ff3536cf47bb554085c3fdfba3234205ea2687072bc7e58,0.5623862743377686,0.5623862743377686,0.0
6991,cf65e9f57d623617ebdda52298cd30be7718d53affc886ceeeeaf113530b9c27,0.6408181488513947,0.6408181488513947,0.0
6992,cf65e9f57d623617ebdda52298cd30be7718d53affc886ceeeeaf113530b9c27,0.6408181488513947,0.6408181488513947,0.0
6993,704ec3bca4991ae590f660e083725dda79ac71ff1cb46a5aa3306f205e57a2d5,0.6473213136196136,0.6473213136196136,0.0
6994,d2e74cdf5042983de00281196b77fe8f32a4b0004bbac4b36529127eeaec41cf,0.5836575627326965,0.5836575627326965,0.0
6995,d2e74cdf5042983de00281196b77fe8f32a4b0004bbac4b36529127eeaec41cf,0.5836575627326965,0.5836575627326965,0.0
6996,7fabbd733e99be2d6a0d8954b800eff0af6bacbd1a4f6814b3f90fc6ba9c501e,0.53986856341362,0.53986856341362,0.0
6997,97dd398519ba15556230335c479844e8f23c49f6d7168f7b88e455b02e2f11a9,0.7004888355731964,0.7004888355731964,0.0
6998,97dd398519ba15556230335c479844e8f23c49f6d7168f7b88e455b02e2f11a9,0.7004888355731964,0.7004888355731964,0.0
6999,09c7196aa4de03f5991851e5d686b6cbf39b99b3b4ce65dd6a6a46e95f0a2234,0.6746698021888733,0.6746698021888733,0.0
7000,0b46ddbf0ee93f7d4d2dd115cba18bc826045716cd03610cf450dc8179d38c10,0.5586375594139099,0.5586375594139099,0.0
7001,0b46ddbf0ee93f7d4d2dd115cba18bc826045716cd03610cf450dc8179d38c10,0.5586375594139099,0.5586375594139099,0.0
7002,b3da2779c64a6552232a5a3d14a4e5545ccee2592e317b00e24b1cf288a3435c,0.5194415152072906,0.5194415152072906,0.0
7003,2f615437cc6cb4846466a3d22f930eb9109b4d160a3a8e53a1fa0b91555392cc,0.627653181552887,0.627653181552887,0.0
7004,2f615437cc6cb4846466a3d22f930eb9109b4d160a3a8e53a1fa0b91555392cc,0.627653181552887,0.627653181552887,0.0
7005,4b128410da2b5a5995946fa808ec6af19721d5e6adc3cdecec1a288c5b3dc29d,0.5500437021255493,0.5500437021255493,0.0
7006,8c832645eed9917b65c9dbf62369dea995ef1637f6eb5d8b4247d55d8d923206,0.6200753152370453,0.6200753152370453,0.0
7007,8c832645eed9917b65c9dbf62369dea995ef1637f6eb5d8b4247d55d8d923206,0.6200753152370453,0.6200753152370453,0.0
7008,ed1992cbcb576aba3235985ab6a997f61c0881682d4720b683c8beb1a8e2750f,0.524536520242691,0.524536520242691,0.0
7009,0c1acc06d6b7fa1af0f4271b6cfeaf71ab3dc6614a7c23c4363fd209fb06c82a,0.652601808309555,0.652601808309555,0.0
7010,0c1acc06d6b7fa1af0f4271b6cfeaf71ab3dc6614a7c23c4363fd209fb06c82a,0.652601808309555,0.652601808309555,0.0
7011,e7c208566d3d12cd2fcd47714a43f8e0dae1e98f5545eff40a221cb573b44556,0.5182533264160156,0.5182533264160156,0.0
7012,076276ee9afcb9b9b0dcf075e1e91796bcd4bebb7418881afe620ac7a051e69d,0.589440792798996,0.589440792798996,0.0
7013,076276ee9afcb9b9b0dcf075e1e91796bcd4bebb7418881afe620ac7a051e69d,0.589440792798996,0.589440792798996,0.0
7014,59b455a5c1c0cb808a63eb885db1b961815935b8c7cd1610c60c4d6f2e2928e0,0.5879085659980774,0.5879085659980774,0.0
7015,484d700bdbd059dd952d0f27cf6a96397aa05dd6c859d5b5017df98a33249504,0.6370672881603241,0.6370672881603241,0.0
7016,484d700bdbd059dd952d0f27cf6a96397aa05dd6c859d5b5017df98a33249504,0.6370672881603241,0.6370672881603241,0.0
7017,63f40b5e88b18c6c537bc39b24deb5592b7c529dda2f8bdf5a9d4564494479b2,0.6015981137752533,0.6015981137752533,0.0
7018,176b9cf34ab301ce15d68b630dab7edcdaecbff325ef8b173c5847da83c69595,0.5776391625404358,0.5776391625404358,0.0
7019,176b9cf34ab301ce15d68b630dab7edcdaecbff325ef8b173c5847da83c69595,0.5776391625404358,0.5776391625404358,0.0
7020,e44e4854e1bf9642aae663686a8bb98a7656fb3262a6e979a8d9515aad693fb1,0.6101349890232086,0.6101349890232086,0.0
7021,421c9cf61cb5c927de98af0ea38f91847315519b01d488c2b1e0e664bd848c80,0.535025030374527,0.535025030374527,0.0
7022,421c9cf61cb5c927de98af0ea38f91847315519b01d488c2b1e0e664bd848c80,0.535025030374527,0.535025030374527,0.0
7023,35c0698f7e4e8fe1461890d349c85263bc616bfde2f3ecda98e8090293c8a8fd,0.6287523806095123,0.6287523806095123,0.0
7024,bf368b4bfaa568416fa760b388e535cbab1ff0cea6200f05f1b91bd51e90348a,0.5210961699485779,0.5210961699485779,0.0
7025,bf368b4bfaa568416fa760b388e535cbab1ff0cea6200f05f1b91bd51e90348a,0.5210961699485779,0.5210961699485779,0.0
7026,34927ec357cfc5b2040fcda1cbf9c036d3647089f3c30cde78d554ca208dd8ba,0.5890529453754425,0.5890529453754425,0.0
7027,6379bee9b36f6b471a72cbd963856265591e0cee681f0323cfdadaf8f77b694d,0.5781242847442627,0.5781242847442627,0.0
7028,6379bee9b36f6b471a72cbd963856265591e0cee681f0323cfdadaf8f77b694d,0.5781242847442627,0.5781242847442627,0.0
7029,9f74e7ee913c870f004016832ae06263d8d01d7020dd527cf99b38c14e2c5caf,0.595030665397644,0.595030665397644,0.0
7030,83a54dbd243f39c9357036ac8ca85a93740c901fbcb14f96619d440fa900b6c3,0.7217028737068176,0.7217028737068176,0.0
7031,83a54dbd243f39c9357036ac8ca85a93740c901fbcb14f96619d440fa900b6c3,0.7217028737068176,0.7217028737068176,0.0
7032,d4299e6578fe42a45498f2b4e2776b02991df6a1eed266adc3d1c432544f4ded,0.6922619044780731,0.6922619044780731,0.0
7033,4f454059c1deea4a65940fde14eb073f0211785b1565dd88f48b78763d86a05d,0.597791999578476,0.597791999578476,0.0
7034,4f454059c1deea4a65940fde14eb073f0211785b1565dd88f48b78763d86a05d,0.597791999578476,0.597791999578476,0.0
7035,d3a8180f26c0761d160a8af493fd66cb1489b3664e7e75ad57948633ec03cbd1,0.6049613356590271,0.6049613356590271,0.0
7036,77b081ec9ea9c57d0b6c31f46dd4f962e0809174356df783f0fe7ef6ae44af6a,0.5082955658435822,0.5082955658435822,0.0
7037,77b081ec9ea9c57d0b6c31f46dd4f962e0809174356df783f0fe7ef6ae44af6a,0.5082955658435822,0.5082955658435822,0.0
7038,3fcd5f872017d091c9b9b490cc6fd96bd4655244237ddbde1621f22d81de8c1c,0.5918194651603699,0.5918194651603699,0.0
7039,c7b4a0fbbcfc043fc2f53908831481916ea6b4770ff3d36c531ccd8ca6016728,0.5223684906959534,0.5223684906959534,0.0
7040,c7b4a0fbbcfc043fc2f53908831481916ea6b4770ff3d36c531ccd8ca6016728,0.5223684906959534,0.5223684906959534,0.0
7041,c7b4a0fbbcfc043fc2f53908831481916ea6b4770ff3d36c531ccd8ca6016728,0.5223684906959534,0.5223684906959534,0.0
7042,fb2070823160aa97beca211077c23e397cf596b711916c1b8e424035be32d643,0.529625654220581,0.529625654220581,0.0
7043,fb2070823160aa97beca211077c23e397cf596b711916c1b8e424035be32d643,0.529625654220581,0.529625654220581,0.0
7044,fb2070823160aa97beca211077c23e397cf596b711916c1b8e424035be32d643,0.529625654220581,0.529625654220581,0.0
7045,30b19549e4137be458318a670ff67dc92fe2ee414162c538fa4c69a631bc737a,0.5742993950843811,0.5742993950843811,0.0
7046,30b19549e4137be458318a670ff67dc92fe2ee414162c538fa4c69a631bc737a,0.5742993950843811,0.5742993950843811,0.0
7047,30b19549e4137be458318a670ff67dc92fe2ee414162c538fa4c69a631bc737a,0.5742993950843811,0.5742993950843811,0.0
7048,b63cb2795b68c2350fd2d99d46e89e302f3f2f3399c848c87b4e8dd1ffb9f916,0.7173836827278137,0.7173836827278137,0.0
7049,b63cb2795b68c2350fd2d99d46e89e302f3f2f3399c848c87b4e8dd1ffb9f916,0.7173836827278137,0.7173836827278137,0.0
7050,b63cb2795b68c2350fd2d99d46e89e302f3f2f3399c848c87b4e8dd1ffb9f916,0.7173836827278137,0.7173836827278137,0.0
7051,8d9ef74fc613d8271538d4bcc6e621f95ce1c7e62f1994267582f0105eb02ab8,0.6220487654209137,0.6220487654209137,0.0
7052,8d9ef74fc613d8271538d4bcc6e621f95ce1c7e62f1994267582f0105eb02ab8,0.6220487654209137,0.6220487654209137,0.0
7053,28fc0397973f7aa9ca3d30e435964d297308cd928a24503bc8de5de551f767b6,0.5767276585102081,0.5767276585102081,0.0
7054,efd051a12cbd00ec82926dbb5a5f2b84ce9e2d98d1eeb9b32f40254e0b746e94,0.6428399980068207,0.6428399980068207,0.0
7055,efd051a12cbd00ec82926dbb5a5f2b84ce9e2d98d1eeb9b32f40254e0b746e94,0.6428399980068207,0.6428399980068207,0.0
7056,e0deb9d1a20321478523aadd412355e0803fcd46e354eace7a1d66a90e0639ca,0.6344912648200989,0.6344912648200989,0.0
7057,c94045e7b75c3f5df82a4fef9756ba9bf48eb4a8e7d8631d3954186f01e094bb,0.752266988158226,0.752266988158226,0.0
7058,c94045e7b75c3f5df82a4fef9756ba9bf48eb4a8e7d8631d3954186f01e094bb,0.752266988158226,0.752266988158226,0.0
7059,2e42b88ce49d69819a27a089591344f998159dc89352f299fd5f0288c9e4181c,0.7572187930345535,0.7572187930345535,0.0
7060,32dfbba79b27f7a4b7d89e295ca8dd2d4a3cd2725713148a70694b60a13184d5,0.6373957395553589,0.6373957395553589,0.0
7061,32dfbba79b27f7a4b7d89e295ca8dd2d4a3cd2725713148a70694b60a13184d5,0.6373957395553589,0.6373957395553589,0.0
7062,ef6c02f13ff6e39c0a1243d4113efe6be8c634cc517433a2e99e0781390ed3b5,0.6307750046253204,0.6307750046253204,0.0
7063,020ca4e8443c3403e298082cbc76ea298be98047d7a3ab868d5b54cff3c29e59,0.4538350701332092,0.45383507013320923,5.551115123125783e-17
7064,020ca4e8443c3403e298082cbc76ea298be98047d7a3ab868d5b54cff3c29e59,0.4538350701332092,0.45383507013320923,5.551115123125783e-17
7065,0b9d7dccf694f0e20b19cf68dd7edf1cae84a5abea7ac556d5963afa4635fa37,0.4545007944107055,0.45450079441070557,5.551115123125783e-17
7066,ddb978facb55d25233d599bf0c6fd11c4a2e8208591f07f1b2a0e7156233711b,0.5237209498882294,0.5237209498882294,0.0
7067,ddb978facb55d25233d599bf0c6fd11c4a2e8208591f07f1b2a0e7156233711b,0.5237209498882294,0.5237209498882294,0.0
7068,579ae514a4944e898808737ddda56f62c28bea5f2022332e40229b494d1fe145,0.6232103109359741,0.6232103109359741,0.0
7069,2873611f1836810a8fc7a1f4164b8318501e1d7905409edd4cf48afc847ffe2e,0.6128386557102203,0.6128386557102203,0.0
7070,2873611f1836810a8fc7a1f4164b8318501e1d7905409edd4cf48afc847ffe2e,0.6128386557102203,0.6128386557102203,0.0
7071,1509c7a199bb4cb6712196cb2cbb2a127f29882be7c8068eed759a4d1936a8c0,0.552584171295166,0.552584171295166,0.0
7072,9b6b40dd06aa847b68af126da12766ad0eb746b3ecb520cfb92546c8e476043a,0.5416944324970245,0.5416944324970245,0.0
7073,9b6b40dd06aa847b68af126da12766ad0eb746b3ecb520cfb92546c8e476043a,0.5416944324970245,0.5416944324970245,0.0
7074,4bf947926f6acb7b3b42fdf9fed6d42dec910674a41f860886ec6bf7c0a1705c,0.5307970941066742,0.5307970941066742,0.0
7075,5476030e3babac5c412ece839d39a15375da22176eddd6c013969c56a1e29929,0.5444102585315704,0.5444102585315704,0.0
7076,5476030e3babac5c412ece839d39a15375da22176eddd6c013969c56a1e29929,0.5444102585315704,0.5444102585315704,0.0
7077,df285a58cc5ec05d2ad9f98f9a45f0ac7ae1129fc4d82d9247ab7f80320ef970,0.5654527246952057,0.5654527246952057,0.0
7078,4f08c8b26a416f7df3eae241e9dad2aab3257e245f82391ae765d10238b8270b,0.5856999456882477,0.5856999456882477,0.0
7079,4f08c8b26a416f7df3eae241e9dad2aab3257e245f82391ae765d10238b8270b,0.5856999456882477,0.5856999456882477,0.0
7080,071790c0eab4308d8ff3536cf47bb554085c3fdfba3234205ea2687072bc7e58,0.5623862743377686,0.5623862743377686,0.0
7081,cf65e9f57d623617ebdda52298cd30be7718d53affc886ceeeeaf113530b9c27,0.6408181488513947,0.6408181488513947,0.0
7082,cf65e9f57d623617ebdda52298cd30be7718d53affc886ceeeeaf113530b9c27,0.6408181488513947,0.6408181488513947,0.0
7083,704ec3bca4991ae590f660e083725dda79ac71ff1cb46a5aa3306f205e57a2d5,0.6473213136196136,0.6473213136196136,0.0
7084,d2e74cdf5042983de00281196b77fe8f32a4b0004bbac4b36529127eeaec41cf,0.5836575627326965,0.5836575627326965,0.0
7085,d2e74cdf5042983de00281196b77fe8f32a4b0004bbac4b36529127eeaec41cf,0.5836575627326965,0.5836575627326965,0.0
7086,7fabbd733e99be2d6a0d8954b800eff0af6bacbd1a4f6814b3f90fc6ba9c501e,0.53986856341362,0.53986856341362,0.0
7087,97dd398519ba15556230335c479844e8f23c49f6d7168f7b88e455b02e2f11a9,0.7004888355731964,0.7004888355731964,0.0
7088,97dd398519ba15556230335c479844e8f23c49f6d7168f7b88e455b02e2f11a9,0.7004888355731964,0.7004888355731964,0.0
7089,09c7196aa4de03f5991851e5d686b6cbf39b99b3b4ce65dd6a6a46e95f0a2234,0.6746698021888733,0.6746698021888733,0.0
7090,0b46ddbf0ee93f7d4d2dd115cba18bc826045716cd03610cf450dc8179d38c10,0.5586375594139099,0.5586375594139099,0.0
7091,0b46ddbf0ee93f7d4d2dd115cba18bc826045716cd03610cf450dc8179d38c10,0.5586375594139099,0.5586375594139099,0.0
7092,b3da2779c64a6552232a5a3d14a4e5545ccee2592e317b00e24b1cf288a3435c,0.5194415152072906,0.5194415152072906,0.0
7093,2f615437cc6cb4846466a3d22f930eb9109b4d160a3a8e53a1fa0b91555392cc,0.627653181552887,0.627653181552887,0.0
7094,2f615437cc6cb4846466a3d22f930eb9109b4d160a3a8e53a1fa0b91555392cc,0.627653181552887,0.627653181552887,0.0
7095,4b128410da2b5a5995946fa808ec6af19721d5e6adc3cdecec1a288c5b3dc29d,0.5500437021255493,0.5500437021255493,0.0
7096,8c832645eed9917b65c9dbf62369dea995ef1637f6eb5d8b4247d55d8d923206,0.6200753152370453,0.6200753152370453,0.0
7097,8c832645eed9917b65c9dbf62369dea995ef1637f6eb5d8b4247d55d8d923206,0.6200753152370453,0.6200753152370453,0.0
7098,ed1992cbcb576aba3235985ab6a997f61c0881682d4720b683c8beb1a8e2750f,0.524536520242691,0.524536520242691,0.0
7099,0c1acc06d6b7fa1af0f4271b6cfeaf71ab3dc6614a7c23c4363fd209fb06c82a,0.652601808309555,0.652601808309555,0.0
7100,0c1acc06d6b7fa1af0f4271b6cfeaf71ab3dc6614a7c23c4363fd209fb06c82a,0.652601808309555,0.652601808309555,0.0
7101,e7c208566d3d12cd2fcd47714a43f8e0dae1e98f5545eff40a221cb573b44556,0.5182533264160156,0.5182533264160156,0.0
7102,076276ee9afcb9b9b0dcf075e1e91796bcd4bebb7418881afe620ac7a051e69d,0.589440792798996,0.589440792798996,0.0
7103,076276ee9afcb9b9b0dcf075e1e91796bcd4bebb7418881afe620ac7a051e69d,0.589440792798996,0.589440792798996,0.0
7104,59b455a5c1c0cb808a63eb885db1b961815935b8c7cd1610c60c4d6f2e2928e0,0.5879085659980774,0.5879085659980774,0.0
7105,484d700bdbd059dd952d0f27cf6a96397aa05dd6c859d5b5017df98a33249504,0.6370672881603241,0.6370672881603241,0.0
7106,484d700bdbd059dd952d0f27cf6a96397aa05dd6c859d5b5017df98a33249504,0.6370672881603241,0.6370672881603241,0.0
7107,63f40b5e88b18c6c537bc39b24deb5592b7c529dda2f8bdf5a9d4564494479b2,0.6015981137752533,0.6015981137752533,0.0
7108,176b9cf34ab301ce15d68b630dab7edcdaecbff325ef8b173c5847da83c69595,0.5776391625404358,0.5776391625404358,0.0
7109,176b9cf34ab301ce15d68b630dab7edcdaecbff325ef8b173c5847da83c69595,0.5776391625404358,0.5776391625404358,0.0
7110,e44e4854e1bf9642aae663686a8bb98a7656fb3262a6e979a8d9515aad693fb1,0.6101349890232086,0.6101349890232086,0.0
7111,421c9cf61cb5c927de98af0ea38f91847315519b01d488c2b1e0e664bd848c80,0.535025030374527,0.535025030374527,0.0
7112,421c9cf61cb5c927de98af0ea38f91847315519b01d488c2b1e0e664bd848c80,0.535025030374527,0.535025030374527,0.0
7113,35c0698f7e4e8fe1461890d349c85263bc616bfde2f3ecda98e8090293c8a8fd,0.6287523806095123,0.6287523806095123,0.0
7114,bf368b4bfaa568416fa760b388e535cbab1ff0cea6200f05f1b91bd51e90348a,0.5210961699485779,0.5210961699485779,0.0
7115,bf368b4bfaa568416fa760b388e535cbab1ff0cea6200f05f1b91bd51e90348a,0.5210961699485779,0.5210961699485779,0.0
7116,34927ec357cfc5b2040fcda1cbf9c036d3647089f3c30cde78d554ca208dd8ba,0.5890529453754425,0.5890529453754425,0.0
7117,6379bee9b36f6b471a72cbd963856265591e0cee681f0323cfdadaf8f77b694d,0.5781242847442627,0.5781242847442627,0.0
7118,6379bee9b36f6b471a72cbd963856265591e0cee681f0323cfdadaf8f77b694d,0.5781242847442627,0.5781242847442627,0.0
7119,9f74e7ee913c870f004016832ae06263d8d01d7020dd527cf99b38c14e2c5caf,0.595030665397644,0.595030665397644,0.0
7120,83a54dbd243f39c9357036ac8ca85a93740c901fbcb14f96619d440fa900b6c3,0.7217028737068176,0.7217028737068176,0.0
7121,83a54dbd243f39c9357036ac8ca85a93740c901fbcb14f96619d440fa900b6c3,0.7217028737068176,0.7217028737068176,0.0
7122,d4299e6578fe42a45498f2b4e2776b02991df6a1eed266adc3d1c432544f4ded,0.6922619044780731,0.6922619044780731,0.0
7123,4f454059c1deea4a65940fde14eb073f0211785b1565dd88f48b78763d86a05d,0.597791999578476,0.597791999578476,0.0
7124,4f454059c1deea4a65940fde14eb073f0211785b1565dd88f48b78763d86a05d,0.597791999578476,0.597791999578476,0.0
7125,d3a8180f26c0761d160a8af493fd66cb1489b3664e7e75ad57948633ec03cbd1,0.6049613356590271,0.6049613356590271,0.0
7126,77b081ec9ea9c57d0b6c31f46dd4f962e0809174356df783f0fe7ef6ae44af6a,0.5082955658435822,0.5082955658435822,0.0
7127,77b081ec9ea9c57d0b6c31f46dd4f962e0809174356df783f0fe7ef6ae44af6a,0.5082955658435822,0.5082955658435822,0.0
7128,3fcd5f872017d091c9b9b490cc6fd96bd4655244237ddbde1621f22d81de8c1c,0.5918194651603699,0.5918194651603699,0.0
7129,c7b4a0fbbcfc043fc2f53908831481916ea6b4770ff3d36c531ccd8ca6016728,0.5223684906959534,0.5223684906959534,0.0
7130,c7b4a0fbbcfc043fc2f53908831481916ea6b4770ff3d36c531ccd8ca6016728,0.5223684906959534,0.5223684906959534,0.0
7131,c7b4a0fbbcfc043fc2f53908831481916ea6b4770ff3d36c531ccd8ca6016728,0.5223684906959534,0.5223684906959534,0.0
7132,fb2070823160aa97beca211077c23e397cf596b711916c1b8e424035be32d643,0.529625654220581,0.529625654220581,0.0
7133,fb2070823160aa97beca211077c23e397cf596b711916c1b8e424035be32d643,0.529625654220581,0.529625654220581,0.0
7134,fb2070823160aa97beca211077c23e397cf596b711916c1b8e424035be32d643,0.529625654220581,0.529625654220581,0.0
7135,30b19549e4137be458318a670ff67dc92fe2ee414162c538fa4c69a631bc737a,0.5742993950843811,0.5742993950843811,0.0
7136,30b19549e4137be458318a670ff67dc92fe2ee414162c538fa4c69a631bc737a,0.5742993950843811,0.5742993950843811,0.0
7137,30b19549e4137be458318a670ff67dc92fe2ee414162c538fa4c69a631bc737a,0.5742993950843811,0.5742993950843811,0.0
7138,b63cb2795b68c2350fd2d99d46e89e302f3f2f3399c848c87b4e8dd1ffb9f916,0.7173836827278137,0.7173836827278137,0.0
7139,b63cb2795b68c2350fd2d99d46e89e302f3f2f3399c848c87b4e8dd1ffb9f916,0.7173836827278137,0.7173836827278137,0.0
7140,b63cb2795b68c2350fd2d99d46e89e302f3f2f3399c848c87b4e8dd1ffb9f916,0.7173836827278137,0.7173836827278137,0.0
7141,8d9ef74fc613d8271538d4bcc6e621f95ce1c7e62f1994267582f0105eb02ab8,0.6220487654209137,0.6220487654209137,0.0
7142,8d9ef74fc613d8271538d4bcc6e621f95ce1c7e62f1994267582f0105eb02ab8,0.6220487654209137,0.6220487654209137,0.0
7143,28fc0397973f7aa9ca3d30e435964d297308cd928a24503bc8de5de551f767b6,0.5767276585102081,0.5767276585102081,0.0
7144,efd051a12cbd00ec82926dbb5a5f2b84ce9e2d98d1eeb9b32f40254e0b746e94,0.6428399980068207,0.6428399980068207,0.0
7145,efd051a12cbd00ec82926dbb5a5f2b84ce9e2d98d1eeb9b32f40254e0b746e94,0.6428399980068207,0.6428399980068207,0.0
7146,e0deb9d1a20321478523aadd412355e0803fcd46e354eace7a1d66a90e0639ca,0.6344912648200989,0.6344912648200989,0.0
7147,c94045e7b75c3f5df82a4fef9756ba9bf48eb4a8e7d8631d3954186f01e094bb,0.752266988158226,0.752266988158226,0.0
7148,c94045e7b75c3f5df82a4fef9756ba9bf48eb4a8e7d8631d3954186f01e094bb,0.752266988158226,0.752266988158226,0.0
7149,2e42b88ce49d69819a27a089591344f998159dc89352f299fd5f0288c9e4181c,0.7572187930345535,0.7572187930345535,0.0
7150,32dfbba79b27f7a4b7d89e295ca8dd2d4a3cd2725713148a70694b60a13184d5,0.6373957395553589,0.6373957395553589,0.0
7151,32dfbba79b27f7a4b7d89e295ca8dd2d4a3cd2725713148a70694b60a13184d5,0.6373957395553589,0.6373957395553589,0.0
7152,ef6c02f13ff6e39c0a1243d4113efe6be8c634cc517433a2e99e0781390ed3b5,0.6307750046253204,0.6307750046253204,0.0
7153,020ca4e8443c3403e298082cbc76ea298be98047d7a3ab868d5b54cff3c29e59,0.4538350701332092,0.45383507013320923,5.551115123125783e-17
7154,020ca4e8443c3403e298082cbc76ea298be98047d7a3ab868d5b54cff3c29e59,0.4538350701332092,0.45383507013320923,5.551115123125783e-17
7155,0b9d7dccf694f0e20b19cf68dd7edf1cae84a5abea7ac556d5963afa4635fa37,0.4545007944107055,0.45450079441070557,5.551115123125783e-17
7156,ddb978facb55d25233d599bf0c6fd11c4a2e8208591f07f1b2a0e7156233711b,0.5237209498882294,0.5237209498882294,0.0
7157,ddb978facb55d25233d599bf0c6fd11c4a2e8208591f07f1b2a0e7156233711b,0.5237209498882294,0.5237209498882294,0.0
7158,579ae514a4944e898808737ddda56f62c28bea5f2022332e40229b494d1fe145,0.6232103109359741,0.6232103109359741,0.0
7159,2873611f1836810a8fc7a1f4164b8318501e1d7905409edd4cf48afc847ffe2e,0.6128386557102203,0.6128386557102203,0.0
7160,2873611f1836810a8fc7a1f4164b8318501e1d7905409edd4cf48afc847ffe2e,0.6128386557102203,0.6128386557102203,0.0
7161,1509c7a199bb4cb6712196cb2cbb2a127f29882be7c8068eed759a4d1936a8c0,0.552584171295166,0.552584171295166,0.0
7162,9b6b40dd06aa847b68af126da12766ad0eb746b3ecb520cfb92546c8e476043a,0.5416944324970245,0.5416944324970245,0.0
7163,9b6b40dd06aa847b68af126da12766ad0eb746b3ecb520cfb92546c8e476043a,0.5416944324970245,0.5416944324970245,0.0
7164,4bf947926f6acb7b3b42fdf9fed6d42dec910674a41f860886ec6bf7c0a1705c,0.5307970941066742,0.5307970941066742,0.0
7165,5476030e3babac5c412ece839d39a15375da22176eddd6c013969c56a1e29929,0.5444102585315704,0.5444102585315704,0.0
7166,5476030e3babac5c412ece839d39a15375da22176eddd6c013969c56a1e29929,0.5444102585315704,0.5444102585315704,0.0
7167,df285a58cc5ec05d2ad9f98f9a45f0ac7ae1129fc4d82d9247ab7f80320ef970,0.5654527246952057,0.5654527246952057,0.0
7168,4f08c8b26a416f7df3eae241e9dad2aab3257e245f82391ae765d10238b8270b,0.5856999456882477,0.5856999456882477,0.0
7169,4f08c8b26a416f7df3eae241e9dad2aab3257e245f82391ae765d10238b8270b,0.5856999456882477,0.5856999456882477,0.0
7170,071790c0eab4308d8ff3536cf47bb554085c3fdfba3234205ea2687072bc7e58,0.5623862743377686,0.5623862743377686,0.0
7171,cf65e9f57d623617ebdda52298cd30be7718d53affc886ceeeeaf113530b9c27,0.6408181488513947,0.6408181488513947,0.0
7172,cf65e9f57d623617ebdda52298cd30be7718d53affc886ceeeeaf113530b9c27,0.6408181488513947,0.6408181488513947,0.0
7173,704ec3bca4991ae590f660e083725dda79ac71ff1cb46a5aa3306f205e57a2d5,0.6473213136196136,0.6473213136196136,0.0
7174,d2e74cdf5042983de00281196b77fe8f32a4b0004bbac4b36529127eeaec41cf,0.5836575627326965,0.5836575627326965,0.0
7175,d2e74cdf5042983de00281196b77fe8f32a4b0004bbac4b36529127eeaec41cf,0.5836575627326965,0.5836575627326965,0.0
7176,7fabbd733e99be2d6a0d8954b800eff0af6bacbd1a4f6814b3f90fc6ba9c501e,0.53986856341362,0.53986856341362,0.0
7177,97dd398519ba15556230335c479844e8f23c49f6d7168f7b88e455b02e2f11a9,0.7004888355731964,0.7004888355731964,0.0
7178,97dd398519ba15556230335c479844e8f23c49f6d7168f7b88e455b02e2f11a9,0.7004888355731964,0.7004888355731964,0.0
7179,09c7196aa4de03f5991851e5d686b6cbf39b99b3b4ce65dd6a6a46e95f0a2234,0.6746698021888733,0.6746698021888733,0.0
7180,0b46ddbf0ee93f7d4d2dd115cba18bc826045716cd03610cf450dc8179d38c10,0.5586375594139099,0.5586375594139099,0.0
7181,0b46ddbf0ee93f7d4d2dd115cba18bc826045716cd03610cf450dc8179d38c10,0.5586375594139099,0.5586375594139099,0.0
7182,b3da2779c64a6552232a5a3d14a4e5545ccee2592e317b00e24b1cf288a3435c,0.5194415152072906,0.5194415152072906,0.0
7183,2f615437cc6cb4846466a3d22f930eb9109b4d160a3a8e53a1fa0b91555392cc,0.627653181552887,0.627653181552887,0.0
7184,2f615437cc6cb4846466a3d22f930eb9109b4d160a3a8e53a1fa0b91555392cc,0.627653181552887,0.627653181552887,0.0
7185,4b128410da2b5a5995946fa808ec6af19721d5e6adc3cdecec1a288c5b3dc29d,0.5500437021255493,0.5500437021255493,0.0
7186,8c832645eed9917b65c9dbf62369dea995ef1637f6eb5d8b4247d55d8d923206,0.6200753152370453,0.6200753152370453,0.0
7187,8c832645eed9917b65c9dbf62369dea995ef1637f6eb5d8b4247d55d8d923206,0.6200753152370453,0.6200753152370453,0.0
7188,ed1992cbcb576aba3235985ab6a997f61c0881682d4720b683c8beb1a8e2750f,0.524536520242691,0.524536520242691,0.0
7189,0c1acc06d6b7fa1af0f4271b6cfeaf71ab3dc6614a7c23c4363fd209fb06c82a,0.652601808309555,0.652601808309555,0.0
7190,0c1acc06d6b7fa1af0f4271b6cfeaf71ab3dc6614a7c23c4363fd209fb06c82a,0.652601808309555,0.652601808309555,0.0
7191,e7c208566d3d12cd2fcd47714a43f8e0dae1e98f5545eff40a221cb573b44556,0.5182533264160156,0.5182533264160156,0.0
7192,076276ee9afcb9b9b0dcf075e1e91796bcd4bebb7418881afe620ac7a051e69d,0.589440792798996,0.589440792798996,0.0
7193,076276ee9afcb9b9b0dcf075e1e91796bcd4bebb7418881afe620ac7a051e69d,0.589440792798996,0.589440792798996,0.0
7194,59b455a5c1c0cb808a63eb885db1b961815935b8c7cd1610c60c4d6f2e2928e0,0.5879085659980774,0.5879085659980774,0.0
7195,484d700bdbd059dd952d0f27cf6a96397aa05dd6c859d5b5017df98a33249504,0.6370672881603241,0.6370672881603241,0.0
7196,484d700bdbd059dd952d0f27cf6a96397aa05dd6c859d5b5017df98a33249504,0.6370672881603241,0.6370672881603241,0.0
7197,63f40b5e88b18c6c537bc39b24deb5592b7c529dda2f8bdf5a9d4564494479b2,0.6015981137752533,0.6015981137752533,0.0
7198,176b9cf34ab301ce15d68b630dab7edcdaecbff325ef8b173c5847da83c69595,0.5776391625404358,0.5776391625404358,0.0
7199,176b9cf34ab301ce15d68b630dab7edcdaecbff325ef8b173c5847da83c69595,0.5776391625404358,0.5776391625404358,0.0
7200,e44e4854e1bf9642aae663686a8bb98a7656fb3262a6e979a8d9515aad693fb1,0.6101349890232086,0.6101349890232086,0.0
7201,421c9cf61cb5c927de98af0ea38f91847315519b01d488c2b1e0e664bd848c80,0.535025030374527,0.535025030374527,0.0
7202,421c9cf61cb5c927de98af0ea38f91847315519b01d488c2b1e0e664bd848c80,0.535025030374527,0.535025030374527,0.0
7203,35c0698f7e4e8fe1461890d349c85263bc616bfde2f3ecda98e8090293c8a8fd,0.6287523806095123,0.6287523806095123,0.0
7204,bf368b4bfaa568416fa760b388e535cbab1ff0cea6200f05f1b91bd51e90348a,0.5210961699485779,0.5210961699485779,0.0
7205,bf368b4bfaa568416fa760b388e535cbab1ff0cea6200f05f1b91bd51e90348a,0.5210961699485779,0.5210961699485779,0.0
7206,34927ec357cfc5b2040fcda1cbf9c036d3647089f3c30cde78d554ca208dd8ba,0.5890529453754425,0.5890529453754425,0.0
7207,6379bee9b36f6b471a72cbd963856265591e0cee681f0323cfdadaf8f77b694d,0.5781242847442627,0.5781242847442627,0.0
7208,6379bee9b36f6b471a72cbd963856265591e0cee681f0323cfdadaf8f77b694d,0.5781242847442627,0.5781242847442627,0.0
7209,9f74e7ee913c870f004016832ae06263d8d01d7020dd527cf99b38c14e2c5caf,0.595030665397644,0.595030665397644,0.0
7210,83a54dbd243f39c9357036ac8ca85a93740c901fbcb14f96619d440fa900b6c3,0.7217028737068176,0.7217028737068176,0.0
7211,83a54dbd243f39c9357036ac8ca85a93740c901fbcb14f96619d440fa900b6c3,0.7217028737068176,0.7217028737068176,0.0
7212,d4299e6578fe42a45498f2b4e2776b02991df6a1eed266adc3d1c432544f4ded,0.6922619044780731,0.6922619044780731,0.0
7213,4f454059c1deea4a65940fde14eb073f0211785b1565dd88f48b78763d86a05d,0.597791999578476,0.597791999578476,0.0
7214,4f454059c1deea4a65940fde14eb073f0211785b1565dd88f48b78763d86a05d,0.597791999578476,0.597791999578476,0.0
7215,d3a8180f26c0761d160a8af493fd66cb1489b3664e7e75ad57948633ec03cbd1,0.6049613356590271,0.6049613356590271,0.0
7216,77b081ec9ea9c57d0b6c31f46dd4f962e0809174356df783f0fe7ef6ae44af6a,0.5082955658435822,0.5082955658435822,0.0
7217,77b081ec9ea9c57d0b6c31f46dd4f962e0809174356df783f0fe7ef6ae44af6a,0.5082955658435822,0.5082955658435822,0.0
7218,3fcd5f872017d091c9b9b490cc6fd96bd4655244237ddbde1621f22d81de8c1c,0.5918194651603699,0.5918194651603699,0.0
7219,6acf1746c91a1413c97b23d634b8790ee17ac5a6aa69e79dda10e603a252e2f6,0.5044317841529846,0.5044317841529846,0.0
7220,ac8459ee2b792abb2d73f4d01e790dc414c73642440ecf9bfa9976155d5093e4,0.5896244943141937,0.5896244943141937,0.0
7221,c7b4a0fbbcfc043fc2f53908831481916ea6b4770ff3d36c531ccd8ca6016728,0.5223684906959534,0.5223684906959534,0.0
7222,767d97b6528934ea68765180b0831c8c427d3eee19d577d04fb23b8965dd6741,0.5117387175559998,0.5117387175559998,0.0
7223,cfbffe2148a34e246a790d3e2b82c85fad45b7223b7dffbcbd8231c55f008d47,0.53579381108284,0.53579381108284,0.0
7224,fb2070823160aa97beca211077c23e397cf596b711916c1b8e424035be32d643,0.529625654220581,0.529625654220581,0.0
7225,b89066482bbd253d2d886e2e98621c1e36ed0760ee34098d6a1fd78755915674,0.5958343744277954,0.5958343744277954,0.0
7226,04693cddcfe49d46712a53f8b10462ed090e14d06bf7179b5ca289244af1f570,0.5609989166259766,0.5609989166259766,0.0
7227,30b19549e4137be458318a670ff67dc92fe2ee414162c538fa4c69a631bc737a,0.5742993950843811,0.5742993950843811,0.0
7228,8da0ab2836901676af0cc7ffed0f0603b6257d10930e0357ba05163592b0dade,0.6566375494003296,0.6566375494003296,0.0
7229,63abf22a5d5307ba705e71665f295bd3e51dd4fe104337b4e5923f6b2de14df6,0.7016963362693787,0.7016963362693787,0.0
7230,b63cb2795b68c2350fd2d99d46e89e302f3f2f3399c848c87b4e8dd1ffb9f916,0.7173836827278137,0.7173836827278137,0.0
7231,ba2295a98342273d8d80f217fe6235caa3ab17ce08e9d2136d46d2083a3ad113,0.5737304091453552,0.5737304091453552,0.0
7232,5e42fd4eb862c699ee45eda00b8a2f984ebfc419ba9d077a18899a638d6ee247,0.5888648629188538,0.5888648629188538,0.0
7233,28fc0397973f7aa9ca3d30e435964d297308cd928a24503bc8de5de551f767b6,0.5767276585102081,0.5767276585102081,0.0
7234,826df8488aa2aeda58a4d91719a796c23c121ee668b0e352080e6b4762239cef,0.6100256443023682,0.6100256443023682,0.0
7235,3808e9627fdd20a917080388dd64929d54276af175d38b9f3ecc6462be0dbafc,0.669850766658783,0.669850766658783,0.0
7236,e0deb9d1a20321478523aadd412355e0803fcd46e354eace7a1d66a90e0639ca,0.6344912648200989,0.6344912648200989,0.0
7237,80f119725db41d67a5797f128fe9fab604e20352f0537a1cf2ae05711f0ed08f,0.728361189365387,0.728361189365387,0.0
7238,0170990b155013eac51981fbb21cbb0805c0493c813e7ebc8f12d9b40ae7aa22,0.698865681886673,0.698865681886673,0.0
7239,2e42b88ce49d69819a27a089591344f998159dc89352f299fd5f0288c9e4181c,0.7572187930345535,0.7572187930345535,0.0
7240,ec23fb5bad966142bcdb424ab9631b777e56a6e2c069cf8d697b82582f2ea3af,0.6628963947296143,0.6628963947296143,0.0
7241,a46bbecc29f330e410aee9d49798fed17bcabf414e25a4ed7e68b4c32c713fe6,0.672690212726593,0.672690212726593,0.0
7242,ef6c02f13ff6e39c0a1243d4113efe6be8c634cc517433a2e99e0781390ed3b5,0.6307750046253204,0.6307750046253204,0.0
7243,9ec48a47c67dd68f4250a8b3cd196cd755a285364d5b5e5858c0ebafe5347596,0.4932504892349243,0.4932504892349243,0.0
7244,71b3919301ba4389143ede67a474ebe90da0e33a201c47b9938c5ae60f3e27d7,0.5537570118904114,0.5537570118904114,0.0
7245,0b9d7dccf694f0e20b19cf68dd7edf1cae84a5abea7ac556d5963afa4635fa37,0.4545007944107055,0.45450079441070557,5.551115123125783e-17
7246,a9c12c3bcd7d3af1d4c02c6b36036f39cbc2f198e53ab0a932bccd28cf906a33,0.6242992877960205,0.6242992877960205,0.0
7247,5bd68953dbe41a9bd79b9d5638989e4ee21bbb93584e295fc28d53a5bb98ef4f,0.7089060544967651,0.7089060544967651,0.0
7248,579ae514a4944e898808737ddda56f62c28bea5f2022332e40229b494d1fe145,0.6232103109359741,0.6232103109359741,0.0
7249,d2c5b39f676db21797d1adee4b96b84de4a54217f03017094d7b56de5aaa8928,0.5957226157188416,0.5957226157188416,0.0
7250,cc5bb242626446454f1ff4a924e83e665611be8b9b1a4eb928d38779e61a5345,0.6158149838447571,0.6158149838447571,0.0
7251,1509c7a199bb4cb6712196cb2cbb2a127f29882be7c8068eed759a4d1936a8c0,0.552584171295166,0.552584171295166,0.0
7252,28880ff740ec322ca02179528d4868d995dccdbea497d86b1620b7134f4817c6,0.4993432760238647,0.49934327602386475,5.551115123125783e-17
7253,680476f1ff8e46c3cdf0dbfec5f7457356dd67dfa73fc4e711f523f7e3894dbd,0.4419603943824768,0.4419603943824768,0.0
7254,4bf947926f6acb7b3b42fdf9fed6d42dec910674a41f860886ec6bf7c0a1705c,0.5307970941066742,0.5307970941066742,0.0
7255,57e21698058bc8427214c46785db5edb247d09463917e9e764288e272466f832,0.481008768081665,0.48100876808166504,5.551115123125783e-17
7256,04ca2c90ab5fe9bcb9ed92313a7c527712c41e8e1c7730358bbc497074605ea2,0.5959612727165222,0.5959612727165222,0.0
7257,df285a58cc5ec05d2ad9f98f9a45f0ac7ae1129fc4d82d9247ab7f80320ef970,0.5654527246952057,0.5654527246952057,0.0
7258,96827e3c9b5c0c1f874bb7da8acd15a4beb016e4cc6a5a183cbc24277bab6fa2,0.5111726224422455,0.5111726224422455,0.0
7259,b5dca01dea47669de44bb941d5ff4c14c3e8108b6ad44f47c63fa79349a41f0b,0.4717547297477722,0.4717547297477722,0.0
7260,071790c0eab4308d8ff3536cf47bb554085c3fdfba3234205ea2687072bc7e58,0.5623862743377686,0.5623862743377686,0.0
7261,0db2b1b00467a2d6d0d9093ff80688154977135b76f49ea8d34e092cb2a5303c,0.5839011073112488,0.5839011073112488,0.0
7262,45fa73bfb7cb101a2bc2fc713754c0ba2f6b3722b214331e932ac92e2a0090ce,0.6132771372795105,0.6132771372795105,0.0
7263,704ec3bca4991ae590f660e083725dda79ac71ff1cb46a5aa3306f205e57a2d5,0.6473213136196136,0.6473213136196136,0.0
7264,f6fd2980fe2c1f76ee5010b77291e1fdb247ebe9b48afc1f881116c62398e843,0.4761970043182373,0.4761970043182373,0.0
7265,94b6fbe83816fa419aa948b7b877c418d9995d57fea373cb01be693af696f494,0.5832917988300323,0.5832917988300323,0.0
7266,7fabbd733e99be2d6a0d8954b800eff0af6bacbd1a4f6814b3f90fc6ba9c501e,0.53986856341362,0.53986856341362,0.0
7267,6f091d8d1b2e0727b7b0ae2870301594b9a03410014bafb108ff55672fcd7a09,0.6482535600662231,0.6482535600662231,0.0
7268,91153f8df108349c8bb7d21ba3a2539668a68640bd64fa5acc02829686464933,0.6873275935649872,0.6873275935649872,0.0
7269,09c7196aa4de03f5991851e5d686b6cbf39b99b3b4ce65dd6a6a46e95f0a2234,0.6746698021888733,0.6746698021888733,0.0
7270,3b0cfa26b3292e371a41916fd6101415aa0679eaff9759265805e17ab76d1fb8,0.5364561676979065,0.5364561676979065,0.0
7271,22d8810d380a22ae77d6a2caa5463eb1a776a75277fe030553d08268e88da71c,0.5483584403991699,0.5483584403991699,0.0
7272,b3da2779c64a6552232a5a3d14a4e5545ccee2592e317b00e24b1cf288a3435c,0.5194415152072906,0.5194415152072906,0.0
7273,12d20095afd068d0680abaf80fcc2301d9e9b05fd0513178f85c5b19bc6dae83,0.5830402374267578,0.5830402374267578,0.0
7274,8b87dbd211898b0e3e5c2ceed8933350b6a7b12cccbf6dc0eaa9e049b1b45724,0.6533510088920593,0.6533510088920593,0.0
7275,4b128410da2b5a5995946fa808ec6af19721d5e6adc3cdecec1a288c5b3dc29d,0.5500437021255493,0.5500437021255493,0.0
7276,d2434b5f6b628481710a21d68ecba855986e71027d655f8fd4ec09d54fdcf1ec,0.5441931486129761,0.5441931486129761,0.0
7277,c35284885058d2532355b755ea3813ede52598fdfb1d9c2ea021f1ba86d47751,0.5455847382545471,0.5455847382545471,0.0
7278,ed1992cbcb576aba3235985ab6a997f61c0881682d4720b683c8beb1a8e2750f,0.524536520242691,0.524536520242691,0.0
7279,eb0d131cf33b4bbf573fcb0deb55de78e4e41e59915f60b8347462af305ee124,0.5022453963756561,0.5022453963756561,0.0
7280,2d305851b74c51a4e175f6ccad08fbd7e1581c96b2b422c0edbef7eb6ef47b43,0.5212759673595428,0.5212759673595428,0.0
7281,e7c208566d3d12cd2fcd47714a43f8e0dae1e98f5545eff40a221cb573b44556,0.5182533264160156,0.5182533264160156,0.0
7282,8f6dbc008b35513f629e577fe0e4bb7fd3add0d962449a2b2dd2096599944c63,0.5377951860427856,0.5377951860427856,0.0
7283,fcddf9a3c87ec00f9bcb856d6a31d9a85e6ef5a517e2fc8b281d85c8301e8d3f,0.6040191650390625,0.6040191650390625,0.0
7284,59b455a5c1c0cb808a63eb885db1b961815935b8c7cd1610c60c4d6f2e2928e0,0.5879085659980774,0.5879085659980774,0.0
7285,f065e1e1f856b50a227000607cbf4f737451c5ceaf9d08147c836c30295ddc23,0.5806066691875458,0.5806066691875458,0.0
7286,b58320cbc978e4d040068f19093a3258738a438206aa74dc480b3444fe63b9b8,0.6288655400276184,0.6288655400276184,0.0
7287,63f40b5e88b18c6c537bc39b24deb5592b7c529dda2f8bdf5a9d4564494479b2,0.6015981137752533,0.6015981137752533,0.0
7288,7c0b1492492c77939e6a5dc1b7b791e7aeb9fe0583f2537af6b9c8f1fc8c50f0,0.5815933048725128,0.5815933048725128,0.0
7289,d90a391de3b00a36cce6c0f1e5c0d837cdf8744c0cc83d5ac0744ea86c2bf81d,0.5774341523647308,0.5774341523647308,0.0
7290,e44e4854e1bf9642aae663686a8bb98a7656fb3262a6e979a8d9515aad693fb1,0.6101349890232086,0.6101349890232086,0.0
7291,b3a63de73f1474e9e4bc953f65a07f4537b1350678578a84f4e033c9fe2cd292,0.5808146297931671,0.5808146297931671,0.0
7292,1950f701121250d3637c4bcd38267f36a12e6625f0e2f0fcedac7a6d9e1f324e,0.5935848653316498,0.5935848653316498,0.0
7293,35c0698f7e4e8fe1461890d349c85263bc616bfde2f3ecda98e8090293c8a8fd,0.6287523806095123,0.6287523806095123,0.0
7294,66c25df611a39e6c0e70ab989ceb3e1711afaba4ec8da06c14d7bb84069d9f47,0.5906226336956024,0.5906226336956024,0.0
7295,6635b6b8b632e6db9da0916ca4a1c3429fac9a7503bd7f171a1024d66976f30b,0.5586662888526917,0.5586662888526917,0.0
7296,34927ec357cfc5b2040fcda1cbf9c036d3647089f3c30cde78d554ca208dd8ba,0.5890529453754425,0.5890529453754425,0.0
7297,a5a1063a15728daefb216c40771056196f9d7e3237a4db4f303254597518ba8d,0.6030153632164001,0.6030153632164001,0.0
7298,f4e9406b1cac514deed9acf5e1ece35571185418fa1d29796c5762fff9871752,0.5923027396202087,0.5923027396202087,0.0
7299,9f74e7ee913c870f004016832ae06263d8d01d7020dd527cf99b38c14e2c5caf,0.595030665397644,0.595030665397644,0.0
7300,215b60bbfa5de964ac8e9ab42e572feed7fce95073d0def6211c6c71d9c11b04,0.6082722544670105,0.6082722544670105,0.0
7301,ce7bf146cf6134c19fe9f5d442dd3b1aa6ae3e55d46dc2376f7d28abecf15737,0.641087681055069,0.641087681055069,0.0
7302,d4299e6578fe42a45498f2b4e2776b02991df6a1eed266adc3d1c432544f4ded,0.6922619044780731,0.6922619044780731,0.0
7303,f63e1e6af630b6cd18b4a30d531c246f6f135e138d812df05786193db129a4b5,0.6400380432605743,0.6400380432605743,0.0
7304,b65e95ea845d9250392b4f003a9ac8b07f4faaf589a69cd3658aff91d5efff82,0.6125032901763916,0.6125032901763916,0.0
7305,d3a8180f26c0761d160a8af493fd66cb1489b3664e7e75ad57948633ec03cbd1,0.6049613356590271,0.6049613356590271,0.0
7306,f73ecc0fb49475116fe0551dd0f924944ffa9d8a681b57a08858d06eef4d7c87,0.6755236387252808,0.6755236387252808,0.0
7307,bea554d14e1f791f8754cab3b36292ec9141fc7e517ab924c0933be5d9081f1a,0.7346696257591248,0.7346696257591248,0.0
7308,3fcd5f872017d091c9b9b490cc6fd96bd4655244237ddbde1621f22d81de8c1c,0.5918194651603699,0.5918194651603699,0.0
7309,6acf1746c91a1413c97b23d634b8790ee17ac5a6aa69e79dda10e603a252e2f6,0.5044317841529846,0.5044317841529846,0.0
7310,ac8459ee2b792abb2d73f4d01e790dc414c73642440ecf9bfa9976155d5093e4,0.5896244943141937,0.5896244943141937,0.0
7311,c7b4a0fbbcfc043fc2f53908831481916ea6b4770ff3d36c531ccd8ca6016728,0.5223684906959534,0.5223684906959534,0.0
7312,767d97b6528934ea68765180b0831c8c427d3eee19d577d04fb23b8965dd6741,0.5117387175559998,0.5117387175559998,0.0
7313,cfbffe2148a34e246a790d3e2b82c85fad45b7223b7dffbcbd8231c55f008d47,0.53579381108284,0.53579381108284,0.0
7314,fb2070823160aa97beca211077c23e397cf596b711916c1b8e424035be32d643,0.529625654220581,0.529625654220581,0.0
7315,b89066482bbd253d2d886e2e98621c1e36ed0760ee34098d6a1fd78755915674,0.5958343744277954,0.5958343744277954,0.0
7316,04693cddcfe49d46712a53f8b10462ed090e14d06bf7179b5ca289244af1f570,0.5609989166259766,0.5609989166259766,0.0
7317,30b19549e4137be458318a670ff67dc92fe2ee414162c538fa4c69a631bc737a,0.5742993950843811,0.5742993950843811,0.0
7318,8da0ab2836901676af0cc7ffed0f0603b6257d10930e0357ba05163592b0dade,0.6566375494003296,0.6566375494003296,0.0
7319,63abf22a5d5307ba705e71665f295bd3e51dd4fe104337b4e5923f6b2de14df6,0.7016963362693787,0.7016963362693787,0.0
7320,b63cb2795b68c2350fd2d99d46e89e302f3f2f3399c848c87b4e8dd1ffb9f916,0.7173836827278137,0.7173836827278137,0.0
7321,ba2295a98342273d8d80f217fe6235caa3ab17ce08e9d2136d46d2083a3ad113,0.5737304091453552,0.5737304091453552,0.0
7322,5e42fd4eb862c699ee45eda00b8a2f984ebfc419ba9d077a18899a638d6ee247,0.5888648629188538,0.5888648629188538,0.0
7323,28fc0397973f7aa9ca3d30e435964d297308cd928a24503bc8de5de551f767b6,0.5767276585102081,0.5767276585102081,0.0
7324,826df8488aa2aeda58a4d91719a796c23c121ee668b0e352080e6b4762239cef,0.6100256443023682,0.6100256443023682,0.0
7325,3808e9627fdd20a917080388dd64929d54276af175d38b9f3ecc6462be0dbafc,0.669850766658783,0.669850766658783,0.0
7326,e0deb9d1a20321478523aadd412355e0803fcd46e354eace7a1d66a90e0639ca,0.6344912648200989,0.6344912648200989,0.0
7327,80f119725db41d67a5797f128fe9fab604e20352f0537a1cf2ae05711f0ed08f,0.728361189365387,0.728361189365387,0.0
7328,0170990b155013eac51981fbb21cbb0805c0493c813e7ebc8f12d9b40ae7aa22,0.698865681886673,0.698865681886673,0.0
7329,2e42b88ce49d69819a27a089591344f998159dc89352f299fd5f0288c9e4181c,0.7572187930345535,0.7572187930345535,0.0
7330,ec23fb5bad966142bcdb424ab9631b777e56a6e2c069cf8d697b82582f2ea3af,0.6628963947296143,0.6628963947296143,0.0
7331,a46bbecc29f330e410aee9d49798fed17bcabf414e25a4ed7e68b4c32c713fe6,0.672690212726593,0.672690212726593,0.0
7332,ef6c02f13ff6e39c0a1243d4113efe6be8c634cc517433a2e99e0781390ed3b5,0.6307750046253204,0.6307750046253204,0.0
7333,9ec48a47c67dd68f4250a8b3cd196cd755a285364d5b5e5858c0ebafe5347596,0.4932504892349243,0.4932504892349243,0.0
7334,71b3919301ba4389143ede67a474ebe90da0e33a201c47b9938c5ae60f3e27d7,0.5537570118904114,0.5537570118904114,0.0
7335,0b9d7dccf694f0e20b19cf68dd7edf1cae84a5abea7ac556d5963afa4635fa37,0.4545007944107055,0.45450079441070557,5.551115123125783e-17
7336,a9c12c3bcd7d3af1d4c02c6b36036f39cbc2f198e53ab0a932bccd28cf906a33,0.6242992877960205,0.6242992877960205,0.0
7337,5bd68953dbe41a9bd79b9d5638989e4ee21bbb93584e295fc28d53a5bb98ef4f,0.7089060544967651,0.7089060544967651,0.0
7338,579ae514a4944e898808737ddda56f62c28bea5f2022332e40229b494d1fe145,0.6232103109359741,0.6232103109359741,0.0
7339,d2c5b39f676db21797d1adee4b96b84de4a54217f03017094d7b56de5aaa8928,0.5957226157188416,0.5957226157188416,0.0
7340,cc5bb242626446454f1ff4a924e83e665611be8b9b1a4eb928d38779e61a5345,0.6158149838447571,0.6158149838447571,0.0
7341,1509c7a199bb4cb6712196cb2cbb2a127f29882be7c8068eed759a4d1936a8c0,0.552584171295166,0.552584171295166,0.0
7342,28880ff740ec322ca02179528d4868d995dccdbea497d86b1620b7134f4817c6,0.4993432760238647,0.49934327602386475,5.551115123125783e-17
7343,680476f1ff8e46c3cdf0dbfec5f7457356dd67dfa73fc4e711f523f7e3894dbd,0.4419603943824768,0.4419603943824768,0.0
7344,4bf947926f6acb7b3b42fdf9fed6d42dec910674a41f860886ec6bf7c0a1705c,0.5307970941066742,0.5307970941066742,0.0
7345,57e21698058bc8427214c46785db5edb247d09463917e9e764288e272466f832,0.481008768081665,0.48100876808166504,5.551115123125783e-17
7346,04ca2c90ab5fe9bcb9ed92313a7c527712c41e8e1c7730358bbc497074605ea2,0.5959612727165222,0.5959612727165222,0.0
7347,df285a58cc5ec05d2ad9f98f9a45f0ac7ae1129fc4d82d9247ab7f80320ef970,0.5654527246952057,0.5654527246952057,0.0
7348,96827e3c9b5c0c1f874bb7da8acd15a4beb016e4cc6a5a183cbc24277bab6fa2,0.5111726224422455,0.5111726224422455,0.0
7349,b5dca01dea47669de44bb941d5ff4c14c3e8108b6ad44f47c63fa79349a41f0b,0.4717547297477722,0.4717547297477722,0.0
7350,071790c0eab4308d8ff3536cf47bb554085c3fdfba3234205ea2687072bc7e58,0.5623862743377686,0.5623862743377686,0.0
7351,0db2b1b00467a2d6d0d9093ff80688154977135b76f49ea8d34e092cb2a5303c,0.5839011073112488,0.5839011073112488,0.0
7352,45fa73bfb7cb101a2bc2fc713754c0ba2f6b3722b214331e932ac92e2a0090ce,0.6132771372795105,0.6132771372795105,0.0
7353,704ec3bca4991ae590f660e083725dda79ac71ff1cb46a5aa3306f205e57a2d5,0.6473213136196136,0.6473213136196136,0.0
7354,f6fd2980fe2c1f76ee5010b77291e1fdb247ebe9b48afc1f881116c62398e843,0.4761970043182373,0.4761970043182373,0.0
7355,94b6fbe83816fa419aa948b7b877c418d9995d57fea373cb01be693af696f494,0.5832917988300323,0.5832917988300323,0.0
7356,7fabbd733e99be2d6a0d8954b800eff0af6bacbd1a4f6814b3f90fc6ba9c501e,0.53986856341362,0.53986856341362,0.0
7357,6f091d8d1b2e0727b7b0ae2870301594b9a03410014bafb108ff55672fcd7a09,0.6482535600662231,0.6482535600662231,0.0
7358,91153f8df108349c8bb7d21ba3a2539668a68640bd64fa5acc02829686464933,0.6873275935649872,0.6873275935649872,0.0
7359,09c7196aa4de03f5991851e5d686b6cbf39b99b3b4ce65dd6a6a46e95f0a2234,0.6746698021888733,0.6746698021888733,0.0
7360,3b0cfa26b3292e371a41916fd6101415aa0679eaff9759265805e17ab76d1fb8,0.5364561676979065,0.5364561676979065,0.0
7361,22d8810d380a22ae77d6a2caa5463eb1a776a75277fe030553d08268e88da71c,0.5483584403991699,0.5483584403991699,0.0
7362,b3da2779c64a6552232a5a3d14a4e5545ccee2592e317b00e24b1cf288a3435c,0.5194415152072906,0.5194415152072906,0.0
7363,12d20095afd068d0680abaf80fcc2301d9e9b05fd0513178f85c5b19bc6dae83,0.5830402374267578,0.5830402374267578,0.0
7364,8b87dbd211898b0e3e5c2ceed8933350b6a7b12cccbf6dc0eaa9e049b1b45724,0.6533510088920593,0.6533510088920593,0.0
7365,4b128410da2b5a5995946fa808ec6af19721d5e6adc3cdecec1a288c5b3dc29d,0.5500437021255493,0.5500437021255493,0.0
7366,d2434b5f6b628481710a21d68ecba855986e71027d655f8fd4ec09d54fdcf1ec,0.5441931486129761,0.5441931486129761,0.0
7367,c35284885058d2532355b755ea3813ede52598fdfb1d9c2ea021f1ba86d47751,0.5455847382545471,0.5455847382545471,0.0
7368,ed1992cbcb576aba3235985ab6a997f61c0881682d4720b683c8beb1a8e2750f,0.524536520242691,0.524536520242691,0.0
7369,eb0d131cf33b4bbf573fcb0deb55de78e4e41e59915f60b8347462af305ee124,0.5022453963756561,0.5022453963756561,0.0
7370,2d305851b74c51a4e175f6ccad08fbd7e1581c96b2b422c0edbef7eb6ef47b43,0.5212759673595428,0.5212759673595428,0.0
7371,e7c208566d3d12cd2fcd47714a43f8e0dae1e98f5545eff40a221cb573b44556,0.5182533264160156,0.5182533264160156,0.0
7372,8f6dbc008b35513f629e577fe0e4bb7fd3add0d962449a2b2dd2096599944c63,0.5377951860427856,0.5377951860427856,0.0
7373,fcddf9a3c87ec00f9bcb856d6a31d9a85e6ef5a517e2fc8b281d85c8301e8d3f,0.6040191650390625,0.6040191650390625,0.0
7374,59b455a5c1c0cb808a63eb885db1b961815935b8c7cd1610c60c4d6f2e2928e0,0.5879085659980774,0.5879085659980774,0.0
7375,f065e1e1f856b50a227000607cbf4f737451c5ceaf9d08147c836c30295ddc23,0.5806066691875458,0.5806066691875458,0.0
7376,b58320cbc978e4d040068f19093a3258738a438206aa74dc480b3444fe63b9b8,0.6288655400276184,0.6288655400276184,0.0
7377,63f40b5e88b18c6c537bc39b24deb5592b7c529dda2f8bdf5a9d4564494479b2,0.6015981137752533,0.6015981137752533,0.0
7378,7c0b1492492c77939e6a5dc1b7b791e7aeb9fe0583f2537af6b9c8f1fc8c50f0,0.5815933048725128,0.5815933048725128,0.0
7379,d90a391de3b00a36cce6c0f1e5c0d837cdf8744c0cc83d5ac0744ea86c2bf81d,0.5774341523647308,0.5774341523647308,0.0
7380,e44e4854e1bf9642aae663686a8bb98a7656fb3262a6e979a8d9515aad693fb1,0.6101349890232086,0.6101349890232086,0.0
7381,b3a63de73f1474e9e4bc953f65a07f4537b1350678578a84f4e033c9fe2cd292,0.5808146297931671,0.5808146297931671,0.0
7382,1950f701121250d3637c4bcd38267f36a12e6625f0e2f0fcedac7a6d9e1f324e,0.5935848653316498,0.5935848653316498,0.0
7383,35c0698f7e4e8fe1461890d349c85263bc616bfde2f3ecda98e8090293c8a8fd,0.6287523806095123,0.6287523806095123,0.0
7384,66c25df611a39e6c0e70ab989ceb3e1711afaba4ec8da06c14d7bb84069d9f47,0.5906226336956024,0.5906226336956024,0.0
7385,6635b6b8b632e6db9da0916ca4a1c3429fac9a7503bd7f171a1024d66976f30b,0.5586662888526917,0.5586662888526917,0.0
7386,34927ec357cfc5b2040fcda1cbf9c036d3647089f3c30cde78d554ca208dd8ba,0.5890529453754425,0.5890529453754425,0.0
7387,a5a1063a15728daefb216c40771056196f9d7e3237a4db4f303254597518ba8d,0.6030153632164001,0.6030153632164001,0.0
7388,f4e9406b1cac514deed9acf5e1ece35571185418fa1d29796c5762fff9871752,0.5923027396202087,0.5923027396202087,0.0
7389,9f74e7ee913c870f004016832ae06263d8d01d7020dd527cf99b38c14e2c5caf,0.595030665397644,0.595030665397644,0.0
7390,215b60bbfa5de964ac8e9ab42e572feed7fce95073d0def6211c6c71d9c11b04,0.6082722544670105,0.6082722544670105,0.0
7391,ce7bf146cf6134c19fe9f5d442dd3b1aa6ae3e55d46dc2376f7d28abecf15737,0.641087681055069,0.641087681055069,0.0
7392,d4299e6578fe42a45498f2b4e2776b02991df6a1eed266adc3d1c432544f4ded,0.6922619044780731,0.6922619044780731,0.0
7393,f63e1e6af630b6cd18b4a30d531c246f6f135e138d812df05786193db129a4b5,0.6400380432605743,0.6400380432605743,0.0
7394,b65e95ea845d9250392b4f003a9ac8b07f4faaf589a69cd3658aff91d5efff82,0.6125032901763916,0.6125032901763916,0.0
7395,d3a8180f26c0761d160a8af493fd66cb1489b3664e7e75ad57948633ec03cbd1,0.6049613356590271,0.6049613356590271,0.0
7396,f73ecc0fb49475116fe0551dd0f924944ffa9d8a681b57a08858d06eef4d7c87,0.6755236387252808,0.6755236387252808,0.0
7397,bea554d14e1f791f8754cab3b36292ec9141fc7e517ab924c0933be5d9081f1a,0.7346696257591248,0.7346696257591248,0.0
7398,3fcd5f872017d091c9b9b490cc6fd96bd4655244237ddbde1621f22d81de8c1c,0.5918194651603699,0.5918194651603699,0.0
7399,6acf1746c91a1413c97b23d634b8790ee17ac5a6aa69e79dda10e603a252e2f6,0.5044317841529846,0.5044317841529846,0.0
7400,ac8459ee2b792abb2d73f4d01e790dc414c73642440ecf9bfa9976155d5093e4,0.5896244943141937,0.5896244943141937,0.0
7401,c7b4a0fbbcfc043fc2f53908831481916ea6b4770ff3d36c531ccd8ca6016728,0.5223684906959534,0.5223684906959534,0.0
7402,767d97b6528934ea68765180b0831c8c427d3eee19d577d04fb23b8965dd6741,0.5117387175559998,0.5117387175559998,0.0
7403,cfbffe2148a34e246a790d3e2b82c85fad45b7223b7dffbcbd8231c55f008d47,0.53579381108284,0.53579381108284,0.0
7404,fb2070823160aa97beca211077c23e397cf596b711916c1b8e424035be32d643,0.529625654220581,0.529625654220581,0.0
7405,b89066482bbd253d2d886e2e98621c1e36ed0760ee34098d6a1fd78755915674,0.5958343744277954,0.5958343744277954,0.0
7406,04693cddcfe49d46712a53f8b10462ed090e14d06bf7179b5ca289244af1f570,0.5609989166259766,0.5609989166259766,0.0
7407,30b19549e4137be458318a670ff67dc92fe2ee414162c538fa4c69a631bc737a,0.5742993950843811,0.5742993950843811,0.0
7408,8da0ab2836901676af0cc7ffed0f0603b6257d10930e0357ba05163592b0dade,0.6566375494003296,0.6566375494003296,0.0
7409,63abf22a5d5307ba705e71665f295bd3e51dd4fe104337b4e5923f6b2de14df6,0.7016963362693787,0.7016963362693787,0.0
7410,b63cb2795b68c2350fd2d99d46e89e302f3f2f3399c848c87b4e8dd1ffb9f916,0.7173836827278137,0.7173836827278137,0.0
7411,ba2295a98342273d8d80f217fe6235caa3ab17ce08e9d2136d46d2083a3ad113,0.5737304091453552,0.5737304091453552,0.0
7412,5e42fd4eb862c699ee45eda00b8a2f984ebfc419ba9d077a18899a638d6ee247,0.5888648629188538,0.5888648629188538,0.0
7413,28fc0397973f7aa9ca3d30e435964d297308cd928a24503bc8de5de551f767b6,0.5767276585102081,0.5767276585102081,0.0
7414,826df8488aa2aeda58a4d91719a796c23c121ee668b0e352080e6b4762239cef,0.6100256443023682,0.6100256443023682,0.0
7415,3808e9627fdd20a917080388dd64929d54276af175d38b9f3ecc6462be0dbafc,0.669850766658783,0.669850766658783,0.0
7416,e0deb9d1a20321478523aadd412355e0803fcd46e354eace7a1d66a90e0639ca,0.6344912648200989,0.6344912648200989,0.0
7417,80f119725db41d67a5797f128fe9fab604e20352f0537a1cf2ae05711f0ed08f,0.728361189365387,0.728361189365387,0.0
7418,0170990b155013eac51981fbb21cbb0805c0493c813e7ebc8f12d9b40ae7aa22,0.698865681886673,0.698865681886673,0.0
7419,2e42b88ce49d69819a27a089591344f998159dc89352f299fd5f0288c9e4181c,0.7572187930345535,0.7572187930345535,0.0
7420,ec23fb5bad966142bcdb424ab9631b777e56a6e2c069cf8d697b82582f2ea3af,0.6628963947296143,0.6628963947296143,0.0
7421,a46bbecc29f330e410aee9d49798fed17bcabf414e25a4ed7e68b4c32c713fe6,0.672690212726593,0.672690212726593,0.0
7422,ef6c02f13ff6e39c0a1243d4113efe6be8c634cc517433a2e99e0781390ed3b5,0.6307750046253204,0.6307750046253204,0.0
7423,9ec48a47c67dd68f4250a8b3cd196cd755a285364d5b5e5858c0ebafe5347596,0.4932504892349243,0.4932504892349243,0.0
7424,71b3919301ba4389143ede67a474ebe90da0e33a201c47b9938c5ae60f3e27d7,0.5537570118904114,0.5537570118904114,0.0
7425,0b9d7dccf694f0e20b19cf68dd7edf1cae84a5abea7ac556d5963afa4635fa37,0.4545007944107055,0.45450079441070557,5.551115123125783e-17
7426,a9c12c3bcd7d3af1d4c02c6b36036f39cbc2f198e53ab0a932bccd28cf906a33,0.6242992877960205,0.6242992877960205,0.0
7427,5bd68953dbe41a9bd79b9d5638989e4ee21bbb93584e295fc28d53a5bb98ef4f,0.7089060544967651,0.7089060544967651,0.0
7428,579ae514a4944e898808737ddda56f62c28bea5f2022332e40229b494d1fe145,0.6232103109359741,0.6232103109359741,0.0
7429,d2c5b39f676db21797d1adee4b96b84de4a54217f03017094d7b56de5aaa8928,0.5957226157188416,0.5957226157188416,0.0
7430,cc5bb242626446454f1ff4a924e83e665611be8b9b1a4eb928d38779e61a5345,0.6158149838447571,0.6158149838447571,0.0
7431,1509c7a199bb4cb6712196cb2cbb2a127f29882be7c8068eed759a4d1936a8c0,0.552584171295166,0.552584171295166,0.0
7432,28880ff740ec322ca02179528d4868d995dccdbea497d86b1620b7134f4817c6,0.4993432760238647,0.49934327602386475,5.551115123125783e-17
7433,680476f1ff8e46c3cdf0dbfec5f7457356dd67dfa73fc4e711f523f7e3894dbd,0.4419603943824768,0.4419603943824768,0.0
7434,4bf947926f6acb7b3b42fdf9fed6d42dec910674a41f860886ec6bf7c0a1705c,0.5307970941066742,0.5307970941066742,0.0
7435,57e21698058bc8427214c46785db5edb247d09463917e9e764288e272466f832,0.481008768081665,0.48100876808166504,5.551115123125783e-17
7436,04ca2c90ab5fe9bcb9ed92313a7c527712c41e8e1c7730358bbc497074605ea2,0.5959612727165222,0.5959612727165222,0.0
7437,df285a58cc5ec05d2ad9f98f9a45f0ac7ae1129fc4d82d9247ab7f80320ef970,0.5654527246952057,0.5654527246952057,0.0
7438,96827e3c9b5c0c1f874bb7da8acd15a4beb016e4cc6a5a183cbc24277bab6fa2,0.5111726224422455,0.5111726224422455,0.0
7439,b5dca01dea47669de44bb941d5ff4c14c3e8108b6ad44f47c63fa79349a41f0b,0.4717547297477722,0.4717547297477722,0.0
7440,071790c0eab4308d8ff3536cf47bb554085c3fdfba3234205ea2687072bc7e58,0.5623862743377686,0.5623862743377686,0.0
7441,0db2b1b00467a2d6d0d9093ff80688154977135b76f49ea8d34e092cb2a5303c,0.5839011073112488,0.5839011073112488,0.0
7442,45fa73bfb7cb101a2bc2fc713754c0ba2f6b3722b214331e932ac92e2a0090ce,0.6132771372795105,0.6132771372795105,0.0
7443,704ec3bca4991ae590f660e083725dda79ac71ff1cb46a5aa3306f205e57a2d5,0.6473213136196136,0.6473213136196136,0.0
7444,f6fd2980fe2c1f76ee5010b77291e1fdb247ebe9b48afc1f881116c62398e843,0.4761970043182373,0.4761970043182373,0.0
7445,94b6fbe83816fa419aa948b7b877c418d9995d57fea373cb01be693af696f494,0.5832917988300323,0.5832917988300323,0.0
7446,7fabbd733e99be2d6a0d8954b800eff0af6bacbd1a4f6814b3f90fc6ba9c501e,0.53986856341362,0.53986856341362,0.0
7447,6f091d8d1b2e0727b7b0ae2870301594b9a03410014bafb108ff55672fcd7a09,0.6482535600662231,0.6482535600662231,0.0
7448,91153f8df108349c8bb7d21ba3a2539668a68640bd64fa5acc02829686464933,0.6873275935649872,0.6873275935649872,0.0
7449,09c7196aa4de03f5991851e5d686b6cbf39b99b3b4ce65dd6a6a46e95f0a2234,0.6746698021888733,0.6746698021888733,0.0
7450,3b0cfa26b3292e371a41916fd6101415aa0679eaff9759265805e17ab76d1fb8,0.5364561676979065,0.5364561676979065,0.0
7451,22d8810d380a22ae77d6a2caa5463eb1a776a75277fe030553d08268e88da71c,0.5483584403991699,0.5483584403991699,0.0
7452,b3da2779c64a6552232a5a3d14a4e5545ccee2592e317b00e24b1cf288a3435c,0.5194415152072906,0.5194415152072906,0.0
7453,12d20095afd068d0680abaf80fcc2301d9e9b05fd0513178f85c5b19bc6dae83,0.5830402374267578,0.5830402374267578,0.0
7454,8b87dbd211898b0e3e5c2ceed8933350b6a7b12cccbf6dc0eaa9e049b1b45724,0.6533510088920593,0.6533510088920593,0.0
7455,4b128410da2b5a5995946fa808ec6af19721d5e6adc3cdecec1a288c5b3dc29d,0.5500437021255493,0.5500437021255493,0.0
7456,d2434b5f6b628481710a21d68ecba855986e71027d655f8fd4ec09d54fdcf1ec,0.5441931486129761,0.5441931486129761,0.0
7457,c35284885058d2532355b755ea3813ede52598fdfb1d9c2ea021f1ba86d47751,0.5455847382545471,0.5455847382545471,0.0
7458,ed1992cbcb576aba3235985ab6a997f61c0881682d4720b683c8beb1a8e2750f,0.524536520242691,0.524536520242691,0.0
7459,eb0d131cf33b4bbf573fcb0deb55de78e4e41e59915f60b8347462af305ee124,0.5022453963756561,0.5022453963756561,0.0
7460,2d305851b74c51a4e175f6ccad08fbd7e1581c96b2b422c0edbef7eb6ef47b43,0.5212759673595428,0.5212759673595428,0.0
7461,e7c208566d3d12cd2fcd47714a43f8e0dae1e98f5545eff40a221cb573b44556,0.5182533264160156,0.5182533264160156,0.0
7462,8f6dbc008b35513f629e577fe0e4bb7fd3add0d962449a2b2dd2096599944c63,0.5377951860427856,0.5377951860427856,0.0
7463,fcddf9a3c87ec00f9bcb856d6a31d9a85e6ef5a517e2fc8b281d85c8301e8d3f,0.6040191650390625,0.6040191650390625,0.0
7464,59b455a5c1c0cb808a63eb885db1b961815935b8c7cd1610c60c4d6f2e2928e0,0.5879085659980774,0.5879085659980774,0.0
7465,f065e1e1f856b50a227000607cbf4f737451c5ceaf9d08147c836c30295ddc23,0.5806066691875458,0.5806066691875458,0.0
7466,b58320cbc978e4d040068f19093a3258738a438206aa74dc480b3444fe63b9b8,0.6288655400276184,0.6288655400276184,0.0
7467,63f40b5e88b18c6c537bc39b24deb5592b7c529dda2f8bdf5a9d4564494479b2,0.6015981137752533,0.6015981137752533,0.0
7468,7c0b1492492c77939e6a5dc1b7b791e7aeb9fe0583f2537af6b9c8f1fc8c50f0,0.5815933048725128,0.5815933048725128,0.0
7469,d90a391de3b00a36cce6c0f1e5c0d837cdf8744c0cc83d5ac0744ea86c2bf81d,0.5774341523647308,0.5774341523647308,0.0
7470,e44e4854e1bf9642aae663686a8bb98a7656fb3262a6e979a8d9515aad693fb1,0.6101349890232086,0.6101349890232086,0.0
7471,b3a63de73f1474e9e4bc953f65a07f4537b1350678578a84f4e033c9fe2cd292,0.5808146297931671,0.5808146297931671,0.0
7472,1950f701121250d3637c4bcd38267f36a12e6625f0e2f0fcedac7a6d9e1f324e,0.5935848653316498,0.5935848653316498,0.0
7473,35c0698f7e4e8fe1461890d349c85263bc616bfde2f3ecda98e8090293c8a8fd,0.6287523806095123,0.6287523806095123,0.0
7474,66c25df611a39e6c0e70ab989ceb3e1711afaba4ec8da06c14d7bb84069d9f47,0.5906226336956024,0.5906226336956024,0.0
7475,6635b6b8b632e6db9da0916ca4a1c3429fac9a7503bd7f171a1024d66976f30b,0.5586662888526917,0.5586662888526917,0.0
7476,34927ec357cfc5b2040fcda1cbf9c036d3647089f3c30cde78d554ca208dd8ba,0.5890529453754425,0.5890529453754425,0.0
7477,a5a1063a15728daefb216c40771056196f9d7e3237a4db4f303254597518ba8d,0.6030153632164001,0.6030153632164001,0.0
7478,f4e9406b1cac514deed9acf5e1ece35571185418fa1d29796c5762fff9871752,0.5923027396202087,0.5923027396202087,0.0
7479,9f74e7ee913c870f004016832ae06263d8d01d7020dd527cf99b38c14e2c5caf,0.595030665397644,0.595030665397644,0.0
7480,215b60bbfa5de964ac8e9ab42e572feed7fce95073d0def6211c6c71d9c11b04,0.6082722544670105,0.6082722544670105,0.0
7481,ce7bf146cf6134c19fe9f5d442dd3b1aa6ae3e55d46dc2376f7d28abecf15737,0.641087681055069,0.641087681055069,0.0
7482,d4299e6578fe42a45498f2b4e2776b02991df6a1eed266adc3d1c432544f4ded,0.6922619044780731,0.6922619044780731,0.0
7483,f63e1e6af630b6cd18b4a30d531c246f6f135e138d812df05786193db129a4b5,0.6400380432605743,0.6400380432605743,0.0
7484,b65e95ea845d9250392b4f003a9ac8b07f4faaf589a69cd3658aff91d5efff82,0.6125032901763916,0.6125032901763916,0.0
7485,d3a8180f26c0761d160a8af493fd66cb1489b3664e7e75ad57948633ec03cbd1,0.6049613356590271,0.6049613356590271,0.0
7486,f73ecc0fb49475116fe0551dd0f924944ffa9d8a681b57a08858d06eef4d7c87,0.6755236387252808,0.6755236387252808,0.0
7487,bea554d14e1f791f8754cab3b36292ec9141fc7e517ab924c0933be5d9081f1a,0.7346696257591248,0.7346696257591248,0.0
7488,3fcd5f872017d091c9b9b490cc6fd96bd4655244237ddbde1621f22d81de8c1c,0.5918194651603699,0.5918194651603699,0.0
7489,6acf1746c91a1413c97b23d634b8790ee17ac5a6aa69e79dda10e603a252e2f6,0.5044317841529846,0.5044317841529846,0.0
7490,ac8459ee2b792abb2d73f4d01e790dc414c73642440ecf9bfa9976155d5093e4,0.5896244943141937,0.5896244943141937,0.0
7491,c7b4a0fbbcfc043fc2f53908831481916ea6b4770ff3d36c531ccd8ca6016728,0.5223684906959534,0.5223684906959534,0.0
7492,767d97b6528934ea68765180b0831c8c427d3eee19d577d04fb23b8965dd6741,0.5117387175559998,0.5117387175559998,0.0
7493,cfbffe2148a34e246a790d3e2b82c85fad45b7223b7dffbcbd8231c55f008d47,0.53579381108284,0.53579381108284,0.0
7494,fb2070823160aa97beca211077c23e397cf596b711916c1b8e424035be32d643,0.529625654220581,0.529625654220581,0.0
7495,b89066482bbd253d2d886e2e98621c1e36ed0760ee34098d6a1fd78755915674,0.5958343744277954,0.5958343744277954,0.0
7496,04693cddcfe49d46712a53f8b10462ed090e14d06bf7179b5ca289244af1f570,0.5609989166259766,0.5609989166259766,0.0
7497,30b19549e4137be458318a670ff67dc92fe2ee414162c538fa4c69a631bc737a,0.5742993950843811,0.5742993950843811,0.0
7498,8da0ab2836901676af0cc7ffed0f0603b6257d10930e0357ba05163592b0dade,0.6566375494003296,0.6566375494003296,0.0
7499,63abf22a5d5307ba705e71665f295bd3e51dd4fe104337b4e5923f6b2de14df6,0.7016963362693787,0.7016963362693787,0.0
7500,b63cb2795b68c2350fd2d99d46e89e302f3f2f3399c848c87b4e8dd1ffb9f916,0.7173836827278137,0.7173836827278137,0.0
7501,ba2295a98342273d8d80f217fe6235caa3ab17ce08e9d2136d46d2083a3ad113,0.5737304091453552,0.5737304091453552,0.0
7502,5e42fd4eb862c699ee45eda00b8a2f984ebfc419ba9d077a18899a638d6ee247,0.5888648629188538,0.5888648629188538,0.0
7503,28fc0397973f7aa9ca3d30e435964d297308cd928a24503bc8de5de551f767b6,0.5767276585102081,0.5767276585102081,0.0
7504,826df8488aa2aeda58a4d91719a796c23c121ee668b0e352080e6b4762239cef,0.6100256443023682,0.6100256443023682,0.0
7505,3808e9627fdd20a917080388dd64929d54276af175d38b9f3ecc6462be0dbafc,0.669850766658783,0.669850766658783,0.0
7506,e0deb9d1a20321478523aadd412355e0803fcd46e354eace7a1d66a90e0639ca,0.6344912648200989,0.6344912648200989,0.0
7507,80f119725db41d67a5797f128fe9fab604e20352f0537a1cf2ae05711f0ed08f,0.728361189365387,0.728361189365387,0.0
7508,0170990b155013eac51981fbb21cbb0805c0493c813e7ebc8f12d9b40ae7aa22,0.698865681886673,0.698865681886673,0.0
7509,2e42b88ce49d69819a27a089591344f998159dc89352f299fd5f0288c9e4181c,0.7572187930345535,0.7572187930345535,0.0
7510,ec23fb5bad966142bcdb424ab9631b777e56a6e2c069cf8d697b82582f2ea3af,0.6628963947296143,0.6628963947296143,0.0
7511,a46bbecc29f330e410aee9d49798fed17bcabf414e25a4ed7e68b4c32c713fe6,0.672690212726593,0.672690212726593,0.0
7512,ef6c02f13ff6e39c0a1243d4113efe6be8c634cc517433a2e99e0781390ed3b5,0.6307750046253204,0.6307750046253204,0.0
7513,9ec48a47c67dd68f4250a8b3cd196cd755a285364d5b5e5858c0ebafe5347596,0.4932504892349243,0.4932504892349243,0.0
7514,71b3919301ba4389143ede67a474ebe90da0e33a201c47b9938c5ae60f3e27d7,0.5537570118904114,0.5537570118904114,0.0
7515,0b9d7dccf694f0e20b19cf68dd7edf1cae84a5abea7ac556d5963afa4635fa37,0.4545007944107055,0.45450079441070557,5.551115123125783e-17
7516,a9c12c3bcd7d3af1d4c02c6b36036f39cbc2f198e53ab0a932bccd28cf906a33,0.6242992877960205,0.6242992877960205,0.0
7517,5bd68953dbe41a9bd79b9d5638989e4ee21bbb93584e295fc28d53a5bb98ef4f,0.7089060544967651,0.7089060544967651,0.0
7518,579ae514a4944e898808737ddda56f62c28bea5f2022332e40229b494d1fe145,0.6232103109359741,0.6232103109359741,0.0
7519,d2c5b39f676db21797d1adee4b96b84de4a54217f03017094d7b56de5aaa8928,0.5957226157188416,0.5957226157188416,0.0
7520,cc5bb242626446454f1ff4a924e83e665611be8b9b1a4eb928d38779e61a5345,0.6158149838447571,0.6158149838447571,0.0
7521,1509c7a199bb4cb6712196cb2cbb2a127f29882be7c8068eed759a4d1936a8c0,0.552584171295166,0.552584171295166,0.0
7522,28880ff740ec322ca02179528d4868d995dccdbea497d86b1620b7134f4817c6,0.4993432760238647,0.49934327602386475,5.551115123125783e-17
7523,680476f1ff8e46c3cdf0dbfec5f7457356dd67dfa73fc4e711f523f7e3894dbd,0.4419603943824768,0.4419603943824768,0.0
7524,4bf947926f6acb7b3b42fdf9fed6d42dec910674a41f860886ec6bf7c0a1705c,0.5307970941066742,0.5307970941066742,0.0
7525,57e21698058bc8427214c46785db5edb247d09463917e9e764288e272466f832,0.481008768081665,0.48100876808166504,5.551115123125783e-17
7526,04ca2c90ab5fe9bcb9ed92313a7c527712c41e8e1c7730358bbc497074605ea2,0.5959612727165222,0.5959612727165222,0.0
7527,df285a58cc5ec05d2ad9f98f9a45f0ac7ae1129fc4d82d9247ab7f80320ef970,0.5654527246952057,0.5654527246952057,0.0
7528,96827e3c9b5c0c1f874bb7da8acd15a4beb016e4cc6a5a183cbc24277bab6fa2,0.5111726224422455,0.5111726224422455,0.0
7529,b5dca01dea47669de44bb941d5ff4c14c3e8108b6ad44f47c63fa79349a41f0b,0.4717547297477722,0.4717547297477722,0.0
7530,071790c0eab4308d8ff3536cf47bb554085c3fdfba3234205ea2687072bc7e58,0.5623862743377686,0.5623862743377686,0.0
7531,0db2b1b00467a2d6d0d9093ff80688154977135b76f49ea8d34e092cb2a5303c,0.5839011073112488,0.5839011073112488,0.0
7532,45fa73bfb7cb101a2bc2fc713754c0ba2f6b3722b214331e932ac92e2a0090ce,0.6132771372795105,0.6132771372795105,0.0
7533,704ec3bca4991ae590f660e083725dda79ac71ff1cb46a5aa3306f205e57a2d5,0.6473213136196136,0.6473213136196136,0.0
7534,f6fd2980fe2c1f76ee5010b77291e1fdb247ebe9b48afc1f881116c62398e843,0.4761970043182373,0.4761970043182373,0.0
7535,94b6fbe83816fa419aa948b7b877c418d9995d57fea373cb01be693af696f494,0.5832917988300323,0.5832917988300323,0.0
7536,7fabbd733e99be2d6a0d8954b800eff0af6bacbd1a4f6814b3f90fc6ba9c501e,0.53986856341362,0.53986856341362,0.0
7537,6f091d8d1b2e0727b7b0ae2870301594b9a03410014bafb108ff55672fcd7a09,0.6482535600662231,0.6482535600662231,0.0
7538,91153f8df108349c8bb7d21ba3a2539668a68640bd64fa5acc02829686464933,0.6873275935649872,0.6873275935649872,0.0
7539,09c7196aa4de03f5991851e5d686b6cbf39b99b3b4ce65dd6a6a46e95f0a2234,0.6746698021888733,0.6746698021888733,0.0
7540,3b0cfa26b3292e371a41916fd6101415aa0679eaff9759265805e17ab76d1fb8,0.5364561676979065,0.5364561676979065,0.0
7541,22d8810d380a22ae77d6a2caa5463eb1a776a75277fe030553d08268e88da71c,0.5483584403991699,0.5483584403991699,0.0
7542,b3da2779c64a6552232a5a3d14a4e5545ccee2592e317b00e24b1cf288a3435c,0.5194415152072906,0.5194415152072906,0.0
7543,12d20095afd068d0680abaf80fcc2301d9e9b05fd0513178f85c5b19bc6dae83,0.5830402374267578,0.5830402374267578,0.0
7544,8b87dbd211898b0e3e5c2ceed8933350b6a7b12cccbf6dc0eaa9e049b1b45724,0.6533510088920593,0.6533510088920593,0.0
7545,4b128410da2b5a5995946fa808ec6af19721d5e6adc3cdecec1a288c5b3dc29d,0.5500437021255493,0.5500437021255493,0.0
7546,d2434b5f6b628481710a21d68ecba855986e71027d655f8fd4ec09d54fdcf1ec,0.5441931486129761,0.5441931486129761,0.0
7547,c35284885058d2532355b755ea3813ede52598fdfb1d9c2ea021f1ba86d47751,0.5455847382545471,0.5455847382545471,0.0
7548,ed1992cbcb576aba3235985ab6a997f61c0881682d4720b683c8beb1a8e2750f,0.524536520242691,0.524536520242691,0.0
7549,eb0d131cf33b4bbf573fcb0deb55de78e4e41e59915f60b8347462af305ee124,0.5022453963756561,0.5022453963756561,0.0
7550,2d305851b74c51a4e175f6ccad08fbd7e1581c96b2b422c0edbef7eb6ef47b43,0.5212759673595428,0.5212759673595428,0.0
7551,e7c208566d3d12cd2fcd47714a43f8e0dae1e98f5545eff40a221cb573b44556,0.5182533264160156,0.5182533264160156,0.0
7552,8f6dbc008b35513f629e577fe0e4bb7fd3add0d962449a2b2dd2096599944c63,0.5377951860427856,0.5377951860427856,0.0
7553,fcddf9a3c87ec00f9bcb856d6a31d9a85e6ef5a517e2fc8b281d85c8301e8d3f,0.6040191650390625,0.6040191650390625,0.0
7554,59b455a5c1c0cb808a63eb885db1b961815935b8c7cd1610c60c4d6f2e2928e0,0.5879085659980774,0.5879085659980774,0.0
7555,f065e1e1f856b50a227000607cbf4f737451c5ceaf9d08147c836c30295ddc23,0.5806066691875458,0.5806066691875458,0.0
7556,b58320cbc978e4d040068f19093a3258738a438206aa74dc480b3444fe63b9b8,0.6288655400276184,0.6288655400276184,0.0
7557,63f40b5e88b18c6c537bc39b24deb5592b7c529dda2f8bdf5a9d4564494479b2,0.6015981137752533,0.6015981137752533,0.0
7558,7c0b1492492c77939e6a5dc1b7b791e7aeb9fe0583f2537af6b9c8f1fc8c50f0,0.5815933048725128,0.5815933048725128,0.0
7559,d90a391de3b00a36cce6c0f1e5c0d837cdf8744c0cc83d5ac0744ea86c2bf81d,0.5774341523647308,0.5774341523647308,0.0
7560,e44e4854e1bf9642aae663686a8bb98a7656fb3262a6e979a8d9515aad693fb1,0.6101349890232086,0.6101349890232086,0.0
7561,b3a63de73f1474e9e4bc953f65a07f4537b1350678578a84f4e033c9fe2cd292,0.5808146297931671,0.5808146297931671,0.0
7562,1950f701121250d3637c4bcd38267f36a12e6625f0e2f0fcedac7a6d9e1f324e,0.5935848653316498,0.5935848653316498,0.0
7563,35c0698f7e4e8fe1461890d349c85263bc616bfde2f3ecda98e8090293c8a8fd,0.6287523806095123,0.6287523806095123,0.0
7564,66c25df611a39e6c0e70ab989ceb3e1711afaba4ec8da06c14d7bb84069d9f47,0.5906226336956024,0.5906226336956024,0.0
7565,6635b6b8b632e6db9da0916ca4a1c3429fac9a7503bd7f171a1024d66976f30b,0.5586662888526917,0.5586662888526917,0.0
7566,34927ec357cfc5b2040fcda1cbf9c036d3647089f3c30cde78d554ca208dd8ba,0.5890529453754425,0.5890529453754425,0.0
7567,a5a1063a15728daefb216c40771056196f9d7e3237a4db4f303254597518ba8d,0.6030153632164001,0.6030153632164001,0.0
7568,f4e9406b1cac514deed9acf5e1ece35571185418fa1d29796c5762fff9871752,0.5923027396202087,0.5923027396202087,0.0
7569,9f74e7ee913c870f004016832ae06263d8d01d7020dd527cf99b38c14e2c5caf,0.595030665397644,0.595030665397644,0.0
7570,215b60bbfa5de964ac8e9ab42e572feed7fce95073d0def6211c6c71d9c11b04,0.6082722544670105,0.6082722544670105,0.0
7571,ce7bf146cf6134c19fe9f5d442dd3b1aa6ae3e55d46dc2376f7d28abecf15737,0.641087681055069,0.641087681055069,0.0
7572,d4299e6578fe42a45498f2b4e2776b02991df6a1eed266adc3d1c432544f4ded,0.6922619044780731,0.6922619044780731,0.0
7573,f63e1e6af630b6cd18b4a30d531c246f6f135e138d812df05786193db129a4b5,0.6400380432605743,0.6400380432605743,0.0
7574,b65e95ea845d9250392b4f003a9ac8b07f4faaf589a69cd3658aff91d5efff82,0.6125032901763916,0.6125032901763916,0.0
7575,d3a8180f26c0761d160a8af493fd66cb1489b3664e7e75ad57948633ec03cbd1,0.6049613356590271,0.6049613356590271,0.0
7576,f73ecc0fb49475116fe0551dd0f924944ffa9d8a681b57a08858d06eef4d7c87,0.6755236387252808,0.6755236387252808,0.0
7577,bea554d14e1f791f8754cab3b36292ec9141fc7e517ab924c0933be5d9081f1a,0.7346696257591248,0.7346696257591248,0.0
7578,3fcd5f872017d091c9b9b490cc6fd96bd4655244237ddbde1621f22d81de8c1c,0.5918194651603699,0.5918194651603699,0.0
7579,6acf1746c91a1413c97b23d634b8790ee17ac5a6aa69e79dda10e603a252e2f6,0.5044317841529846,0.5044317841529846,0.0
7580,ac8459ee2b792abb2d73f4d01e790dc414c73642440ecf9bfa9976155d5093e4,0.5896244943141937,0.5896244943141937,0.0
7581,c7b4a0fbbcfc043fc2f53908831481916ea6b4770ff3d36c531ccd8ca6016728,0.5223684906959534,0.5223684906959534,0.0
7582,767d97b6528934ea68765180b0831c8c427d3eee19d577d04fb23b8965dd6741,0.5117387175559998,0.5117387175559998,0.0
7583,cfbffe2148a34e246a790d3e2b82c85fad45b7223b7dffbcbd8231c55f008d47,0.53579381108284,0.53579381108284,0.0
7584,fb2070823160aa97beca211077c23e397cf596b711916c1b8e424035be32d643,0.529625654220581,0.529625654220581,0.0
7585,b89066482bbd253d2d886e2e98621c1e36ed0760ee34098d6a1fd78755915674,0.5958343744277954,0.5958343744277954,0.0
7586,04693cddcfe49d46712a53f8b10462ed090e14d06bf7179b5ca289244af1f570,0.5609989166259766,0.5609989166259766,0.0
7587,30b19549e4137be458318a670ff67dc92fe2ee414162c538fa4c69a631bc737a,0.5742993950843811,0.5742993950843811,0.0
7588,8da0ab2836901676af0cc7ffed0f0603b6257d10930e0357ba05163592b0dade,0.6566375494003296,0.6566375494003296,0.0
7589,63abf22a5d5307ba705e71665f295bd3e51dd4fe104337b4e5923f6b2de14df6,0.7016963362693787,0.7016963362693787,0.0
7590,b63cb2795b68c2350fd2d99d46e89e302f3f2f3399c848c87b4e8dd1ffb9f916,0.7173836827278137,0.7173836827278137,0.0
7591,ba2295a98342273d8d80f217fe6235caa3ab17ce08e9d2136d46d2083a3ad113,0.5737304091453552,0.5737304091453552,0.0
7592,5e42fd4eb862c699ee45eda00b8a2f984ebfc419ba9d077a18899a638d6ee247,0.5888648629188538,0.5888648629188538,0.0
7593,28fc0397973f7aa9ca3d30e435964d297308cd928a24503bc8de5de551f767b6,0.5767276585102081,0.5767276585102081,0.0
7594,826df8488aa2aeda58a4d91719a796c23c121ee668b0e352080e6b4762239cef,0.6100256443023682,0.6100256443023682,0.0
7595,3808e9627fdd20a917080388dd64929d54276af175d38b9f3ecc6462be0dbafc,0.669850766658783,0.669850766658783,0.0
7596,e0deb9d1a20321478523aadd412355e0803fcd46e354eace7a1d66a90e0639ca,0.6344912648200989,0.6344912648200989,0.0
7597,80f119725db41d67a5797f128fe9fab604e20352f0537a1cf2ae05711f0ed08f,0.728361189365387,0.728361189365387,0.0
7598,0170990b155013eac51981fbb21cbb0805c0493c813e7ebc8f12d9b40ae7aa22,0.698865681886673,0.698865681886673,0.0
7599,2e42b88ce49d69819a27a089591344f998159dc89352f299fd5f0288c9e4181c,0.7572187930345535,0.7572187930345535,0.0
7600,ec23fb5bad966142bcdb424ab9631b777e56a6e2c069cf8d697b82582f2ea3af,0.6628963947296143,0.6628963947296143,0.0
7601,a46bbecc29f330e410aee9d49798fed17bcabf414e25a4ed7e68b4c32c713fe6,0.672690212726593,0.672690212726593,0.0
7602,ef6c02f13ff6e39c0a1243d4113efe6be8c634cc517433a2e99e0781390ed3b5,0.6307750046253204,0.6307750046253204,0.0
7603,9ec48a47c67dd68f4250a8b3cd196cd755a285364d5b5e5858c0ebafe5347596,0.4932504892349243,0.4932504892349243,0.0
7604,71b3919301ba4389143ede67a474ebe90da0e33a201c47b9938c5ae60f3e27d7,0.5537570118904114,0.5537570118904114,0.0
7605,0b9d7dccf694f0e20b19cf68dd7edf1cae84a5abea7ac556d5963afa4635fa37,0.4545007944107055,0.45450079441070557,5.551115123125783e-17
7606,a9c12c3bcd7d3af1d4c02c6b36036f39cbc2f198e53ab0a932bccd28cf906a33,0.6242992877960205,0.6242992877960205,0.0
7607,5bd68953dbe41a9bd79b9d5638989e4ee21bbb93584e295fc28d53a5bb98ef4f,0.7089060544967651,0.7089060544967651,0.0
7608,579ae514a4944e898808737ddda56f62c28bea5f2022332e40229b494d1fe145,0.6232103109359741,0.6232103109359741,0.0
7609,d2c5b39f676db21797d1adee4b96b84de4a54217f03017094d7b56de5aaa8928,0.5957226157188416,0.5957226157188416,0.0
7610,cc5bb242626446454f1ff4a924e83e665611be8b9b1a4eb928d38779e61a5345,0.6158149838447571,0.6158149838447571,0.0
7611,1509c7a199bb4cb6712196cb2cbb2a127f29882be7c8068eed759a4d1936a8c0,0.552584171295166,0.552584171295166,0.0
7612,28880ff740ec322ca02179528d4868d995dccdbea497d86b1620b7134f4817c6,0.4993432760238647,0.49934327602386475,5.551115123125783e-17
7613,680476f1ff8e46c3cdf0dbfec5f7457356dd67dfa73fc4e711f523f7e3894dbd,0.4419603943824768,0.4419603943824768,0.0
7614,4bf947926f6acb7b3b42fdf9fed6d42dec910674a41f860886ec6bf7c0a1705c,0.5307970941066742,0.5307970941066742,0.0
7615,57e21698058bc8427214c46785db5edb247d09463917e9e764288e272466f832,0.481008768081665,0.48100876808166504,5.551115123125783e-17
7616,04ca2c90ab5fe9bcb9ed92313a7c527712c41e8e1c7730358bbc497074605ea2,0.5959612727165222,0.5959612727165222,0.0
7617,df285a58cc5ec05d2ad9f98f9a45f0ac7ae1129fc4d82d9247ab7f80320ef970,0.5654527246952057,0.5654527246952057,0.0
7618,96827e3c9b5c0c1f874bb7da8acd15a4beb016e4cc6a5a183cbc24277bab6fa2,0.5111726224422455,0.5111726224422455,0.0
7619,b5dca01dea47669de44bb941d5ff4c14c3e8108b6ad44f47c63fa79349a41f0b,0.4717547297477722,0.4717547297477722,0.0
7620,071790c0eab4308d8ff3536cf47bb554085c3fdfba3234205ea2687072bc7e58,0.5623862743377686,0.5623862743377686,0.0
7621,0db2b1b00467a2d6d0d9093ff80688154977135b76f49ea8d34e092cb2a5303c,0.5839011073112488,0.5839011073112488,0.0
7622,45fa73bfb7cb101a2bc2fc713754c0ba2f6b3722b214331e932ac92e2a0090ce,0.6132771372795105,0.6132771372795105,0.0
7623,704ec3bca4991ae590f660e083725dda79ac71ff1cb46a5aa3306f205e57a2d5,0.6473213136196136,0.6473213136196136,0.0
7624,f6fd2980fe2c1f76ee5010b77291e1fdb247ebe9b48afc1f881116c62398e843,0.4761970043182373,0.4761970043182373,0.0
7625,94b6fbe83816fa419aa948b7b877c418d9995d57fea373cb01be693af696f494,0.5832917988300323,0.5832917988300323,0.0
7626,7fabbd733e99be2d6a0d8954b800eff0af6bacbd1a4f6814b3f90fc6ba9c501e,0.53986856341362,0.53986856341362,0.0
7627,6f091d8d1b2e0727b7b0ae2870301594b9a03410014bafb108ff55672fcd7a09,0.6482535600662231,0.6482535600662231,0.0
7628,91153f8df108349c8bb7d21ba3a2539668a68640bd64fa5acc02829686464933,0.6873275935649872,0.6873275935649872,0.0
7629,09c7196aa4de03f5991851e5d686b6cbf39b99b3b4ce65dd6a6a46e95f0a2234,0.6746698021888733,0.6746698021888733,0.0
7630,3b0cfa26b3292e371a41916fd6101415aa0679eaff9759265805e17ab76d1fb8,0.5364561676979065,0.5364561676979065,0.0
7631,22d8810d380a22ae77d6a2caa5463eb1a776a75277fe030553d08268e88da71c,0.5483584403991699,0.5483584403991699,0.0
7632,b3da2779c64a6552232a5a3d14a4e5545ccee2592e317b00e24b1cf288a3435c,0.5194415152072906,0.5194415152072906,0.0
7633,12d20095afd068d0680abaf80fcc2301d9e9b05fd0513178f85c5b19bc6dae83,0.5830402374267578,0.5830402374267578,0.0
7634,8b87dbd211898b0e3e5c2ceed8933350b6a7b12cccbf6dc0eaa9e049b1b45724,0.6533510088920593,0.6533510088920593,0.0
7635,4b128410da2b5a5995946fa808ec6af19721d5e6adc3cdecec1a288c5b3dc29d,0.5500437021255493,0.5500437021255493,0.0
7636,d2434b5f6b628481710a21d68ecba855986e71027d655f8fd4ec09d54fdcf1ec,0.5441931486129761,0.5441931486129761,0.0
7637,c35284885058d2532355b755ea3813ede52598fdfb1d9c2ea021f1ba86d47751,0.5455847382545471,0.5455847382545471,0.0
7638,ed1992cbcb576aba3235985ab6a997f61c0881682d4720b683c8beb1a8e2750f,0.524536520242691,0.524536520242691,0.0
7639,eb0d131cf33b4bbf573fcb0deb55de78e4e41e59915f60b8347462af305ee124,0.5022453963756561,0.5022453963756561,0.0
7640,2d305851b74c51a4e175f6ccad08fbd7e1581c96b2b422c0edbef7eb6ef47b43,0.5212759673595428,0.5212759673595428,0.0
7641,e7c208566d3d12cd2fcd47714a43f8e0dae1e98f5545eff40a221cb573b44556,0.5182533264160156,0.5182533264160156,0.0
7642,8f6dbc008b35513f629e577fe0e4bb7fd3add0d962449a2b2dd2096599944c63,0.5377951860427856,0.5377951860427856,0.0
7643,fcddf9a3c87ec00f9bcb856d6a31d9a85e6ef5a517e2fc8b281d85c8301e8d3f,0.6040191650390625,0.6040191650390625,0.0
7644,59b455a5c1c0cb808a63eb885db1b961815935b8c7cd1610c60c4d6f2e2928e0,0.5879085659980774,0.5879085659980774,0.0
7645,f065e1e1f856b50a227000607cbf4f737451c5ceaf9d08147c836c30295ddc23,0.5806066691875458,0.5806066691875458,0.0
7646,b58320cbc978e4d040068f19093a3258738a438206aa74dc480b3444fe63b9b8,0.6288655400276184,0.6288655400276184,0.0
7647,63f40b5e88b18c6c537bc39b24deb5592b7c529dda2f8bdf5a9d4564494479b2,0.6015981137752533,0.6015981137752533,0.0
7648,7c0b1492492c77939e6a5dc1b7b791e7aeb9fe0583f2537af6b9c8f1fc8c50f0,0.5815933048725128,0.5815933048725128,0.0
7649,d90a391de3b00a36cce6c0f1e5c0d837cdf8744c0cc83d5ac0744ea86c2bf81d,0.5774341523647308,0.5774341523647308,0.0
7650,e44e4854e1bf9642aae663686a8bb98a7656fb3262a6e979a8d9515aad693fb1,0.6101349890232086,0.6101349890232086,0.0
7651,b3a63de73f1474e9e4bc953f65a07f4537b1350678578a84f4e033c9fe2cd292,0.5808146297931671,0.5808146297931671,0.0
7652,1950f701121250d3637c4bcd38267f36a12e6625f0e2f0fcedac7a6d9e1f324e,0.5935848653316498,0.5935848653316498,0.0
7653,35c0698f7e4e8fe1461890d349c85263bc616bfde2f3ecda98e8090293c8a8fd,0.6287523806095123,0.6287523806095123,0.0
7654,66c25df611a39e6c0e70ab989ceb3e1711afaba4ec8da06c14d7bb84069d9f47,0.5906226336956024,0.5906226336956024,0.0
7655,6635b6b8b632e6db9da0916ca4a1c3429fac9a7503bd7f171a1024d66976f30b,0.5586662888526917,0.5586662888526917,0.0
7656,34927ec357cfc5b2040fcda1cbf9c036d3647089f3c30cde78d554ca208dd8ba,0.5890529453754425,0.5890529453754425,0.0
7657,a5a1063a15728daefb216c40771056196f9d7e3237a4db4f303254597518ba8d,0.6030153632164001,0.6030153632164001,0.0
7658,f4e9406b1cac514deed9acf5e1ece35571185418fa1d29796c5762fff9871752,0.5923027396202087,0.5923027396202087,0.0
7659,9f74e7ee913c870f004016832ae06263d8d01d7020dd527cf99b38c14e2c5caf,0.595030665397644,0.595030665397644,0.0
7660,215b60bbfa5de964ac8e9ab42e572feed7fce95073d0def6211c6c71d9c11b04,0.6082722544670105,0.6082722544670105,0.0
7661,ce7bf146cf6134c19fe9f5d442dd3b1aa6ae3e55d46dc2376f7d28abecf15737,0.641087681055069,0.641087681055069,0.0
7662,d4299e6578fe42a45498f2b4e2776b02991df6a1eed266adc3d1c432544f4ded,0.6922619044780731,0.6922619044780731,0.0
7663,f63e1e6af630b6cd18b4a30d531c246f6f135e138d812df05786193db129a4b5,0.6400380432605743,0.6400380432605743,0.0
7664,b65e95ea845d9250392b4f003a9ac8b07f4faaf589a69cd3658aff91d5efff82,0.6125032901763916,0.6125032901763916,0.0
7665,d3a8180f26c0761d160a8af493fd66cb1489b3664e7e75ad57948633ec03cbd1,0.6049613356590271,0.6049613356590271,0.0
7666,f73ecc0fb49475116fe0551dd0f924944ffa9d8a681b57a08858d06eef4d7c87,0.6755236387252808,0.6755236387252808,0.0
7667,bea554d14e1f791f8754cab3b36292ec9141fc7e517ab924c0933be5d9081f1a,0.7346696257591248,0.7346696257591248,0.0
7668,3fcd5f872017d091c9b9b490cc6fd96bd4655244237ddbde1621f22d81de8c1c,0.5918194651603699,0.5918194651603699,0.0
7669,ba7368c5c98115800c0ab01cfeb8ff008802205d8dc91a58395a03a538d471ec,0.4906074404716491,0.49060744047164917,5.551115123125783e-17
7670,ba7368c5c98115800c0ab01cfeb8ff008802205d8dc91a58395a03a538d471ec,0.4906074404716491,0.49060744047164917,5.551115123125783e-17
7671,ba7368c5c98115800c0ab01cfeb8ff008802205d8dc91a58395a03a538d471ec,0.4906074404716491,0.49060744047164917,5.551115123125783e-17
7672,4daba7086f7dd605dc07e9f75141327457abb093a95b648346f8636caabb74e5,0.4855831265449524,0.4855831265449524,0.0
7673,4daba7086f7dd605dc07e9f75141327457abb093a95b648346f8636caabb74e5,0.4855831265449524,0.4855831265449524,0.0
7674,4daba7086f7dd605dc07e9f75141327457abb093a95b648346f8636caabb74e5,0.4855831265449524,0.4855831265449524,0.0
7675,aeb860ecbc22288a970a9438b9a8072e11ee053590adc97afcb8fa3caa91e352,0.5633490681648254,0.5633490681648254,0.0
7676,d46dc0e271d8dc01eb19b96385e9b4e44a49573087e9958708229cba6f302ed1,0.5909788608551025,0.5909788608551025,0.0
7677,f43dccee772aeeb4d2bc889af12967b9308777d16222a4b1d88b522ff520fa03,0.6037296652793884,0.6037296652793884,0.0
7678,3fc2a3214f47dcd02086cbd35a247d6755271451dd6c50b5d44f75eb7692766d,0.7409588992595673,0.7409588992595673,0.0
7679,b8e06bff384a0865815c5c49569a31c26d10dfebabe79f61688b0ecb3a9390e5,0.7401163280010223,0.7401163280010223,0.0
7680,58bc5797489adbf87dd5efd7385452358da9bebb9ce4fc474ba84d12139421c5,0.7292410433292389,0.7292410433292389,0.0
7681,3fa3e78fa1787433136155c31f897e8bd01b1354ca9e191ddb9a8ea13bacd632,0.5432023704051971,0.5432023704051971,0.0
7682,5cde98aa00ea3d0ba74212539e658eb5ca4cecb8c14e3d914b6a639bf698cc2e,0.5780149698257446,0.5780149698257446,0.0
7683,06d560a716e76b65942753f1264b8de44490ef235e38b4c8cdacfa7776af6eda,0.6200853884220123,0.6200853884220123,0.0
7684,29b92a9276ef2d6370818b9c73a786a9b412090936d9b3b8e15f5d5852005500,0.6764729619026184,0.6764729619026184,0.0
7685,a2b2ac594e49f354260fc4a2fdda43a7e7e4fb809f8f1eeba9fd1b327b190a2f,0.6860302686691284,0.6860302686691284,0.0
7686,87207c1f734057622c172ee3f80d727e8be151f0301983a027a70312a980e27a,0.6337305009365082,0.6337305009365082,0.0
7687,9eb04c39d778b8b147e002656e7155bd2ce5e2acbd86050cfc756bb4234e4112,0.6641334891319275,0.6641334891319275,0.0
7688,c7da715a3108b2cc515782af0bb7fd656148f4fcf854756f006be2da7f859b35,0.6196214854717255,0.6196214854717255,0.0
7689,ae4deb9337940d303a06da42e5e3c7c9fe11c23ed649361be1a71035a43c24d6,0.717610090970993,0.717610090970993,0.0
7690,40d2bdf82963ebe67a203e4f2de6c8d8271676cee687b2aff49a5b8dfa9ab734,0.6425268650054932,0.6425268650054932,0.0
7691,5e3bb8adc4d0f28867884e43906e48617a477aaafd4edc6be25e64234fdd926c,0.6294508576393127,0.6294508576393127,0.0
7692,667c2e98145f669231394cd1472686c70bdb57df21c3c603d8c3dd2fa51468c1,0.6544168889522552,0.6544168889522552,0.0
7693,fb61f370fe86f3cea77f4f4dff220eb6cf7eb28806d6c5fb9698ac0dcd6d999d,0.4680660367012024,0.4680660367012024,0.0
7694,c42a9a568a6c887547b3675764255179863f5f41639df2d6993aa3f65b44fe9d,0.5273843705654144,0.5273843705654144,0.0
7695,efb1dcda3b8c68a9f927e94c7a253d2fbbb66ad83adc12acbf94a6a679ed72a5,0.4795220494270324,0.47952204942703247,5.551115123125783e-17
7696,2947ac53168ccf4aec42cbb399c5abaf2094a7c8f3ca1e82f54c2d4b45e89f72,0.6366069316864014,0.6366069316864014,0.0
7697,dd4bfe8356e66753c843dbe9acdf04049c40f92c85dcfba719115e932b8adb7d,0.5730177760124207,0.5730177760124207,0.0
7698,069b79f99b876b83095f446c092d95ac35ddaf99ea720642cd1b6c0f5199a629,0.6652998924255371,0.6652998924255371,0.0
7699,8b68e7d5ac543e7c07a9a4df2925f2681a0ee860213f4d1798d3e7c07151f0e4,0.5225241482257843,0.5225241482257843,0.0
7700,d8bf799bae4d272216ac67acd1ba001c85dbcd731566a92bd306cd2fea739042,0.5034771859645844,0.5034771859645844,0.0
7701,f11942b7cacf705a2afccef77a40833d930b458fa200f8fb672891cdc9b55021,0.61575847864151,0.61575847864151,0.0
7702,f343bc49377eeabac33a0290fc7c89b12e3b0a34011229cda07572b3ef976455,0.4854328036308288,0.48543280363082886,5.551115123125783e-17
7703,0df4b028e1a6935447fcfc472f40f2d588b0ba259b0da395ec080130627c3299,0.4868792295455932,0.48687922954559326,5.551115123125783e-17
7704,d73c4f15b6f2057a584e6c2cdd5a27d20ebce7bc5f0b9272800ff12f95a66a2d,0.5754421055316925,0.5754421055316925,0.0
7705,a41b2052a83907a841aaa79c9e07cd6a83fe6626b7b2a298b27b765b1c10ba1a,0.6289043128490448,0.6289043128490448,0.0
7706,89996bb9af25bfde95cc5ee1297e81f9a8e5998dff799e1100f5f45e60ab2a84,0.4911175370216369,0.49111753702163696,5.551115123125783e-17
7707,14137f1e2adeb8f6d0e3b5d008247186e487959ee6701a80977d00edd037cc8e,0.5266750752925873,0.5266750752925873,0.0
7708,96048c4bf393b227d2974dd3b3a69edb4f73e12a245e751ddd36a192fd24086a,0.5394678711891174,0.5394678711891174,0.0
7709,51e1b70efdfcdebedd60468f0fc8e7284cd1ee17cc83b2b38839dd9027214fbf,0.4479044675827026,0.44790446758270264,5.551115123125783e-17
7710,f9008fe8ace243ffa802462614f3946eaf321c938417c1dcead1732e112bba92,0.4725959897041321,0.4725959897041321,0.0
7711,a418e1d1c472f5022429ad63f785cdc1965db22f0d1e38709ab6c5440c418f53,0.6157037019729614,0.6157037019729614,0.0
7712,1521a8f1476166b13a354045b81bc15662d0d6ca380aef1e5a68495adca23c83,0.6107077896595001,0.6107077896595001,0.0
7713,f5a52e62f7425bfffe3088cb9ff98e971a48a045961c4ec976827584b5ac60d8,0.6326519846916199,0.6326519846916199,0.0
7714,7709d9ec834a6789366327726a00b34a9f733a6714b864b1d4b34234cc785f52,0.5571019947528839,0.5571019947528839,0.0
7715,dc783c53e088ef4a3a810f81d03039b5ef512681b633b042a0fac74e9ce97332,0.5301726758480072,0.5301726758480072,0.0
7716,e51355c8d8a21719542de8e35bdf25516b41be8ae16d225702ba41b44d7c7e86,0.5480408370494843,0.5480408370494843,0.0
7717,74f289a663ec62ffa6b6fc126fa6670d69128b951f16723a6b004015771ce154,0.6899734437465668,0.6899734437465668,0.0
7718,b7adf15c420ea4befde02f7f996b1d42613133fb112d4a4499f50a0299165e79,0.6967452168464661,0.6967452168464661,0.0
7719,aba9b8de720b24bf6ad160d785ad63f2dbeb7467c8d76ebb2f4898ec35d464c5,0.6998822689056396,0.6998822689056396,0.0
7720,c45f140292d56d1fa1e570ad61bd8bbdb7fe7b437d8d503aa60a2a799dfa6cfe,0.6222078502178192,0.6222078502178192,0.0
7721,813bfa94d9b238826f0e9f64a52c1a4ef8ff3a9cc082f5a30b73ff73e2404721,0.5336858034133911,0.5336858034133911,0.0
7722,067ad10bee196d8d57431c362bafb5372fcd1394b98cf9f179c16af94712d0c1,0.6020734012126923,0.6020734012126923,0.0
7723,9731065b2fc1a43a0ba4724299675ed337aded29d086ac308250317a95fcd3b8,0.6901997029781342,0.6901997029781342,0.0
7724,4250020ea3823e090e316b41dc641d8ab8a71bcdfd0b7dc64a3e50729567ae69,0.6286706924438477,0.6286706924438477,0.0
7725,1533758bcb04b42ef748770a69e1305d2ae2904d2a2fa3f51d9cdfd68a6552e3,0.719129204750061,0.719129204750061,0.0
7726,fede1a9e71e72478c5758341a5e7616725ab770e818530156cf830222bd396c6,0.6340880692005157,0.6340880692005157,0.0
7727,3191d6f64bf08905f42619e2c47fe3d6e84cab7b9545ccc5c4f607d5fc7e0a01,0.5263391435146332,0.5263391435146332,0.0
7728,dd6306ea5aaba40883ef9914623793a8bacedac2c8ad49f9cce96520e9669d43,0.6796369850635529,0.6796369850635529,0.0
7729,193f978d413781f662472ae64b1975776778cfdadf7f831df43a83e12991849a,0.6301834583282471,0.6301834583282471,0.0
7730,9c5008dd76112ec615f6a065ece63f784929ac74962a04b82577e962e7b68587,0.6496714949607849,0.6496714949607849,0.0
7731,50911cd0531c57f7229a8ab924c597f14fcb360d1479a956c22c52785ab0ece2,0.5968189537525177,0.5968189537525177,0.0
7732,145fe850724dde6ac8480491afc030c6786c83b9b8392b405eb249f95c1aed67,0.561082124710083,0.561082124710083,0.0
7733,6c6e381fc1868cea6ace000c62abeb9f4e6fbc618499871c9c7796d12048cd7c,0.5200737416744232,0.5200737416744232,0.0
7734,d0bf40153094c301ca3fae6269d379ccba5d5c0ebc41101225829e50eb6529f7,0.6193671822547913,0.6193671822547913,0.0
7735,55a299fa1b8ac7e1225b60055f5359fa92bb25a42efedf4deed72b13f98f2455,0.5347533226013184,0.5347533226013184,0.0
7736,3fd83ca7b8e05457ab89124117720b044c723ff9651376effde23049f4d6950b,0.6095151007175446,0.6095151007175446,0.0
7737,9541e8703e41199373c9573f4b26e7de45ae759ffb297eed22ff9f0569a7cc2f,0.6143808960914612,0.6143808960914612,0.0
7738,7f39dc7c90e626201e3965d9474c6c27961b985b5276b33af4f25f9cd74ffdfa,0.6555266976356506,0.6555266976356506,0.0
7739,5f8658fdc2f2ef1b36f1c546e6ad2f7d72415c3c869eafb85a0758bc5e5e454d,0.6537092924118042,0.6537092924118042,0.0
7740,47100322181d1b6a1403f3809e5c7a28f82a5e6294a0a52591ae83f19d5ddfa1,0.6226663589477539,0.6226663589477539,0.0
7741,bd0b670be34123845e5d50e7bec588f113d25ffdb854d1a272fd880eaa5077a3,0.5904837548732758,0.5904837548732758,0.0
7742,978c5cb22684f454242aca802e28860d95b21771dab7cc8d36a8a8451141fbf9,0.6421000063419342,0.6421000063419342,0.0
7743,f4755478ac0686d819d75fac6171d647506687b7d59717d489680db7b1e4b251,0.5998319983482361,0.5998319983482361,0.0
7744,a3cd594fdf971ab5d2c918eadb14020c07f4de9e4837416b4d79910085456cf2,0.6099824011325836,0.6099824011325836,0.0
7745,005b4815aeabf688a5e2449f1eb60a47142457f62381be81ed367abca4ff723d,0.5758143067359924,0.5758143067359924,0.0
7746,2058434a6fd728654a43a9cde1793c681cda936c0f94f0e811926395f2a5c8b1,0.5610713958740234,0.5610713958740234,0.0
7747,3f35a9f7e3ca8576ab81532718b23fb22aca9fcae853a514993c42e162f54f76,0.650706946849823,0.650706946849823,0.0
7748,8167efc01a11280b3209569e209d02a7cbf0a9b0e39a1d50347cf5ce92efcc52,0.6382389962673187,0.6382389962673187,0.0
7749,1df792f4645df4d1a8c2505e6cef3bbdf76e2f476cd158eff47baa0fb2d076cd,0.5292845070362091,0.5292845070362091,0.0
7750,8846abd55242d8a8807f9e4db5725104769e732b0a58f44dbfcb0f594f04d1c9,0.6652746796607971,0.6652746796607971,0.0
7751,722b4b5349100b616acece3fecb32df745f3076d469f9163d1e23c0acac89144,0.6567281186580658,0.6567281186580658,0.0
7752,6538194aaf65676dcfa89e3b84fc57c887f19c323c40cb10326d481034910bf8,0.6696427762508392,0.6696427762508392,0.0
7753,7839dc563440a0337b0094ea5f79f0145e494b48021533e766da19e2717b6421,0.6134765148162842,0.6134765148162842,0.0
7754,dec4a6a8cf40d99de50d7a5dc490bc617b0e1e62909f10430a183d4b55fff391,0.6122389733791351,0.6122389733791351,0.0
7755,781d3694db5b141259e616c761c94d46c2cf54ddd5a143ad7425523e650a8c43,0.6326716244220734,0.6326716244220734,0.0
7756,ebaaf737580674fa9312df9e0753a7fce85ace4107174a846da62987c5b09065,0.663129985332489,0.663129985332489,0.0
7757,5f48bc0f9efdd0da89ec0b69e6fd1692e2e74b10887636ffc23e800619c78d8f,0.6688904762268066,0.6688904762268066,0.0
7758,93db14085e141d6a2bacb090497897a60b028c9e179aac282b2bf20ba0bb8e20,0.5777436792850494,0.5777436792850494,0.0
7759,ba7368c5c98115800c0ab01cfeb8ff008802205d8dc91a58395a03a538d471ec,0.4906074404716491,0.49060744047164917,5.551115123125783e-17
7760,ba7368c5c98115800c0ab01cfeb8ff008802205d8dc91a58395a03a538d471ec,0.4906074404716491,0.49060744047164917,5.551115123125783e-17
7761,ba7368c5c98115800c0ab01cfeb8ff008802205d8dc91a58395a03a538d471ec,0.4906074404716491,0.49060744047164917,5.551115123125783e-17
7762,4daba7086f7dd605dc07e9f75141327457abb093a95b648346f8636caabb74e5,0.4855831265449524,0.4855831265449524,0.0
7763,4daba7086f7dd605dc07e9f75141327457abb093a95b648346f8636caabb74e5,0.4855831265449524,0.4855831265449524,0.0
7764,4daba7086f7dd605dc07e9f75141327457abb093a95b648346f8636caabb74e5,0.4855831265449524,0.4855831265449524,0.0
7765,aeb860ecbc22288a970a9438b9a8072e11ee053590adc97afcb8fa3caa91e352,0.5633490681648254,0.5633490681648254,0.0
7766,d46dc0e271d8dc01eb19b96385e9b4e44a49573087e9958708229cba6f302ed1,0.5909788608551025,0.5909788608551025,0.0
7767,f43dccee772aeeb4d2bc889af12967b9308777d16222a4b1d88b522ff520fa03,0.6037296652793884,0.6037296652793884,0.0
7768,3fc2a3214f47dcd02086cbd35a247d6755271451dd6c50b5d44f75eb7692766d,0.7409588992595673,0.7409588992595673,0.0
7769,b8e06bff384a0865815c5c49569a31c26d10dfebabe79f61688b0ecb3a9390e5,0.7401163280010223,0.7401163280010223,0.0
7770,58bc5797489adbf87dd5efd7385452358da9bebb9ce4fc474ba84d12139421c5,0.7292410433292389,0.7292410433292389,0.0
7771,3fa3e78fa1787433136155c31f897e8bd01b1354ca9e191ddb9a8ea13bacd632,0.5432023704051971,0.5432023704051971,0.0
7772,5cde98aa00ea3d0ba74212539e658eb5ca4cecb8c14e3d914b6a639bf698cc2e,0.5780149698257446,0.5780149698257446,0.0
7773,06d560a716e76b65942753f1264b8de44490ef235e38b4c8cdacfa7776af6eda,0.6200853884220123,0.6200853884220123,0.0
7774,29b92a9276ef2d6370818b9c73a786a9b412090936d9b3b8e15f5d5852005500,0.6764729619026184,0.6764729619026184,0.0
7775,a2b2ac594e49f354260fc4a2fdda43a7e7e4fb809f8f1eeba9fd1b327b190a2f,0.6860302686691284,0.6860302686691284,0.0
7776,87207c1f734057622c172ee3f80d727e8be151f0301983a027a70312a980e27a,0.6337305009365082,0.6337305009365082,0.0
7777,9eb04c39d778b8b147e002656e7155bd2ce5e2acbd86050cfc756bb4234e4112,0.6641334891319275,0.6641334891319275,0.0
7778,c7da715a3108b2cc515782af0bb7fd656148f4fcf854756f006be2da7f859b35,0.6196214854717255,0.6196214854717255,0.0
7779,ae4deb9337940d303a06da42e5e3c7c9fe11c23ed649361be1a71035a43c24d6,0.717610090970993,0.717610090970993,0.0
7780,40d2bdf82963ebe67a203e4f2de6c8d8271676cee687b2aff49a5b8dfa9ab734,0.6425268650054932,0.6425268650054932,0.0
7781,5e3bb8adc4d0f28867884e43906e48617a477aaafd4edc6be25e64234fdd926c,0.6294508576393127,0.6294508576393127,0.0
7782,667c2e98145f669231394cd1472686c70bdb57df21c3c603d8c3dd2fa51468c1,0.6544168889522552,0.6544168889522552,0.0
7783,fb61f370fe86f3cea77f4f4dff220eb6cf7eb28806d6c5fb9698ac0dcd6d999d,0.4680660367012024,0.4680660367012024,0.0
7784,c42a9a568a6c887547b3675764255179863f5f41639df2d6993aa3f65b44fe9d,0.5273843705654144,0.5273843705654144,0.0
7785,efb1dcda3b8c68a9f927e94c7a253d2fbbb66ad83adc12acbf94a6a679ed72a5,0.4795220494270324,0.47952204942703247,5.551115123125783e-17
7786,2947ac53168ccf4aec42cbb399c5abaf2094a7c8f3ca1e82f54c2d4b45e89f72,0.6366069316864014,0.6366069316864014,0.0
7787,dd4bfe8356e66753c843dbe9acdf04049c40f92c85dcfba719115e932b8adb7d,0.5730177760124207,0.5730177760124207,0.0
7788,069b79f99b876b83095f446c092d95ac35ddaf99ea720642cd1b6c0f5199a629,0.6652998924255371,0.6652998924255371,0.0
7789,8b68e7d5ac543e7c07a9a4df2925f2681a0ee860213f4d1798d3e7c07151f0e4,0.5225241482257843,0.5225241482257843,0.0
7790,d8bf799bae4d272216ac67acd1ba001c85dbcd731566a92bd306cd2fea739042,0.5034771859645844,0.5034771859645844,0.0
7791,f11942b7cacf705a2afccef77a40833d930b458fa200f8fb672891cdc9b55021,0.61575847864151,0.61575847864151,0.0
7792,f343bc49377eeabac33a0290fc7c89b12e3b0a34011229cda07572b3ef976455,0.4854328036308288,0.48543280363082886,5.551115123125783e-17
7793,0df4b028e1a6935447fcfc472f40f2d588b0ba259b0da395ec080130627c3299,0.4868792295455932,0.48687922954559326,5.551115123125783e-17
7794,d73c4f15b6f2057a584e6c2cdd5a27d20ebce7bc5f0b9272800ff12f95a66a2d,0.5754421055316925,0.5754421055316925,0.0
7795,a41b2052a83907a841aaa79c9e07cd6a83fe6626b7b2a298b27b765b1c10ba1a,0.6289043128490448,0.6289043128490448,0.0
7796,89996bb9af25bfde95cc5ee1297e81f9a8e5998dff799e1100f5f45e60ab2a84,0.4911175370216369,0.49111753702163696,5.551115123125783e-17
7797,14137f1e2adeb8f6d0e3b5d008247186e487959ee6701a80977d00edd037cc8e,0.5266750752925873,0.5266750752925873,0.0
7798,96048c4bf393b227d2974dd3b3a69edb4f73e12a245e751ddd36a192fd24086a,0.5394678711891174,0.5394678711891174,0.0
7799,51e1b70efdfcdebedd60468f0fc8e7284cd1ee17cc83b2b38839dd9027214fbf,0.4479044675827026,0.44790446758270264,5.551115123125783e-17
7800,f9008fe8ace243ffa802462614f3946eaf321c938417c1dcead1732e112bba92,0.4725959897041321,0.4725959897041321,0.0
7801,a418e1d1c472f5022429ad63f785cdc1965db22f0d1e38709ab6c5440c418f53,0.6157037019729614,0.6157037019729614,0.0
7802,1521a8f1476166b13a354045b81bc15662d0d6ca380aef1e5a68495adca23c83,0.6107077896595001,0.6107077896595001,0.0
7803,f5a52e62f7425bfffe3088cb9ff98e971a48a045961c4ec976827584b5ac60d8,0.6326519846916199,0.6326519846916199,0.0
7804,7709d9ec834a6789366327726a00b34a9f733a6714b864b1d4b34234cc785f52,0.5571019947528839,0.5571019947528839,0.0
7805,dc783c53e088ef4a3a810f81d03039b5ef512681b633b042a0fac74e9ce97332,0.5301726758480072,0.5301726758480072,0.0
7806,e51355c8d8a21719542de8e35bdf25516b41be8ae16d225702ba41b44d7c7e86,0.5480408370494843,0.5480408370494843,0.0
7807,74f289a663ec62ffa6b6fc126fa6670d69128b951f16723a6b004015771ce154,0.6899734437465668,0.6899734437465668,0.0
7808,b7adf15c420ea4befde02f7f996b1d42613133fb112d4a4499f50a0299165e79,0.6967452168464661,0.6967452168464661,0.0
7809,aba9b8de720b24bf6ad160d785ad63f2dbeb7467c8d76ebb2f4898ec35d464c5,0.6998822689056396,0.6998822689056396,0.0
7810,c45f140292d56d1fa1e570ad61bd8bbdb7fe7b437d8d503aa60a2a799dfa6cfe,0.6222078502178192,0.6222078502178192,0.0
7811,813bfa94d9b238826f0e9f64a52c1a4ef8ff3a9cc082f5a30b73ff73e2404721,0.5336858034133911,0.5336858034133911,0.0
7812,067ad10bee196d8d57431c362bafb5372fcd1394b98cf9f179c16af94712d0c1,0.6020734012126923,0.6020734012126923,0.0
7813,9731065b2fc1a43a0ba4724299675ed337aded29d086ac308250317a95fcd3b8,0.6901997029781342,0.6901997029781342,0.0
7814,4250020ea3823e090e316b41dc641d8ab8a71bcdfd0b7dc64a3e50729567ae69,0.6286706924438477,0.6286706924438477,0.0
7815,1533758bcb04b42ef748770a69e1305d2ae2904d2a2fa3f51d9cdfd68a6552e3,0.719129204750061,0.719129204750061,0.0
7816,fede1a9e71e72478c5758341a5e7616725ab770e818530156cf830222bd396c6,0.6340880692005157,0.6340880692005157,0.0
7817,3191d6f64bf08905f42619e2c47fe3d6e84cab7b9545ccc5c4f607d5fc7e0a01,0.5263391435146332,0.5263391435146332,0.0
7818,dd6306ea5aaba40883ef9914623793a8bacedac2c8ad49f9cce96520e9669d43,0.6796369850635529,0.6796369850635529,0.0
7819,193f978d413781f662472ae64b1975776778cfdadf7f831df43a83e12991849a,0.6301834583282471,0.6301834583282471,0.0
7820,9c5008dd76112ec615f6a065ece63f784929ac74962a04b82577e962e7b68587,0.6496714949607849,0.6496714949607849,0.0
7821,50911cd0531c57f7229a8ab924c597f14fcb360d1479a956c22c52785ab0ece2,0.5968189537525177,0.5968189537525177,0.0
7822,145fe850724dde6ac8480491afc030c6786c83b9b8392b405eb249f95c1aed67,0.561082124710083,0.561082124710083,0.0
7823,6c6e381fc1868cea6ace000c62abeb9f4e6fbc618499871c9c7796d12048cd7c,0.5200737416744232,0.5200737416744232,0.0
7824,d0bf40153094c301ca3fae6269d379ccba5d5c0ebc41101225829e50eb6529f7,0.6193671822547913,0.6193671822547913,0.0
7825,55a299fa1b8ac7e1225b60055f5359fa92bb25a42efedf4deed72b13f98f2455,0.5347533226013184,0.5347533226013184,0.0
7826,3fd83ca7b8e05457ab89124117720b044c723ff9651376effde23049f4d6950b,0.6095151007175446,0.6095151007175446,0.0
7827,9541e8703e41199373c9573f4b26e7de45ae759ffb297eed22ff9f0569a7cc2f,0.6143808960914612,0.6143808960914612,0.0
7828,7f39dc7c90e626201e3965d9474c6c27961b985b5276b33af4f25f9cd74ffdfa,0.6555266976356506,0.6555266976356506,0.0
7829,5f8658fdc2f2ef1b36f1c546e6ad2f7d72415c3c869eafb85a0758bc5e5e454d,0.6537092924118042,0.6537092924118042,0.0
7830,47100322181d1b6a1403f3809e5c7a28f82a5e6294a0a52591ae83f19d5ddfa1,0.6226663589477539,0.6226663589477539,0.0
7831,bd0b670be34123845e5d50e7bec588f113d25ffdb854d1a272fd880eaa5077a3,0.5904837548732758,0.5904837548732758,0.0
7832,978c5cb22684f454242aca802e28860d95b21771dab7cc8d36a8a8451141fbf9,0.6421000063419342,0.6421000063419342,0.0
7833,f4755478ac0686d819d75fac6171d647506687b7d59717d489680db7b1e4b251,0.5998319983482361,0.5998319983482361,0.0
7834,a3cd594fdf971ab5d2c918eadb14020c07f4de9e4837416b4d79910085456cf2,0.6099824011325836,0.6099824011325836,0.0
7835,005b4815aeabf688a5e2449f1eb60a47142457f62381be81ed367abca4ff723d,0.5758143067359924,0.5758143067359924,0.0
7836,2058434a6fd728654a43a9cde1793c681cda936c0f94f0e811926395f2a5c8b1,0.5610713958740234,0.5610713958740234,0.0
7837,3f35a9f7e3ca8576ab81532718b23fb22aca9fcae853a514993c42e162f54f76,0.650706946849823,0.650706946849823,0.0
7838,8167efc01a11280b3209569e209d02a7cbf0a9b0e39a1d50347cf5ce92efcc52,0.6382389962673187,0.6382389962673187,0.0
7839,1df792f4645df4d1a8c2505e6cef3bbdf76e2f476cd158eff47baa0fb2d076cd,0.5292845070362091,0.5292845070362091,0.0
7840,8846abd55242d8a8807f9e4db5725104769e732b0a58f44dbfcb0f594f04d1c9,0.6652746796607971,0.6652746796607971,0.0
7841,722b4b5349100b616acece3fecb32df745f3076d469f9163d1e23c0acac89144,0.6567281186580658,0.6567281186580658,0.0
7842,6538194aaf65676dcfa89e3b84fc57c887f19c323c40cb10326d481034910bf8,0.6696427762508392,0.6696427762508392,0.0
7843,7839dc563440a0337b0094ea5f79f0145e494b48021533e766da19e2717b6421,0.6134765148162842,0.6134765148162842,0.0
7844,dec4a6a8cf40d99de50d7a5dc490bc617b0e1e62909f10430a183d4b55fff391,0.6122389733791351,0.6122389733791351,0.0
7845,781d3694db5b141259e616c761c94d46c2cf54ddd5a143ad7425523e650a8c43,0.6326716244220734,0.6326716244220734,0.0
7846,ebaaf737580674fa9312df9e0753a7fce85ace4107174a846da62987c5b09065,0.663129985332489,0.663129985332489,0.0
7847,5f48bc0f9efdd0da89ec0b69e6fd1692e2e74b10887636ffc23e800619c78d8f,0.6688904762268066,0.6688904762268066,0.0
7848,93db14085e141d6a2bacb090497897a60b028c9e179aac282b2bf20ba0bb8e20,0.5777436792850494,0.5777436792850494,0.0
7849,ba7368c5c98115800c0ab01cfeb8ff008802205d8dc91a58395a03a538d471ec,0.4906074404716491,0.49060744047164917,5.551115123125783e-17
7850,ba7368c5c98115800c0ab01cfeb8ff008802205d8dc91a58395a03a538d471ec,0.4906074404716491,0.49060744047164917,5.551115123125783e-17
7851,ba7368c5c98115800c0ab01cfeb8ff008802205d8dc91a58395a03a538d471ec,0.4906074404716491,0.49060744047164917,5.551115123125783e-17
7852,4daba7086f7dd605dc07e9f75141327457abb093a95b648346f8636caabb74e5,0.4855831265449524,0.4855831265449524,0.0
7853,4daba7086f7dd605dc07e9f75141327457abb093a95b648346f8636caabb74e5,0.4855831265449524,0.4855831265449524,0.0
7854,4daba7086f7dd605dc07e9f75141327457abb093a95b648346f8636caabb74e5,0.4855831265449524,0.4855831265449524,0.0
7855,aeb860ecbc22288a970a9438b9a8072e11ee053590adc97afcb8fa3caa91e352,0.5633490681648254,0.5633490681648254,0.0
7856,d46dc0e271d8dc01eb19b96385e9b4e44a49573087e9958708229cba6f302ed1,0.5909788608551025,0.5909788608551025,0.0
7857,f43dccee772aeeb4d2bc889af12967b9308777d16222a4b1d88b522ff520fa03,0.6037296652793884,0.6037296652793884,0.0
7858,3fc2a3214f47dcd02086cbd35a247d6755271451dd6c50b5d44f75eb7692766d,0.7409588992595673,0.7409588992595673,0.0
7859,b8e06bff384a0865815c5c49569a31c26d10dfebabe79f61688b0ecb3a9390e5,0.7401163280010223,0.7401163280010223,0.0
7860,58bc5797489adbf87dd5efd7385452358da9bebb9ce4fc474ba84d12139421c5,0.7292410433292389,0.7292410433292389,0.0
7861,3fa3e78fa1787433136155c31f897e8bd01b1354ca9e191ddb9a8ea13bacd632,0.5432023704051971,0.5432023704051971,0.0
7862,5cde98aa00ea3d0ba74212539e658eb5ca4cecb8c14e3d914b6a639bf698cc2e,0.5780149698257446,0.5780149698257446,0.0
7863,06d560a716e76b65942753f1264b8de44490ef235e38b4c8cdacfa7776af6eda,0.6200853884220123,0.6200853884220123,0.0
7864,29b92a9276ef2d6370818b9c73a786a9b412090936d9b3b8e15f5d5852005500,0.6764729619026184,0.6764729619026184,0.0
7865,a2b2ac594e49f354260fc4a2fdda43a7e7e4fb809f8f1eeba9fd1b327b190a2f,0.6860302686691284,0.6860302686691284,0.0
7866,87207c1f734057622c172ee3f80d727e8be151f0301983a027a70312a980e27a,0.6337305009365082,0.6337305009365082,0.0
7867,9eb04c39d778b8b147e002656e7155bd2ce5e2acbd86050cfc756bb4234e4112,0.6641334891319275,0.6641334891319275,0.0
7868,c7da715a3108b2cc515782af0bb7fd656148f4fcf854756f006be2da7f859b35,0.6196214854717255,0.6196214854717255,0.0
7869,ae4deb9337940d303a06da42e5e3c7c9fe11c23ed649361be1a71035a43c24d6,0.717610090970993,0.717610090970993,0.0
7870,40d2bdf82963ebe67a203e4f2de6c8d8271676cee687b2aff49a5b8dfa9ab734,0.6425268650054932,0.6425268650054932,0.0
7871,5e3bb8adc4d0f28867884e43906e48617a477aaafd4edc6be25e64234fdd926c,0.6294508576393127,0.6294508576393127,0.0
7872,667c2e98145f669231394cd1472686c70bdb57df21c3c603d8c3dd2fa51468c1,0.6544168889522552,0.6544168889522552,0.0
7873,fb61f370fe86f3cea77f4f4dff220eb6cf7eb28806d6c5fb9698ac0dcd6d999d,0.4680660367012024,0.4680660367012024,0.0
7874,c42a9a568a6c887547b3675764255179863f5f41639df2d6993aa3f65b44fe9d,0.5273843705654144,0.5273843705654144,0.0
7875,efb1dcda3b8c68a9f927e94c7a253d2fbbb66ad83adc12acbf94a6a679ed72a5,0.4795220494270324,0.47952204942703247,5.551115123125783e-17
7876,2947ac53168ccf4aec42cbb399c5abaf2094a7c8f3ca1e82f54c2d4b45e89f72,0.6366069316864014,0.6366069316864014,0.0
7877,dd4bfe8356e66753c843dbe9acdf04049c40f92c85dcfba719115e932b8adb7d,0.5730177760124207,0.5730177760124207,0.0
7878,069b79f99b876b83095f446c092d95ac35ddaf99ea720642cd1b6c0f5199a629,0.6652998924255371,0.6652998924255371,0.0
7879,8b68e7d5ac543e7c07a9a4df2925f2681a0ee860213f4d1798d3e7c07151f0e4,0.5225241482257843,0.5225241482257843,0.0
7880,d8bf799bae4d272216ac67acd1ba001c85dbcd731566a92bd306cd2fea739042,0.5034771859645844,0.5034771859645844,0.0
7881,f11942b7cacf705a2afccef77a40833d930b458fa200f8fb672891cdc9b55021,0.61575847864151,0.61575847864151,0.0
7882,f343bc49377eeabac33a0290fc7c89b12e3b0a34011229cda07572b3ef976455,0.4854328036308288,0.48543280363082886,5.551115123125783e-17
7883,0df4b028e1a6935447fcfc472f40f2d588b0ba259b0da395ec080130627c3299,0.4868792295455932,0.48687922954559326,5.551115123125783e-17
7884,d73c4f15b6f2057a584e6c2cdd5a27d20ebce7bc5f0b9272800ff12f95a66a2d,0.5754421055316925,0.5754421055316925,0.0
7885,a41b2052a83907a841aaa79c9e07cd6a83fe6626b7b2a298b27b765b1c10ba1a,0.6289043128490448,0.6289043128490448,0.0
7886,89996bb9af25bfde95cc5ee1297e81f9a8e5998dff799e1100f5f45e60ab2a84,0.4911175370216369,0.49111753702163696,5.551115123125783e-17
7887,14137f1e2adeb8f6d0e3b5d008247186e487959ee6701a80977d00edd037cc8e,0.5266750752925873,0.5266750752925873,0.0
7888,96048c4bf393b227d2974dd3b3a69edb4f73e12a245e751ddd36a192fd24086a,0.5394678711891174,0.5394678711891174,0.0
7889,51e1b70efdfcdebedd60468f0fc8e7284cd1ee17cc83b2b38839dd9027214fbf,0.4479044675827026,0.44790446758270264,5.551115123125783e-17
7890,f9008fe8ace243ffa802462614f3946eaf321c938417c1dcead1732e112bba92,0.4725959897041321,0.4725959897041321,0.0
7891,a418e1d1c472f5022429ad63f785cdc1965db22f0d1e38709ab6c5440c418f53,0.6157037019729614,0.6157037019729614,0.0
7892,1521a8f1476166b13a354045b81bc15662d0d6ca380aef1e5a68495adca23c83,0.6107077896595001,0.6107077896595001,0.0
7893,f5a52e62f7425bfffe3088cb9ff98e971a48a045961c4ec976827584b5ac60d8,0.6326519846916199,0.6326519846916199,0.0
7894,7709d9ec834a6789366327726a00b34a9f733a6714b864b1d4b34234cc785f52,0.5571019947528839,0.5571019947528839,0.0
7895,dc783c53e088ef4a3a810f81d03039b5ef512681b633b042a0fac74e9ce97332,0.5301726758480072,0.5301726758480072,0.0
7896,e51355c8d8a21719542de8e35bdf25516b41be8ae16d225702ba41b44d7c7e86,0.5480408370494843,0.5480408370494843,0.0
7897,74f289a663ec62ffa6b6fc126fa6670d69128b951f16723a6b004015771ce154,0.6899734437465668,0.6899734437465668,0.0
7898,b7adf15c420ea4befde02f7f996b1d42613133fb112d4a4499f50a0299165e79,0.6967452168464661,0.6967452168464661,0.0
7899,aba9b8de720b24bf6ad160d785ad63f2dbeb7467c8d76ebb2f4898ec35d464c5,0.6998822689056396,0.6998822689056396,0.0
7900,c45f140292d56d1fa1e570ad61bd8bbdb7fe7b437d8d503aa60a2a799dfa6cfe,0.6222078502178192,0.6222078502178192,0.0
7901,813bfa94d9b238826f0e9f64a52c1a4ef8ff3a9cc082f5a30b73ff73e2404721,0.5336858034133911,0.5336858034133911,0.0
7902,067ad10bee196d8d57431c362bafb5372fcd1394b98cf9f179c16af94712d0c1,0.6020734012126923,0.6020734012126923,0.0
7903,9731065b2fc1a43a0ba4724299675ed337aded29d086ac308250317a95fcd3b8,0.6901997029781342,0.6901997029781342,0.0
7904,4250020ea3823e090e316b41dc641d8ab8a71bcdfd0b7dc64a3e50729567ae69,0.6286706924438477,0.6286706924438477,0.0
7905,1533758bcb04b42ef748770a69e1305d2ae2904d2a2fa3f51d9cdfd68a6552e3,0.719129204750061,0.719129204750061,0.0
7906,fede1a9e71e72478c5758341a5e7616725ab770e818530156cf830222bd396c6,0.6340880692005157,0.6340880692005157,0.0
7907,3191d6f64bf08905f42619e2c47fe3d6e84cab7b9545ccc5c4f607d5fc7e0a01,0.5263391435146332,0.5263391435146332,0.0
7908,dd6306ea5aaba40883ef9914623793a8bacedac2c8ad49f9cce96520e9669d43,0.6796369850635529,0.6796369850635529,0.0
7909,193f978d413781f662472ae64b1975776778cfdadf7f831df43a83e12991849a,0.6301834583282471,0.6301834583282471,0.0
7910,9c5008dd76112ec615f6a065ece63f784929ac74962a04b82577e962e7b68587,0.6496714949607849,0.6496714949607849,0.0
7911,50911cd0531c57f7229a8ab924c597f14fcb360d1479a956c22c52785ab0ece2,0.5968189537525177,0.5968189537525177,0.0
7912,145fe850724dde6ac8480491afc030c6786c83b9b8392b405eb249f95c1aed67,0.561082124710083,0.561082124710083,0.0
7913,6c6e381fc1868cea6ace000c62abeb9f4e6fbc618499871c9c7796d12048cd7c,0.5200737416744232,0.5200737416744232,0.0
7914,d0bf40153094c301ca3fae6269d379ccba5d5c0ebc41101225829e50eb6529f7,0.6193671822547913,0.6193671822547913,0.0
7915,55a299fa1b8ac7e1225b60055f5359fa92bb25a42efedf4deed72b13f98f2455,0.5347533226013184,0.5347533226013184,0.0
7916,3fd83ca7b8e05457ab89124117720b044c723ff9651376effde23049f4d6950b,0.6095151007175446,0.6095151007175446,0.0
7917,9541e8703e41199373c9573f4b26e7de45ae759ffb297eed22ff9f0569a7cc2f,0.6143808960914612,0.6143808960914612,0.0
7918,7f39dc7c90e626201e3965d9474c6c27961b985b5276b33af4f25f9cd74ffdfa,0.6555266976356506,0.6555266976356506,0.0
7919,5f8658fdc2f2ef1b36f1c546e6ad2f7d72415c3c869eafb85a0758bc5e5e454d,0.6537092924118042,0.6537092924118042,0.0
7920,47100322181d1b6a1403f3809e5c7a28f82a5e6294a0a52591ae83f19d5ddfa1,0.6226663589477539,0.6226663589477539,0.0
7921,bd0b670be34123845e5d50e7bec588f113d25ffdb854d1a272fd880eaa5077a3,0.5904837548732758,0.5904837548732758,0.0
7922,978c5cb22684f454242aca802e28860d95b21771dab7cc8d36a8a8451141fbf9,0.6421000063419342,0.6421000063419342,0.0
7923,f4755478ac0686d819d75fac6171d647506687b7d59717d489680db7b1e4b251,0.5998319983482361,0.5998319983482361,0.0
7924,a3cd594fdf971ab5d2c918eadb14020c07f4de9e4837416b4d79910085456cf2,0.6099824011325836,0.6099824011325836,0.0
7925,005b4815aeabf688a5e2449f1eb60a47142457f62381be81ed367abca4ff723d,0.5758143067359924,0.5758143067359924,0.0
7926,2058434a6fd728654a43a9cde1793c681cda936c0f94f0e811926395f2a5c8b1,0.5610713958740234,0.5610713958740234,0.0
7927,3f35a9f7e3ca8576ab81532718b23fb22aca9fcae853a514993c42e162f54f76,0.650706946849823,0.650706946849823,0.0
7928,8167efc01a11280b3209569e209d02a7cbf0a9b0e39a1d50347cf5ce92efcc52,0.6382389962673187,0.6382389962673187,0.0
7929,1df792f4645df4d1a8c2505e6cef3bbdf76e2f476cd158eff47baa0fb2d076cd,0.5292845070362091,0.5292845070362091,0.0
7930,8846abd55242d8a8807f9e4db5725104769e732b0a58f44dbfcb0f594f04d1c9,0.6652746796607971,0.6652746796607971,0.0
7931,722b4b5349100b616acece3fecb32df745f3076d469f9163d1e23c0acac89144,0.6567281186580658,0.6567281186580658,0.0
7932,6538194aaf65676dcfa89e3b84fc57c887f19c323c40cb10326d481034910bf8,0.6696427762508392,0.6696427762508392,0.0
7933,7839dc563440a0337b0094ea5f79f0145e494b48021533e766da19e2717b6421,0.6134765148162842,0.6134765148162842,0.0
7934,dec4a6a8cf40d99de50d7a5dc490bc617b0e1e62909f10430a183d4b55fff391,0.6122389733791351,0.6122389733791351,0.0
7935,781d3694db5b141259e616c761c94d46c2cf54ddd5a143ad7425523e650a8c43,0.6326716244220734,0.6326716244220734,0.0
7936,ebaaf737580674fa9312df9e0753a7fce85ace4107174a846da62987c5b09065,0.663129985332489,0.663129985332489,0.0
7937,5f48bc0f9efdd0da89ec0b69e6fd1692e2e74b10887636ffc23e800619c78d8f,0.6688904762268066,0.6688904762268066,0.0
7938,93db14085e141d6a2bacb090497897a60b028c9e179aac282b2bf20ba0bb8e20,0.5777436792850494,0.5777436792850494,0.0
7939,ba7368c5c98115800c0ab01cfeb8ff008802205d8dc91a58395a03a538d471ec,0.4906074404716491,0.49060744047164917,5.551115123125783e-17
7940,ba7368c5c98115800c0ab01cfeb8ff008802205d8dc91a58395a03a538d471ec,0.4906074404716491,0.49060744047164917,5.551115123125783e-17
7941,ba7368c5c98115800c0ab01cfeb8ff008802205d8dc91a58395a03a538d471ec,0.4906074404716491,0.49060744047164917,5.551115123125783e-17
7942,4daba7086f7dd605dc07e9f75141327457abb093a95b648346f8636caabb74e5,0.4855831265449524,0.4855831265449524,0.0
7943,4daba7086f7dd605dc07e9f75141327457abb093a95b648346f8636caabb74e5,0.4855831265449524,0.4855831265449524,0.0
7944,4daba7086f7dd605dc07e9f75141327457abb093a95b648346f8636caabb74e5,0.4855831265449524,0.4855831265449524,0.0
7945,aeb860ecbc22288a970a9438b9a8072e11ee053590adc97afcb8fa3caa91e352,0.5633490681648254,0.5633490681648254,0.0
7946,d46dc0e271d8dc01eb19b96385e9b4e44a49573087e9958708229cba6f302ed1,0.5909788608551025,0.5909788608551025,0.0
7947,f43dccee772aeeb4d2bc889af12967b9308777d16222a4b1d88b522ff520fa03,0.6037296652793884,0.6037296652793884,0.0
7948,3fc2a3214f47dcd02086cbd35a247d6755271451dd6c50b5d44f75eb7692766d,0.7409588992595673,0.7409588992595673,0.0
7949,b8e06bff384a0865815c5c49569a31c26d10dfebabe79f61688b0ecb3a9390e5,0.7401163280010223,0.7401163280010223,0.0
7950,58bc5797489adbf87dd5efd7385452358da9bebb9ce4fc474ba84d12139421c5,0.7292410433292389,0.7292410433292389,0.0
7951,3fa3e78fa1787433136155c31f897e8bd01b1354ca9e191ddb9a8ea13bacd632,0.5432023704051971,0.5432023704051971,0.0
7952,5cde98aa00ea3d0ba74212539e658eb5ca4cecb8c14e3d914b6a639bf698cc2e,0.5780149698257446,0.5780149698257446,0.0
7953,06d560a716e76b65942753f1264b8de44490ef235e38b4c8cdacfa7776af6eda,0.6200853884220123,0.6200853884220123,0.0
7954,29b92a9276ef2d6370818b9c73a786a9b412090936d9b3b8e15f5d5852005500,0.6764729619026184,0.6764729619026184,0.0
7955,a2b2ac594e49f354260fc4a2fdda43a7e7e4fb809f8f1eeba9fd1b327b190a2f,0.6860302686691284,0.6860302686691284,0.0
7956,87207c1f734057622c172ee3f80d727e8be151f0301983a027a70312a980e27a,0.6337305009365082,0.6337305009365082,0.0
7957,9eb04c39d778b8b147e002656e7155bd2ce5e2acbd86050cfc756bb4234e4112,0.6641334891319275,0.6641334891319275,0.0
7958,c7da715a3108b2cc515782af0bb7fd656148f4fcf854756f006be2da7f859b35,0.6196214854717255,0.6196214854717255,0.0
7959,ae4deb9337940d303a06da42e5e3c7c9fe11c23ed649361be1a71035a43c24d6,0.717610090970993,0.717610090970993,0.0
7960,40d2bdf82963ebe67a203e4f2de6c8d8271676cee687b2aff49a5b8dfa9ab734,0.6425268650054932,0.6425268650054932,0.0
7961,5e3bb8adc4d0f28867884e43906e48617a477aaafd4edc6be25e64234fdd926c,0.6294508576393127,0.6294508576393127,0.0
7962,667c2e98145f669231394cd1472686c70bdb57df21c3c603d8c3dd2fa51468c1,0.6544168889522552,0.6544168889522552,0.0
7963,fb61f370fe86f3cea77f4f4dff220eb6cf7eb28806d6c5fb9698ac0dcd6d999d,0.4680660367012024,0.4680660367012024,0.0
7964,c42a9a568a6c887547b3675764255179863f5f41639df2d6993aa3f65b44fe9d,0.5273843705654144,0.5273843705654144,0.0
7965,efb1dcda3b8c68a9f927e94c7a253d2fbbb66ad83adc12acbf94a6a679ed72a5,0.4795220494270324,0.47952204942703247,5.551115123125783e-17
7966,2947ac53168ccf4aec42cbb399c5abaf2094a7c8f3ca1e82f54c2d4b45e89f72,0.6366069316864014,0.6366069316864014,0.0
7967,dd4bfe8356e66753c843dbe9acdf04049c40f92c85dcfba719115e932b8adb7d,0.5730177760124207,0.5730177760124207,0.0
7968,069b79f99b876b83095f446c092d95ac35ddaf99ea720642cd1b6c0f5199a629,0.6652998924255371,0.6652998924255371,0.0
7969,8b68e7d5ac543e7c07a9a4df2925f2681a0ee860213f4d1798d3e7c07151f0e4,0.5225241482257843,0.5225241482257843,0.0
7970,d8bf799bae4d272216ac67acd1ba001c85dbcd731566a92bd306cd2fea739042,0.5034771859645844,0.5034771859645844,0.0
7971,f11942b7cacf705a2afccef77a40833d930b458fa200f8fb672891cdc9b55021,0.61575847864151,0.61575847864151,0.0
7972,f343bc49377eeabac33a0290fc7c89b12e3b0a34011229cda07572b3ef976455,0.4854328036308288,0.48543280363082886,5.551115123125783e-17
7973,0df4b028e1a6935447fcfc472f40f2d588b0ba259b0da395ec080130627c3299,0.4868792295455932,0.48687922954559326,5.551115123125783e-17
7974,d73c4f15b6f2057a584e6c2cdd5a27d20ebce7bc5f0b9272800ff12f95a66a2d,0.5754421055316925,0.5754421055316925,0.0
7975,a41b2052a83907a841aaa79c9e07cd6a83fe6626b7b2a298b27b765b1c10ba1a,0.6289043128490448,0.6289043128490448,0.0
7976,89996bb9af25bfde95cc5ee1297e81f9a8e5998dff799e1100f5f45e60ab2a84,0.4911175370216369,0.49111753702163696,5.551115123125783e-17
7977,14137f1e2adeb8f6d0e3b5d008247186e487959ee6701a80977d00edd037cc8e,0.5266750752925873,0.5266750752925873,0.0
7978,96048c4bf393b227d2974dd3b3a69edb4f73e12a245e751ddd36a192fd24086a,0.5394678711891174,0.5394678711891174,0.0
7979,51e1b70efdfcdebedd60468f0fc8e7284cd1ee17cc83b2b38839dd9027214fbf,0.4479044675827026,0.44790446758270264,5.551115123125783e-17
7980,f9008fe8ace243ffa802462614f3946eaf321c938417c1dcead1732e112bba92,0.4725959897041321,0.4725959897041321,0.0
7981,a418e1d1c472f5022429ad63f785cdc1965db22f0d1e38709ab6c5440c418f53,0.6157037019729614,0.6157037019729614,0.0
7982,1521a8f1476166b13a354045b81bc15662d0d6ca380aef1e5a68495adca23c83,0.6107077896595001,0.6107077896595001,0.0
7983,f5a52e62f7425bfffe3088cb9ff98e971a48a045961c4ec976827584b5ac60d8,0.6326519846916199,0.6326519846916199,0.0
7984,7709d9ec834a6789366327726a00b34a9f733a6714b864b1d4b34234cc785f52,0.5571019947528839,0.5571019947528839,0.0
7985,dc783c53e088ef4a3a810f81d03039b5ef512681b633b042a0fac74e9ce97332,0.5301726758480072,0.5301726758480072,0.0
7986,e51355c8d8a21719542de8e35bdf25516b41be8ae16d225702ba41b44d7c7e86,0.5480408370494843,0.5480408370494843,0.0
7987,74f289a663ec62ffa6b6fc126fa6670d69128b951f16723a6b004015771ce154,0.6899734437465668,0.6899734437465668,0.0
7988,b7adf15c420ea4befde02f7f996b1d42613133fb112d4a4499f50a0299165e79,0.6967452168464661,0.6967452168464661,0.0
7989,aba9b8de720b24bf6ad160d785ad63f2dbeb7467c8d76ebb2f4898ec35d464c5,0.6998822689056396,0.6998822689056396,0.0
7990,c45f140292d56d1fa1e570ad61bd8bbdb7fe7b437d8d503aa60a2a799dfa6cfe,0.6222078502178192,0.6222078502178192,0.0
7991,813bfa94d9b238826f0e9f64a52c1a4ef8ff3a9cc082f5a30b73ff73e2404721,0.5336858034133911,0.5336858034133911,0.0
7992,067ad10bee196d8d57431c362bafb5372fcd1394b98cf9f179c16af94712d0c1,0.6020734012126923,0.6020734012126923,0.0
7993,9731065b2fc1a43a0ba4724299675ed337aded29d086ac308250317a95fcd3b8,0.6901997029781342,0.6901997029781342,0.0
7994,4250020ea3823e090e316b41dc641d8ab8a71bcdfd0b7dc64a3e50729567ae69,0.6286706924438477,0.6286706924438477,0.0
7995,1533758bcb04b42ef748770a69e1305d2ae2904d2a2fa3f51d9cdfd68a6552e3,0.719129204750061,0.719129204750061,0.0
7996,fede1a9e71e72478c5758341a5e7616725ab770e818530156cf830222bd396c6,0.6340880692005157,0.6340880692005157,0.0
7997,3191d6f64bf08905f42619e2c47fe3d6e84cab7b9545ccc5c4f607d5fc7e0a01,0.5263391435146332,0.5263391435146332,0.0
7998,dd6306ea5aaba40883ef9914623793a8bacedac2c8ad49f9cce96520e9669d43,0.6796369850635529,0.6796369850635529,0.0
7999,193f978d413781f662472ae64b1975776778cfdadf7f831df43a83e12991849a,0.6301834583282471,0.6301834583282471,0.0
8000,9c5008dd76112ec615f6a065ece63f784929ac74962a04b82577e962e7b68587,0.6496714949607849,0.6496714949607849,0.0
8001,50911cd0531c57f7229a8ab924c597f14fcb360d1479a956c22c52785ab0ece2,0.5968189537525177,0.5968189537525177,0.0
8002,145fe850724dde6ac8480491afc030c6786c83b9b8392b405eb249f95c1aed67,0.561082124710083,0.561082124710083,0.0
8003,6c6e381fc1868cea6ace000c62abeb9f4e6fbc618499871c9c7796d12048cd7c,0.5200737416744232,0.5200737416744232,0.0
8004,d0bf40153094c301ca3fae6269d379ccba5d5c0ebc41101225829e50eb6529f7,0.6193671822547913,0.6193671822547913,0.0
8005,55a299fa1b8ac7e1225b60055f5359fa92bb25a42efedf4deed72b13f98f2455,0.5347533226013184,0.5347533226013184,0.0
8006,3fd83ca7b8e05457ab89124117720b044c723ff9651376effde23049f4d6950b,0.6095151007175446,0.6095151007175446,0.0
8007,9541e8703e41199373c9573f4b26e7de45ae759ffb297eed22ff9f0569a7cc2f,0.6143808960914612,0.6143808960914612,0.0
8008,7f39dc7c90e626201e3965d9474c6c27961b985b5276b33af4f25f9cd74ffdfa,0.6555266976356506,0.6555266976356506,0.0
8009,5f8658fdc2f2ef1b36f1c546e6ad2f7d72415c3c869eafb85a0758bc5e5e454d,0.6537092924118042,0.6537092924118042,0.0
8010,47100322181d1b6a1403f3809e5c7a28f82a5e6294a0a52591ae83f19d5ddfa1,0.6226663589477539,0.6226663589477539,0.0
8011,bd0b670be34123845e5d50e7bec588f113d25ffdb854d1a272fd880eaa5077a3,0.5904837548732758,0.5904837548732758,0.0
8012,978c5cb22684f454242aca802e28860d95b21771dab7cc8d36a8a8451141fbf9,0.6421000063419342,0.6421000063419342,0.0
8013,f4755478ac0686d819d75fac6171d647506687b7d59717d489680db7b1e4b251,0.5998319983482361,0.5998319983482361,0.0
8014,a3cd594fdf971ab5d2c918eadb14020c07f4de9e4837416b4d79910085456cf2,0.6099824011325836,0.6099824011325836,0.0
8015,005b4815aeabf688a5e2449f1eb60a47142457f62381be81ed367abca4ff723d,0.5758143067359924,0.5758143067359924,0.0
8016,2058434a6fd728654a43a9cde1793c681cda936c0f94f0e811926395f2a5c8b1,0.5610713958740234,0.5610713958740234,0.0
8017,3f35a9f7e3ca8576ab81532718b23fb22aca9fcae853a514993c42e162f54f76,0.650706946849823,0.650706946849823,0.0
8018,8167efc01a11280b3209569e209d02a7cbf0a9b0e39a1d50347cf5ce92efcc52,0.6382389962673187,0.6382389962673187,0.0
8019,1df792f4645df4d1a8c2505e6cef3bbdf76e2f476cd158eff47baa0fb2d076cd,0.5292845070362091,0.5292845070362091,0.0
8020,8846abd55242d8a8807f9e4db5725104769e732b0a58f44dbfcb0f594f04d1c9,0.6652746796607971,0.6652746796607971,0.0
8021,722b4b5349100b616acece3fecb32df745f3076d469f9163d1e23c0acac89144,0.6567281186580658,0.6567281186580658,0.0
8022,6538194aaf65676dcfa89e3b84fc57c887f19c323c40cb10326d481034910bf8,0.6696427762508392,0.6696427762508392,0.0
8023,7839dc563440a0337b0094ea5f79f0145e494b48021533e766da19e2717b6421,0.6134765148162842,0.6134765148162842,0.0
8024,dec4a6a8cf40d99de50d7a5dc490bc617b0e1e62909f10430a183d4b55fff391,0.6122389733791351,0.6122389733791351,0.0
8025,781d3694db5b141259e616c761c94d46c2cf54ddd5a143ad7425523e650a8c43,0.6326716244220734,0.6326716244220734,0.0
8026,ebaaf737580674fa9312df9e0753a7fce85ace4107174a846da62987c5b09065,0.663129985332489,0.663129985332489,0.0
8027,5f48bc0f9efdd0da89ec0b69e6fd1692e2e74b10887636ffc23e800619c78d8f,0.6688904762268066,0.6688904762268066,0.0
8028,93db14085e141d6a2bacb090497897a60b028c9e179aac282b2bf20ba0bb8e20,0.5777436792850494,0.5777436792850494,0.0
8029,ba7368c5c98115800c0ab01cfeb8ff008802205d8dc91a58395a03a538d471ec,0.4906074404716491,0.49060744047164917,5.551115123125783e-17
8030,ba7368c5c98115800c0ab01cfeb8ff008802205d8dc91a58395a03a538d471ec,0.4906074404716491,0.49060744047164917,5.551115123125783e-17
8031,ba7368c5c98115800c0ab01cfeb8ff008802205d8dc91a58395a03a538d471ec,0.4906074404716491,0.49060744047164917,5.551115123125783e-17
8032,4daba7086f7dd605dc07e9f75141327457abb093a95b648346f8636caabb74e5,0.4855831265449524,0.4855831265449524,0.0
8033,4daba7086f7dd605dc07e9f75141327457abb093a95b648346f8636caabb74e5,0.4855831265449524,0.4855831265449524,0.0
8034,4daba7086f7dd605dc07e9f75141327457abb093a95b648346f8636caabb74e5,0.4855831265449524,0.4855831265449524,0.0
8035,aeb860ecbc22288a970a9438b9a8072e11ee053590adc97afcb8fa3caa91e352,0.5633490681648254,0.5633490681648254,0.0
8036,d46dc0e271d8dc01eb19b96385e9b4e44a49573087e9958708229cba6f302ed1,0.5909788608551025,0.5909788608551025,0.0
8037,f43dccee772aeeb4d2bc889af12967b9308777d16222a4b1d88b522ff520fa03,0.6037296652793884,0.6037296652793884,0.0
8038,3fc2a3214f47dcd02086cbd35a247d6755271451dd6c50b5d44f75eb7692766d,0.7409588992595673,0.7409588992595673,0.0
8039,b8e06bff384a0865815c5c49569a31c26d10dfebabe79f61688b0ecb3a9390e5,0.7401163280010223,0.7401163280010223,0.0
8040,58bc5797489adbf87dd5efd7385452358da9bebb9ce4fc474ba84d12139421c5,0.7292410433292389,0.7292410433292389,0.0
8041,3fa3e78fa1787433136155c31f897e8bd01b1354ca9e191ddb9a8ea13bacd632,0.5432023704051971,0.5432023704051971,0.0
8042,5cde98aa00ea3d0ba74212539e658eb5ca4cecb8c14e3d914b6a639bf698cc2e,0.5780149698257446,0.5780149698257446,0.0
8043,06d560a716e76b65942753f1264b8de44490ef235e38b4c8cdacfa7776af6eda,0.6200853884220123,0.6200853884220123,0.0
8044,29b92a9276ef2d6370818b9c73a786a9b412090936d9b3b8e15f5d5852005500,0.6764729619026184,0.6764729619026184,0.0
8045,a2b2ac594e49f354260fc4a2fdda43a7e7e4fb809f8f1eeba9fd1b327b190a2f,0.6860302686691284,0.6860302686691284,0.0
8046,87207c1f734057622c172ee3f80d727e8be151f0301983a027a70312a980e27a,0.6337305009365082,0.6337305009365082,0.0
8047,9eb04c39d778b8b147e002656e7155bd2ce5e2acbd86050cfc756bb4234e4112,0.6641334891319275,0.6641334891319275,0.0
8048,c7da715a3108b2cc515782af0bb7fd656148f4fcf854756f006be2da7f859b35,0.6196214854717255,0.6196214854717255,0.0
8049,ae4deb9337940d303a06da42e5e3c7c9fe11c23ed649361be1a71035a43c24d6,0.717610090970993,0.717610090970993,0.0
8050,40d2bdf82963ebe67a203e4f2de6c8d8271676cee687b2aff49a5b8dfa9ab734,0.6425268650054932,0.6425268650054932,0.0
8051,5e3bb8adc4d0f28867884e43906e48617a477aaafd4edc6be25e64234fdd926c,0.6294508576393127,0.6294508576393127,0.0
8052,667c2e98145f669231394cd1472686c70bdb57df21c3c603d8c3dd2fa51468c1,0.6544168889522552,0.6544168889522552,0.0
8053,fb61f370fe86f3cea77f4f4dff220eb6cf7eb28806d6c5fb9698ac0dcd6d999d,0.4680660367012024,0.4680660367012024,0.0
8054,c42a9a568a6c887547b3675764255179863f5f41639df2d6993aa3f65b44fe9d,0.5273843705654144,0.5273843705654144,0.0
8055,efb1dcda3b8c68a9f927e94c7a253d2fbbb66ad83adc12acbf94a6a679ed72a5,0.4795220494270324,0.47952204942703247,5.551115123125783e-17
8056,2947ac53168ccf4aec42cbb399c5abaf2094a7c8f3ca1e82f54c2d4b45e89f72,0.6366069316864014,0.6366069316864014,0.0
8057,dd4bfe8356e66753c843dbe9acdf04049c40f92c85dcfba719115e932b8adb7d,0.5730177760124207,0.5730177760124207,0.0
8058,069b79f99b876b83095f446c092d95ac35ddaf99ea720642cd1b6c0f5199a629,0.6652998924255371,0.6652998924255371,0.0
8059,8b68e7d5ac543e7c07a9a4df2925f2681a0ee860213f4d1798d3e7c07151f0e4,0.5225241482257843,0.5225241482257843,0.0
8060,d8bf799bae4d272216ac67acd1ba001c85dbcd731566a92bd306cd2fea739042,0.5034771859645844,0.5034771859645844,0.0
8061,f11942b7cacf705a2afccef77a40833d930b458fa200f8fb672891cdc9b55021,0.61575847864151,0.61575847864151,0.0
8062,f343bc49377eeabac33a0290fc7c89b12e3b0a34011229cda07572b3ef976455,0.4854328036308288,0.48543280363082886,5.551115123125783e-17
8063,0df4b028e1a6935447fcfc472f40f2d588b0ba259b0da395ec080130627c3299,0.4868792295455932,0.48687922954559326,5.551115123125783e-17
8064,d73c4f15b6f2057a584e6c2cdd5a27d20ebce7bc5f0b9272800ff12f95a66a2d,0.5754421055316925,0.5754421055316925,0.0
8065,a41b2052a83907a841aaa79c9e07cd6a83fe6626b7b2a298b27b765b1c10ba1a,0.6289043128490448,0.6289043128490448,0.0
8066,89996bb9af25bfde95cc5ee1297e81f9a8e5998dff799e1100f5f45e60ab2a84,0.4911175370216369,0.49111753702163696,5.551115123125783e-17
8067,14137f1e2adeb8f6d0e3b5d008247186e487959ee6701a80977d00edd037cc8e,0.5266750752925873,0.5266750752925873,0.0
8068,96048c4bf393b227d2974dd3b3a69edb4f73e12a245e751ddd36a192fd24086a,0.5394678711891174,0.5394678711891174,0.0
8069,51e1b70efdfcdebedd60468f0fc8e7284cd1ee17cc83b2b38839dd9027214fbf,0.4479044675827026,0.44790446758270264,5.551115123125783e-17
8070,f9008fe8ace243ffa802462614f3946eaf321c938417c1dcead1732e112bba92,0.4725959897041321,0.4725959897041321,0.0
8071,a418e1d1c472f5022429ad63f785cdc1965db22f0d1e38709ab6c5440c418f53,0.6157037019729614,0.6157037019729614,0.0
8072,1521a8f1476166b13a354045b81bc15662d0d6ca380aef1e5a68495adca23c83,0.6107077896595001,0.6107077896595001,0.0
8073,f5a52e62f7425bfffe3088cb9ff98e971a48a045961c4ec976827584b5ac60d8,0.6326519846916199,0.6326519846916199,0.0
8074,7709d9ec834a6789366327726a00b34a9f733a6714b864b1d4b34234cc785f52,0.5571019947528839,0.5571019947528839,0.0
8075,dc783c53e088ef4a3a810f81d03039b5ef512681b633b042a0fac74e9ce97332,0.5301726758480072,0.5301726758480072,0.0
8076,e51355c8d8a21719542de8e35bdf25516b41be8ae16d225702ba41b44d7c7e86,0.5480408370494843,0.5480408370494843,0.0
8077,74f289a663ec62ffa6b6fc126fa6670d69128b951f16723a6b004015771ce154,0.6899734437465668,0.6899734437465668,0.0
8078,b7adf15c420ea4befde02f7f996b1d42613133fb112d4a4499f50a0299165e79,0.6967452168464661,0.6967452168464661,0.0
8079,aba9b8de720b24bf6ad160d785ad63f2dbeb7467c8d76ebb2f4898ec35d464c5,0.6998822689056396,0.6998822689056396,0.0
8080,c45f140292d56d1fa1e570ad61bd8bbdb7fe7b437d8d503aa60a2a799dfa6cfe,0.6222078502178192,0.6222078502178192,0.0
8081,813bfa94d9b238826f0e9f64a52c1a4ef8ff3a9cc082f5a30b73ff73e2404721,0.5336858034133911,0.5336858034133911,0.0
8082,067ad10bee196d8d57431c362bafb5372fcd1394b98cf9f179c16af94712d0c1,0.6020734012126923,0.6020734012126923,0.0
8083,9731065b2fc1a43a0ba4724299675ed337aded29d086ac308250317a95fcd3b8,0.6901997029781342,0.6901997029781342,0.0
8084,4250020ea3823e090e316b41dc641d8ab8a71bcdfd0b7dc64a3e50729567ae69,0.6286706924438477,0.6286706924438477,0.0
8085,1533758bcb04b42ef748770a69e1305d2ae2904d2a2fa3f51d9cdfd68a6552e3,0.719129204750061,0.719129204750061,0.0
8086,fede1a9e71e72478c5758341a5e7616725ab770e818530156cf830222bd396c6,0.6340880692005157,0.6340880692005157,0.0
8087,3191d6f64bf08905f42619e2c47fe3d6e84cab7b9545ccc5c4f607d5fc7e0a01,0.5263391435146332,0.5263391435146332,0.0
8088,dd6306ea5aaba40883ef9914623793a8bacedac2c8ad49f9cce96520e9669d43,0.6796369850635529,0.6796369850635529,0.0
8089,193f978d413781f662472ae64b1975776778cfdadf7f831df43a83e12991849a,0.6301834583282471,0.6301834583282471,0.0
8090,9c5008dd76112ec615f6a065ece63f784929ac74962a04b82577e962e7b68587,0.6496714949607849,0.6496714949607849,0.0
8091,50911cd0531c57f7229a8ab924c597f14fcb360d1479a956c22c52785ab0ece2,0.5968189537525177,0.5968189537525177,0.0
8092,145fe850724dde6ac8480491afc030c6786c83b9b8392b405eb249f95c1aed67,0.561082124710083,0.561082124710083,0.0
8093,6c6e381fc1868cea6ace000c62abeb9f4e6fbc618499871c9c7796d12048cd7c,0.5200737416744232,0.5200737416744232,0.0
8094,d0bf40153094c301ca3fae6269d379ccba5d5c0ebc41101225829e50eb6529f7,0.6193671822547913,0.6193671822547913,0.0
8095,55a299fa1b8ac7e1225b60055f5359fa92bb25a42efedf4deed72b13f98f2455,0.5347533226013184,0.5347533226013184,0.0
8096,3fd83ca7b8e05457ab89124117720b044c723ff9651376effde23049f4d6950b,0.6095151007175446,0.6095151007175446,0.0
8097,9541e8703e41199373c9573f4b26e7de45ae759ffb297eed22ff9f0569a7cc2f,0.6143808960914612,0.6143808960914612,0.0
8098,7f39dc7c90e626201e3965d9474c6c27961b985b5276b33af4f25f9cd74ffdfa,0.6555266976356506,0.6555266976356506,0.0
8099,5f8658fdc2f2ef1b36f1c546e6ad2f7d72415c3c869eafb85a0758bc5e5e454d,0.6537092924118042,0.6537092924118042,0.0
8100,47100322181d1b6a1403f3809e5c7a28f82a5e6294a0a52591ae83f19d5ddfa1,0.6226663589477539,0.6226663589477539,0.0
8101,bd0b670be34123845e5d50e7bec588f113d25ffdb854d1a272fd880eaa5077a3,0.5904837548732758,0.5904837548732758,0.0
8102,978c5cb22684f454242aca802e28860d95b21771dab7cc8d36a8a8451141fbf9,0.6421000063419342,0.6421000063419342,0.0
8103,f4755478ac0686d819d75fac6171d647506687b7d59717d489680db7b1e4b251,0.5998319983482361,0.5998319983482361,0.0
8104,a3cd594fdf971ab5d2c918eadb14020c07f4de9e4837416b4d79910085456cf2,0.6099824011325836,0.6099824011325836,0.0
8105,005b4815aeabf688a5e2449f1eb60a47142457f62381be81ed367abca4ff723d,0.5758143067359924,0.5758143067359924,0.0
8106,2058434a6fd728654a43a9cde1793c681cda936c0f94f0e811926395f2a5c8b1,0.5610713958740234,0.5610713958740234,0.0
8107,3f35a9f7e3ca8576ab81532718b23fb22aca9fcae853a514993c42e162f54f76,0.650706946849823,0.650706946849823,0.0
8108,8167efc01a11280b3209569e209d02a7cbf0a9b0e39a1d50347cf5ce92efcc52,0.6382389962673187,0.6382389962673187,0.0
8109,1df792f4645df4d1a8c2505e6cef3bbdf76e2f476cd158eff47baa0fb2d076cd,0.5292845070362091,0.5292845070362091,0.0
8110,8846abd55242d8a8807f9e4db5725104769e732b0a58f44dbfcb0f594f04d1c9,0.6652746796607971,0.6652746796607971,0.0
8111,722b4b5349100b616acece3fecb32df745f3076d469f9163d1e23c0acac89144,0.6567281186580658,0.6567281186580658,0.0
8112,6538194aaf65676dcfa89e3b84fc57c887f19c323c40cb10326d481034910bf8,0.6696427762508392,0.6696427762508392,0.0
8113,7839dc563440a0337b0094ea5f79f0145e494b48021533e766da19e2717b6421,0.6134765148162842,0.6134765148162842,0.0
8114,dec4a6a8cf40d99de50d7a5dc490bc617b0e1e62909f10430a183d4b55fff391,0.6122389733791351,0.6122389733791351,0.0
8115,781d3694db5b141259e616c761c94d46c2cf54ddd5a143ad7425523e650a8c43,0.6326716244220734,0.6326716244220734,0.0
8116,ebaaf737580674fa9312df9e0753a7fce85ace4107174a846da62987c5b09065,0.663129985332489,0.663129985332489,0.0
8117,5f48bc0f9efdd0da89ec0b69e6fd1692e2e74b10887636ffc23e800619c78d8f,0.6688904762268066,0.6688904762268066,0.0
8118,93db14085e141d6a2bacb090497897a60b028c9e179aac282b2bf20ba0bb8e20,0.5777436792850494,0.5777436792850494,0.0
8119,ba7368c5c98115800c0ab01cfeb8ff008802205d8dc91a58395a03a538d471ec,0.4906074404716491,0.49060744047164917,5.551115123125783e-17
8120,ba7368c5c98115800c0ab01cfeb8ff008802205d8dc91a58395a03a538d471ec,0.4906074404716491,0.49060744047164917,5.551115123125783e-17
8121,ba7368c5c98115800c0ab01cfeb8ff008802205d8dc91a58395a03a538d471ec,0.4906074404716491,0.49060744047164917,5.551115123125783e-17
8122,4daba7086f7dd605dc07e9f75141327457abb093a95b648346f8636caabb74e5,0.4855831265449524,0.4855831265449524,0.0
8123,4daba7086f7dd605dc07e9f75141327457abb093a95b648346f8636caabb74e5,0.4855831265449524,0.4855831265449524,0.0
8124,4daba7086f7dd605dc07e9f75141327457abb093a95b648346f8636caabb74e5,0.4855831265449524,0.4855831265449524,0.0
8125,aeb860ecbc22288a970a9438b9a8072e11ee053590adc97afcb8fa3caa91e352,0.5633490681648254,0.5633490681648254,0.0
8126,d46dc0e271d8dc01eb19b96385e9b4e44a49573087e9958708229cba6f302ed1,0.5909788608551025,0.5909788608551025,0.0
8127,f43dccee772aeeb4d2bc889af12967b9308777d16222a4b1d88b522ff520fa03,0.6037296652793884,0.6037296652793884,0.0
8128,3fc2a3214f47dcd02086cbd35a247d6755271451dd6c50b5d44f75eb7692766d,0.7409588992595673,0.7409588992595673,0.0
8129,b8e06bff384a0865815c5c49569a31c26d10dfebabe79f61688b0ecb3a9390e5,0.7401163280010223,0.7401163280010223,0.0
8130,58bc5797489adbf87dd5efd7385452358da9bebb9ce4fc474ba84d12139421c5,0.7292410433292389,0.7292410433292389,0.0
8131,3fa3e78fa1787433136155c31f897e8bd01b1354ca9e191ddb9a8ea13bacd632,0.5432023704051971,0.5432023704051971,0.0
8132,5cde98aa00ea3d0ba74212539e658eb5ca4cecb8c14e3d914b6a639bf698cc2e,0.5780149698257446,0.5780149698257446,0.0
8133,06d560a716e76b65942753f1264b8de44490ef235e38b4c8cdacfa7776af6eda,0.6200853884220123,0.6200853884220123,0.0
8134,29b92a9276ef2d6370818b9c73a786a9b412090936d9b3b8e15f5d5852005500,0.6764729619026184,0.6764729619026184,0.0
8135,a2b2ac594e49f354260fc4a2fdda43a7e7e4fb809f8f1eeba9fd1b327b190a2f,0.6860302686691284,0.6860302686691284,0.0
8136,87207c1f734057622c172ee3f80d727e8be151f0301983a027a70312a980e27a,0.6337305009365082,0.6337305009365082,0.0
8137,9eb04c39d778b8b147e002656e7155bd2ce5e2acbd86050cfc756bb4234e4112,0.6641334891319275,0.6641334891319275,0.0
8138,c7da715a3108b2cc515782af0bb7fd656148f4fcf854756f006be2da7f859b35,0.6196214854717255,0.6196214854717255,0.0
8139,ae4deb9337940d303a06da42e5e3c7c9fe11c23ed649361be1a71035a43c24d6,0.717610090970993,0.717610090970993,0.0
8140,40d2bdf82963ebe67a203e4f2de6c8d8271676cee687b2aff49a5b8dfa9ab734,0.6425268650054932,0.6425268650054932,0.0
8141,5e3bb8adc4d0f28867884e43906e48617a477aaafd4edc6be25e64234fdd926c,0.6294508576393127,0.6294508576393127,0.0
8142,667c2e98145f669231394cd1472686c70bdb57df21c3c603d8c3dd2fa51468c1,0.6544168889522552,0.6544168889522552,0.0
8143,fb61f370fe86f3cea77f4f4dff220eb6cf7eb28806d6c5fb9698ac0dcd6d999d,0.4680660367012024,0.4680660367012024,0.0
8144,c42a9a568a6c887547b3675764255179863f5f41639df2d6993aa3f65b44fe9d,0.5273843705654144,0.5273843705654144,0.0
8145,efb1dcda3b8c68a9f927e94c7a253d2fbbb66ad83adc12acbf94a6a679ed72a5,0.4795220494270324,0.47952204942703247,5.551115123125783e-17
8146,2947ac53168ccf4aec42cbb399c5abaf2094a7c8f3ca1e82f54c2d4b45e89f72,0.6366069316864014,0.6366069316864014,0.0
8147,dd4bfe8356e66753c843dbe9acdf04049c40f92c85dcfba719115e932b8adb7d,0.5730177760124207,0.5730177760124207,0.0
8148,069b79f99b876b83095f446c092d95ac35ddaf99ea720642cd1b6c0f5199a629,0.6652998924255371,0.6652998924255371,0.0
8149,8b68e7d5ac543e7c07a9a4df2925f2681a0ee860213f4d1798d3e7c07151f0e4,0.5225241482257843,0.5225241482257843,0.0
8150,d8bf799bae4d272216ac67acd1ba001c85dbcd731566a92bd306cd2fea739042,0.5034771859645844,0.5034771859645844,0.0
8151,f11942b7cacf705a2afccef77a40833d930b458fa200f8fb672891cdc9b55021,0.61575847864151,0.61575847864151,0.0
8152,f343bc49377eeabac33a0290fc7c89b12e3b0a34011229cda07572b3ef976455,0.4854328036308288,0.48543280363082886,5.551115123125783e-17
8153,0df4b028e1a6935447fcfc472f40f2d588b0ba259b0da395ec080130627c3299,0.4868792295455932,0.48687922954559326,5.551115123125783e-17
8154,d73c4f15b6f2057a584e6c2cdd5a27d20ebce7bc5f0b9272800ff12f95a66a2d,0.5754421055316925,0.5754421055316925,0.0
8155,a41b2052a83907a841aaa79c9e07cd6a83fe6626b7b2a298b27b765b1c10ba1a,0.6289043128490448,0.6289043128490448,0.0
8156,89996bb9af25bfde95cc5ee1297e81f9a8e5998dff799e1100f5f45e60ab2a84,0.4911175370216369,0.49111753702163696,5.551115123125783e-17
8157,14137f1e2adeb8f6d0e3b5d008247186e487959ee6701a80977d00edd037cc8e,0.5266750752925873,0.5266750752925873,0.0
8158,96048c4bf393b227d2974dd3b3a69edb4f73e12a245e751ddd36a192fd24086a,0.5394678711891174,0.5394678711891174,0.0
8159,51e1b70efdfcdebedd60468f0fc8e7284cd1ee17cc83b2b38839dd9027214fbf,0.4479044675827026,0.44790446758270264,5.551115123125783e-17
8160,f9008fe8ace243ffa802462614f3946eaf321c938417c1dcead1732e112bba92,0.4725959897041321,0.4725959897041321,0.0
8161,a418e1d1c472f5022429ad63f785cdc1965db22f0d1e38709ab6c5440c418f53,0.6157037019729614,0.6157037019729614,0.0
8162,1521a8f1476166b13a354045b81bc15662d0d6ca380aef1e5a68495adca23c83,0.6107077896595001,0.6107077896595001,0.0
8163,f5a52e62f7425bfffe3088cb9ff98e971a48a045961c4ec976827584b5ac60d8,0.6326519846916199,0.6326519846916199,0.0
8164,7709d9ec834a6789366327726a00b34a9f733a6714b864b1d4b34234cc785f52,0.5571019947528839,0.5571019947528839,0.0
8165,dc783c53e088ef4a3a810f81d03039b5ef512681b633b042a0fac74e9ce97332,0.5301726758480072,0.5301726758480072,0.0
8166,e51355c8d8a21719542de8e35bdf25516b41be8ae16d225702ba41b44d7c7e86,0.5480408370494843,0.5480408370494843,0.0
8167,74f289a663ec62ffa6b6fc126fa6670d69128b951f16723a6b004015771ce154,0.6899734437465668,0.6899734437465668,0.0
8168,b7adf15c420ea4befde02f7f996b1d42613133fb112d4a4499f50a0299165e79,0.6967452168464661,0.6967452168464661,0.0
8169,aba9b8de720b24bf6ad160d785ad63f2dbeb7467c8d76ebb2f4898ec35d464c5,0.6998822689056396,0.6998822689056396,0.0
8170,c45f140292d56d1fa1e570ad61bd8bbdb7fe7b437d8d503aa60a2a799dfa6cfe,0.6222078502178192,0.6222078502178192,0.0
8171,813bfa94d9b238826f0e9f64a52c1a4ef8ff3a9cc082f5a30b73ff73e2404721,0.5336858034133911,0.5336858034133911,0.0
8172,067ad10bee196d8d57431c362bafb5372fcd1394b98cf9f179c16af94712d0c1,0.6020734012126923,0.6020734012126923,0.0
8173,9731065b2fc1a43a0ba4724299675ed337aded29d086ac308250317a95fcd3b8,0.6901997029781342,0.6901997029781342,0.0
8174,4250020ea3823e090e316b41dc641d8ab8a71bcdfd0b7dc64a3e50729567ae69,0.6286706924438477,0.6286706924438477,0.0
8175,1533758bcb04b42ef748770a69e1305d2ae2904d2a2fa3f51d9cdfd68a6552e3,0.719129204750061,0.719129204750061,0.0
8176,fede1a9e71e72478c5758341a5e7616725ab770e818530156cf830222bd396c6,0.6340880692005157,0.6340880692005157,0.0
8177,3191d6f64bf08905f42619e2c47fe3d6e84cab7b9545ccc5c4f607d5fc7e0a01,0.5263391435146332,0.5263391435146332,0.0
8178,dd6306ea5aaba40883ef9914623793a8bacedac2c8ad49f9cce96520e9669d43,0.6796369850635529,0.6796369850635529,0.0
8179,193f978d413781f662472ae64b1975776778cfdadf7f831df43a83e12991849a,0.6301834583282471,0.6301834583282471,0.0
8180,9c5008dd76112ec615f6a065ece63f784929ac74962a04b82577e962e7b68587,0.6496714949607849,0.6496714949607849,0.0
8181,50911cd0531c57f7229a8ab924c597f14fcb360d1479a956c22c52785ab0ece2,0.5968189537525177,0.5968189537525177,0.0
8182,145fe850724dde6ac8480491afc030c6786c83b9b8392b405eb249f95c1aed67,0.561082124710083,0.561082124710083,0.0
8183,6c6e381fc1868cea6ace000c62abeb9f4e6fbc618499871c9c7796d12048cd7c,0.5200737416744232,0.5200737416744232,0.0
8184,d0bf40153094c301ca3fae6269d379ccba5d5c0ebc41101225829e50eb6529f7,0.6193671822547913,0.6193671822547913,0.0
8185,55a299fa1b8ac7e1225b60055f5359fa92bb25a42efedf4deed72b13f98f2455,0.5347533226013184,0.5347533226013184,0.0
8186,3fd83ca7b8e05457ab89124117720b044c723ff9651376effde23049f4d6950b,0.6095151007175446,0.6095151007175446,0.0
8187,9541e8703e41199373c9573f4b26e7de45ae759ffb297eed22ff9f0569a7cc2f,0.6143808960914612,0.6143808960914612,0.0
8188,7f39dc7c90e626201e3965d9474c6c27961b985b5276b33af4f25f9cd74ffdfa,0.6555266976356506,0.6555266976356506,0.0
8189,5f8658fdc2f2ef1b36f1c546e6ad2f7d72415c3c869eafb85a0758bc5e5e454d,0.6537092924118042,0.6537092924118042,0.0
8190,47100322181d1b6a1403f3809e5c7a28f82a5e6294a0a52591ae83f19d5ddfa1,0.6226663589477539,0.6226663589477539,0.0
8191,bd0b670be34123845e5d50e7bec588f113d25ffdb854d1a272fd880eaa5077a3,0.5904837548732758,0.5904837548732758,0.0
8192,978c5cb22684f454242aca802e28860d95b21771dab7cc8d36a8a8451141fbf9,0.6421000063419342,0.6421000063419342,0.0
8193,f4755478ac0686d819d75fac6171d647506687b7d59717d489680db7b1e4b251,0.5998319983482361,0.5998319983482361,0.0
8194,a3cd594fdf971ab5d2c918eadb14020c07f4de9e4837416b4d79910085456cf2,0.6099824011325836,0.6099824011325836,0.0
8195,005b4815aeabf688a5e2449f1eb60a47142457f62381be81ed367abca4ff723d,0.5758143067359924,0.5758143067359924,0.0
8196,2058434a6fd728654a43a9cde1793c681cda936c0f94f0e811926395f2a5c8b1,0.5610713958740234,0.5610713958740234,0.0
8197,3f35a9f7e3ca8576ab81532718b23fb22aca9fcae853a514993c42e162f54f76,0.650706946849823,0.650706946849823,0.0
8198,8167efc01a11280b3209569e209d02a7cbf0a9b0e39a1d50347cf5ce92efcc52,0.6382389962673187,0.6382389962673187,0.0
8199,1df792f4645df4d1a8c2505e6cef3bbdf76e2f476cd158eff47baa0fb2d076cd,0.5292845070362091,0.5292845070362091,0.0
8200,8846abd55242d8a8807f9e4db5725104769e732b0a58f44dbfcb0f594f04d1c9,0.6652746796607971,0.6652746796607971,0.0
8201,722b4b5349100b616acece3fecb32df745f3076d469f9163d1e23c0acac89144,0.6567281186580658,0.6567281186580658,0.0
8202,6538194aaf65676dcfa89e3b84fc57c887f19c323c40cb10326d481034910bf8,0.6696427762508392,0.6696427762508392,0.0
8203,7839dc563440a0337b0094ea5f79f0145e494b48021533e766da19e2717b6421,0.6134765148162842,0.6134765148162842,0.0
8204,dec4a6a8cf40d99de50d7a5dc490bc617b0e1e62909f10430a183d4b55fff391,0.6122389733791351,0.6122389733791351,0.0
8205,781d3694db5b141259e616c761c94d46c2cf54ddd5a143ad7425523e650a8c43,0.6326716244220734,0.6326716244220734,0.0
8206,ebaaf737580674fa9312df9e0753a7fce85ace4107174a846da62987c5b09065,0.663129985332489,0.663129985332489,0.0
8207,5f48bc0f9efdd0da89ec0b69e6fd1692e2e74b10887636ffc23e800619c78d8f,0.6688904762268066,0.6688904762268066,0.0
8208,93db14085e141d6a2bacb090497897a60b028c9e179aac282b2bf20ba0bb8e20,0.5777436792850494,0.5777436792850494,0.0
8209,ba7368c5c98115800c0ab01cfeb8ff008802205d8dc91a58395a03a538d471ec,0.4906074404716491,0.49060744047164917,5.551115123125783e-17
8210,ba7368c5c98115800c0ab01cfeb8ff008802205d8dc91a58395a03a538d471ec,0.4906074404716491,0.49060744047164917,5.551115123125783e-17
8211,ba7368c5c98115800c0ab01cfeb8ff008802205d8dc91a58395a03a538d471ec,0.4906074404716491,0.49060744047164917,5.551115123125783e-17
8212,4daba7086f7dd605dc07e9f75141327457abb093a95b648346f8636caabb74e5,0.4855831265449524,0.4855831265449524,0.0
8213,4daba7086f7dd605dc07e9f75141327457abb093a95b648346f8636caabb74e5,0.4855831265449524,0.4855831265449524,0.0
8214,4daba7086f7dd605dc07e9f75141327457abb093a95b648346f8636caabb74e5,0.4855831265449524,0.4855831265449524,0.0
8215,aeb860ecbc22288a970a9438b9a8072e11ee053590adc97afcb8fa3caa91e352,0.5633490681648254,0.5633490681648254,0.0
8216,d46dc0e271d8dc01eb19b96385e9b4e44a49573087e9958708229cba6f302ed1,0.5909788608551025,0.5909788608551025,0.0
8217,f43dccee772aeeb4d2bc889af12967b9308777d16222a4b1d88b522ff520fa03,0.6037296652793884,0.6037296652793884,0.0
8218,3fc2a3214f47dcd02086cbd35a247d6755271451dd6c50b5d44f75eb7692766d,0.7409588992595673,0.7409588992595673,0.0
8219,b8e06bff384a0865815c5c49569a31c26d10dfebabe79f61688b0ecb3a9390e5,0.7401163280010223,0.7401163280010223,0.0
8220,58bc5797489adbf87dd5efd7385452358da9bebb9ce4fc474ba84d12139421c5,0.7292410433292389,0.7292410433292389,0.0
8221,3fa3e78fa1787433136155c31f897e8bd01b1354ca9e191ddb9a8ea13bacd632,0.5432023704051971,0.5432023704051971,0.0
8222,5cde98aa00ea3d0ba74212539e658eb5ca4cecb8c14e3d914b6a639bf698cc2e,0.5780149698257446,0.5780149698257446,0.0
8223,06d560a716e76b65942753f1264b8de44490ef235e38b4c8cdacfa7776af6eda,0.6200853884220123,0.6200853884220123,0.0
8224,29b92a9276ef2d6370818b9c73a786a9b412090936d9b3b8e15f5d5852005500,0.6764729619026184,0.6764729619026184,0.0
8225,a2b2ac594e49f354260fc4a2fdda43a7e7e4fb809f8f1eeba9fd1b327b190a2f,0.6860302686691284,0.6860302686691284,0.0
8226,87207c1f734057622c172ee3f80d727e8be151f0301983a027a70312a980e27a,0.6337305009365082,0.6337305009365082,0.0
8227,9eb04c39d778b8b147e002656e7155bd2ce5e2acbd86050cfc756bb4234e4112,0.6641334891319275,0.6641334891319275,0.0
8228,c7da715a3108b2cc515782af0bb7fd656148f4fcf854756f006be2da7f859b35,0.6196214854717255,0.6196214854717255,0.0
8229,ae4deb9337940d303a06da42e5e3c7c9fe11c23ed649361be1a71035a43c24d6,0.717610090970993,0.717610090970993,0.0
8230,40d2bdf82963ebe67a203e4f2de6c8d8271676cee687b2aff49a5b8dfa9ab734,0.6425268650054932,0.6425268650054932,0.0
8231,5e3bb8adc4d0f28867884e43906e48617a477aaafd4edc6be25e64234fdd926c,0.6294508576393127,0.6294508576393127,0.0
8232,667c2e98145f669231394cd1472686c70bdb57df21c3c603d8c3dd2fa51468c1,0.6544168889522552,0.6544168889522552,0.0
8233,fb61f370fe86f3cea77f4f4dff220eb6cf7eb28806d6c5fb9698ac0dcd6d999d,0.4680660367012024,0.4680660367012024,0.0
8234,c42a9a568a6c887547b3675764255179863f5f41639df2d6993aa3f65b44fe9d,0.5273843705654144,0.5273843705654144,0.0
8235,efb1dcda3b8c68a9f927e94c7a253d2fbbb66ad83adc12acbf94a6a679ed72a5,0.4795220494270324,0.47952204942703247,5.551115123125783e-17
8236,2947ac53168ccf4aec42cbb399c5abaf2094a7c8f3ca1e82f54c2d4b45e89f72,0.6366069316864014,0.6366069316864014,0.0
8237,dd4bfe8356e66753c843dbe9acdf04049c40f92c85dcfba719115e932b8adb7d,0.5730177760124207,0.5730177760124207,0.0
8238,069b79f99b876b83095f446c092d95ac35ddaf99ea720642cd1b6c0f5199a629,0.6652998924255371,0.6652998924255371,0.0
8239,8b68e7d5ac543e7c07a9a4df2925f2681a0ee860213f4d1798d3e7c07151f0e4,0.5225241482257843,0.5225241482257843,0.0
8240,d8bf799bae4d272216ac67acd1ba001c85dbcd731566a92bd306cd2fea739042,0.5034771859645844,0.5034771859645844,0.0
8241,f11942b7cacf705a2afccef77a40833d930b458fa200f8fb672891cdc9b55021,0.61575847864151,0.61575847864151,0.0
8242,f343bc49377eeabac33a0290fc7c89b12e3b0a34011229cda07572b3ef976455,0.4854328036308288,0.48543280363082886,5.551115123125783e-17
8243,0df4b028e1a6935447fcfc472f40f2d588b0ba259b0da395ec080130627c3299,0.4868792295455932,0.48687922954559326,5.551115123125783e-17
8244,d73c4f15b6f2057a584e6c2cdd5a27d20ebce7bc5f0b9272800ff12f95a66a2d,0.5754421055316925,0.5754421055316925,0.0
8245,a41b2052a83907a841aaa79c9e07cd6a83fe6626b7b2a298b27b765b1c10ba1a,0.6289043128490448,0.6289043128490448,0.0
8246,89996bb9af25bfde95cc5ee1297e81f9a8e5998dff799e1100f5f45e60ab2a84,0.4911175370216369,0.49111753702163696,5.551115123125783e-17
8247,14137f1e2adeb8f6d0e3b5d008247186e487959ee6701a80977d00edd037cc8e,0.5266750752925873,0.5266750752925873,0.0
8248,96048c4bf393b227d2974dd3b3a69edb4f73e12a245e751ddd36a192fd24086a,0.5394678711891174,0.5394678711891174,0.0
8249,51e1b70efdfcdebedd60468f0fc8e7284cd1ee17cc83b2b38839dd9027214fbf,0.4479044675827026,0.44790446758270264,5.551115123125783e-17
8250,f9008fe8ace243ffa802462614f3946eaf321c938417c1dcead1732e112bba92,0.4725959897041321,0.4725959897041321,0.0
8251,a418e1d1c472f5022429ad63f785cdc1965db22f0d1e38709ab6c5440c418f53,0.6157037019729614,0.6157037019729614,0.0
8252,1521a8f1476166b13a354045b81bc15662d0d6ca380aef1e5a68495adca23c83,0.6107077896595001,0.6107077896595001,0.0
8253,f5a52e62f7425bfffe3088cb9ff98e971a48a045961c4ec976827584b5ac60d8,0.6326519846916199,0.6326519846916199,0.0
8254,7709d9ec834a6789366327726a00b34a9f733a6714b864b1d4b34234cc785f52,0.5571019947528839,0.5571019947528839,0.0
8255,dc783c53e088ef4a3a810f81d03039b5ef512681b633b042a0fac74e9ce97332,0.5301726758480072,0.5301726758480072,0.0
8256,e51355c8d8a21719542de8e35bdf25516b41be8ae16d225702ba41b44d7c7e86,0.5480408370494843,0.5480408370494843,0.0
8257,74f289a663ec62ffa6b6fc126fa6670d69128b951f16723a6b004015771ce154,0.6899734437465668,0.6899734437465668,0.0
8258,b7adf15c420ea4befde02f7f996b1d42613133fb112d4a4499f50a0299165e79,0.6967452168464661,0.6967452168464661,0.0
8259,aba9b8de720b24bf6ad160d785ad63f2dbeb7467c8d76ebb2f4898ec35d464c5,0.6998822689056396,0.6998822689056396,0.0
8260,c45f140292d56d1fa1e570ad61bd8bbdb7fe7b437d8d503aa60a2a799dfa6cfe,0.6222078502178192,0.6222078502178192,0.0
8261,813bfa94d9b238826f0e9f64a52c1a4ef8ff3a9cc082f5a30b73ff73e2404721,0.5336858034133911,0.5336858034133911,0.0
8262,067ad10bee196d8d57431c362bafb5372fcd1394b98cf9f179c16af94712d0c1,0.6020734012126923,0.6020734012126923,0.0
8263,9731065b2fc1a43a0ba4724299675ed337aded29d086ac308250317a95fcd3b8,0.6901997029781342,0.6901997029781342,0.0
8264,4250020ea3823e090e316b41dc641d8ab8a71bcdfd0b7dc64a3e50729567ae69,0.6286706924438477,0.6286706924438477,0.0
8265,1533758bcb04b42ef748770a69e1305d2ae2904d2a2fa3f51d9cdfd68a6552e3,0.719129204750061,0.719129204750061,0.0
8266,fede1a9e71e72478c5758341a5e7616725ab770e818530156cf830222bd396c6,0.6340880692005157,0.6340880692005157,0.0
8267,3191d6f64bf08905f42619e2c47fe3d6e84cab7b9545ccc5c4f607d5fc7e0a01,0.5263391435146332,0.5263391435146332,0.0
8268,dd6306ea5aaba40883ef9914623793a8bacedac2c8ad49f9cce96520e9669d43,0.6796369850635529,0.6796369850635529,0.0
8269,193f978d413781f662472ae64b1975776778cfdadf7f831df43a83e12991849a,0.6301834583282471,0.6301834583282471,0.0
8270,9c5008dd76112ec615f6a065ece63f784929ac74962a04b82577e962e7b68587,0.6496714949607849,0.6496714949607849,0.0
8271,50911cd0531c57f7229a8ab924c597f14fcb360d1479a956c22c52785ab0ece2,0.5968189537525177,0.5968189537525177,0.0
8272,145fe850724dde6ac8480491afc030c6786c83b9b8392b405eb249f95c1aed67,0.561082124710083,0.561082124710083,0.0
8273,6c6e381fc1868cea6ace000c62abeb9f4e6fbc618499871c9c7796d12048cd7c,0.5200737416744232,0.5200737416744232,0.0
8274,d0bf40153094c301ca3fae6269d379ccba5d5c0ebc41101225829e50eb6529f7,0.6193671822547913,0.6193671822547913,0.0
8275,55a299fa1b8ac7e1225b60055f5359fa92bb25a42efedf4deed72b13f98f2455,0.5347533226013184,0.5347533226013184,0.0
8276,3fd83ca7b8e05457ab89124117720b044c723ff9651376effde23049f4d6950b,0.6095151007175446,0.6095151007175446,0.0
8277,9541e8703e41199373c9573f4b26e7de45ae759ffb297eed22ff9f0569a7cc2f,0.6143808960914612,0.6143808960914612,0.0
8278,7f39dc7c90e626201e3965d9474c6c27961b985b5276b33af4f25f9cd74ffdfa,0.6555266976356506,0.6555266976356506,0.0
8279,5f8658fdc2f2ef1b36f1c546e6ad2f7d72415c3c869eafb85a0758bc5e5e454d,0.6537092924118042,0.6537092924118042,0.0
8280,47100322181d1b6a1403f3809e5c7a28f82a5e6294a0a52591ae83f19d5ddfa1,0.6226663589477539,0.6226663589477539,0.0
8281,bd0b670be34123845e5d50e7bec588f113d25ffdb854d1a272fd880eaa5077a3,0.5904837548732758,0.5904837548732758,0.0
8282,978c5cb22684f454242aca802e28860d95b21771dab7cc8d36a8a8451141fbf9,0.6421000063419342,0.6421000063419342,0.0
8283,f4755478ac0686d819d75fac6171d647506687b7d59717d489680db7b1e4b251,0.5998319983482361,0.5998319983482361,0.0
8284,a3cd594fdf971ab5d2c918eadb14020c07f4de9e4837416b4d79910085456cf2,0.6099824011325836,0.6099824011325836,0.0
8285,005b4815aeabf688a5e2449f1eb60a47142457f62381be81ed367abca4ff723d,0.5758143067359924,0.5758143067359924,0.0
8286,2058434a6fd728654a43a9cde1793c681cda936c0f94f0e811926395f2a5c8b1,0.5610713958740234,0.5610713958740234,0.0
8287,3f35a9f7e3ca8576ab81532718b23fb22aca9fcae853a514993c42e162f54f76,0.650706946849823,0.650706946849823,0.0
8288,8167efc01a11280b3209569e209d02a7cbf0a9b0e39a1d50347cf5ce92efcc52,0.6382389962673187,0.6382389962673187,0.0
8289,1df792f4645df4d1a8c2505e6cef3bbdf76e2f476cd158eff47baa0fb2d076cd,0.5292845070362091,0.5292845070362091,0.0
8290,8846abd55242d8a8807f9e4db5725104769e732b0a58f44dbfcb0f594f04d1c9,0.6652746796607971,0.6652746796607971,0.0
8291,722b4b5349100b616acece3fecb32df745f3076d469f9163d1e23c0acac89144,0.6567281186580658,0.6567281186580658,0.0
8292,6538194aaf65676dcfa89e3b84fc57c887f19c323c40cb10326d481034910bf8,0.6696427762508392,0.6696427762508392,0.0
8293,7839dc563440a0337b0094ea5f79f0145e494b48021533e766da19e2717b6421,0.6134765148162842,0.6134765148162842,0.0
8294,dec4a6a8cf40d99de50d7a5dc490bc617b0e1e62909f10430a183d4b55fff391,0.6122389733791351,0.6122389733791351,0.0
8295,781d3694db5b141259e616c761c94d46c2cf54ddd5a143ad7425523e650a8c43,0.6326716244220734,0.6326716244220734,0.0
8296,ebaaf737580674fa9312df9e0753a7fce85ace4107174a846da62987c5b09065,0.663129985332489,0.663129985332489,0.0
8297,5f48bc0f9efdd0da89ec0b69e6fd1692e2e74b10887636ffc23e800619c78d8f,0.6688904762268066,0.6688904762268066,0.0
8298,93db14085e141d6a2bacb090497897a60b028c9e179aac282b2bf20ba0bb8e20,0.5777436792850494,0.5777436792850494,0.0
8299,ba7368c5c98115800c0ab01cfeb8ff008802205d8dc91a58395a03a538d471ec,0.4906074404716491,0.49060744047164917,5.551115123125783e-17
8300,ba7368c5c98115800c0ab01cfeb8ff008802205d8dc91a58395a03a538d471ec,0.4906074404716491,0.49060744047164917,5.551115123125783e-17
8301,ba7368c5c98115800c0ab01cfeb8ff008802205d8dc91a58395a03a538d471ec,0.4906074404716491,0.49060744047164917,5.551115123125783e-17
8302,4daba7086f7dd605dc07e9f75141327457abb093a95b648346f8636caabb74e5,0.4855831265449524,0.4855831265449524,0.0
8303,4daba7086f7dd605dc07e9f75141327457abb093a95b648346f8636caabb74e5,0.4855831265449524,0.4855831265449524,0.0
8304,4daba7086f7dd605dc07e9f75141327457abb093a95b648346f8636caabb74e5,0.4855831265449524,0.4855831265449524,0.0
8305,aeb860ecbc22288a970a9438b9a8072e11ee053590adc97afcb8fa3caa91e352,0.5633490681648254,0.5633490681648254,0.0
8306,d46dc0e271d8dc01eb19b96385e9b4e44a49573087e9958708229cba6f302ed1,0.5909788608551025,0.5909788608551025,0.0
8307,f43dccee772aeeb4d2bc889af12967b9308777d16222a4b1d88b522ff520fa03,0.6037296652793884,0.6037296652793884,0.0
8308,3fc2a3214f47dcd02086cbd35a247d6755271451dd6c50b5d44f75eb7692766d,0.7409588992595673,0.7409588992595673,0.0
8309,b8e06bff384a0865815c5c49569a31c26d10dfebabe79f61688b0ecb3a9390e5,0.7401163280010223,0.7401163280010223,0.0
8310,58bc5797489adbf87dd5efd7385452358da9bebb9ce4fc474ba84d12139421c5,0.7292410433292389,0.7292410433292389,0.0
8311,3fa3e78fa1787433136155c31f897e8bd01b1354ca9e191ddb9a8ea13bacd632,0.5432023704051971,0.5432023704051971,0.0
8312,5cde98aa00ea3d0ba74212539e658eb5ca4cecb8c14e3d914b6a639bf698cc2e,0.5780149698257446,0.5780149698257446,0.0
8313,06d560a716e76b65942753f1264b8de44490ef235e38b4c8cdacfa7776af6eda,0.6200853884220123,0.6200853884220123,0.0
8314,29b92a9276ef2d6370818b9c73a786a9b412090936d9b3b8e15f5d5852005500,0.6764729619026184,0.6764729619026184,0.0
8315,a2b2ac594e49f354260fc4a2fdda43a7e7e4fb809f8f1eeba9fd1b327b190a2f,0.6860302686691284,0.6860302686691284,0.0
8316,87207c1f734057622c172ee3f80d727e8be151f0301983a027a70312a980e27a,0.6337305009365082,0.6337305009365082,0.0
8317,9eb04c39d778b8b147e002656e7155bd2ce5e2acbd86050cfc756bb4234e4112,0.6641334891319275,0.6641334891319275,0.0
8318,c7da715a3108b2cc515782af0bb7fd656148f4fcf854756f006be2da7f859b35,0.6196214854717255,0.6196214854717255,0.0
8319,ae4deb9337940d303a06da42e5e3c7c9fe11c23ed649361be1a71035a43c24d6,0.717610090970993,0.717610090970993,0.0
8320,40d2bdf82963ebe67a203e4f2de6c8d8271676cee687b2aff49a5b8dfa9ab734,0.6425268650054932,0.6425268650054932,0.0
8321,5e3bb8adc4d0f28867884e43906e48617a477aaafd4edc6be25e64234fdd926c,0.6294508576393127,0.6294508576393127,0.0
8322,667c2e98145f669231394cd1472686c70bdb57df21c3c603d8c3dd2fa51468c1,0.6544168889522552,0.6544168889522552,0.0
8323,fb61f370fe86f3cea77f4f4dff220eb6cf7eb28806d6c5fb9698ac0dcd6d999d,0.4680660367012024,0.4680660367012024,0.0
8324,c42a9a568a6c887547b3675764255179863f5f41639df2d6993aa3f65b44fe9d,0.5273843705654144,0.5273843705654144,0.0
8325,efb1dcda3b8c68a9f927e94c7a253d2fbbb66ad83adc12acbf94a6a679ed72a5,0.4795220494270324,0.47952204942703247,5.551115123125783e-17
8326,2947ac53168ccf4aec42cbb399c5abaf2094a7c8f3ca1e82f54c2d4b45e89f72,0.6366069316864014,0.6366069316864014,0.0
8327,dd4bfe8356e66753c843dbe9acdf04049c40f92c85dcfba719115e932b8adb7d,0.5730177760124207,0.5730177760124207,0.0
8328,069b79f99b876b83095f446c092d95ac35ddaf99ea720642cd1b6c0f5199a629,0.6652998924255371,0.6652998924255371,0.0
8329,8b68e7d5ac543e7c07a9a4df2925f2681a0ee860213f4d1798d3e7c07151f0e4,0.5225241482257843,0.5225241482257843,0.0
8330,d8bf799bae4d272216ac67acd1ba001c85dbcd731566a92bd306cd2fea739042,0.5034771859645844,0.5034771859645844,0.0
8331,f11942b7cacf705a2afccef77a40833d930b458fa200f8fb672891cdc9b55021,0.61575847864151,0.61575847864151,0.0
8332,f343bc49377eeabac33a0290fc7c89b12e3b0a34011229cda07572b3ef976455,0.4854328036308288,0.48543280363082886,5.551115123125783e-17
8333,0df4b028e1a6935447fcfc472f40f2d588b0ba259b0da395ec080130627c3299,0.4868792295455932,0.48687922954559326,5.551115123125783e-17
8334,d73c4f15b6f2057a584e6c2cdd5a27d20ebce7bc5f0b9272800ff12f95a66a2d,0.5754421055316925,0.5754421055316925,0.0
8335,a41b2052a83907a841aaa79c9e07cd6a83fe6626b7b2a298b27b765b1c10ba1a,0.6289043128490448,0.6289043128490448,0.0
8336,89996bb9af25bfde95cc5ee1297e81f9a8e5998dff799e1100f5f45e60ab2a84,0.4911175370216369,0.49111753702163696,5.551115123125783e-17
8337,14137f1e2adeb8f6d0e3b5d008247186e487959ee6701a80977d00edd037cc8e,0.5266750752925873,0.5266750752925873,0.0
8338,96048c4bf393b227d2974dd3b3a69edb4f73e12a245e751ddd36a192fd24086a,0.5394678711891174,0.5394678711891174,0.0
8339,51e1b70efdfcdebedd60468f0fc8e7284cd1ee17cc83b2b38839dd9027214fbf,0.4479044675827026,0.44790446758270264,5.551115123125783e-17
8340,f9008fe8ace243ffa802462614f3946eaf321c938417c1dcead1732e112bba92,0.4725959897041321,0.4725959897041321,0.0
8341,a418e1d1c472f5022429ad63f785cdc1965db22f0d1e38709ab6c5440c418f53,0.6157037019729614,0.6157037019729614,0.0
8342,1521a8f1476166b13a354045b81bc15662d0d6ca380aef1e5a68495adca23c83,0.6107077896595001,0.6107077896595001,0.0
8343,f5a52e62f7425bfffe3088cb9ff98e971a48a045961c4ec976827584b5ac60d8,0.6326519846916199,0.6326519846916199,0.0
8344,7709d9ec834a6789366327726a00b34a9f733a6714b864b1d4b34234cc785f52,0.5571019947528839,0.5571019947528839,0.0
8345,dc783c53e088ef4a3a810f81d03039b5ef512681b633b042a0fac74e9ce97332,0.5301726758480072,0.5301726758480072,0.0
8346,e51355c8d8a21719542de8e35bdf25516b41be8ae16d225702ba41b44d7c7e86,0.5480408370494843,0.5480408370494843,0.0
8347,74f289a663ec62ffa6b6fc126fa6670d69128b951f16723a6b004015771ce154,0.6899734437465668,0.6899734437465668,0.0
8348,b7adf15c420ea4befde02f7f996b1d42613133fb112d4a4499f50a0299165e79,0.6967452168464661,0.6967452168464661,0.0
8349,aba9b8de720b24bf6ad160d785ad63f2dbeb7467c8d76ebb2f4898ec35d464c5,0.6998822689056396,0.6998822689056396,0.0
8350,c45f140292d56d1fa1e570ad61bd8bbdb7fe7b437d8d503aa60a2a799dfa6cfe,0.6222078502178192,0.6222078502178192,0.0
8351,813bfa94d9b238826f0e9f64a52c1a4ef8ff3a9cc082f5a30b73ff73e2404721,0.5336858034133911,0.5336858034133911,0.0
8352,067ad10bee196d8d57431c362bafb5372fcd1394b98cf9f179c16af94712d0c1,0.6020734012126923,0.6020734012126923,0.0
8353,9731065b2fc1a43a0ba4724299675ed337aded29d086ac308250317a95fcd3b8,0.6901997029781342,0.6901997029781342,0.0
8354,4250020ea3823e090e316b41dc641d8ab8a71bcdfd0b7dc64a3e50729567ae69,0.6286706924438477,0.6286706924438477,0.0
8355,1533758bcb04b42ef748770a69e1305d2ae2904d2a2fa3f51d9cdfd68a6552e3,0.719129204750061,0.719129204750061,0.0
8356,fede1a9e71e72478c5758341a5e7616725ab770e818530156cf830222bd396c6,0.6340880692005157,0.6340880692005157,0.0
8357,3191d6f64bf08905f42619e2c47fe3d6e84cab7b9545ccc5c4f607d5fc7e0a01,0.5263391435146332,0.5263391435146332,0.0
8358,dd6306ea5aaba40883ef9914623793a8bacedac2c8ad49f9cce96520e9669d43,0.6796369850635529,0.6796369850635529,0.0
8359,193f978d413781f662472ae64b1975776778cfdadf7f831df43a83e12991849a,0.6301834583282471,0.6301834583282471,0.0
8360,9c5008dd76112ec615f6a065ece63f784929ac74962a04b82577e962e7b68587,0.6496714949607849,0.6496714949607849,0.0
8361,50911cd0531c57f7229a8ab924c597f14fcb360d1479a956c22c52785ab0ece2,0.5968189537525177,0.5968189537525177,0.0
8362,145fe850724dde6ac8480491afc030c6786c83b9b8392b405eb249f95c1aed67,0.561082124710083,0.561082124710083,0.0
8363,6c6e381fc1868cea6ace000c62abeb9f4e6fbc618499871c9c7796d12048cd7c,0.5200737416744232,0.5200737416744232,0.0
8364,d0bf40153094c301ca3fae6269d379ccba5d5c0ebc41101225829e50eb6529f7,0.6193671822547913,0.6193671822547913,0.0
8365,55a299fa1b8ac7e1225b60055f5359fa92bb25a42efedf4deed72b13f98f2455,0.5347533226013184,0.5347533226013184,0.0
8366,3fd83ca7b8e05457ab89124117720b044c723ff9651376effde23049f4d6950b,0.6095151007175446,0.6095151007175446,0.0
8367,9541e8703e41199373c9573f4b26e7de45ae759ffb297eed22ff9f0569a7cc2f,0.6143808960914612,0.6143808960914612,0.0
8368,7f39dc7c90e626201e3965d9474c6c27961b985b5276b33af4f25f9cd74ffdfa,0.6555266976356506,0.6555266976356506,0.0
8369,5f8658fdc2f2ef1b36f1c546e6ad2f7d72415c3c869eafb85a0758bc5e5e454d,0.6537092924118042,0.6537092924118042,0.0
8370,47100322181d1b6a1403f3809e5c7a28f82a5e6294a0a52591ae83f19d5ddfa1,0.6226663589477539,0.6226663589477539,0.0
8371,bd0b670be34123845e5d50e7bec588f113d25ffdb854d1a272fd880eaa5077a3,0.5904837548732758,0.5904837548732758,0.0
8372,978c5cb22684f454242aca802e28860d95b21771dab7cc8d36a8a8451141fbf9,0.6421000063419342,0.6421000063419342,0.0
8373,f4755478ac0686d819d75fac6171d647506687b7d59717d489680db7b1e4b251,0.5998319983482361,0.5998319983482361,0.0
8374,a3cd594fdf971ab5d2c918eadb14020c07f4de9e4837416b4d79910085456cf2,0.6099824011325836,0.6099824011325836,0.0
8375,005b4815aeabf688a5e2449f1eb60a47142457f62381be81ed367abca4ff723d,0.5758143067359924,0.5758143067359924,0.0
8376,2058434a6fd728654a43a9cde1793c681cda936c0f94f0e811926395f2a5c8b1,0.5610713958740234,0.5610713958740234,0.0
8377,3f35a9f7e3ca8576ab81532718b23fb22aca9fcae853a514993c42e162f54f76,0.650706946849823,0.650706946849823,0.0
8378,8167efc01a11280b3209569e209d02a7cbf0a9b0e39a1d50347cf5ce92efcc52,0.6382389962673187,0.6382389962673187,0.0
8379,1df792f4645df4d1a8c2505e6cef3bbdf76e2f476cd158eff47baa0fb2d076cd,0.5292845070362091,0.5292845070362091,0.0
8380,8846abd55242d8a8807f9e4db5725104769e732b0a58f44dbfcb0f594f04d1c9,0.6652746796607971,0.6652746796607971,0.0
8381,722b4b5349100b616acece3fecb32df745f3076d469f9163d1e23c0acac89144,0.6567281186580658,0.6567281186580658,0.0
8382,6538194aaf65676dcfa89e3b84fc57c887f19c323c40cb10326d481034910bf8,0.6696427762508392,0.6696427762508392,0.0
8383,7839dc563440a0337b0094ea5f79f0145e494b48021533e766da19e2717b6421,0.6134765148162842,0.6134765148162842,0.0
8384,dec4a6a8cf40d99de50d7a5dc490bc617b0e1e62909f10430a183d4b55fff391,0.6122389733791351,0.6122389733791351,0.0
8385,781d3694db5b141259e616c761c94d46c2cf54ddd5a143ad7425523e650a8c43,0.6326716244220734,0.6326716244220734,0.0
8386,ebaaf737580674fa9312df9e0753a7fce85ace4107174a846da62987c5b09065,0.663129985332489,0.663129985332489,0.0
8387,5f48bc0f9efdd0da89ec0b69e6fd1692e2e74b10887636ffc23e800619c78d8f,0.6688904762268066,0.6688904762268066,0.0
8388,93db14085e141d6a2bacb090497897a60b028c9e179aac282b2bf20ba0bb8e20,0.5777436792850494,0.5777436792850494,0.0
8389,ba7368c5c98115800c0ab01cfeb8ff008802205d8dc91a58395a03a538d471ec,0.4906074404716491,0.49060744047164917,5.551115123125783e-17
8390,ba7368c5c98115800c0ab01cfeb8ff008802205d8dc91a58395a03a538d471ec,0.4906074404716491,0.49060744047164917,5.551115123125783e-17
8391,ba7368c5c98115800c0ab01cfeb8ff008802205d8dc91a58395a03a538d471ec,0.4906074404716491,0.49060744047164917,5.551115123125783e-17
8392,4daba7086f7dd605dc07e9f75141327457abb093a95b648346f8636caabb74e5,0.4855831265449524,0.4855831265449524,0.0
8393,4daba7086f7dd605dc07e9f75141327457abb093a95b648346f8636caabb74e5,0.4855831265449524,0.4855831265449524,0.0
8394,4daba7086f7dd605dc07e9f75141327457abb093a95b648346f8636caabb74e5,0.4855831265449524,0.4855831265449524,0.0
8395,aeb860ecbc22288a970a9438b9a8072e11ee053590adc97afcb8fa3caa91e352,0.5633490681648254,0.5633490681648254,0.0
8396,d46dc0e271d8dc01eb19b96385e9b4e44a49573087e9958708229cba6f302ed1,0.5909788608551025,0.5909788608551025,0.0
8397,f43dccee772aeeb4d2bc889af12967b9308777d16222a4b1d88b522ff520fa03,0.6037296652793884,0.6037296652793884,0.0
8398,3fc2a3214f47dcd02086cbd35a247d6755271451dd6c50b5d44f75eb7692766d,0.7409588992595673,0.7409588992595673,0.0
8399,b8e06bff384a0865815c5c49569a31c26d10dfebabe79f61688b0ecb3a9390e5,0.7401163280010223,0.7401163280010223,0.0
8400,58bc5797489adbf87dd5efd7385452358da9bebb9ce4fc474ba84d12139421c5,0.7292410433292389,0.7292410433292389,0.0
8401,3fa3e78fa1787433136155c31f897e8bd01b1354ca9e191ddb9a8ea13bacd632,0.5432023704051971,0.5432023704051971,0.0
8402,5cde98aa00ea3d0ba74212539e658eb5ca4cecb8c14e3d914b6a639bf698cc2e,0.5780149698257446,0.5780149698257446,0.0
8403,06d560a716e76b65942753f1264b8de44490ef235e38b4c8cdacfa7776af6eda,0.6200853884220123,0.6200853884220123,0.0
8404,29b92a9276ef2d6370818b9c73a786a9b412090936d9b3b8e15f5d5852005500,0.6764729619026184,0.6764729619026184,0.0
8405,a2b2ac594e49f354260fc4a2fdda43a7e7e4fb809f8f1eeba9fd1b327b190a2f,0.6860302686691284,0.6860302686691284,0.0
8406,87207c1f734057622c172ee3f80d727e8be151f0301983a027a70312a980e27a,0.6337305009365082,0.6337305009365082,0.0
8407,9eb04c39d778b8b147e002656e7155bd2ce5e2acbd86050cfc756bb4234e4112,0.6641334891319275,0.6641334891319275,0.0
8408,c7da715a3108b2cc515782af0bb7fd656148f4fcf854756f006be2da7f859b35,0.6196214854717255,0.6196214854717255,0.0
8409,ae4deb9337940d303a06da42e5e3c7c9fe11c23ed649361be1a71035a43c24d6,0.717610090970993,0.717610090970993,0.0
8410,40d2bdf82963ebe67a203e4f2de6c8d8271676cee687b2aff49a5b8dfa9ab734,0.6425268650054932,0.6425268650054932,0.0
8411,5e3bb8adc4d0f28867884e43906e48617a477aaafd4edc6be25e64234fdd926c,0.6294508576393127,0.6294508576393127,0.0
8412,667c2e98145f669231394cd1472686c70bdb57df21c3c603d8c3dd2fa51468c1,0.6544168889522552,0.6544168889522552,0.0
8413,fb61f370fe86f3cea77f4f4dff220eb6cf7eb28806d6c5fb9698ac0dcd6d999d,0.4680660367012024,0.4680660367012024,0.0
8414,c42a9a568a6c887547b3675764255179863f5f41639df2d6993aa3f65b44fe9d,0.5273843705654144,0.5273843705654144,0.0
8415,efb1dcda3b8c68a9f927e94c7a253d2fbbb66ad83adc12acbf94a6a679ed72a5,0.4795220494270324,0.47952204942703247,5.551115123125783e-17
8416,2947ac53168ccf4aec42cbb399c5abaf2094a7c8f3ca1e82f54c2d4b45e89f72,0.6366069316864014,0.6366069316864014,0.0
8417,dd4bfe8356e66753c843dbe9acdf04049c40f92c85dcfba719115e932b8adb7d,0.5730177760124207,0.5730177760124207,0.0
8418,069b79f99b876b83095f446c092d95ac35ddaf99ea720642cd1b6c0f5199a629,0.6652998924255371,0.6652998924255371,0.0
8419,8b68e7d5ac543e7c07a9a4df2925f2681a0ee860213f4d1798d3e7c07151f0e4,0.5225241482257843,0.5225241482257843,0.0
8420,d8bf799bae4d272216ac67acd1ba001c85dbcd731566a92bd306cd2fea739042,0.5034771859645844,0.5034771859645844,0.0
8421,f11942b7cacf705a2afccef77a40833d930b458fa200f8fb672891cdc9b55021,0.61575847864151,0.61575847864151,0.0
8422,f343bc49377eeabac33a0290fc7c89b12e3b0a34011229cda07572b3ef976455,0.4854328036308288,0.48543280363082886,5.551115123125783e-17
8423,0df4b028e1a6935447fcfc472f40f2d588b0ba259b0da395ec080130627c3299,0.4868792295455932,0.48687922954559326,5.551115123125783e-17
8424,d73c4f15b6f2057a584e6c2cdd5a27d20ebce7bc5f0b9272800ff12f95a66a2d,0.5754421055316925,0.5754421055316925,0.0
8425,a41b2052a83907a841aaa79c9e07cd6a83fe6626b7b2a298b27b765b1c10ba1a,0.6289043128490448,0.6289043128490448,0.0
8426,89996bb9af25bfde95cc5ee1297e81f9a8e5998dff799e1100f5f45e60ab2a84,0.4911175370216369,0.49111753702163696,5.551115123125783e-17
8427,14137f1e2adeb8f6d0e3b5d008247186e487959ee6701a80977d00edd037cc8e,0.5266750752925873,0.5266750752925873,0.0
8428,96048c4bf393b227d2974dd3b3a69edb4f73e12a245e751ddd36a192fd24086a,0.5394678711891174,0.5394678711891174,0.0
8429,51e1b70efdfcdebedd60468f0fc8e7284cd1ee17cc83b2b38839dd9027214fbf,0.4479044675827026,0.44790446758270264,5.551115123125783e-17
8430,f9008fe8ace243ffa802462614f3946eaf321c938417c1dcead1732e112bba92,0.4725959897041321,0.4725959897041321,0.0
8431,a418e1d1c472f5022429ad63f785cdc1965db22f0d1e38709ab6c5440c418f53,0.6157037019729614,0.6157037019729614,0.0
8432,1521a8f1476166b13a354045b81bc15662d0d6ca380aef1e5a68495adca23c83,0.6107077896595001,0.6107077896595001,0.0
8433,f5a52e62f7425bfffe3088cb9ff98e971a48a045961c4ec976827584b5ac60d8,0.6326519846916199,0.6326519846916199,0.0
8434,7709d9ec834a6789366327726a00b34a9f733a6714b864b1d4b34234cc785f52,0.5571019947528839,0.5571019947528839,0.0
8435,dc783c53e088ef4a3a810f81d03039b5ef512681b633b042a0fac74e9ce97332,0.5301726758480072,0.5301726758480072,0.0
8436,e51355c8d8a21719542de8e35bdf25516b41be8ae16d225702ba41b44d7c7e86,0.5480408370494843,0.5480408370494843,0.0
8437,74f289a663ec62ffa6b6fc126fa6670d69128b951f16723a6b004015771ce154,0.6899734437465668,0.6899734437465668,0.0
8438,b7adf15c420ea4befde02f7f996b1d42613133fb112d4a4499f50a0299165e79,0.6967452168464661,0.6967452168464661,0.0
8439,aba9b8de720b24bf6ad160d785ad63f2dbeb7467c8d76ebb2f4898ec35d464c5,0.6998822689056396,0.6998822689056396,0.0
8440,c45f140292d56d1fa1e570ad61bd8bbdb7fe7b437d8d503aa60a2a799dfa6cfe,0.6222078502178192,0.6222078502178192,0.0
8441,813bfa94d9b238826f0e9f64a52c1a4ef8ff3a9cc082f5a30b73ff73e2404721,0.5336858034133911,0.5336858034133911,0.0
8442,067ad10bee196d8d57431c362bafb5372fcd1394b98cf9f179c16af94712d0c1,0.6020734012126923,0.6020734012126923,0.0
8443,9731065b2fc1a43a0ba4724299675ed337aded29d086ac308250317a95fcd3b8,0.6901997029781342,0.6901997029781342,0.0
8444,4250020ea3823e090e316b41dc641d8ab8a71bcdfd0b7dc64a3e50729567ae69,0.6286706924438477,0.6286706924438477,0.0
8445,1533758bcb04b42ef748770a69e1305d2ae2904d2a2fa3f51d9cdfd68a6552e3,0.719129204750061,0.719129204750061,0.0
8446,fede1a9e71e72478c5758341a5e7616725ab770e818530156cf830222bd396c6,0.6340880692005157,0.6340880692005157,0.0
8447,3191d6f64bf08905f42619e2c47fe3d6e84cab7b9545ccc5c4f607d5fc7e0a01,0.5263391435146332,0.5263391435146332,0.0
8448,dd6306ea5aaba40883ef9914623793a8bacedac2c8ad49f9cce96520e9669d43,0.6796369850635529,0.6796369850635529,0.0
8449,193f978d413781f662472ae64b1975776778cfdadf7f831df43a83e12991849a,0.6301834583282471,0.6301834583282471,0.0
8450,9c5008dd76112ec615f6a065ece63f784929ac74962a04b82577e962e7b68587,0.6496714949607849,0.6496714949607849,0.0
8451,50911cd0531c57f7229a8ab924c597f14fcb360d1479a956c22c52785ab0ece2,0.5968189537525177,0.5968189537525177,0.0
8452,145fe850724dde6ac8480491afc030c6786c83b9b8392b405eb249f95c1aed67,0.561082124710083,0.561082124710083,0.0
8453,6c6e381fc1868cea6ace000c62abeb9f4e6fbc618499871c9c7796d12048cd7c,0.5200737416744232,0.5200737416744232,0.0
8454,d0bf40153094c301ca3fae6269d379ccba5d5c0ebc41101225829e50eb6529f7,0.6193671822547913,0.6193671822547913,0.0
8455,55a299fa1b8ac7e1225b60055f5359fa92bb25a42efedf4deed72b13f98f2455,0.5347533226013184,0.5347533226013184,0.0
8456,3fd83ca7b8e05457ab89124117720b044c723ff9651376effde23049f4d6950b,0.6095151007175446,0.6095151007175446,0.0
8457,9541e8703e41199373c9573f4b26e7de45ae759ffb297eed22ff9f0569a7cc2f,0.6143808960914612,0.6143808960914612,0.0
8458,7f39dc7c90e626201e3965d9474c6c27961b985b5276b33af4f25f9cd74ffdfa,0.6555266976356506,0.6555266976356506,0.0
8459,5f8658fdc2f2ef1b36f1c546e6ad2f7d72415c3c869eafb85a0758bc5e5e454d,0.6537092924118042,0.6537092924118042,0.0
8460,47100322181d1b6a1403f3809e5c7a28f82a5e6294a0a52591ae83f19d5ddfa1,0.6226663589477539,0.6226663589477539,0.0
8461,bd0b670be34123845e5d50e7bec588f113d25ffdb854d1a272fd880eaa5077a3,0.5904837548732758,0.5904837548732758,0.0
8462,978c5cb22684f454242aca802e28860d95b21771dab7cc8d36a8a8451141fbf9,0.6421000063419342,0.6421000063419342,0.0
8463,f4755478ac0686d819d75fac6171d647506687b7d59717d489680db7b1e4b251,0.5998319983482361,0.5998319983482361,0.0
8464,a3cd594fdf971ab5d2c918eadb14020c07f4de9e4837416b4d79910085456cf2,0.6099824011325836,0.6099824011325836,0.0
8465,005b4815aeabf688a5e2449f1eb60a47142457f62381be81ed367abca4ff723d,0.5758143067359924,0.5758143067359924,0.0
8466,2058434a6fd728654a43a9cde1793c681cda936c0f94f0e811926395f2a5c8b1,0.5610713958740234,0.5610713958740234,0.0
8467,3f35a9f7e3ca8576ab81532718b23fb22aca9fcae853a514993c42e162f54f76,0.650706946849823,0.650706946849823,0.0
8468,8167efc01a11280b3209569e209d02a7cbf0a9b0e39a1d50347cf5ce92efcc52,0.6382389962673187,0.6382389962673187,0.0
8469,1df792f4645df4d1a8c2505e6cef3bbdf76e2f476cd158eff47baa0fb2d076cd,0.5292845070362091,0.5292845070362091,0.0
8470,8846abd55242d8a8807f9e4db5725104769e732b0a58f44dbfcb0f594f04d1c9,0.6652746796607971,0.6652746796607971,0.0
8471,722b4b5349100b616acece3fecb32df745f3076d469f9163d1e23c0acac89144,0.6567281186580658,0.6567281186580658,0.0
8472,6538194aaf65676dcfa89e3b84fc57c887f19c323c40cb10326d481034910bf8,0.6696427762508392,0.6696427762508392,0.0
8473,7839dc563440a0337b0094ea5f79f0145e494b48021533e766da19e2717b6421,0.6134765148162842,0.6134765148162842,0.0
8474,dec4a6a8cf40d99de50d7a5dc490bc617b0e1e62909f10430a183d4b55fff391,0.6122389733791351,0.6122389733791351,0.0
8475,781d3694db5b141259e616c761c94d46c2cf54ddd5a143ad7425523e650a8c43,0.6326716244220734,0.6326716244220734,0.0
8476,ebaaf737580674fa9312df9e0753a7fce85ace4107174a846da62987c5b09065,0.663129985332489,0.663129985332489,0.0
8477,5f48bc0f9efdd0da89ec0b69e6fd1692e2e74b10887636ffc23e800619c78d8f,0.6688904762268066,0.6688904762268066,0.0
8478,93db14085e141d6a2bacb090497897a60b028c9e179aac282b2bf20ba0bb8e20,0.5777436792850494,0.5777436792850494,0.0
8479,ba7368c5c98115800c0ab01cfeb8ff008802205d8dc91a58395a03a538d471ec,0.4906074404716491,0.49060744047164917,5.551115123125783e-17
8480,ba7368c5c98115800c0ab01cfeb8ff008802205d8dc91a58395a03a538d471ec,0.4906074404716491,0.49060744047164917,5.551115123125783e-17
8481,ba7368c5c98115800c0ab01cfeb8ff008802205d8dc91a58395a03a538d471ec,0.4906074404716491,0.49060744047164917,5.551115123125783e-17
8482,4daba7086f7dd605dc07e9f75141327457abb093a95b648346f8636caabb74e5,0.4855831265449524,0.4855831265449524,0.0
8483,4daba7086f7dd605dc07e9f75141327457abb093a95b648346f8636caabb74e5,0.4855831265449524,0.4855831265449524,0.0
8484,4daba7086f7dd605dc07e9f75141327457abb093a95b648346f8636caabb74e5,0.4855831265449524,0.4855831265449524,0.0
8485,aeb860ecbc22288a970a9438b9a8072e11ee053590adc97afcb8fa3caa91e352,0.5633490681648254,0.5633490681648254,0.0
8486,d46dc0e271d8dc01eb19b96385e9b4e44a49573087e9958708229cba6f302ed1,0.5909788608551025,0.5909788608551025,0.0
8487,f43dccee772aeeb4d2bc889af12967b9308777d16222a4b1d88b522ff520fa03,0.6037296652793884,0.6037296652793884,0.0
8488,3fc2a3214f47dcd02086cbd35a247d6755271451dd6c50b5d44f75eb7692766d,0.7409588992595673,0.7409588992595673,0.0
8489,b8e06bff384a0865815c5c49569a31c26d10dfebabe79f61688b0ecb3a9390e5,0.7401163280010223,0.7401163280010223,0.0
8490,58bc5797489adbf87dd5efd7385452358da9bebb9ce4fc474ba84d12139421c5,0.7292410433292389,0.7292410433292389,0.0
8491,3fa3e78fa1787433136155c31f897e8bd01b1354ca9e191ddb9a8ea13bacd632,0.5432023704051971,0.5432023704051971,0.0
8492,5cde98aa00ea3d0ba74212539e658eb5ca4cecb8c14e3d914b6a639bf698cc2e,0.5780149698257446,0.5780149698257446,0.0
8493,06d560a716e76b65942753f1264b8de44490ef235e38b4c8cdacfa7776af6eda,0.6200853884220123,0.6200853884220123,0.0
8494,29b92a9276ef2d6370818b9c73a786a9b412090936d9b3b8e15f5d5852005500,0.6764729619026184,0.6764729619026184,0.0
8495,a2b2ac594e49f354260fc4a2fdda43a7e7e4fb809f8f1eeba9fd1b327b190a2f,0.6860302686691284,0.6860302686691284,0.0
8496,87207c1f734057622c172ee3f80d727e8be151f0301983a027a70312a980e27a,0.6337305009365082,0.6337305009365082,0.0
8497,9eb04c39d778b8b147e002656e7155bd2ce5e2acbd86050cfc756bb4234e4112,0.6641334891319275,0.6641334891319275,0.0
8498,c7da715a3108b2cc515782af0bb7fd656148f4fcf854756f006be2da7f859b35,0.6196214854717255,0.6196214854717255,0.0
8499,ae4deb9337940d303a06da42e5e3c7c9fe11c23ed649361be1a71035a43c24d6,0.717610090970993,0.717610090970993,0.0
8500,40d2bdf82963ebe67a203e4f2de6c8d8271676cee687b2aff49a5b8dfa9ab734,0.6425268650054932,0.6425268650054932,0.0
8501,5e3bb8adc4d0f28867884e43906e48617a477aaafd4edc6be25e64234fdd926c,0.6294508576393127,0.6294508576393127,0.0
8502,667c2e98145f669231394cd1472686c70bdb57df21c3c603d8c3dd2fa51468c1,0.6544168889522552,0.6544168889522552,0.0
8503,fb61f370fe86f3cea77f4f4dff220eb6cf7eb28806d6c5fb9698ac0dcd6d999d,0.4680660367012024,0.4680660367012024,0.0
8504,c42a9a568a6c887547b3675764255179863f5f41639df2d6993aa3f65b44fe9d,0.5273843705654144,0.5273843705654144,0.0
8505,efb1dcda3b8c68a9f927e94c7a253d2fbbb66ad83adc12acbf94a6a679ed72a5,0.4795220494270324,0.47952204942703247,5.551115123125783e-17
8506,2947ac53168ccf4aec42cbb399c5abaf2094a7c8f3ca1e82f54c2d4b45e89f72,0.6366069316864014,0.6366069316864014,0.0
8507,dd4bfe8356e66753c843dbe9acdf04049c40f92c85dcfba719115e932b8adb7d,0.5730177760124207,0.5730177760124207,0.0
8508,069b79f99b876b83095f446c092d95ac35ddaf99ea720642cd1b6c0f5199a629,0.6652998924255371,0.6652998924255371,0.0
8509,8b68e7d5ac543e7c07a9a4df2925f2681a0ee860213f4d1798d3e7c07151f0e4,0.5225241482257843,0.5225241482257843,0.0
8510,d8bf799bae4d272216ac67acd1ba001c85dbcd731566a92bd306cd2fea739042,0.5034771859645844,0.5034771859645844,0.0
8511,f11942b7cacf705a2afccef77a40833d930b458fa200f8fb672891cdc9b55021,0.61575847864151,0.61575847864151,0.0
8512,f343bc49377eeabac33a0290fc7c89b12e3b0a34011229cda07572b3ef976455,0.4854328036308288,0.48543280363082886,5.551115123125783e-17
8513,0df4b028e1a6935447fcfc472f40f2d588b0ba259b0da395ec080130627c3299,0.4868792295455932,0.48687922954559326,5.551115123125783e-17
8514,d73c4f15b6f2057a584e6c2cdd5a27d20ebce7bc5f0b9272800ff12f95a66a2d,0.5754421055316925,0.5754421055316925,0.0
8515,a41b2052a83907a841aaa79c9e07cd6a83fe6626b7b2a298b27b765b1c10ba1a,0.6289043128490448,0.6289043128490448,0.0
8516,89996bb9af25bfde95cc5ee1297e81f9a8e5998dff799e1100f5f45e60ab2a84,0.4911175370216369,0.49111753702163696,5.551115123125783e-17
8517,14137f1e2adeb8f6d0e3b5d008247186e487959ee6701a80977d00edd037cc8e,0.5266750752925873,0.5266750752925873,0.0
8518,96048c4bf393b227d2974dd3b3a69edb4f73e12a245e751ddd36a192fd24086a,0.5394678711891174,0.5394678711891174,0.0
8519,51e1b70efdfcdebedd60468f0fc8e7284cd1ee17cc83b2b38839dd9027214fbf,0.4479044675827026,0.44790446758270264,5.551115123125783e-17
8520,f9008fe8ace243ffa802462614f3946eaf321c938417c1dcead1732e112bba92,0.4725959897041321,0.4725959897041321,0.0
8521,a418e1d1c472f5022429ad63f785cdc1965db22f0d1e38709ab6c5440c418f53,0.6157037019729614,0.6157037019729614,0.0
8522,1521a8f1476166b13a354045b81bc15662d0d6ca380aef1e5a68495adca23c83,0.6107077896595001,0.6107077896595001,0.0
8523,f5a52e62f7425bfffe3088cb9ff98e971a48a045961c4ec976827584b5ac60d8,0.6326519846916199,0.6326519846916199,0.0
8524,7709d9ec834a6789366327726a00b34a9f733a6714b864b1d4b34234cc785f52,0.5571019947528839,0.5571019947528839,0.0
8525,dc783c53e088ef4a3a810f81d03039b5ef512681b633b042a0fac74e9ce97332,0.5301726758480072,0.5301726758480072,0.0
8526,e51355c8d8a21719542de8e35bdf25516b41be8ae16d225702ba41b44d7c7e86,0.5480408370494843,0.5480408370494843,0.0
8527,74f289a663ec62ffa6b6fc126fa6670d69128b951f16723a6b004015771ce154,0.6899734437465668,0.6899734437465668,0.0
8528,b7adf15c420ea4befde02f7f996b1d42613133fb112d4a4499f50a0299165e79,0.6967452168464661,0.6967452168464661,0.0
8529,aba9b8de720b24bf6ad160d785ad63f2dbeb7467c8d76ebb2f4898ec35d464c5,0.6998822689056396,0.6998822689056396,0.0
8530,c45f140292d56d1fa1e570ad61bd8bbdb7fe7b437d8d503aa60a2a799dfa6cfe,0.6222078502178192,0.6222078502178192,0.0
8531,813bfa94d9b238826f0e9f64a52c1a4ef8ff3a9cc082f5a30b73ff73e2404721,0.5336858034133911,0.5336858034133911,0.0
8532,067ad10bee196d8d57431c362bafb5372fcd1394b98cf9f179c16af94712d0c1,0.6020734012126923,0.6020734012126923,0.0
8533,9731065b2fc1a43a0ba4724299675ed337aded29d086ac308250317a95fcd3b8,0.6901997029781342,0.6901997029781342,0.0
8534,4250020ea3823e090e316b41dc641d8ab8a71bcdfd0b7dc64a3e50729567ae69,0.6286706924438477,0.6286706924438477,0.0
8535,1533758bcb04b42ef748770a69e1305d2ae2904d2a2fa3f51d9cdfd68a6552e3,0.719129204750061,0.719129204750061,0.0
8536,fede1a9e71e72478c5758341a5e7616725ab770e818530156cf830222bd396c6,0.6340880692005157,0.6340880692005157,0.0
8537,3191d6f64bf08905f42619e2c47fe3d6e84cab7b9545ccc5c4f607d5fc7e0a01,0.5263391435146332,0.5263391435146332,0.0
8538,dd6306ea5aaba40883ef9914623793a8bacedac2c8ad49f9cce96520e9669d43,0.6796369850635529,0.6796369850635529,0.0
8539,193f978d413781f662472ae64b1975776778cfdadf7f831df43a83e12991849a,0.6301834583282471,0.6301834583282471,0.0
8540,9c5008dd76112ec615f6a065ece63f784929ac74962a04b82577e962e7b68587,0.6496714949607849,0.6496714949607849,0.0
8541,50911cd0531c57f7229a8ab924c597f14fcb360d1479a956c22c52785ab0ece2,0.5968189537525177,0.5968189537525177,0.0
8542,145fe850724dde6ac8480491afc030c6786c83b9b8392b405eb249f95c1aed67,0.561082124710083,0.561082124710083,0.0
8543,6c6e381fc1868cea6ace000c62abeb9f4e6fbc618499871c9c7796d12048cd7c,0.5200737416744232,0.5200737416744232,0.0
8544,d0bf40153094c301ca3fae6269d379ccba5d5c0ebc41101225829e50eb6529f7,0.6193671822547913,0.6193671822547913,0.0
8545,55a299fa1b8ac7e1225b60055f5359fa92bb25a42efedf4deed72b13f98f2455,0.5347533226013184,0.5347533226013184,0.0
8546,3fd83ca7b8e05457ab89124117720b044c723ff9651376effde23049f4d6950b,0.6095151007175446,0.6095151007175446,0.0
8547,9541e8703e41199373c9573f4b26e7de45ae759ffb297eed22ff9f0569a7cc2f,0.6143808960914612,0.6143808960914612,0.0
8548,7f39dc7c90e626201e3965d9474c6c27961b985b5276b33af4f25f9cd74ffdfa,0.6555266976356506,0.6555266976356506,0.0
8549,5f8658fdc2f2ef1b36f1c546e6ad2f7d72415c3c869eafb85a0758bc5e5e454d,0.6537092924118042,0.6537092924118042,0.0
8550,47100322181d1b6a1403f3809e5c7a28f82a5e6294a0a52591ae83f19d5ddfa1,0.6226663589477539,0.6226663589477539,0.0
8551,bd0b670be34123845e5d50e7bec588f113d25ffdb854d1a272fd880eaa5077a3,0.5904837548732758,0.5904837548732758,0.0
8552,978c5cb22684f454242aca802e28860d95b21771dab7cc8d36a8a8451141fbf9,0.6421000063419342,0.6421000063419342,0.0
8553,f4755478ac0686d819d75fac6171d647506687b7d59717d489680db7b1e4b251,0.5998319983482361,0.5998319983482361,0.0
8554,a3cd594fdf971ab5d2c918eadb14020c07f4de9e4837416b4d79910085456cf2,0.6099824011325836,0.6099824011325836,0.0
8555,005b4815aeabf688a5e2449f1eb60a47142457f62381be81ed367abca4ff723d,0.5758143067359924,0.5758143067359924,0.0
8556,2058434a6fd728654a43a9cde1793c681cda936c0f94f0e811926395f2a5c8b1,0.5610713958740234,0.5610713958740234,0.0
8557,3f35a9f7e3ca8576ab81532718b23fb22aca9fcae853a514993c42e162f54f76,0.650706946849823,0.650706946849823,0.0
8558,8167efc01a11280b3209569e209d02a7cbf0a9b0e39a1d50347cf5ce92efcc52,0.6382389962673187,0.6382389962673187,0.0
8559,1df792f4645df4d1a8c2505e6cef3bbdf76e2f476cd158eff47baa0fb2d076cd,0.5292845070362091,0.5292845070362091,0.0
8560,8846abd55242d8a8807f9e4db5725104769e732b0a58f44dbfcb0f594f04d1c9,0.6652746796607971,0.6652746796607971,0.0
8561,722b4b5349100b616acece3fecb32df745f3076d469f9163d1e23c0acac89144,0.6567281186580658,0.6567281186580658,0.0
8562,6538194aaf65676dcfa89e3b84fc57c887f19c323c40cb10326d481034910bf8,0.6696427762508392,0.6696427762508392,0.0
8563,7839dc563440a0337b0094ea5f79f0145e494b48021533e766da19e2717b6421,0.6134765148162842,0.6134765148162842,0.0
8564,dec4a6a8cf40d99de50d7a5dc490bc617b0e1e62909f10430a183d4b55fff391,0.6122389733791351,0.6122389733791351,0.0
8565,781d3694db5b141259e616c761c94d46c2cf54ddd5a143ad7425523e650a8c43,0.6326716244220734,0.6326716244220734,0.0
8566,ebaaf737580674fa9312df9e0753a7fce85ace4107174a846da62987c5b09065,0.663129985332489,0.663129985332489,0.0
8567,5f48bc0f9efdd0da89ec0b69e6fd1692e2e74b10887636ffc23e800619c78d8f,0.6688904762268066,0.6688904762268066,0.0
8568,93db14085e141d6a2bacb090497897a60b028c9e179aac282b2bf20ba0bb8e20,0.5777436792850494,0.5777436792850494,0.0
